original	corrected	count
ilikin	ılıkın	34
Şark’in	Şark’ın	30
Şarkli	Şarklı	28
irkin	ırkın	15
piskoposlari	piskoposları	13
Bizanslilar	Bizanslılar	11
Muazzama’nin	Muazzama’nın	11
papanin	papanın	11
irklarin	ırkların	10
Iustinianus	İustinianus	9
Oyalayici	Oyalayıcı	8
Dalmaçyali	Dalmaçyalı	8
başliklari	başlıkları	8
Sébastiani	Sebastianı	8
ruhbanin	ruhbanın	8
imparatorlarinin	imparatorlarının	8
Photius	Photıus	8
Yildiz’a	Yıldız’a	7
Yildiz’daki	Yıldız’dakı	7
hükümranliği	hükümranlığı	7
çıkiyorlar	çıkıyorlar	7
payitahtin	payitahtın	7
hükümranliğinin	hükümranlığının	7
Iskender’in	İskender’in	7
adlandirilir	adlandırılır	7
adlandiriliyor	adlandırılıyor	7
akaryakit	akaryakıt	7
ruhbani	ruhbanı	7
mezarlari	mezarları	6
Bizansli	Bizanslı	6
irklari	ırkları	6
toprağinin	toprağının	6
dağlarinin	dağlarının	6
nakişli	nakışlı	6
parmaklariyla	parmaklarıyla	6
odalik	odalık	6
Babiâlinin	Babıalinin	6
unvanli	unvanlı	6
Çar’in	Çar’ın	6
sütunlari	sütunları	6
yaygindir	yaygındır	6
kaplidir	kaplıdır	6
damadin	damadın	6
kavasimiz	kavasımız	5
dağlarindaki	dağlarındaki	5
hanedanlarin	hanedanların	5
ilikili	ılıkılı	5
kuşlari	kuşları	5
ilikilerin	ılıkılerin	5
hazirdirlar	hazırdırlar	5
yabanil	yabanıl	5
hayirseverlik	hayırseverlik	5
nakışli	nakışlı	5
araciliğryla	aracılığryla	5
dağitiliyor	dağıtılıyor	5
yabanciya	yabancıya	5
ihtişami	ihtişamı	5
Bat’nin	Bat’nın	5
Hiristiyanlardan	Hıristiyanlardan	5
akintinin	akıntının	5
kayalarin	kayaların	5
sarilir	sarılır	5
Belçikali	Belçikalı	5
haykiran	haykıran	5
durumdadirlar	durumdadırlar	5
fonlari	fonları	5
Ağizli	Ağızlı	5
kanisindayim	kanısındayım	5
soytari	soytarı	5
haykirir	haykırır	5
kayiğa	kayığa	5
ağalari	ağaları	4
hanimefendisi	hanımefendisi	4
hadimağa	hadımağa	4
doğasinin	doğasının	4
ihtişamina	ihtişamına	4
kahramanlarinin	kahramanlarının	4
kartali	kartalı	4
Yildiz’in	Yıldız’ın	4
hükümdardi	hükümdardı	4
elmasli	elmaslı	4
yaşamindan	yaşamından	4
hükümranlik	hükümranlık	4
yapmaksizin	yapmaksızın	4
dşinda	dşında	4
şamfistiği	şamfıstığı	4
dragomani	dragomanı	4
Amerika’yi	Amerika’yı	4
tapinaklar	tapınaklar	4
Başkan’in	Başkan’ın	4
Babiâli’deki	Babıali’deki	4
dragomanin	dragomanın	4
Musa’nin	Musa’nın	4
firlatan	fırlatan	4
bakin!	bakın!	4
payitahtinin	payitahtının	4
Korsikali	Korsikalı	4
Hisari	Hisarı	4
Bizanslilarin	Bizanslıların	4
adamliği	adamlığı	4
siyasasi	siyasası	4
unsurlarindan	unsurlarından	4
dehasinin	dehasının	4
yadigârlari	yadigârları	4
saraylarin	sarayların	4
sularini	sularını	4
manzaralarindan	manzaralarından	4
uygarliğa	uygarlığa	4
tapinaklari	tapınakları	4
Hizır	Hızır	4
parçasina	parçasına	4
Irlandali	İrlandalı	4
neftyaği	neftyağı	4
çınliyor	çınlıyor	4
Karadağlilar	Karadağlılar	4
Firat’a	Fırat’a	4
yaşamlarinin	yaşamlarının	4
komşulari	komşuları	4
Yehova’nin	Yehova’nın	4
piskoposlarindan	piskoposlarından	4
Nectarius	Nectarıus	4
doğasini	doğasını	4
papasi	papası	4
Photius’un	Photıus’un	4
padiahin	padiahın	4
misyonlarinin	misyonlarının	4
yurttaşlarinin	yurttaşlarının	4
hanimlarinin	hanımlarının	4
kadiya	kadıya	4
kissanin	kıssanın	4
kissas	kıssas	4
yaygindır	yaygındır	4
tirmanirken	tırmanırken	4
kalabaliğinin	kalabalığının	4
kinali	kınalı	4
tulumbacilar	tulumbacılar	4
kayiği	kayığı	4
kayiğin	kayığın	4
Nikola’nin	Nikola’nın	4
mezarliklar	mezarlıklar	4
çıkarici	çıkarıcı	4
yanitladi	yanıtladı	4
ağaçlarinin	ağaçlarının	4
ekselanslari!	ekselansları!	4
hamamin	hamamın	4
Kaulbars’in	Kaulbars’ın	4
Kissanin	Kıssanın	3
Dragomanin	Dragomanın	3
soyağaci	soyağacı	3
imzasinin	imzasının	3
faksimili	faksımılı	3
Bağdatli	Bağdatlı	3
kayiklar	kayıklar	3
Yazar’in	Yazar’ın	3
mizahin	mizahın	3
irklarinin	ırklarının	3
şıklari	şıkları	3
yakalandiği	yakalandığı	3
dalgalaniyor	dalgalanıyor	3
çöhretli	çohretli	3
kapilardan	kapılardan	3
şiğinin	sığının	3
imtiyazini	imtiyazını	3
anilarla	anılarla	3
imparatorlarin	imparatorların	3
şanina	şanına	3
Kasim’in	Kasım’ın	3
dağlarina	dağlarına	3
kuralina	kuralına	3
ilikiler	ılıkıler	3
alşılmadik	alşilmadık	3
hükümdarlarina	hükümdarlarına	3
kiyisini	kıyısını	3
alşilmadik	alşilmadık	3
aliniyoruz	alınıyoruz	3
kaplanmiş	kaplanmış	3
kiliçlari	kılıçları	3
sanatçinin	sanatçının	3
şaşırtiyor	şaşırtıyor	3
manzarasini	manzarasını	3
karşıliyor	karşılıyor	3
atasi	atası	3
anisi	anısı	3
çalştiğim	çalştığım	3
rakamlarin	rakamların	3
fotoğrafini	fotoğrafını	3
irkindan	ırkından	3
kirbaci	kırbacı	3
zarflari	zarfları	3
karşılaniyor	karşılanıyor	3
katilirlar	katılırlar	3
okullarini	okullarını	3
kakmali	kakmalı	3
kizarmiş	kızarmış	3
layıktir	layıktır	3
şıkli	şıklı	3
konuklarina	konuklarına	3
alşverişi	alsverişi	3
yapilmasin	yapılmasın	3
siradişı	sıradışı	3
yaşamlari	yaşamları	3
alninin	alnının	3
uzattiği	uzattığı	3
pazarlarina	pazarlarına	3
vardi!	vardı!	3
yalinliği	yalınlığı	3
aldiğimizda	aldığımızda	3
hükümranliğini	hükümranlığını	3
ağzindaki	ağzındaki	3
firlatip	fırlatıp	3
unsurlarina	unsurlarına	3
adayin	adayın	3
hükümranliğinda	hükümranlığında	3
adanmiş	adanmış	3
anilmaya	anılmaya	3
hükümranliğin	hükümranlığın	3
reformlarini	reformlarını	3
donanimlari	donanımları	3
kalktiğinda	kalktığında	3
dalgasinin	dalgasının	3
dağlarindan	dağlarından	3
uyruklarina	uyruklarına	3
yasalarinin	yasalarının	3
Babiâliye	Babıaliye	3
kuşatildiği	kuşatıldığı	3
çağindan	cağından	3
Haçlilarin	Haçlıların	3
toplanmasinda	toplanmasında	3
kaygilar	kaygılar	3
Tanais	Tanaıs	3
Eads’in	Eads’ın	3
kapatilmasina	kapatılmasına	3
Eflâkli	Eflaklı	3
yazgili	yazgılı	3
mezarin	mezarın	3
gökmavisi	gökmavısı	3
kanitlaridir	kanıtlarıdır	3
civarinin	civarının	3
manastirlari	manastırları	3
siniflarinin	sınıflarının	3
kutsallik	kutsallık	3
akintisi	akıntısı	3
hanimefendinin	hanımefendinin	3
yanitlamak	yanıtlamak	3
haykirarak	haykırarak	3
Hazar’in	Hazar’ın	3
rayihasi	râyihası	3
çahis	cahıs	3
çağrilir	çağrılır	3
utandiracak	utandıracak	3
ayrildiğim	ayrıldığım	3
hektarlik	hektarlık	3
akaryakitin	akaryakıtın	3
kapisindaki	kapısındaki	3
arkli	arklı	3
demiryollarinda	demiryollarında	3
taşidiklari	taşıdıkları	3
arabalariyla	arabalarıyla	3
mezarlarinda	mezarlarında	3
Slavonik	Slavonık	3
amaçliyor	amaçlıyor	3
varsayin	varsayın	3
itirazlarina	itirazlarına	3
akrabalarinin	akrabalarının	3
yozlaşmiş	yozlaşmış	3
sokaklarindan	sokaklarından	3
bayılirlar	bayılırlar	3
Bulgar’in	Bulgar’ın	3
bağimsizdir	bağımsızdır	3
Karadağli	Karadağlı	3
Ibraniler	İbraniler	3
Israilli	İsrailli	3
Hiristiyan’dan	Hıristiyan’dan	3
tapinağin	tapınağın	3
şildayan	sıldayan	3
yasaklanmiştir	yasaklanmıştır	3
ağacindan	ağacından	3
inançlarina	inançlarına	3
payitahtinda	payitahtında	3
Eşkenazi	Eşkenazı	3
Yazilar’in	Yazılar’ın	3
yaşamlarini	yaşamlarını	3
yakildiği	yakıldığı	3
fermanina	fermanına	3
piskoposlarin	piskoposların	3
ardili	ardılı	3
Iskenderiye’nin	İskenderiye’nin	3
Nectarius’un	Nectarıus’un	3
yaşamiyla	yaşamıyla	3
Ioannis’in	İoannis’in	3
kalicilik	kalıcılık	3
taniniyordu	tanınıyordu	3
ruhbaninin	ruhbanının	3
Ingilizce’ye	İngilizce’ye	3
tapinma	tapınma	3
manastirlar	manastırlar	3
papaliğa	papalığa	3
Ignatius	Ignatıus	3
kararlidir	kararlıdır	3
yakinliğini	yakınlığını	3
kapilarindan	kapılarından	3
manastirinda	manastırında	3
papazlari	papazları	3
Yunanlarin	Yunanların	3
Tiridatis	Tırıdatıs	3
ihtilafin	ihtilafın	3
Mekitarist	Mekitarıst	3
yazilmi	yazılmı	3
hadimlarin	hadımların	3
tamamlanmasini	tamamlanmasını	3
tuhafliklarindan	tuhaflıklarından	3
önyargilarina	önyargılarına	3
Kavasin	Kavasın	3
kalmi	kalmı	3
şıltili	sıltılı	3
uyandirir	uyandırır	3
alşveriş	alsveriş	3
kahkahalari	kahkahaları	3
oturmaktadir	oturmaktadır	3
havalari	havaları	3
kutlanir	kutlanır	3
Belkis	Belkıs	3
kadi!	kadı!	3
yildizimizin	yıldızımızın	3
anlatacaklarimi	anlatacaklarımı	3
yaklaştiğında	yaklaştığında	3
çağirtir	çağırtır	3
hizmetkârin	hizmetkarın	3
avcinin	avcının	3
haykirır	haykırır	3
mezarliğa	mezarlığa	3
atlinin	atlının	3
fikih	fıkıh	3
âlimin	alimin	3
delikanliya	delikanlıya	3
haremağasinin	haremağasının	3
sikintilarini	sıkıntılarını	3
yatştirmak	yatştırmak	3
Sualtinda	Sualtında	3
anlatisini	anlatısını	3
Atina’nin	Atina’nın	3
ihtişamini	ihtişamını	3
hadimlar	hadımlar	3
kivrilarak	kıvrılarak	3
Marmara’nin	Marmara’nın	3
adalarindan	adalarından	3
Rumelihisari’nin	Rumelihisarı’nın	3
kayiğimizin	kayığımızın	3
kaldirilip	kaldırılıp	3
Şarklidir	Şarklıdır	3
sopadir	sopadır	3
sarimsi	sarımsı	3
mezarliğinin	mezarlığının	3
taşlarinin	taşlarının	3
yangina	yangına	3
masalimsi	masalımsı	3
kiskançliği	kıskançlığı	3
yaptirilmiş	yaptırılmış	3
tartima	tartıma	3
tamamina	tamamına	3
muslinden	müslinden	3
taşınin	tasının	3
kadinlarina	kadınlarına	3
burasidir	burasıdır	3
kutlaniyor	kutlanıyor	3
Slavlarin	Slavların	3
haniminin	hanımının	3
karilari	karıları	3
kocalarini	kocalarını	3
hadimin	hadımın	3
bağliliğinin	bağlılığının	3
kizlariyla	kızlarıyla	3
tamamlanmasindan	tamamlanmasından	3
Ingilizce’de	İngilizce’de	3
Kibris’in	Kıbrıs’ın	3
pervasizca	pervasızca	3
Clementina’nin	Clementina’nın	3
Çağali	Çağalı	2
diplomatin	diplomatın	2
Saltanatlarinin	Saltanatlarının	2
Olasiliklari	Olasılıkları	2
Nüktedanliği	Nüktedanlığı	2
Aşağisi	Aşağısı	2
Kaleydoskopik	Kaleydoskopık	2
Hadimlari	Hadımları	2
Okullarimiz	Okullarımız	2
Istifam	İstifam	2
arabacisi	arabacısı	2
küheylani	küheylanı	2
sayımlarini	sayımlarını	2
Kavasi	Kavası	2
Dragomani	Dragomanı	2
anforasiyla	anforasıyla	2
Kapaliçarşı	Kapalıçarşı	2
sanatiyla	sanatıyla	2
kanallarinin	kanallarının	2
ressamin	ressamın	2
çağrişımlarini	çağrışımlarını	2
Amerikaliya	Amerikalıya	2
Hiristiyanlikla	Hıristiyanlıkla	2
rabitalar	rabıtalar	2
artiriyor	artırıyor	2
çağriştirir	çağrıştırır	2
aydinliğini	aydınlığını	2
doğamizin	doğamızın	2
harikalarinin	harikalarının	2
kapsiyor	kapsıyor	2
barindirdiği	barındırdığı	2
siradağlari	sıradağları	2
buzdağlari	buzdağları	2
anlatisina	anlatışına	2
başkanimiz	başkanımız	2
manzaranin	manzaranın	2
olmasindandir	olmasındandır	2
yapmiştim	yapmıştım	2
selamlaşmanin	selamlaşmanın	2
sicaklikta	sıcaklıkta	2
ağaçlik	ağaçlık	2
manzaralarin	manzaraların	2
onarimi	onarımı	2
iliki	ılıkı	2
yurttaşlarini	yurttaşlarını	2
savaşımizin	savaşımızın	2
kaliciliğina	kalıcılığına	2
umutlarinin	umutlarının	2
Şark'in	Şark'ın	2
istirahatgâhi	istirahatgahı	2
sunağinin	sunağının	2
aşkindir	aşkındır	2
sonbaharin	sonbaharın	2
kizaran	kızaran	2
yakişıksiz	yakışıksız	2
alşkin	alskın	2
ilikilerden	ılıkılerden	2
Haşmetmeaplari	Haşmetmeapları	2
Garp’in	Garp’ın	2
rabitalarin	rabıtaların	2
yardimcisiyla	yardımcısıyla	2
kaynaklanmiş	kaynaklanmış	2
karşilandiğini	karşılandığını	2
yoğunlaşmiş	yoğunlaşmış	2
kiyilarinin	kıyılarının	2
yaptirildi	yaptırıldı	2
karşılaniyoruz	karşılanıyoruz	2
mefruşati	mefruşatı	2
sirmalarla	sırmalarla	2
aşağisinda	aşağısında	2
konuklarin	konukların	2
paçalarin	paçaların	2
halilarinin	halılarının	2
ayışiğinda	ayışığında	2
duvarinda	duvarında	2
kakilmış	kakılmış	2
önyargisina	önyargısına	2
alşkanliklar	alskanlıklar	2
kalintisi	kalıntısı	2
Hizmetkârin	Hizmetkarın	2
Başmabeynci	Basmabeynci	2
aşiriya	aşırıya	2
belagatimi	belagatımı	2
çağrişımlarin	çağrışımların	2
karşilaştiran	karşılaştıran	2
selamliği	selamlığı	2
imtiyazlarinin	imtiyazlarının	2
aldiri	aldırı	2
sirmalar	sırmalar	2
siçrayip	sıçrayıp	2
sancaklarini	sancaklarını	2
pantolonlari	pantolonları	2
üniformasidir	üniformasıdır	2
kuşatilir	kuşatılır	2
babasidir	babasıdır	2
simasi	siması	2
kuşanmasina	kuşanmasına	2
sağliğindan	sağlığından	2
konuklari	konukları	2
Konuklarina	Konuklarına	2
vicdanli	vicdanlı	2
hükümdarlarindan	hükümdarlarından	2
korumasinda	korumasında	2
kanitliyor	kanıtlıyor	2
tezahürati	tezahüratı	2
kanitlarini	kanıtlarını	2
bağliliğindan	bağlılığından	2
masrafini	masrafını	2
icatlari	icatları	2
stereoskopik	stereoskopık	2
taşıyanlarin	taşıyanların	2
arzularinin	arzularının	2
armağanin	armağanın	2
Kizilderililer	Kızılderililer	2
Şarklilara	Şarklılara	2
Amerikaliyi	Amerikalıyı	2
kaynağiydi	kaynağıydı	2
ağaçlariyla	ağaçlarıyla	2
sahtekârlik	sahtekarlık	2
siyasalari	siyasaları	2
yilliklarinda	yıllıklarında	2
irklardan	ırklardan	2
Saraylarin	Sarayların	2
arabalarindaki	arabalarındaki	2
çinlayan	çınlayan	2
başidir	başıdır	2
varliklariyla	varlıklarıyla	2
ayrildiğinda	ayrıldığında	2
sanildiği	sanıldığı	2
alşılmiş	alşilmiş	2
dayandiğinda	dayandığında	2
kadinliğinin	kadınlığının	2
çağrilmasi	çağrılması	2
zorunluluklarin	zorunlulukların	2
çeyin	ceyin	2
vardiğimizda	vardığımızda	2
karşilaniyoruz	karşılanıyoruz	2
selamliyor	selamlıyor	2
anlatilamayacak	anlatılamayacak	2
tanitiliyor	tanıtılıyor	2
hoşlaniyorlar	hoşlanıyorlar	2
konumlari	konumları	2
altinlarla	altınlarla	2
parmakliklarla	parmaklıklarla	2
cilali	cilalı	2
şaşirtiyor	şaşırtıyor	2
armağani	armağanı	2
anliğina	anlığına	2
nişanin	nişanın	2
rizasiyla	rızasıyla	2
birakmiyordu	bırakmıyordu	2
okullarindan	okullarından	2
alşkanliği	alskanlığı	2
dragomanimiz	dragomanımız	2
şükranlarini	şükranlarını	2
banyolari	banyoları	2
ayağinizin	ayağınızın	2
rayihasini	râyihasını	2
anlatisi	anlatısı	2
dudaklarinin	dudaklarının	2
halisinin	halısının	2
itiyadinda	itiyadında	2
şarkisini	şarkısını	2
yurttaşınin	yurttaşının	2
kilikta	kılıkta	2
çağirtiyor	çağırtıyor	2
okurcasina	okurcasına	2
kaziğa	kazığa	2
putlari	putları	2
saldirilarindan	saldırılarından	2
muhafizin	muhafızın	2
kavasi	kavası	2
ihtişamli	ihtişamlı	2
azarladilar	azarladılar	2
masraflarin	masrafların	2
mizahinin	mizahının	2
kullanildiğinda	kullanıldığında	2
ağdali	ağdalı	2
selamlarim	selamlarım	2
selamliyorum	selamlıyorum	2
kiyılara	kıyılara	2
arabamiz	arabamız	2
adalarini	adalarını	2
ulaşırsiniz	ulaşırsınız	2
akintili	akıntılı	2
dalgasiz	dalgasız	2
karşıklik	karşıklık	2
silahlariyla	silahlarıyla	2
surlarina	surlarına	2
savaşlarina	savaşlarına	2
yurtlarindan	yurtlarından	2
adamliğinda	adamlığında	2
kilicidir	kılıcıdır	2
kurucularinin	kurucularının	2
asilidir	asılıdır	2
mezarlarinin	mezarlarının	2
zaptinda	zaptında	2
sariği	sarığı	2
sanatina	sanatına	2
saldirarak	saldırarak	2
siğinmaya	sığınmaya	2
hazirlikliydi	hazırlıklıydı	2
canlanmasi	canlanması	2
ağalarinin	ağalarının	2
çatşmanin	çatşmanın	2
mezarliklarda	mezarlıklarda	2
taşlarinın	taşlarının	2
taşimişlardi	taşımışlardı	2
alikoyacak	alıkoyacak	2
Mustafa’ydi	Mustafa’ydı	2
veliahdi	veliahdı	2
yadigâri	yadigârı	2
ihtirasi	ihtirası	2
taninıyordu	tanınıyordu	2
tapinaklarini	tapınaklarını	2
Ispanya’yi	İspanya’yı	2
yikmiş	yıkmış	2
ağaçlarinın	ağaçlarının	2
dehalari	dehaları	2
Kamarasi’nin	Kamarası’nın	2
vurdurulmasi	vurdurulması	2
padişahlarinin	padişahlarının	2
baladi	baladı	2
kiyılarinin	kıyılarının	2
dağitmaya	dağıtmaya	2
âdetlerinde	adetlerinde	2
taninmasina	tanınmasına	2
akişına	akışına	2
ihtişamiyla	ihtişamıyla	2
hamalin	hamalın	2
iğina	ığına	2
aradiğiniz	aradığınız	2
ağırbaşlilik	ağırbaşlılık	2
Gibbon’in	Gibbon’ın	2
kuşatilan	kuşatılan	2
istilâcilarin	istilâcıların	2
siniflardan	sınıflardan	2
kiyisindan	kıyısından	2
mezarliklarina	mezarlıklarına	2
anitlarla	anıtlarla	2
kalyonlarini	kalyonlarını	2
yakasinin	yakasının	2
dalgalandiği	dalgalandığı	2
karşisindadir	karşısındadır	2
kadirgalarina	kadırgalarına	2
firlatilan	fırlatılan	2
Sarayi’ndan	Sarayı’ndan	2
kitaplariyla	kitaplarıyla	2
Garguilo	Garguılo	2
Iskitya’nin	İskitya’nın	2
tahili	tahılı	2
satilabilir	satılabilir	2
kolayliği	kolaylığı	2
başarmasi	başarması	2
çağlarin	çağların	2
dezavantajlarini	dezavantajlarını	2
performansin	performansın	2
parçalanacaği	parçalanacağı	2
kazanlarin	kazanların	2
dayandiriyor	dayandırıyor	2
doldurulmasi	doldurulması	2
kuşatmasinda	kuşatmasında	2
ortaçağin	ortaçağın	2
anlatilmaya	anlatılmaya	2
yapildiğinda	yapıldığında	2
sariğini	sarığını	2
hisarlarindan	hisarlarından	2
sayilarinin	sayılarının	2
hisarlari	hisarları	2
talari	taları	2
yokuşlari	yokuşları	2
yikanir	yıkanır	2
anlatiya	anlatıya	2
canlandirilmasi	canlandırılması	2
taniyorlardi	tanıyorlardı	2
devaminin	devamının	2
birakmadiği	bırakmadığı	2
kayiktan	kayıktan	2
Üsküdar’in	Üsküdar’ın	2
kusurlarini	kusurlarını	2
Marmara’yi	Marmara’yı	2
iadamlari	iadamları	2
Tarabya’nin	Tarabya’nın	2
andirir	andırır	2
dağınin	dağının	2
anlaşılamamiştir	anlaşılamamıştır	2
çağrişımlar	çağrışımlar	2
siralanmiş	sıralanmış	2
adlariyla	adlarıyla	2
dindarliğini	dindarlığını	2
mağaralarina	mağaralarına	2
arayişinin	arayışının	2
asilir	asılır	2
akintilarin	akıntıların	2
ağlarini	ağlarını	2
akintilari	akıntıları	2
sularinin	sularının	2
kiyilarda	kıyılarda	2
kullanilmayan	kullanılmayan	2
aygiti	aygıtı	2
borulari	boruları	2
Zingari	Zingarı	2
durumlariyla	durumlarıyla	2
imparatorluklarinin	imparatorluklarının	2
çalşmalari	çalşmaları	2
taninıyor	tanınıyor	2
halati	halatı	2
Akpinar	Akpınar	2
çağriya	çağrıya	2
ağirliğiyla	ağırlığıyla	2
ağirliğinin	ağırlığının	2
kiyıyı	kıyıyı	2
imanini	imanını	2
kayiklarla	kayıklarla	2
rihtiminda	rıhtımında	2
Dıişleri	Dıışleri	2
sanatinda	sanatında	2
Bayrağimiz	Bayrağımız	2
Heap’in	Heap’ın	2
Propontis’e	Propontıs’e	2
sarsilir	sarsılır	2
yikilir	yıkılır	2
düşmanini	düşmanını	2
sonuçlaridir	sonuçlarıdır	2
akaryakiti	akaryakıtı	2
yaratacaktir	yaratacaktır	2
kayiklari	kayıkları	2
pruvali	pruvalı	2
Iskandinav	İskandinav	2
alinyazisinin	alınyazısının	2
toplandiklari	toplandıkları	2
harcanmiş	harcanmış	2
artiklari	artıkları	2
arenasinin	arenasının	2
meslektaşlarinin	meslektaşlarının	2
amaçlariyla	amaçlarıyla	2
masraflarinin	masraflarının	2
almadikça	almadıkça	2
ağizli	ağızlı	2
Tzaritzin	Tzarıtzın	2
kullanilmiyor	kullanılmıyor	2
ulaşiyor	ulaşıyor	2
Kizildeniz’de	Kızıldeniz’de	2
kaynaklariyla	kaynaklarıyla	2
kiyidan	kıyıdan	2
kuşatilmiştir	kuşatılmıştır	2
kökboyasi	kökboyası	2
bağlantilariyla	bağlantılarıyla	2
barıçil	bariçil	2
soktuklari	soktukları	2
ilikisi	ılıkısı	2
kaçakçıliğı	kaçakçılığı	2
tüccarlarina	tüccarlarına	2
imzacilar	imzacılar	2
odaklandiği	odaklandığı	2
saptanmıştir	saptanmıştır	2
tonlari	tonları	2
kuşamini	kuşamını	2
anlaşılacaktir	anlaşılacaktır	2
kirtasiyecilik	kırtasiyecilik	2
inanciyla	inancıyla	2
mağaralari	mağaraları	2
yakindirlar	yakındırlar	2
sarilmışti	sarılmıştı	2
Hirvatlar	Hırvatlar	2
aldatir	aldatır	2
Hadimağa	Hadımağa	2
tatlicilar	tatlıcılar	2
almamiştir	almamıştır	2
zayiftir	zayıftır	2
halkinda	halkında	2
lejyonlarinin	lejyonlarının	2
düşmaniydi	düşmanıydı	2
karşilaştirilamaz	karşılaştırılamaz	2
sariksiz	sarıksız	2
entrikalarina	entrikalarına	2
Yaratilış	Yaratılış	2
boşalttiği	boşalttığı	2
simalarina	simalarına	2
yaptiğiniz	yaptığınız	2
yardimlarinin	yardımlarının	2
kaşlarinin	kaşlarının	2
acilariyla	acılarıyla	2
Atliya	Atlıya	2
Hiristiyan’a	Hıristiyan’a	2
kanitladiği	kanıtladığı	2
adlandirilır	adlandırılır	2
mezarliklarinda	mezarlıklarında	2
kadinina	kadınına	2
bağlilar	bağlılar	2
kanunlarini	kanunlarını	2
itirazci	itirazcı	2
dağilmi	dağılmı	2
ayrilirlar	ayrılırlar	2
kazançlarinin	kazançlarının	2
standardina	standardına	2
uzlaştirmaya	uzlaştırmaya	2
hahamlarin	hahamların	2
hükümranliğindan	hükümranlığından	2
hatirlayacaktir	hatırlayacaktır	2
uluslari	ulusları	2
Moskovalilar	Moskovalılar	2
hanedanlarini	hanedanlarını	2
çağimizda	çağımızda	2
dogmasi	doğması	2
dallarinin	dallarının	2
Incil’i	İncil’i	2
adlandirildi	adlandırıldı	2
Domitian’in	Domitian’ın	2
anlatilmasi	anlatılması	2
astlari	astları	2
Iznik’te	İznik’te	2
Kiroularius	Kıroularıus	2
taşıyicisi	taşıyıcısı	2
nüshasini	nüshasını	2
papalari	papaları	2
piskoposlarina	piskoposlarına	2
Osios	Osıos	2
Photius’a	Photıus’a	2
katilamadi	katılamadı	2
Arionizm	Arionızm	2
Eutropius’un	Eutropıus’un	2
Ioannis’un	İoannis’un	2
Eutropius	Eutropıus	2
siniflarinda	sınıflarında	2
kinanmasina	kınanmasına	2
suçlamalarini	suçlamalarını	2
Ioannis’i	İoannis’i	2
vaazi	vaazı	2
kiskançlikla	kıskançlıkla	2
Papasi	Papası	2
ruhbanini	ruhbanını	2
olayli	olaylı	2
sapkinlik	sapkınlık	2
Archimandrite	Archimandrıte	2
Eutychius	Eutychıus	2
Eutychius’un	Eutychıus’un	2
papalarin	papaların	2
anlaşmazliklari	anlaşmazlıkları	2
asasini	asasını	2
kuramina	kuramına	2
taşimasinin	taşımasının	2
Incil’deki	İncil’deki	2
tilavet	tılavet	2
Pentapolis	Pentapolıs	2
çobanlarin	çobanların	2
imzalarini	imzalarını	2
Ardilinin	Ardılının	2
sorulsaydi	sorulsaydı	2
Çağimizin	Çağımızın	2
Incili	İncili	2
çağimizin	çağımızın	2
anlaşmazliklarina	anlaşmazlıklarına	2
Iustinianus’un	İustinianus’un	2
meblağlarin	meblağların	2
anlatildi	anlatıldı	2
doğasina	doğasına	2
balica	balıca	2
adlandirilirlar	adlandırılırlar	2
kariştirilmamasi	karıştırılmaması	2
irfaninda	irfanında	2
uğramadi	uğramadı	2
yandaşlarini	yandaşlarını	2
aşağilamanin	aşağılamanın	2
çıktiklarinda	çıktıklarında	2
alinabildi	alınabildi	2
savaçi	savaçı	2
yatiştirmayi	yatıştırmayı	2
imparatorlari	imparatorları	2
canlandirir	canlandırır	2
onurlarin	onurların	2
almasindan	almasından	2
anilirdi	anılırdı	2
ihtişaminin	ihtişamının	2
tekrarlanir	tekrarlanır	2
Manastirlarin	Manastırların	2
sağlanirdi	sağlanırdı	2
ayricaliği	ayrıcalığı	2
kisitlamaya	kısıtlamaya	2
çıkişında	çıkışında	2
adalarina	adalarına	2
anlamindaki	anlamındaki	2
Ankoritler	Ankorıtler	2
olanlarinin	olanlarının	2
sapkinliği	sapkınlığı	2
hacilar	hacılar	2
Toudigerd	Toudıgerd	2
Theorianus	Theorıanus	2
siyasasini	siyasasını	2
çikarici	çıkarıcı	2
tarikatinin	tarikatının	2
ilikiye	ılıkıye	2
attiracak	attıracak	2
ağirbali	ağırbalı	2
timarlisi	tımarlısı	2
barindiriyor	barındırıyor	2
bağliyorum	bağlıyorum	2
bazilarindan	bazılarından	2
dindaşlarindan	dindaşlarından	2
Babiâlide	Babıalide	2
adlandirilmasinin	adlandırılmasının	2
belalarindan	belalarından	2
kariştirdi	karıştırdı	2
Kitap’in	Kitap’ın	2
misyonlarinda	misyonlarında	2
dolardir	dolardır	2
Yaşamlarini	Yaşamlarını	2
Protestanliğa	Protestanlığa	2
putkirici	putkırıcı	2
misyonlarin	misyonların	2
anlatimini	anlatımını	2
Çiçero’nun	Cicero’nun	2
kullanacaği	kullanacağı	2
selamlanirsiniz	selamlanırsınız	2
kullanilmamasi	kullanılmaması	2
olmamasidir	olmamasıdır	2
girtlaktan	gırtlaktan	2
ocaklarinin	ocaklarının	2
değiiklikler	değiıklıkler	2
Batini	Batıni	2
olasiliklari	olasılıkları	2
davalarinda	davalarında	2
nakiş	nakış	2
vakarindan	vakarından	2
elyazmalarindan	elyazmalarından	2
Şarklilar	Şarklılar	2
koparildi	koparıldı	2
goncasi	goncası	2
yazilabilir	yazılabilir	2
Milton’in	Milton’ın	2
Iranlilarin	İranlıların	2
çikarilmiştir	çıkarılmıştır	2
yalitilmış	yalıtılmış	2
Ingiliz’e	İngiliz’e	2
Kâinatin	Kâinatın	2
hanimlarinın	hanımlarının	2
dalgalarini	dalgalarını	2
uyandirdiğindan	uyandırdığından	2
Tanri’yi	Tanrı’yı	2
bağlantilidir	bağlantılıdır	2
abartilidir	abartılıdır	2
taşlarina	taşlarına	2
Tanrim!	Tanrım!	2
anitlarinin	anıtlarının	2
değiiklik	değiıklık	2
Babiâlideki	Babıalideki	2
elmasin	elmasın	2
masallarinın	masallarının	2
nazirlarini	nazırlarını	2
kavaslari	kavasları	2
saraylarinda	saraylarında	2
soytarilar	soytarılar	2
taninirdi	tanınırdı	2
soytaridan	soytarıdan	2
bayılir	bayılır	2
alikoymak	alıkoymak	2
şaşırir	şaşırır	2
patlatir	patlatır	2
tabancalariyla	tabancalarıyla	2
sopasiyla	sopasıyla	2
Yanaklari	Yanakları	2
pirzolasina	pirzolasına	2
alamayacağim	alamayacağım	2
duyarliğina	duyarlığına	2
çaliştirırlar	çalıştırırlar	2
komşularinin	komşularının	2
anlatacağimi	anlatacağımı	2
bazilariniz	bazılarınız	2
anlatsin	anlatsın	2
Bakin!	Bakın!	2
anlatmasini	anlatmasını	2
yakilan	yakılan	2
çarptiriyorum	çarptırıyorum	2
kadilik	kadılık	2
durumlarinda	durumlarında	2
tercümanimiz	tercümanımız	2
baktiğim	baktığım	2
Victoria’nin	Victoria’nın	2
kadiyi	kadıyı	2
kaliciliği	kalıcılığı	2
kuralin	kuralın	2
yararlari	yararları	2
delikanliyı	delikanlıyı	2
uşağin	uşağın	2
kapliymiş	kaplıymış	2
nakişlarla	nakışlarla	2
takilmiş	takılmış	2
çağirtmış	çağırtmış	2
delikanliyi	delikanlıyı	2
vakari	vakarı	2
Müslümandir	Müslümandır	2
yanimizdan	yanımızdan	2
dağiliyor	dağılıyor	2
yakayi	yakayı	2
imparatorluklarin	imparatorlukların	2
dağinin	dağının	2
karşılaşmadim	karşılaşmadım	2
çağrildiğinda	çağrıldığında	2
oyalayici	oyalayıcı	2
Ponsonby’nin	Ponsonby’nın	2
dragomanindan	dragomanından	2
açmasini	açmasını	2
Iskitler	İskitler	2
ovalarindan	ovalarından	2
Megarali	Megaralı	2
kitayi	kıtayı	2
uğraklari	uğrakları	2
olmalarinda	olmalarında	2
manzarasinin	manzarasının	2
haykırışlari	haykırışları	2
Galata’yi	Galata’yı	2
tahtirevanin	tahtırevanın	2
kasila	kasıla	2
takirdiyor	takırdıyor	2
Maltali	Maltalı	2
şapkalari	şapkaları	2
sariklar	sarıklar	2
günahlarinin	günahlarının	2
Perali	Peralı	2
sarmalanmiş	sarmalanmış	2
Imezeria	İmezeria	2
dalgasini	dalgasını	2
Firat’tan	Fırat’tan	2
başlarsaniz	başlarsanız	2
parçalariyla	parçalarıyla	2
avantajlari	avantajları	2
odaliklariyla	odalıklarıyla	2
Mohsin	Mohsın	2
uzuvlari	uzuvları	2
Hiristiyanin	Hıristiyanın	2
yobazlik	yobazlık	2
karlari	karları	2
kartallari	kartalları	2
Kayiklar	Kayıklar	2
inançsiz	inançsız	2
alikoyduklari	alıkoydukları	2
gondollarin	gondolların	2
kirlangiç	kırlangıç	2
kullanilıir	kullanılıır	2
kayikçilar	kayıkçılar	2
çarki	çarkı	2
burunlari	burunları	2
cumalari	cumaları	2
kalabaliklari	kalabalıkları	2
Vapurlarin	Vapurların	2
firlayan	fırlayan	2
kayıklari	kayıkları	2
kayiğini	kayığını	2
adlandirdiklari	adlandırdıkları	2
kivırcik	kıvırcık	2
tonajli	tonajlı	2
karşıkliğin	karşıklığın	2
ustaliği	ustalığı	2
nakışlari	nakışları	2
refahiyla	refahıyla	2
otururlardi	otururlardı	2
adalarinda	adalarında	2
mürettebatinin	mürettebatının	2
kayiğina	kayığına	2
mumyalarin	mumyaların	2
sikmadi	sıkmadı	2
huylarini	huylarını	2
kavrayışi	kavrayışı	2
Mavroyéni	Mavroyénı	2
âlimane	alimane	2
doçlari	doçları	2
kontlari	kontları	2
istikrarini	istikrarını	2
Incil’imiz	İncil’imiz	2
sokağin	sokağın	2
bağlanirlar	bağlanırlar	2
olanidir	olanıdır	2
kavgaci	kavgacı	2
diyarinin	diyarının	2
düşmandir	düşmandır	2
ağirbaşlilikla	ağırbaşlılıkla	2
sokaklarinın	sokaklarının	2
dağitiyorlar	dağıtıyorlar	2
parçalarina	parçalarına	2
tezatlari	tezatları	2
daliyor	dalıyor	2
koşullarindan	koşullarından	2
mayasiz	mayasız	2
ormanlarindan	ormanlarından	2
mezarlarin	mezarların	2
kumpanyasina	kumpanyasına	2
Champs’in	Champs’ın	2
mezarliklari	mezarlıkları	2
günbatiminda	günbatımında	2
oynadiklari	oynadıkları	2
yikimina	yıkımına	2
Itfaiyeciler	İtfaiyeciler	2
tirmanirlar	tırmanırlar	2
aldirş	aldırş	2
başardim	başardım	2
eşyasinin	eşyasının	2
yanitliyor	yanıtlıyor	2
rihtimlarda	rıhtımlarda	2
yassi	yassı	2
Bulgarin	Bulgarın	2
kapatilir	kapatılır	2
halklariyla	halklarıyla	2
ağacinin	ağacının	2
sütunlarin	sütunların	2
Çatladikapi	Çatladıkapı	2
taşlarin	taşların	2
koparilmiş	koparılmış	2
ihtiami	ihtiamı	2
Tapinaği’ndan	Tapınağı’ndan	2
tapinaklarindan	tapınaklarından	2
şiğiyla	sığıyla	2
çatisini	çatısını	2
bağiran	bağıran	2
yapraği	yaprağı	2
başıydi	başıydı	2
loncalari	loncaları	2
diyarindan	diyarından	2
mallarinizi	mallarınızı	2
saticilarinin	satıcılarının	2
civarin	civarın	2
babşiş	babşış	2
Osmanlinin	Osmanlının	2
atlarinin	atlarının	2
sokaklarinin	sokaklarının	2
canlilardan	canlılardan	2
mezarliklardan	mezarlıklardan	2
koparilmış	koparılmış	2
yapilmaksizin	yapılmaksızın	2
Sulyotlari	Sulyotları	2
onurlandirildi	onurlandırıldı	2
Yanya’nin	Yanya’nın	2
uşağim	uşağım	2
onurlandirdilar	onurlandırdılar	2
intikamci	intikamcı	2
halayik	halayık	2
çağrilirlar	çağrılırlar	2
padiahlarin	padiahların	2
asaletmeaplari	asaletmeapları	2
Grouitch	Grouıtch	2
unvanlarin	unvanların	2
yanitlanirsa	yanıtlanırsa	2
vardir!	vardır!	2
Şarkl’nin	Şarkl’nın	2
bayramlarin	bayramların	2
Çari’nin	Çarı’nın	2
kutlamasini	kutlamasını	2
padişahinki	padişahınkı	2
yanmasindan	yanmasından	2
Kadi’nin	Kadı’nın	2
saptanir	saptanır	2
dalgalarina	dalgalarına	2
variyoruz	varıyoruz	2
hamamina	hamamına	2
atlatmayi	atlatmayı	2
ağasinin	ağasının	2
evliyanin	evliyanın	2
kâğidina	kağıdına	2
kalabaliğina	kalabalığına	2
firçasi	fırçası	2
kahkahali	kahkahalı	2
miriltili	mırıltılı	2
Sanatçımiz	Sanatçımız	2
yarattiklari	yarattıkları	2
azaldiğini	azaldığını	2
atalarini	atalarını	2
arabacinin	arabacının	2
durumlarin	durumların	2
hadimlari	hadımları	2
imtiyazina	imtiyazına	2
durumlarina	durumlarına	2
kuşlarini	kuşlarını	2
kumaşlari	kumaşları	2
Hiristiyan’in	Hıristiyan’ın	2
ihtiyarliğina	ihtiyarlığına	2
barbarliğin	barbarlığın	2
Hamamin	Hamamın	2
eşyalarinin	eşyalarının	2
diyarlarin	diyarların	2
pitir	pıtır	2
tarzlari	tarzları	2
Loncasi	Loncası	2
romanlarinda	romanlarında	2
tapinaklarinin	tapınaklarının	2
haykiriyor	haykırıyor	2
kutsandiği	kutsandığı	2
kayginin	kaygının	2
kayinvalide	kayınvalide	2
sefasi	sefası	2
selamlikta	selamlıkta	2
kapatirlar	kapatırlar	2
şakalari	şakaları	2
bayrağimizin	bayrağımızın	2
Shumlali	Shumlalı	2
kapatilmasindan	kapatılmasından	2
Babiâli'deki	Babıali'deki	2
dağitiyor	dağıtıyor	2
evliyalarin	evliyaların	2
Dalmatian	Dalmatıan	2
ekselanslarinin	ekselanslarının	2
ekselanslarini	ekselanslarını	2
kaçamakli	kaçamaklı	2
Alhamra’si	Alhamra’sı	2
hatirlatabilir	hatırlatabilir	2
Yunan’in	Yunan’ın	2
basmakalip	basmakalıp	2
kanaatkârlik	kanaatkarlık	2
viz!	vız!	2
irmaklari	ırmakları	2
ağaçsiz	ağaçsız	2
toplanmasiyla	toplanmasıyla	2
Kanniotlar	Kannıotlar	2
pervasiz	pervasız	2
müsamahasi	müsamahası	2
uzatilmasi	uzatılması	2
siyasasina	siyasasına	2
Beluci	Belucı	2
siradağlarinin	sıradağlarının	2
onurlari	onurları	2
parçalanip	parçalanıp	2
Avrupasi’nin	Avrupası’nın	2
anlatida	anlatıda	2
Bulgaristanlarin	Bulgaristanların	2
Britanya’yi	Britanya’yı	2
payitahtini	payitahtını	2
Slavlari	Slavları	2
Botzarris	Botzarrıs	2
bakanliklari	bakanlıkları	2
Slivnitza’nin	Slivnitza’nın	2
Milan’in	Milan’ın	2
Muazzama’yi	Muazzama’yı	2
Krali’nin	Kralı’nın	2
Sangarius	Sangarıus	2
Dünya’nin	Dünya’nın	2
Gen	Sen	1
sus	şu	1
DIPLOMAT	DİPLOMAT	1
diplomatinin	diplomatının	1
anilari	anıları	1
Yayınlari	Yayınları	1
Seugili	Seugılı	1
Agabeyimle	Ağabeyimle	1
bis	bu	1
Kitbi	Kıtbı	1
AMER	MER	1
DIZINI	DİZİNİ	1
FATIH	FATİH	1
SANAYI	SANAYİ	1
SITESI	SİTESİ	1
yayinevinden	yayınevinden	1
isTIKLAL	istiklal	1
Yayinları	Yayınları	1
Selamlik	Selamlık	1
Padişah’in	Padişah’ın	1
Yildiz	Yıldız	1
Kitaplarinın	Kitaplarının	1
Iktidari	İktidarı	1
Olaylari	Olayları	1
Istilasi	İstilası	1
Çıkarlari	Çıkarları	1
Siniflarn	Sınıfları	1
Geliimi	Geliımı	1
Karşılaştiğı	Karşılaştığı	1
Edebiyati	Edebiyatı	1
Kadilar	Kadılar	1
Kayıklari	Kayıkları	1
Temsilciliğim	Temsilciliğin	1
Civarndaki	Civarndakı	1
Koullari	Koulları	1
Dayanilhr	Dayanılhr	1
Çocuklarnin	Çocukların	1
XLI	XII	1
Kuruluşlari	Kuruluşları	1
XLII	XIII	1
Yazgisi	Yazgısı	1
Kaynaklari	Kaynakları	1
Ekıyalik	Ekiyalık	1
Imparatorluğun	İmparatorluğun	1
Demiryollari	Demiryolları	1
XLV	XIV	1
Yarimadasi	Yarımadası	1
Sirbistan	Sırbistan	1
Hazirliklari	Hazırlıkları	1
Ihtilaf	İhtilaf	1
Arasinda	Arasında	1
vii	vıı	1
xiii	Xııı	1
xvii	Xvıı	1
binasi	binası	1
Sarayi	Sarayı	1
Saraylnin	Sarayının	1
kapısi	kapısı	1
kuruculari	kurucuları	1
Orhan’in	Orhan’ın	1
Padişahin	Padişahın	1
kilan	kılan	1
açıklarinda	açıklarında	1
kilicini	kılıcını	1
hükümdarlarinin	hükümdarlarının	1
silahlari	silahları	1
Istila	İstila	1
patlamasi	patlaması	1
Bizans’in	Bizans’ın	1
kadini	kadını	1
Tanri’nin	Tanrı’nın	1
hisari	hisarı	1
kaz	kız	1
kadi	kadı	1
kiyida	kıyıda	1
Hoca’nin	Hoca’nın	1
kulaklari	kulakları	1
Kisas	Kısas	1
Tatli	Tatlı	1
sularinda	sularında	1
kavgasi	kavgası	1
Yanmi	Yarın	1
mezarliğı	mezarlığı	1
Asya’nin	Asya’nın	1
sulari	suları	1
kadinlari	kadınları	1
Sarayi’nin	Sarayı’nın	1
hanimi	hanımı	1
tanıklari	tanıkları	1
halayiğı	halayığı	1
hocalari	hocaları	1
sinifta	sınıfta	1
yaşhi	yaşhı	1
sarayi	sarayı	1
Çari	Çarı	1
Yom	Yön	1
Kitabin	Kitabın	1
sanatin	sanatın	1
kapsamini	kapsamını	1
yansitiyor	yansıtıyor	1
Oyalanma’dir	Oyalanma’dır	1
rotasindan	rotasından	1
uzaklaşir	uzaklaşır	1
akintilarinin	akıntılarının	1
araştirmalarindan	araştırmalarından	1
rahatlamayi	rahatlamayı	1
aktarmayi	aktarmayı	1
yardimiyla	yardımıyla	1
çalişılan	çalışılan	1
altindaki	altındaki	1
gözleminin	gözlerinin	1
görüyorsaniz	görüyorsanız	1
halklarindan	halklarından	1
Halki	Halkı	1
irk	ırk	1
Yetmi	Yetim	1
birakacak	bırakacak	1
payitahtidir	payitahtıdır	1
karmaşıkliktadir	karmaşıklıktadır	1
Hamsin	Hanım	1
atşlari	atılan	1
Afrika’nin	Afrika’nın	1
atiyor	atıyor	1
halkinin	halkının	1
tebaasiydilar	tebaasıydılar	1
deltalarina	deltalarına	1
Dağlari’ndan	Dağları’ndan	1
dolaşmalarini	dolaşmalarını	1
makami	makamı	1
uğradiği	uğradığı	1
Ismi	İsmi	1
Yunanistan’in	Yunanistan’ın	1
şanini	şanını	1
zamanlarin	zamanların	1
aydinlanmiş	aydınlanmış	1
ayrildi	ayrıldı	1
Bati’ya	Batı’ya	1
Bati’nin	Batı’nın	1
yaydiği	yaydığı	1
yakilmalari	yakılmaları	1
aydinlanmanin	aydınlanmanın	1
kavuşabilme	kavuşabılme	1
Zihayat’in	Zihayat’ın	1
Garb’in	Garb’ın	1
uygulamalariyla	uygulamalarıyla	1
simyasinin	simyasının	1
yukarisi	yukarısı	1
aşağisindaki	aşağısındaki	1
ayrintilari	ayrıntıları	1
tartimaya	tartımaya	1
adamliğina	adamlığına	1
tartışmasindaki	tartışmasındakı	1
ayikladim	ayıkladım	1
amacim	amacım	1
hastaliğin	hastalığın	1
Izahat	İzahat	1
paşanin	paşanın	1
sancaklara	sancakları	1
etaptaki	etaptakı	1
sandiğindan	sandığından	1
devamliliğini	devamlılığını	1
yüzyildir	yüzyıldır	1
Viyana’yi	Viyana’yı	1
aksadiğini	aksadığını	1
Youm	Yön	1
Rougili	Rougılı	1
IRoumni	Iroumnı	1
matolia	matolıa	1
Kechui	Keçhuı	1
Karg	Kars	1
Burnu	Bunu	1
Uinyr	Uınyr	1
Yeg	Yeğ	1
YeihKlo	Yeıhklo	1
Injin	Injın	1
Khanligen	Khanlıgen	1
Hsar	Hür	1
Kani	Kanı	1
Boy	Böy	1
TchengelRioi	Tchengelrioı	1
bers	beri	1
CONSTANTINOPLE	CONSTANTİNOPLE	1
Sarikadi	Sarıkadı	1
KadNKioi	Kadnkıoı	1
Samanli	Samanlı	1
Burn	Biri	1
ErenKioi	Erenkioı	1
Bair	Bur	1
Bontanil	Bontanıl	1
irovitha	ırovıtha	1
Seie	Seıe	1
Ismid	Ümid	1
yaşandiğ1	yaşandığı	1
varmişti	varmıştı	1
mudur	müdür	1
kitaya	kıtaya	1
yayilir	yayılır	1
hükümdarlari	hükümdarları	1
dalgalari	dalgaları	1
sindi	şimdi	1
almadi	almadı	1
Sina	Sına	1
Ağri	Ağrı	1
Kaz	Kız	1
hükümdarlik	hükümdarlık	1
kucakladi	kucakladı	1
yollarini	yollarını	1
Hükümranliği	Hükümranlığı	1
Hilâl’ini	Hilal’ını	1
hükümdarliğin	hükümdarlığın	1
rayihasiyla	râyihasıyla	1
anilariyla	anılarıyla	1
caksizliğindan	caksızlığından	1
adamliğındaki	adamlığındakı	1
Yildiz’1	Yıldız’1	1
Iränslclim	İranslclım	1
kolaydir	kolaydır	1
yalin	yalın	1
buharli	buharlı	1
zamaninda	zamanında	1
padişahin	padişahın	1
almiştim	almıştım	1
yaşantimin	yaşantımın	1
Odesa’yi	Odesa’yı	1
Iuşmamiza	Iuşmamıza	1
zamandir	zamandır	1
hayatina	hayatına	1
ayrildim	ayrıldım	1
onuruma	onuruna	1
ayrilmak	ayrılmak	1
rizasini	rızasını	1
aliştiğim	alıştığım	1
Yorklularin	Yorkluların	1
hoppaliğıni	hoppalığını	1
larinın	larının	1
katina	katına	1
kaygili	kaygılı	1
denizyollarinin	denizyollarının	1
şafti	şaftı	1
şaftimiz	şaftımız	1
onarildi	onarıldı	1
rlanda	manda	1
almıştik	almıştık	1
dalma	daima	1
Britanya’nin	Britanya’nın	1
alanimiza	alanımıza	1
Savaşımiz’in	Savaşımız’ın	1
anayasasinin	anayasasının	1
hakliliğini	haklılığını	1
anilarinin	anılarının	1
ihtiyacini	ihtiyacını	1
karşiladi	karşıladı	1
çıktiğı	çıktığı	1
sirketinin	şirketinin	1
basin	basın	1
bakin	bakın	1
sabahin	sabahın	1
çalışir	çalışır	1
unu	ünü	1
anlatimindan	anlatımından	1
yorumlarini	yorumlarını	1
Alişkanliklarina	Alışkanlıklarına	1
koçaniyla	koçanıyla	1
kahvaltisini	kahvaltısını	1
Saray’in	Saray’ın	1
kapicisindan	kapıcısından	1
Jacksonvari	Jacksonvarı	1
yalnliğin	yalnlığın	1
Asurbanipal’e	Asurbanıpal’e	1
birakin	bırakın	1
varirdi	varırdı	1
bira	biri	1
fabrikalari	fabrikaları	1
sini	sını	1
Boğaz’in	Boğaz’ın	1
ulaştik	ulaştık	1
Dalgali	Dalgalı	1
sandiğimiz	sandığımız	1
bayrağimizla	bayrağımızla	1
Hiristiyanliğın	Hıristiyanlığın	1
siniri	sınırı	1
uyandiran	uyandıran	1
yalnizca	yalnızca	1
anilar	anılar	1
yaşamaksizin	yaşamaksızın	1
tuhafliği	tuhaflığı	1
bayraği	bayrağı	1
alimi	alımı	1
çikmamizdan	çıkmamızdan	1
bandirasi	bandırası	1
Kaptaninin	Kaptanının	1
çıkmi	çıkmı	1
kaptanlari	kaptanları	1
Kaptanimizin	Kaptanımızın	1
soyadini	soyadını	1
imlâma	imlama	1
bulunmami	bulunmamı	1
kiyisina	kıyısına	1
kapisi	kapısı	1
Isimlerini	İsimlerini	1
saydiğim	saydığım	1
zorladi	zorladı	1
hattini	hattını	1
yanimizda	yanımızda	1
memurlari	memurları	1
hazirlarken	hazırlarken	1
imzasini	imzasını	1
yanima	yanıma	1
almıştim	almıştım	1
başliğiyla	başlığıyla	1
kiliyor	kılıyor	1
damgasi	damgası	1
israrli	ısrarlı	1
aldik	aldık	1
tatsizliklar	tatsızlıklar	1
aklimizdan	aklımızdan	1
afalladim	afalladım	1
sandiklarimizin	sandıklarımızın	1
bagajdaydi	bagajdaydı	1
çıkacaktim	çıkacaktım	1
Vamal’in	Vamal’ın	1
basilarak	basılarak	1
şansliydim	şanslıydım	1
Binasi	Binası	1
mahlasiyla	mahlasıyla	1
yaptiktan	yaptıktan	1
dişindaki	dışındaki	1
Alti	Altı	1
anilarini	anılarını	1
çıktik	çıktık	1
oyalanmasi	oyalanması	1
Kahvaltimizi	Kahvaltımızı	1
hazirdik	hazırdık	1
kilacak	kılacak	1
vefatiyla	vefatıyla	1
rezidansimizda	rezidansımızda	1
anlaşmıştik	anlaşmıştık	1
kiyilari	kıyıları	1
saraylari	sarayları	1
yazin	yazın	1
ortasi	ortası	1
sikintilarindan	sıkıntılarından	1
ferahliğıyla	ferahlığıyla	1
Naziri	Nazırı	1
Asim	Asım	1
çıktiğimiz	çıktığımız	1
çikarilmam	çıkarılmam	1
ayarlayacakti	ayarlayacaktı	1
Yazi	Yazı	1
raslar	mışlar	1
manzarasi	manzarası	1
Aşağimizdaki	Aşağımızdaki	1
asmalari	asmaları	1
bakilinca	bakılınca	1
meslektaşlarimin	meslektaşlarımın	1
şıpirtisi	şıpırtısı	1
bayginlikla	baygınlıkla	1
katilacak	katılacak	1
aşmadi	asmadı	1
Grant’i	Grant’ı	1
sularin	suların	1
tadini	tadını	1
çikariyoruz	çıkarıyoruz	1
katilimıyla	katılımıyla	1
anisina	anısına	1
yaraşir	yaraşır	1
saygi	saygı	1
oradaydi	oradaydı	1
yaşaminin	yaşamının	1
yazdi	yazdı	1
kadınli	kadınlı	1
kuracaği	kuracağı	1
yakinlaştirmak	yakınlaştırmak	1
donanmasindan	donanmasından	1
Savaşi’mizin	Savaşı’mızın	1
kiricisi	kırıcısı	1
müteveffayi	müteveffayı	1
McCook’larin	Mccook’ların	1
olmu	onu	1
ayrilmadan	ayrılmadan	1
Illionisli	İllionıslı	1
Washborn’unki	Washborn’unkı	1
taninmak	tanınmak	1
ayricaliğina	ayrıcalığına	1
ulaşmiştim	ulaşmıştım	1
hayatin	hayatın	1
savaşlarimizda	savaşlarımızda	1
Çarlarin	Çarların	1
sorunlarina	sorunlarına	1
buln	bun	1
ayrilan	ayrılan	1
odaği	odası	1
Yariküre’nin	Yarıküre’nin	1
mutluluklarinin	mutluluklarının	1
Amerikalilarin	Amerikalıların	1
kaybi	kaybı	1
yurttaşlarimizla	yurttaşlarımızla	1
nakaratlarini	nakaratlarını	1
tekrarlamamiz	tekrarlamamız	1
şaninin	sanırım	1
topraklarini	topraklarını	1
yariya	yarıya	1
mirasi	mirası	1
irmak	ırmak	1
topraklarimizin	topraklarımızın	1
Şark'inin	Şark'ının	1
Garp'inin	Garp'ının	1
alçaltilmiş	alçaltılmış	1
taşinmi	taşınmı	1
insanliğa	insanlığa	1
erir	emir	1
ordularinin	ordularının	1
Garp'in	Garp'ın	1
kıyilarin	kıyılarını	1
altindadir	altındadır	1
Burasi	Burası	1
ordularin	orduların	1
kumandanlari	kumandanları	1
artirmak	artırmak	1
havasina	havasına	1
insanin	insanın	1
dağitilan	dağıtılan	1
katiksiz	katıksız	1
taşımiyor	taşımıyor	1
Selahaddin'in	Selâhaddin'in	1
buluşmuşlardir	buluşmuşlardır	1
kabarmalarinda	kabarmalarında	1
iirsel	ıırsel	1
tacinda	tacında	1
sunmamiştir	sunmamıştır	1
yasli	yaşlı	1
alayi	alayı	1
Yardimcisi	Yardımcısı	1
hizla	hızla	1
tanidiklarim	tanıdıklarım	1
Hancock’in	Hancock’ın	1
acilik	acılık	1
dağıliyor!	dağılıyor!	1
yaşamaktayiz!	yaşamaktayız!	1
sularina	sularına	1
yollarinda	yollarında	1
tatsiz	tatsız	1
kayiğımizla	kayığımızla	1
çinarlarin	çınarların	1
baliğiyla	balığıyla	1
Kapimizdan	Kapımızdan	1
sarkityoruz	sarkıtyoruz	1
kavasimizla	kavasımızla	1
karşıilaşma	karşıılaşma	1
yariıyor	yarııyor	1
kisminin	kısmının	1
duvarlari	duvarları	1
asma	ama	1
rüzgârlarinin	rüzgârlarının	1
ayrilmiyor	ayrılmıyor	1
yapraklarindan	yapraklarından	1
şılti	sıltı	1
kaldiğimiz	kaldığımız	1
katinda	katında	1
çıkani	çıkan	1
taşiniyoruz	taşınıyoruz	1
Bakanliği’ni	Bakanlığı’nı	1
yari	yarı	1
karıan	karın	1
Odalarimizdan	Odalarımızdan	1
gaydanin	gaydanın	1
firsata	fırsatı	1
artti	arttı	1
konuşmanin	konuşmanın	1
araciliğiyla	aracılığıyla	1
satir	satır	1
aralarinin	anılarının	1
Nazirina	Nazırına	1
Konuşmamin	Konuşmanın	1
çaliştim	çalıştım	1
akillica	akıllıca	1
diplomatlarin	diplomatların	1
yarari	yararı	1
teşrifatina	teşrifatına	1
telgrafiyla	telgrafıyla	1
kaygilarim	kaygılarım	1
hazirlanmam	hazırlanmam	1
yaşamim	yaşamım	1
kisaltilmasindan	kısaltılmasından	1
kisaltmanin	kısaltmanın	1
uyarildim	uyarıldım	1
HAZRETLERI	HAZRETLERİ	1
mektuplarini	mektuplarını	1
duyarim	duyarım	1
Başkani’nin	Başkanı’nın	1
anilarryla	anılarryla	1
beyanina	beyanına	1
dalmaksizin	dalmaksızın	1
ilikilerde	ılıkılerde	1
karişıkliklari	karışıklıkları	1
ilikilerimizi	ılıkılerimizi	1
siyasasindan	siyasasından	1
ayrilmayacaktir	ayrılmayacaktır	1
olanağini	olanağını	1
artirmaya	artırmaya	1
Haşmetmeaplarini	Haşmetmeaplarını	1
çaliacağimi	çalıacağımı	1
karışikliklar	karışıklıklar	1
Aklimda	Aklımda	1
karışıklik	karışıklık	1
Hitap’inda	Hitap’ında	1
Kavramin	Kavramın	1
Fransizca’da	Fransızca’da	1
araştirmalardan	araştırmalardan	1
eşanlamlisi	eşanlamlısı	1
kullandiğım	kullandığım	1
metnim	metnin	1
Istanbul’daki	İstanbul’daki	1
bulduklari	buldukları	1
anladim	anladım	1
yularli	yularlı	1
tarandiği	tarandığı	1
acilarimın	acılarımın	1
kaygilarimi	kaygılarımı	1
sunağinda	sunağında	1
iyla	ıyla	1
hatirladiğımda	hatırladığımda	1
kuruntularim	kuruntularım	1
canlanmışti	canlanmıştı	1
kaydi	kaydı	1
yaklaşim	yaklaşım	1
sanirim	sanırım	1
hatirlamalarin	hatırlamaların	1
yüzyıllik	yüzyıllık	1
rahatlik	rahatlık	1
evim	evin	1
kazandirmış	kazandırmış	1
ayrifali	ayrıfalı	1
ikametgâhim	ikametgahım	1
semalarinin	semalarının	1
yunuslari	yunusları	1
insanlariyla	insanlarıyla	1
heyecanlarini	heyecanlarını	1
hanimlar	hanımlar	1
yaldizli	yaldızlı	1
anin	anın	1
kaygi	kaygı	1
heyecanini	heyecanını	1
uğurladilar	uğurladılar	1
rüzgârinda	rüzgarında	1
çirpiniyordu	çırpınıyordu	1
gagasini	gagasını	1
çikarmişa	çıkarmışa	1
yapinin	yapının	1
sarayin	sarayın	1
kiyisinda	kıyısında	1
Kapilari	Kapıları	1
rihtimina	rıhtımına	1
Limanindan	Limanından	1
uzakliktadir	uzaklıktadır	1
papalarina	papalarına	1
Yaldizlari	Yaldızları	1
nakişlariyla	nakışlarıyla	1
halihazirdaki	halihazırdaki	1
adlari	adları	1
adidir	adıdır	1
dolambaçli	dolambaçlı	1
Sarayi’na	Sarayı’na	1
hizl	hızı	1
arasindan	arasından	1
akiyor	akıyor	1
dostlarinin	dostlarının	1
adamıydi	adamıydı	1
virajli	virajlı	1
Aşağimizda	Aşağımızda	1
atasinin	atasının	1
karilarinin	karılarının	1
rin	rın	1
Truva’nin	Truva’nın	1
adaşınin	adasının	1
saygili	saygılı	1
tavirla	tavırla	1
üniformasi	üniforması	1
odasinin	odasının	1
kumandani	kumandanı	1
yardimcisi	yardımcısı	1
üniformalari	üniformaları	1
takim	takım	1
alici	alıcı	1
Fransizca’yi	Fransızca’yı	1
mürettebatindan	mürettebatından	1
teşrifatçısi	teşrifatçısı	1
Sarayinin	Sarayının	1
Kapisi	Kapısı	1
çıkarilacak	çıkarılacak	1
arabalari	arabaları	1
kapli	kaplı	1
ağirbaşli	ağırbaşlı	1
elimde	elinde	1
dişınin	disinin	1
yapi	yapı	1
alamadim	alamadım	1
sigaranin	sigaranın	1
Padişahi’nin	Padişahı’nın	1
Araçlarimizin	Araçlarımızın	1
Sarayl’nin	Sarayı’nın	1
kapisina	kapısına	1
düşmanlarinin	düşmanlarının	1
Arabacisi	Arabacısı	1
baskinıni	baskınını	1
Sarayin	Sarayın	1
karişıyor	karışıyor	1
Hilal’in	Hilal’ın	1
boynuzlari	boynuzları	1
yildizdan	yıldızdan	1
muhafiz	muhafız	1
durmasi	durması	1
uzakliği	uzaklığı	1
karmaşikliklarindan	karmaşıklıklarından	1
yakinmışçasına	yakınmışçasına	1
kitasi	kıtası	1
arabasi	arabası	1
Arkasindan	Arkasından	1
vardiğinda	vardığında	1
naziri	nazırı	1
olmasinin	olmasının	1
aykıri	aykırı	1
yukariya	yukarıya	1
erkâni	erkanı	1
karçilanyor	karçılanyor	1
karşilaşıyoruz	karşılaşıyoruz	1
karşilaniyor	karşılanıyor	1
tufaninin	tufanının	1
şaşirttiği	şaşırttığı	1
Tartişilmayacak	Tartışılmayacak	1
halilarla	halılarla	1
şaşaalari	şaşaaları	1
saraylilarin	saraylıların	1
şıkliğini	şıklığını	1
başliyoruz	başlıyoruz	1
çıkariyoruz	çıkarıyoruz	1
kirmizi	kırmızı	1
Divanin	Divanın	1
nak	mak	1
Aslina	Aslına	1
ayriliyor	ayrılıyor	1
sirma	sırma	1
kalkiyor	kalkıyor	1
sirayla	sırayla	1
tercümani	tercümanı	1
Amerikalilar	Amerikalılar	1
varliğindan	varlığından	1
asili	asılı	1
büyükbabasi	büyükbabası	1
anladiği	anladığı	1
Odanin	Odanın	1
şakırdiyor	şakırdıyor	1
sahanliğinda	sahanlığında	1
firçasiyla	fırçasıyla	1
boyutlarindaki	boyutlarındaki	1
atalarina	atalarına	1
atalarindan	atalarından	1
halisıyla	halisiyla	1
nakıli	nakili	1
yaslandiği	yaslandığı	1
mobilyanin	mobilyanın	1
iğıni	işini	1
yağliboya	yağlıboya	1
noktalarindan	noktalarından	1
kasrin	kişinin	1
erbabi	erbabı	1
Ayvasowski’ye	Ayvasowskı’ye	1
Küçüksu’daki	Küçüksu’dakı	1
savaşlarini	savaşlarını	1
yapilma	yapılma	1
kapidan	kapıdan	1
nazirlar	nazırlar	1
yapiyoruz	yapıyoruz	1
masanin	masanın	1
hükümdarinin	hükümdarının	1
şahsindan	şahsından	1
sakali	sakalı	1
anlamli	anlamlı	1
Alni	Alnı	1
iaretini	üretimi	1
Tavirlari	Tavırları	1
nişanlari	nişanları	1
Nişani	Nişanı	1
çikarilmış	çıkarılmış	1
Imtiyaz	İmtiyaz	1
Nian	Nin	1
Iftihar	İftihar	1
tavri	tavrı	1
fotoğrafinin	fotoğrafının	1
memurlarinin	memurlarının	1
Kirim	Kırım	1
Savaşi’ndan	Savaşı’ndan	1
yabancilari	yabancıları	1
alna	ama	1
nuz	nüz	1
liyor	lıyor	1
baktiği	baktığı	1
anlatiyor	anlatıyor	1
dışari	dışarı	1
başiniza	başınıza	1
sayginizi	saygınızı	1
tekrarliyorsu	tekrarlıyorsu	1
memursaniz	memursanız	1
tekrarliyorsunuz	tekrarlıyorsunuz	1
kadari	kadarı	1
sirtlari	sırtları	1
davranişlari	davranışları	1
insandi	insandı	1
halihazirda	halihazırda	1
atandi	atandı	1
Isviçre	İsviçre	1
sinirindaki	sınırındaki	1
gark	şark	1
karayi	karayı	1
haksiz	haksız	1
karişan	karışan	1
Dostlari	Dostları	1
Fuad’in	Fuad’ın	1
kaldirildiğini	kaldırıldığını	1
çikışlari	çıkışları	1
zorundayim	zorundayım	1
üniformasini	üniformasını	1
arandim	arandım	1
fotoğrafiyla	fotoğrafıyla	1
Abdurrahman’in	Abdurrahman’ın	1
soytarisiydi	soytarısıydı	1
hayattadir	hayattadır	1
yakinlik	yakınlık	1
yapiyorum	yapıyorum	1
Etrafin	Etrafın	1
alanıni	alanını	1
düürür	durur	1
yanit	yanıt	1
kaçmiyorum	kaçmıyorum	1
konuşmami	konuşmamı	1
rahatliyorum	rahatlıyorum	1
elimi	elini	1
sikiyor	sıkıyor	1
Baştercümani	Baştercümanı	1
çıkiyoruz	çıkıyoruz	1
Ayrilmadan	Ayrılmadan	1
bazilarinın	bazılarının	1
Devami	Devamı	1
onarilmasina	onarılmasına	1
yanitlaniyor	yanıtlanıyor	1
şaşkınlik	şaşkınlık	1
yaratiyor	yaratıyor	1
yaşındaydi	yaşındaydı	1
bayramimizdi	bayramımızdı	1
karşilaşmam	karşılanan	1
kitabimda	kitabında	1
bakişta	bakışta	1
izlenimimi	izlenimini	1
Iinlari	Iınları	1
karalamasiyla	karalamasıyla	1
hanedanin	hanedanın	1
ihtiyatli	ihtiyatlı	1
Osmanlarin	Ormanların	1
Muratlarin	Muratların	1
Süleymanlarin	Süleymanların	1
olmadiğim	olmadığım	1
gösterie	gösterme	1
kaygilari	kaygıları	1
irktan	ırktan	1
çöhretini	çohretini	1
Insani	İnsanı	1
canlandirmiştim	canlandırmıştım	1
yakişabilecek	yakışabılecek	1
hülyalari	hülyaları	1
aşkini	aşkını	1
birakan	bırakan	1
daldiracak	daldıracak	1
Hafizin	Hafızın	1
münakaşalarinin	münakaşalarının	1
ayrilacaktim	ayrılacaktım	1
alamiyordum	alamıyordum	1
hatirliyorum	hatırlıyorum	1
silahlarinin	silahlarının	1
yaklaşmş	yaklaşım	1
Uluslari	Ulusları	1
sarsintisiyla	sarsıntısıyla	1
Yalniz	Yalnız	1
yabancilarin	yabancıların	1
kildiği	kıldığı	1
camiin	çarın	1
civarina	civarına	1
inşaati	inşaatı	1
itiyadindaydi	itiyadındaydı	1
olanaksiz	olanaksız	1
atlanmiyor	atlanmıyor	1
katilmamiş	katılmamış	1
şerî	seri	1
kurali	kuralı	1
kararin	kararın	1
icra	için	1
kati	katı	1
israr	ısrar	1
selamlik	selamlık	1
atindan	atından	1
yatağindan	yatağından	1
tanikliği	tanıklığı	1
selamliğina	selamlığına	1
Aya	İyi	1
kullarinin	kullarının	1
saçıldiği	saçıldığı	1
modasi	modası	1
oynarmiş	oynarmış	1
kavuklari	kavukları	1
Namik	Namık	1
taşiyarak	taşıyarak	1
arabasiyla	arabasıyla	1
alaylarin	alayların	1
kiyim	kıyım	1
istihkâmci	istihkamcı	1
alayıni	alayını	1
Kralin	Kralın	1
bağlidır	bağlıdır	1
kizil	kızıl	1
Kapida	Kapıda	1
imami	imam	1
karşılanir	karşılanır	1
uymasi	uyması	1
üniformalarin	üniformaların	1
Zühaflarin	Zuhafların	1
formalari	formaları	1
bronzlaşmiş	bronzlaşmış	1
yapidadirlar	yapıdadırlar	1
tamamlayincaya	tamamlayıncaya	1
boğazina	boğazına	1
uçlari	uçları	1
Hükumdarlarinın	Hükümdarlarının	1
Imam	İmam	1
unvanlari	unvanları	1
Kitanin	Kıtanın	1
Hizmetkâri	Hizmetkarı	1
Şehin	Şehri	1
Hükümdarlarin	Hükümdarların	1
şahsinda	şahsında	1
Kuran’in	Kuran’ın	1
uzanir	uzanır	1
hanedanina	hanedanına	1
anlatmiyor	anlatmıyor	1
Padiahi	Padiahı	1
Zillullah	Zıllullah	1
yasasidir	yasasıdır	1
evladidir	evladıdır	1
açikgöz	açıkgöz	1
kuzeybati	kuzeybatı	1
mezarlik	mezarlık	1
saldiran	saldıran	1
saldirilarinin	saldırılarının	1
basmasindan	basmasından	1
Ocaği’ni	Ocağı’nı	1
kaldiracaği	kaldıracağı	1
çikarilan	çıkarılan	1
sancaği	sancağı	1
padişahlarin	padişahların	1
hanedaninin	hanedanının	1
Zavalli	Zavallı	1
akil	akıl	1
taniklik	tanıklık	1
taşidiklarinda	taşıdıklarında	1
kuşandiklari	kuşandıkları	1
çikarildiğinda	çıkarıldığında	1
itirazlarindan	itirazlarından	1
kiliciyla	kılıcıyla	1
dayanacağim	dayanacağım	1
binasinda	binasında	1
çahsa	çalışa	1
kullanıliyor	kullanılıyor	1
açıliyor	açılıyor	1
Karşıliği	Karşılığı	1
onurlandirmayi	onurlandırmayı	1
selamlarini	selamlarını	1
belagatine	belagatıne	1
fikirlerimi	fikirlerini	1
davrananlari	davrananları	1
aina	ama	1
Sarayindan	Sarayından	1
ayrilip	ayrılıp	1
kahvalti	kahvaltı	1
yazışmalari	yazışmaları	1
raporlari	raporları	1
zamanini	zamanını	1
tip	tıp	1
kizlarini	kızlarını	1
yaptirdiği	yaptırdığı	1
katiliyor	katılıyor	1
hasrediyor	haşrediyor	1
hayvanlarinda	hayvanlarında	1
ahirlarindaki	ahırlarındakı	1
daldirryor	daldırryor	1
tamamlamiş	tamamlamış	1
aldiğim	aldığım	1
yaralari	yaraları	1
atici	itici	1
kapilan	kapılan	1
hazirlamak	hazırlamak	1
Sik	Sık	1
sirmali	sırmalı	1
havuzlarinin	havuzlarının	1
şamdanlarin	şamdanların	1
tabaklarin	tabakların	1
Başmabeyncisi	Basmabeyncisi	1
tercümanliğini	tercümanlığını	1
anlaşılmiştir	anlaşılmıştır	1
eşeri	eseri	1
karıştiği	karıştığı	1
kapida	kapıda	1
oturmadiklari	oturmadıkları	1
maskaraliklar	maskaralıklar	1
çalikan	çalıkan	1
Murad’in	Murad’ın	1
Muhafizlari	Muhafızları	1
kapilari	kapıları	1
arabasini	arabasını	1
duymasi	duyması	1
tutmayacaği	tutmayacağı	1
kapattiği	kapattığı	1
kalkiacak	kalkıacak	1
iktidarindan	iktidarından	1
yanindalar	yanındalar	1
bulunmadiğini	bulunmadığını	1
yazarlarinin	yazarlarının	1
yapilmiş	yapılmış	1
arabayi	arabayı	1
davranişlarinda	davranışlarında	1
halki	halkı	1
dağitmak	dağıtmak	1
üniformalarindaki	üniformalarındakı	1
dominyonlarindan	dominyonlarından	1
Kitaplarinin	Kitaplarının	1
almalarin	almalarını	1
vermelerin	vermelerini	1
kararlilikla	kararlılıkla	1
alanindaki	alanındaki	1
yapilarin	yapıların	1
ağaçlari	ağaçları	1
kaçmayip	kaçmayıp	1
Atalarindan	Atalarından	1
ayricaliğim	ayrıcalığım	1
olmayacağini	olmayacağını	1
Masraflari	Masrafları	1
çalilarinin	çalılarının	1
ağaçlarimizin	ağaçlarımızın	1
olasiliğr	olasılığr	1
karşılamasini	karşılamasını	1
yazarinin	yazarının	1
alintiliyorum	alıntılıyorum	1
yapilmadi	yapılmadı	1
masraflarini	masraflarını	1
yazdiğim	yazdığım	1
arzularina	arzularına	1
ihmalkârlik	ihmalkarlık	1
karşılamasindan	karşılamasından	1
merakini	merakını	1
sayimi	sayımı	1
noktalarini	noktalarını	1
başlamasini	başlamasını	1
başkanliğini	başkanlığını	1
yaptiğimdan	yaptığından	1
konuşmalarin	konuşmaların	1
raporlarimizin	raporlarımızın	1
Sayimi’nin	Sayımı’nın	1
sayiminın	sayımının	1
Sayim	Sayım	1
yasasi	yasası	1
takimi	takımı	1
anitlar	anıtlar	1
alindiğini	alındığını	1
eşyayi	eşyayı	1
taşındi	taşındı	1
uyandirici	uyandırıcı	1
memurlarin	memurların	1
Istanbullu	İstanbullu	1
sikici	sıkıcı	1
raporlarini	raporlarını	1
taşidiğini	taşıdığını	1
raporlarinin	raporlarının	1
sunmayi	sunmayı	1
kaldirryor	kaldırryor	1
sicaği	sıcağı	1
basinindan	basınından	1
açıldi	açıldı	1
ortasindaki	ortasındaki	1
kitaplarin	kitapların	1
deriyle	deniyle	1
olmamasi	olmaması	1
yaratmiş	yaratmış	1
yapilar	yapılar	1
siyasa	siyasi	1
tarzimizin	tarzımızın	1
uygarliğimizin	uygarlığımızın	1
yaziyordu	yazıyordu	1
ayarladiktan	ayarladıktan	1
Sultani’na	Sultan’ın	1
birkaçini	birkaçını	1
uyandirdi	uyandırdı	1
yaratti	yarattı	1
iin	un	1
sorularina	sorularına	1
açiklamalari	açıklamaları	1
planini	planını	1
kasabalari	kasabaları	1
kuşamlari	kısımları	1
Başkani’ndan	Başkanı’ndan	1
sayilarina	sayılarına	1
mintikalar	mıntıkalar	1
sağladiğimizi	sağladığımızı	1
akinlari	akınları	1
kapmanin	kapmanın	1
karişmalari	karışmaları	1
irklarimiz	ırklarımız	1
açıkladim	açıkladım	1
kisaca	kısaca	1
inanmadiklarini	inanmadıklarını	1
fotoğraflarin	fotoğrafların	1
sorulari	soruları	1
Kizilderililer’in	Kızılderililer’in	1
kulaklarinda	kulaklarında	1
Hiawatha’sindaki	Hiawatha’sındakı	1
rüzgârina	rüzgarın	1
Giçe	Gıçe	1
Yaçamin	Yaçamın	1
boyanmiştir	boyanmıştır	1
Anlamina	Anlamına	1
olsaydim	olsaydım	1
Amerika’nin	Amerika’nın	1
kayit	kayıt	1
adanin	adanın	1
Anlaminin	Anılarının	1
onurlandirarak	onurlandırarak	1
Kizilderililerinin	Kızılderililerinin	1
koyardim!	koyardım!	1
Avustralya’nin	Avustralya’nın	1
taninıyorlardi	tanınıyorlardı	1
ettiriliyorlardi	ettiriliyorlardı	1
halklari	halkları	1
akip	akıp	1
Şarkiyatçınin	Şarkiyatçının	1
dayandirabileceği	dayandırabıleceği	1
Misir’a	Mısır’a	1
yaptim	yaptım	1
hazirliksiz	hazırlıksız	1
ilani	ilanı	1
mimarlik	mimarlık	1
sayımin	sayımın	1
umudumu	umudunu	1
seriatim	şeriatın	1
tarim	tarım	1
altina	altına	1
Idari	İdari	1
yapilip	yapılıp	1
zamanin	zamanın	1
kutladi	kutladı	1
zaaflari	zaafları	1
yapilmadiğini	yapılmadığını	1
azaltabildiği	azaltabıldığı	1
kalmiyor	kalmıyor	1
refahi	refahı	1
aliniyor	alınıyor	1
ayrinti	ayrıntı	1
Sayim’in	Sayım’ın	1
anliyor	anlıyor	1
sayim	sayım	1
kurmasi	kurması	1
talimatini	talimatını	1
kaldiğinı	kaldığını	1
yayınlarin	yayınların	1
miktari	miktarı	1
çikardiğini	çıkardığını	1
yaptirmak	yaptırmak	1
basili	basılı	1
yasa	yaşa	1
aliyordu	alıyordu	1
hatrlatti	hatrlattı	1
unsurlarinin	unsurlarının	1
çikmazsa	çıkmazsa	1
sağliğim	sağlığım	1
kâğitlarda	kâğıtlarda	1
sayimini	sayımını	1
gelimi	gelini	1
doğmamişti	doğmamıştı	1
kaniti	kanıtı	1
parkini	parkını	1
tanim	tarım	1
oluşmasi	oluşması	1
kadinların	kadınların	1
akşamlari	akşamları	1
kaçırmiyorlar	kaçırmıyorlar	1
çikara	çıkara	1
nâzir	nazır	1
sarayinin	sarayının	1
memurlarindan	memurlarından	1
mekanizmalariyla	mekanizmalarıyla	1
bazilariyla	bazılarıyla	1
kalmasinin	kalmasının	1
korkaklik	korkaklık	1
çıkmaktadir	çıkmaktadır	1
Halkin	Halkın	1
alinıyor	alınıyor	1
sakalli	sakallı	1
halkini	halkını	1
kalkmasindan	kalkmasından	1
yatmasina	yatmasına	1
çıkarim	çıkarım	1
yaklaşmasindan	yaklaşmasından	1
kalabaliğindan	kalabalığından	1
sinirlice	sınırlıce	1
bakişlarla	bakışlarla	1
âdetindedir	adetindedir	1
fazlasiyla	fazlasıyla	1
çağirip	çağırıp	1
bazilarinda	bazılarında	1
faydasiz	faydasız	1
olmayip	olmayıp	1
kalitsal	kalıtsal	1
sinifin	sınıfın	1
hoşlandiği	hoşlandığı	1
yadirgar	yadırgar	1
kalmasi	kalması	1
mutasarrifi	mutasarrıfı	1
ağirliği	ağırlığı	1
kanatlanip	kanatlanıp	1
aydin	aydın	1
Pera’nin	Pera’nın	1
Bankasi’nin	Bankası’nın	1
konağinda	konağında	1
boy	böy	1
ressami	ressamı	1
simalarindan	simalarından	1
yalisinın	yalısının	1
talimati	talimatı	1
yerleşmi	yerleşim	1
yarisinın	yarısının	1
tekrarliyorlar	tekrarlıyorlar	1
konularin	konuların	1
akiminin	akımının	1
konulari	konuları	1
tartişmaya	tartışmaya	1
korkarim	korkarım	1
taşimaya	taşımaya	1
Istanbul’u	İstanbul’u	1
yapanlarin	yapanların	1
başlarina	başlarına	1
Iskoç	İskoç	1
Almanlari	Almanları	1
tartişıldiği	tartışıldığı	1
kalkişırsaniz	kalkışırsanız	1
Istanbul’un	İstanbul’un	1
yangin	yangın	1
Sokaklarin	Sokakların	1
uyandirmiyor	uyandırmıyor	1
Bankasi	Bankası	1
koşullarinin	koşullarının	1
alinamamış	alınmamış	1
binalarinin	binalarının	1
kullanim	kullanım	1
tarzinın	tarzının	1
sicak	sıcak	1
Adina	Adına	1
yikici	yıkıcı	1
Şunlari	Şunları	1
hatirlatiyor	hatırlatıyor	1
Kirk	Kırk	1
altinda!	altında!	1
oluşturulmasinin	oluşturulmasının	1
isitilmasinda	işitilmasında	1
çamaşırlari	çamaşırları	1
adlandirmışti	adlandırmıştı	1
koşuşturmalari	koşuşturmaları	1
kiskanan	kıskanan	1
Konağinda	Konağında	1
sofrasina	sofrasına	1
Batili	Batılı	1
haremağasi	haremağası	1
yayginlaşmaya	yaygınlaşmaya	1
yaklaşılir	yaklaşılır	1
satilir	satılır	1
balik	balık	1
tanimiyorum	tanımıyorum	1
koyun	köyün	1
kadininin	kadınının	1
olmadiğimiz	olmadığımız	1
tacini	tacını	1
tereyaği	tereyağı	1
yerfistiği	yerfıstığı	1
satilirsa	satılırsa	1
patlican	patlıcan	1
zeytinyağinda	zeytinyağında	1
kuşbaşi	kuşbaşı	1
dolmadir	dolmadır	1
yaprağinda	yaprağında	1
tatlandirilan	tatlandırılan	1
kizartilan	kızartılan	1
tarçinla	tarçınla	1
menu	men	1
uygarliğin	uygarlığın	1
layik	layık	1
misir	Mısır	1
masasinda	masasında	1
yapilabilir	yapılabilir	1
sinirsiz	sınırsız	1
kurbağalari	kurbağaları	1
ollasi	ollası	1
pilavdir	pilavdır	1
haşlanmiş	haşlanmış	1
boşaltilarak	boşaltılarak	1
Boreas’in**	Boreas’ın**	1
beyazdir	beyazdır	1
tanri	Tanrı	1
rüzgârinin	rüzgarının	1
hazirlandiği	hazırlandığı	1
Delmonica	Delmonıca	1
restoranindaki	restoranındaki	1
sayisinin	sayısının	1
birakmasi	bırakması	1
Romalinin	Romalının	1
çatalindaki	çatalındakı	1
alkanliğini	alkanlığını	1
kullanişsiz	kullanışsız	1
Hayir	Hayır	1
sivilar	sıvılar	1
sima	sına	1
konaklarin	konakların	1
taşıyanin	taşıyanın	1
bakir	bakır	1
kullaniliyor	kullanılıyor	1
sinilere	sınılere	1
Amerikali	Amerikalı	1
daldiğini	daldığını	1
daldiğıi	daldığıı	1
yakinindaki	yakınındaki	1
yapmi	yapın	1
Şahi’nin	Sahi’nin	1
kullanmişmış	kullanmışmış	1
asildiğini	asıldığını	1
yazdim	yazdım	1
ilkbaharinda	ilkbaharında	1
arabaci	arabacı	1
hazırliğin	hazırlığın	1
bulunacaği	bulunacağı	1
altindaydi	altındaydı	1
Sanirim	Sanırım	1
yabancinin	yabancının	1
şaşmı	şiiri	1
randevularinı	randevularını	1
itiyadindadir	itiyadındadır	1
okumalarim	okumalarım	1
yılliklarinda	yıllıklarında	1
basildi	basıldı	1
Babiâli'nin	Babıali'nin	1
uluslarina	ulusların	1
Muhafiz	Muhafız	1
atlari	atları	1
arabamiza	arabamıza	1
kaldik	kaldık	1
aliyoruz	alıyoruz	1
Akşamin	Akşamın	1
Halilar	Halılar	1
birakmaya	bırakmaya	1
kaliyorlar	kalıyorlar	1
yapmiyor	yapmıyor	1
hanimlarin	hanımların	1
tavirlari	tavırları	1
Hanimlara	Hanımlara	1
masasina	masasına	1
istisnasi	istisnası	1
ayrilmasi	ayrılması	1
alacakaranliğinda	alacakaranlığında	1
duvarinın	duvarının	1
Bankshire	Bankshıre	1
yaninin	yanının	1
çağrilyoruz	çağrılyoruz	1
karşilaşiyoruz	karşılaşıyoruz	1
kibarlik	kibarlık	1
huzurundayiz	huzurundayız	1
tokalaşmasinda	tokalaşmasında	1
mahmuzlari	mahmuzları	1
masasi	masası	1
Yalnizca	Yalnızca	1
çıkiyor	çıkıyor	1
çaldiği	çaldığı	1
merakli	meraklı	1
Misir’in	Mısır’ın	1
anlaşılmasi	anlaşılması	1
Menu	Men	1
iklar	ıklar	1
oturacağimiz	oturacağımız	1
dostlarimizla	dostlarımızla	1
anlatiyoruz	anlatıyoruz	1
sihhatine	sıhhatine	1
kaldırmamizdan	kaldırmamızdan	1
kisitlandiklarini	kısıtlandıklarını	1
usandirici	usandırıcı	1
başlaniyor	başlanıyor	1
kalkildiktan	kalkıldıktan	1
divanlari	divanları	1
çıkarici!	çıkarıcı!	1
Padiah’in	Padiah’ın	1
Nişani’yla	Nişanı’yla	1
ucu	üçü	1
hamaili	hamaılı	1
pirlantalarla	pırlantalarla	1
Korsajin	Korsajın	1
hamailiyle	hamaılıyle	1
sirrini	sırrını	1
babasinin	babasının	1
sirasindaki	sırasındaki	1
nian	nin	1
detayli	detaylı	1
onurlandirmak	onurlandırmak	1
ihdasi	ihdası	1
onayınin	onayının	1
nisâya	nisaya	1
ihdasindan	ihdasından	1
Insaniyet	İnsaniyet	1
Iftibar	İftibar	1
Madalyalari	Madalyaları	1
aklina	aklına	1
bulunmadim	bulunmadım	1
adinin	adının	1
olmaksizin	olmaksızın	1
çıkilip	çıkılıp	1
çikilmayacağina	çıkılmayacağına	1
yasaklamiyor	yasaklamıyor	1
yasaklasaydi	yasaklasaydı	1
bağlantil	bağlantıl	1
çikilmasina	çıkılmasına	1
İran’in	İran’ın	1
hazirdir	hazırdır	1
kilar	kılar	1
Iranli	İranlı	1
topraklarindaki	topraklarındaki	1
Nişani’ni	Nişanı’nı	1
dindaşlarini	dindaşlarını	1
nişanlariyla	nişanlarıyla	1
yararlansinlar	yararlansınlar	1
yardimseverliğe	yardımseverliğe	1
aklini	aklını	1
nazirlarinin	nazırlarının	1
hayirseverliğe	hayırseverliğe	1
olmasin	olmasın	1
Nişanini	Nişanını	1
doğuracaği	doğuracağı	1
hatirina	hatırına	1
yararina	yararına	1
yardimseverliğin	yardımseverliğin	1
sâridir	sarıdır	1
hahambaşina	hahambaşına	1
kapliydi	kaplıydı	1
olmamasina	olmamasına	1
oturmaliği	oturmalığı	1
Papalarin	Papaların	1
asildiğindan	asıldığından	1
çikartilmi	çıkartılmı	1
akşamin	akşamın	1
şartlari	şartları	1
dişına	dışına	1
çıkiim	çıkıım	1
çikmşa	çıkma	1
havanin	havanın	1
çağrilmiyorlar	çağrılmıyorlar	1
şıklandirma	sıklandırma	1
yansiyanlar	yansıyanlar	1
Masallari’ndan	Masalları’ndan	1
halilar	halılar	1
Babiâli	Babıali	1
başindaki	başındaki	1
birakiyor	bırakıyor	1
akici	akıcı	1
yakn	yakın	1
sorunlari	sorunları	1
dostlari	dostları	1
sarktiği	sarktığı	1
ortasini	ortasını	1
araciliğimla	aracılığımla	1
kulaklarina	kulaklarına	1
aktariliyor	aktarılıyor	1
ağirlamadiği	ağırlamadığı	1
sehpadaki	sehpadakı	1
fotoğrafina	fotoğrafına	1
alni	alnı	1
havasi	havası	1
rahatlamiş	rahatlamış	1
Hanimlar	Hanımlar	1
sigarasini	sigarasını	1
çalindiğinda	çalındığında	1
tanrıçasina	tanrıçasına	1
hatira	hatıra	1
armağanini	armağanını	1
sakladiğimi	sakladığımı	1
sanatinin	sanatının	1
yaldizhi	yaldızhı	1
ayrilma	ayrılma	1
atip	atıp	1
alikoymayacak	alıkoymayacak	1
kurallarindan	kurallarından	1
Korkarim	Korkarım	1
çağirmasina	çağırmasına	1
Başkanimizin	Başkanımızın	1
onurlandirmasinin	onurlandırmasının	1
payiyla	payıyla	1
kapisinda	kapısında	1
yanimiza	yanımıza	1
araniyoruz	aranıyoruz	1
fiskiyeli	fıskiyeli	1
arabalarimiza	arabalarımıza	1
kavasimizi	kavasımızı	1
ardimizda	ardımızda	1
harcamalari	harcamaları	1
masal	nasıl	1
bakimdan	bakımdan	1
yaşamlarina	yaşamlarına	1
Şarklilik	Şarklılık	1
kapılari	kapıları	1
yapildiğı	yapıldığı	1
halilara	halıları	1
Sarayi’ndaki	Sarayı’ndaki	1
Han’inki	Han’ınkı	1
yakutlarin	yakutların	1
elmaslarin	elmasların	1
kakilabileceği	kakılabıleceği	1
salonlarina	salonlarına	1
yakinliğıyla	yakınlığıyla	1
hafizaya	hafızaya	1
Saraylarinin	Saraylarının	1
anisinin	anısının	1
sorarim	sorarım	1
rahatlikla	rahatlıkla	1
baktiğimi	baktığımı	1
Çalişmalar	Çalışmalar	1
yazildi	yazıldı	1
yayimlayan	yayımlayan	1
sayfalarinin	sayfalarının	1
Oyalanma’yi	Oyalanma’yı	1
sinirladiğimi	sınırladığımı	1
kırişıkliklar	kırışıklıklar	1
dayama	dayana	1
Kehribari	Kehribarı	1
kivrima	kıvrıma	1
şakasina	şakasına	1
kenarindan	kenarından	1
basininin	basınının	1
abartili	abartılı	1
abartidan	abartıdan	1
çıkarmasin	çıkarmasın	1
ağrbaşli	agrbaşlı	1
mücevherati	mücevheratı	1
mücevheratinin	mücevheratının	1
alicisi	alıcısı	1
sofrasi	sofrası	1
tanişmiş	tanışmış	1
başkanina	başkanına	1
altinın	altının	1
Dostluklari	Dostlukları	1
kapakli	kapaklı	1
taraflarinda	taraflarında	1
açiliyordu	açılıyordu	1
Abram	İbrani	1
nasilsa	nasılsa	1
karştirildiği	karstırıldığı	1
yapilmaydi	yapılmaydı	1
oymasi	oyması	1
çarpitarak	çarpıtarak	1
çair	cair	1
parasizliği	parasızlığı	1
kafasi	kafası	1
yakasina	yakasına	1
yarim	yarım	1
durmaktadir	durmaktadır	1
takilmış	takılmış	1
çahsiyet	cahsıyet	1
anlayamamalarina	anlayamamalarına	1
başarmışlardi	başarmışlardı	1
kablolarindaki	kablolarındakı	1
Memurlari	Memurları	1
anlatinin	anlatının	1
paravanin	paravanın	1
palasi	palası	1
Topkapi	Topkapı	1
tahtinin	tahtının	1
büyükbabasinın	büyükbabasının	1
Saraylndaki	Saraylndakı	1
kaldirttiği	kaldırttığı	1
Bos	Boş	1
şlediği	slediği	1
katmasi	katması	1
şakaci	şakacı	1
anlatimlarin	anlatımların	1
aniştirmalardan	anıştırmalardan	1
durmadiği	durmadığı	1
edebiyatin	edebiyatın	1
tartişilmasina	tartışılmasına	1
şaşkınliğıni	şaşkınlığını	1
kapisini	kapısını	1
karasi	karısı	1
kuşamiyla	kuşamıyla	1
halisini	halısını	1
Dağistan’ini	Dağıstan’ını	1
bağliyor!	bağlıyor!	1
kalkmadi	kalkmadı	1
aldiriyor	aldırıyor	1
tarafindaki	tarafındaki	1
ulusum	ulusun	1
parmaklarina	parmaklarını	1
kullaniyor	kullanıyor	1
olursaniz	olursanız	1
yanindaki	yanındaki	1
raki	rakı	1
karşımlarindan	karşımlarından	1
kizlariniz	kızlarınız	1
hanimlar!	hanımlar!	1
kizararak	kızararak	1
şakiyor	sıkıyor	1
omuzlarina	omuzlarına	1
kabarik	kabarık	1
takmiş	takmış	1
kizina	kızına	1
kizlarinizin	kızlarınızın	1
yatiracağim!	yatıracağım!	1
uzaniyor	uzanıyor	1
palasina	palasına	1
biçağinizi	bıçağınızı	1
çıkardiniz!	çıkardınız!	1
Palanizi	Palanızı	1
koyarsaniz	koyarsanız	1
sakalini	sakalını	1
sivazlayarak	sıvazlayarak	1
yildiz	yıldız	1
bağirirken	bağırırken	1
salliyor	sallıyor	1
yaziyor	yazıyor	1
halilarindan	halılarından	1
Sişman	Şişman	1
kapi	kapı	1
adabini	adabını	1
çaftin	çiftin	1
bağliyordu	bağlıyordu	1
bozuntularimizdan	bozuntularımızdan	1
bozulmasini	bozulmasını	1
yalvariyordu	yalvarıyordu	1
çafti	caftı	1
kirilmışti	kırılmıştı	1
yapamiyordu	yapamıyordu	1
kiran	kıran	1
Kavas’imizin	Kavas’ımızın	1
kilavuzumuz	kılavuzumuz	1
dışinda	dışında	1
Hiristiyan’1	Hıristiyan’1	1
çakmaktaşli	çakmaktaşlı	1
nazirlari	nazırları	1
kilıç	kılıç	1
dehalarindan	dehalarından	1
kiyisinın	kıyısının	1
çiktiklarinda	çıktıklarında	1
mağazalarina	mağazalarına	1
alişverişe	alışverişe	1
Kavas’in	Kavas’ın	1
kinında	kınında	1
afacanlari	afacanları	1
uzaklaştirir	uzaklaştırır	1
tersim	temin	1
Iri	İri	1
yakışıkli	yakışıklı	1
yardimcisiydi	yardımcısıydı	1
çıkarip	çıkarıp	1
olasi	olası	1
masraflari	masrafları	1
adamakilli	adamakıllı	1
sokağindan	sokağından	1
maslahatgüzarin	maslahatgüzarın	1
hesaplarindaki	hesaplarındaki	1
ihtiyaçlarinin	ihtiyaçlarının	1
tarafimdan	tarafından	1
ati	atı	1
Atlarin	Atların	1
ayrilmışti	ayrılmıştı	1
arabalarin	arabaların	1
Babiâli'ye	Babıali'ye	1
tazminati	tazminatı	1
bakanliğa	bakanlığı	1
uyandirmiş	uyandırmış	1
Dişişleri	Dışişleri	1
yardimıyla	yardımıyla	1
binmi	binin	1
gem	sen	1
dragomaninin	dragomanının	1
kolaylikt	kolaylıkt	1
haylazliğini	haylazlığını	1
yurttaşlarimin	yurttaşlarımın	1
aydinlanmasini	aydınlanmasını	1
uzandiğımi	uzandığımı	1
Jeffersonvari	Jeffersonvarı	1
yollarindaki	yollarındaki	1
performansinin	performansının	1
yapiyordu	yapıyordu	1
kullaniliyordu	kullanılıyordu	1
adinı	adını	1
mübalağalarinin	mübalağalarının	1
abartilisi	abartılısı	1
parildamaya	parıldamaya	1
konuşmasindaki	konuşmasındaki	1
kuşatiyor	kuşatıyor	1
kıyısinda	kıyısında	1
Yildizi	Yıldızı	1
ağacınin	ağacının	1
Akam	Akan	1
Kizil	Kızıl	1
efendimin	efendinin	1
kararindan	kararından	1
Yildizinin	Yıldızının	1
Kizilin	Kızılın	1
çükranlarimi	çükranlarımı	1
yurdumdaki	yurdumdakı	1
günişiğini	günışığını	1
taşsin	taşsın	1
kaliyor	kalıyor	1
vasitasiyla	vasıtasıyla	1
Puck’larin	Puck’ların	1
düsturundaki	düsturundakı	1
unutmamaliyiz	unutmamalıyız	1
aşiriliklarimiz	aşırılıklarımız	1
kantlayacaği	kantlayacağı	1
tabiati	tabiatı	1
Bati’yi	Batı’yı	1
akanyildizlarla	akanyıldızlarla	1
ıltili	iltili	1
Brobdingnagian*	Brobdingnagıan*	1
saptirildiği	saptırıldığı	1
taniştiğima	tanıştığıma	1
Alin	Alın	1
tutam	tutan	1
sihhi	sıhhi	1
Ikliminin	İkliminin	1
çağirin	çağırın	1
aldiriş	aldırış	1
unsurlarini	unsurlarını	1
zararsiz	zararsız	1
çabalarin	çabaların	1
Sultani	Sultanı	1
nüfuslari	nüfusları	1
Osmanll’nin	Osmanll’nın	1
Babasi'dir	Babası'dır	1
mensuplarinin	mensuplarının	1
Gine	Ğine	1
rakamin	rakamın	1
boylarinda	boylarında	1
Boğazi’na	Boğazı’na	1
katarsaniz	katarsanız	1
rakkamin	rakkamın	1
Fanaraki	Fanarakı	1
topraklarinin	topraklarının	1
sayilirsa	sayılırsa	1
çıkarirsaniz	çıkarırsanız	1
irkinin	ırkının	1
Hazar	Hazır	1
kiu	ku	1
dünyasinın	dünyasının	1
Tatarlari	Tatarları	1
ayirmaya	ayırmaya	1
kazaniyor	kazanıyor	1
iddialari	iddiaları	1
Kayin	Kayın	1
dağlarinda	dağlarında	1
kamaşmasi	kamaşması	1
şıltisini	sıltısını	1
halklardi	halklardı	1
irkiydi	ırkıydı	1
Hunlari	Hunları	1
Moğollari	Moğolları	1
dağilmaların	dağılmaların	1
Altay’in	Altay’ın	1
salmiştir	salmıştır	1
sikiştiran	sıkıştıran	1
bukağilari	bukağıları	1
kanunlari	kanunları	1
Hirsizlik	Hırsızlık	1
tapiyorlardi	tapıyorlardı	1
Varlik’a	Varlık’a	1
adiyorlardi	adıyorlardı	1
altindaydilar	altındaydılar	1
katiydi	katıydı	1
cezanin	cezanın	1
karşılaştilar	karşılaştılar	1
fazlasini	fazlasını	1
başardilar	başardılar	1
yaptilar	yaptılar	1
Yunanlilarla	Yunanlılarla	1
ittifakin	ittifakın	1
cezalandirılirdi	cezalandırılırdı	1
başkalariyla	başkalarıyla	1
kartallarinin	kartallarının	1
çiktiğinda	çıktığında	1
sancağini	sancağını	1
korumayi	korumayı	1
yaniti	yanıtı	1
mensuplarindan	mensuplarından	1
tahti	tahtı	1
başariya	başarıya	1
kazinır	kazınır	1
Süleyman’dir	Süleyman’dır	1
atlisıyla	atlısıyla	1
ağirlanir	ağırlanır	1
hiz	hız	1
Han’in	Han’ın	1
karşilaştiği	karşılaştığı	1
uğradiklari	uğradıkları	1
batiya	batıya	1
Zayif	Zayıf	1
anlaşılir	anlaşılır	1
tarafi	tarafı	1
kıyılarinda	kıyılarında	1
savaı	savu	1
başarirlar	başarırlar	1
Horasan’daki	Horasan’dakı	1
Zayiftan	Zayıftan	1
sayginlik	saygınlık	1
oluşturulmasi	oluşturulması	1
toprağin	toprağın	1
Kapitülasyonlari	Kapitülasyonları	1
tamamlanmiş	tamamlanmış	1
sayilmaz	sayılmaz	1
yilidir	yılıdır	1
Osman’dir	Osman’dır	1
serbestînin	serbestinin	1
Iilarin	Iıların	1
tanî	tanı	1
uğramaksizin	uğramaksızın	1
babasindan	babasından	1
zayifliği	zayıflığı	1
cengâverdirler	cengaverdirler	1
imparatorununkiyle	imparatorununkıyle	1
Boğazi’nin	Boğazı’nın	1
Balkanlar’in	Balkanlar’ın	1
Hilâlli	Hilallı	1
Adrianopolis’i	Adrianopolıs’ı	1
asâsina	asasına	1
Bursa’yi	Bursa’yı	1
buradadir	buradadır	1
yikildi	yıkıldı	1
mezari	mezarı	1
mezarlarini	mezarlarını	1
barindirır	barındırır	1
bulamamiştir	bulamamıştır	1
ayrin	ayrın	1
tili	tılı	1
anlatimı	anlatımı	1
yayilmasıyla	yayılmasıyla	1
ardina	ardına	1
olmalarinin	olmalarının	1
Hükümranliğ	Hükümranlığ	1
Yildirim	Yıldırım	1
ıkti	ikti	1
hâiâ	haiâ	1
sağdir	sağdır	1
yaşındadir	yaşındadır	1
teyzenin	teyzemin	1
kanunlarina	kanunlarına	1
siniftan	sınıftan	1
toplandiği	toplandığı	1
Sulari	Suları	1
yaşlarindadir	yaşlarındadır	1
yaşıti	yaşıtı	1
akrabalarin	akrabaların	1
dolaşmasi	dolaşması	1
mparatorluğu’nun	İmparatorluğu’nun	1
halklarin	halkların	1
atlanmamasi	atlanmaması	1
Hilâl'den	Hilal'den	1
saltanatindan	saltanatından	1
ocağiydi	ocağıydı	1
asilliydilar	asıllıydılar	1
düşmanlariydi	düşmanlarıydı	1
saldilar	saldılar	1
Hükümdar’in	Hükümdar’ın	1
kullaniminda	kullanımında	1
beyazdi	beyazdı	1
baçladi	bacladı	1
baskisi	baskısı	1
ağirdi	ağırdı	1
yüzyillik	yüzyıllık	1
yararlanildiği	yararlanıldığı	1
varliklarinin	varlıklarının	1
tutuyorlardi	tutuyorlardı	1
sarlarini	sırlarını	1
kurulmasinda	kurulmasında	1
sikintilari	sıkıntıları	1
Mustafa’nin	Mustafa’nın	1
saltanatinda	saltanatında	1
Mustafa’yi	Mustafa’yı	1
çikarabiliyor	çıkarabiliyor	1
indirebiliyorlardi	indirebiliyorlardı	1
hükümranliklariydi	hükümranlıklarıydı	1
ortamlarin	ortamların	1
taşkinliklari	taşkınlıkları	1
aziya	azıya	1
maşalari	masaları	1
kullanamayacaklarini	kullanamayacaklarını	1
anladiklarinda	anladıklarında	1
saygisizlik	saygısızlık	1
kazanlarini	kazanlarını	1
çeviriyorlardi	çeviriyorlardı	1
şimarik	şımarık	1
kalmayacaklarini	kalmayacaklarını	1
kalmamişti	kalmamıştı	1
çıkiyorlardi	çıkıyorlardı	1
büyükbabasiydi	büyükbabasıydı	1
yayimlanmiş	yayımlanmış	1
kanitlari	kanıtları	1
Ağalari	Ağaları	1
aslina	aslına	1
tirnağa	tırnağa	1
ordusunuda	ordusunda	1
teşkilâtin	teşkilatın	1
subaylarinin	subaylarının	1
bazilarinı	bazılarını	1
tanimaz	tanımaz	1
kirki	kırkı	1
cirtlak	cırtlak	1
asalariyla	asalarıyla	1
ağalarindan	ağalarından	1
dolanmiş	dolanmış	1
mumyalari	mumyaları	1
taktiklari	taktıkları	1
başliklardan	başlıklardan	1
simâlarinda	simalarında	1
yayi	yayı	1
oklarin	okların	1
taninir	tanınır	1
akin	akın	1
sadrazamlik	sadrazamlık	1
yapmıtir	yapmıtır	1
makamlarinda	makamlarında	1
Balikçisi	Balıkçısı	1
silahla	silahlı	1
yapamasin!	yapmasını	1
yaratacaği	yaratacağı	1
mizrağin	mızrağın	1
patlayacilarla	patlayacılarla	1
sadrazami	sadrazamı	1
amcasinin	amcasının	1
Sadrazami	Sadrazamı	1
kaldirmaya	kaldırmaya	1
kalim	kalım	1
sarildi	sarıldı	1
Ayrintilari	Ayrıntıları	1
ulaşmasi	ulaşması	1
kaçinilmazdi	kaçınılmazdı	1
bağimliydi	bağımlıydı	1
küstahliğinin	küstahlığının	1
arsizliklari	arsızlıkları	1
çabuklaştirdi	çabuklaştırdı	1
çikışlar	çıkışlar	1
kullanilmişlar	kullanılmışlar	1
bekasinin	bekasının	1
ayaklandilar	ayaklandılar	1
yakndır	yakındır	1
aliştirmasi	alıştırması	1
bastirmayı	bastırmayı	1
başaramazdi	başaramazdı	1
ölümkalim	ölümkalım	1
pretoriasi	pretoriası	1
Misirl’nin	Mısırl’nın	1
yoldaşlarinin	yoldaşlarının	1
ağanin	ağanın	1
yanlisi	yanlısı	1
şeyhülislamin	şeyhülislamın	1
Sadriâzamin	Sadrıazamın	1
açilmiş	açılmış	1
çağirır	çağırır	1
yakınindaki	yakınındaki	1
Meydaninda	Meydanında	1
sokaklari	sokakları	1
igal	isal	1
Toplari	Topları	1
doldurana	dolduran	1
kışlalarinin	kışlalarının	1
dağitilmasini	dağıtılmasını	1
başlamasina	başlamasına	1
Canıni	Canını	1
kişlalar	kışlalar	1
Kilıçtan	Kılıçtan	1
Yanginin	Yangının	1
bastirilmış	bastırılmış	1
bancasini	bancasını	1
katliamdir	katliamdır	1
kişlalarina	kışlalarına	1
yanmaktadir	yanmaktadır	1
dolaşirken	dolaşırken	1
oyulma	oyuna	1
Intikam	İntikam	1
bakihrsa	bakılırsa	1
İhtiraslari	İhtirasları	1
kopartildiğini	kopartıldığını	1
imhasiyla	imhasıyla	1
zayiflamadi	zayıflamadı	1
Memlûkleri	Memlukleri	1
sonuçlariyla	sonuçlarıyla	1
topraklarnın	toprakların	1
haritasi	haritası	1
savunmasinin	savunmasının	1
insanlik	insanlık	1
akininın	akımının	1
planlari	planları	1
çalişırken	çalışırken	1
sayfalarindan	sayfalarından	1
uygulayamayacaği	uygulayamayacağı	1
savaşinin	savaşının	1
olaylarindan	olaylarından	1
Trakya’nin	Trakya’nın	1
tümgeneralin	tümgeneralın	1
Kirbaci	Kırbacı	1
elmacik	elmacık	1
sakaliyla	sakalıyla	1
Kirbaç’1	Kırbaç’1	1
Asyali	Asyalı	1
kıyilari	kıyıları	1
yakinlarindaki	yakınlarındaki	1
savunulmasina	savunulmasına	1
kiliçtan	kılıçtan	1
doğanin	doğanın	1
sancağinin	sancağının	1
irktandi	ırktandı	1
uygarliğini	uygarlığını	1
Kirbaçlari	Kırbaçları	1
anilmaktan	anılmaktan	1
duyuyorlardi!	duyuyorlardı!	1
kurumlaniyorlardi	kurumlanıyorlardı	1
Istilaci	İstilacı	1
başladilar	başladılar	1
siradağlarin	sıradağların	1
Kirbaçlar	Kırbaçlar	1
siradağlardan	sıradağlardan	1
yayginlaşmayan	yaygınlaşmayan	1
anlaşilamayan	anlaşılamayan	1
yaçaminda	yaçamında	1
anlatilmadi	anlatılmadı	1
çıkışlarinda	çıkışlarında	1
yikıyor	yıkıyor	1
Sezar’in	Sezar’ın	1
icadi	icadı	1
Süleyman’in	Süleyman’ın	1
çiktiği	çıktığı	1
bağladilar	başladılar	1
kiyılarini	kıyılarını	1
doruğundaydi	doruğundaydı	1
Kirim’i	Kırım’ı	1
Hanedani’ndan	Hanedanı’ndan	1
donanmalari	donanmaları	1
kadindi	kadındı	1
tahtini	tahtını	1
paylaşti	paylaştı	1
Islam’in	İslam’ın	1
tahtinda	tahtında	1
kanini	kanını	1
uğraştiği	uğraştığı	1
karisiydi	karısıydı	1
meşrulaştirdi	meşrulaştırdı	1
veliahti	veliahtı	1
kocasina	kocasına	1
kazanmiş	kazanmış	1
açacakti	açacaktı	1
bozulmasina	bozulmasına	1
basilmiş	basılmış	1
Roxolana’yi	Roxolana’yı	1
Wagstaff’in	Wagstaff’ın	1
Misir’1	Mısır’ı	1
istilasi	istilası	1
görünüyorlardi	görünüyorlardı	1
haklarinın	haklarının	1
korunmasini	korunmasını	1
iktidarlarini	iktidarlarını	1
ilikilerini	ılıkılerini	1
yazilabilirdi	yazılabilirdi	1
krallari	kralları	1
olanlarin	olanların	1
odağina	odasına	1
yüzyillari	yüzyılları	1
çıkarci	çıkarcı	1
uyruklarin	uyrukların	1
Protestanliğini	Protestanlığını	1
savaşınin	savaşının	1
tahtindan	tahtından	1
Imparatoriçe	İmparatoriçe	1
arlman	Amman	1
Şarlman’in	Şarlman’ın	1
irklarini	ırklarını	1
Topraklari’ni	Toprakları’nı	1
Irene’in	İrene’in	1
kahramana	kahramanı	1
hatiralar	hatıralar	1
aradiğimi	aradığını	1
sarsmayi	sarsmayı	1
sarayindaki	sarayındaki	1
Adasi’ni	Adası’nı	1
bağişlanirim	bağışlanırım	1
çalışmiş	çalışmış	1
yaşlarinda	yaşlarında	1
Yillar	Yıllar	1
Sari	Sarı	1
Korsikalilarin	Korsikalıların	1
yarişı	yarısı	1
tarafsizlik	tarafsızlık	1
kazandiran	kazandıran	1
oynadiği	oynadığı	1
sari	sarı	1
hatiralari	hatıraları	1
evrakini	evrakını	1
Yanlişlikla	Yanlışlıkla	1
yakti	yaktı	1
ayrilamadi	ayrılmadı	1
Napolyonvari	Napolyonvarı	1
kurtarilmasini	kurtarılmasını	1
ilikisinin	ılıkısının	1
korumasini	korumasını	1
kalmalarini	kalmalarını	1
portakallarini	portakallarını	1
limonlarini	limonlarını	1
talimatlarini	talimatlarını	1
yazişmalarini	yazışmalarını	1
macerali	maceralı	1
Babiâli’ye	Babıali’ye	1
Sébastianinin	Sebastianının	1
siyasasinin	siyasasının	1
karmaşikliğini	karmaşıklığını	1
kurtarilmasi	kurtarılması	1
Antlaşmasi’ndan	Antlaşması’ndan	1
yikilan	yıkılan	1
zayif	zayıf	1
kalacakti	kalacaktı	1
varildiği	varıldığı	1
kisitlhi	kişitlhi	1
topraksizlara	topraksızlara	1
uyguladiği	uyguladığı	1
olaylarini	olaylarını	1
azaldi	azaldı	1
kaçırdiğimi	kaçırdığımı	1
zekâsinin	zekasının	1
Osmanlar	Ormanlar	1
programinda	programında	1
olmamiz	olmamız	1
kararlilik	kararlılık	1
doğasinın	doğasının	1
Hükümranlik	Hükümranlık	1
hatali	hatalı	1
Yasasi	Yasası	1
uygulandi	uygulandı	1
tarafsiz	tarafsız	1
kayirmiyor	kayırmıyor	1
Kamarasi’nın	Kamarası’nın	1
şaşırtacaktir	şaşırtacaktır	1
istikrarli	istikrarlı	1
Sayilari	Sayıları	1
iktidarina	iktidarına	1
altmiş	altmış	1
Ibrahim	İbrahim	1
tanuma	tanıma	1
bağımsiz	bağımsız	1
düşmanliklarin	düşmanlıkların	1
yaratilmamiş	yaratılmamış	1
kuramadi	kuramadı	1
uyruklarindan	uyruklarından	1
taninacak	tanınacak	1
durdurulmasaydi	durdurulmasaydı	1
azinliğa	azınlığa	1
kazandiracakti	kazandıracaktı	1
alamadi	alamadı	1
Topraklar’in	Topraklar’ın	1
boşaltti	boşalttı	1
başarisizlik	başarısızlık	1
çatişmadan	çatışmadan	1
başladiğini	başladığını	1
başladiği	başladığı	1
nsan	insan	1
kullanimi	kullanımı	1
bandolarini	bandolarını	1
Çağinin	Çağının	1
islah	ıslah	1
çıkişından	çıkışından	1
yaptiğıni	yaptığını	1
odaliklarin	odalıkların	1
atilip	atılıp	1
boyunlarinin	boyunlarının	1
boğdurulmasi	boğdurulması	1
yaşanmamiştir	yaşanmamıştır	1
çatşmalarina	çatşmalarına	1
karşilaşmiş	karşılaşmış	1
sikinti	sıkıntı	1
karşiladiğini	karşıladığını	1
canlandirildi	canlandırıldı	1
Rusya’yi	Rusya’yı	1
reformlarin	reformların	1
kadarini	kadarını	1
çatişmasinda	çatışmasında	1
karşilaştirdiğimizda	karşılaştırdığımızda	1
intiharini	intiharını	1
saldirgan	saldırgan	1
siçradi	sıçradı	1
barişin	barışın	1
kalmışti	kalmıştı	1
kullanilacak	kullanılacak	1
konulamadi	konulamadı	1
Macaristan’i	Macaristan’ı	1
tufaninda	tufanında	1
bozulmamiş	bozulmamış	1
sarsilmakta	sarsılmakta	1
çikarmakta	çıkarmakta	1
kizişti	kızıştı	1
çıkilinca	çıkılınca	1
unutulmadiğindan	unutulmadığından	1
hükümdarliğinin	hükümdarlığının	1
yillarindaki	yıllarındaki	1
çabalarini	çabalarını	1
Olaylarin	Olayların	1
yikilmış	yıkılmış	1
sarayindan	sarayından	1
dayanilarak	dayanılarak	1
kaçırdiği	kaçırdığı	1
astiğim	astığım	1
tanikliğina	tanıklığına	1
Allah’in	Allah’ın	1
Asa	Aşa	1
ondadir	ondadır	1
alnima	alınma	1
yazilmiştir	yazılmıştır	1
bakip	bakıp	1
toplarin	topların	1
Devletim	Devletin	1
kullanildiğina	kullanıldığını	1
kapatildiğini	kapatıldığını	1
yarattiğım	yarattığım	1
zamansiz	zamansız	1
Hükümdarliği	Hükümdarlığı	1
ciliz	cılız	1
çikarilacağini	çıkarılacağını	1
umursamadiği	umursamadığı	1
dalginlaşti	dalgınlaştı	1
Aşiriliklarla	Aşırılıklarla	1
Yazlarini	Yazlarını	1
iddiasiz	iddiasız	1
komşularini	komşularını	1
zamaninı	zamanını	1
dostlarindan	dostlarından	1
Adalari’nin	Adaları’nın	1
okuyamiyor	okuyamıyor	1
çalamiyordu	çalamıyordu	1
kapatildi	kapatıldı	1
padişahliğin	padişahlığın	1
Dostlarinin	Dostlarının	1
Halkini	Halkını	1
israrlarina	ısrarlarına	1
başlangicindan	başlangıcından	1
sayfalari	sayfaları	1
aşamasiyla	aşamasıyla	1
kaynaklarinda	kaynaklarında	1
danişmakla	danışmakla	1
bakmalidır	bakmalıdır	1
kayıtsizlaıp	kayıtsızlaıp	1
uyruklari	uyrukları	1
hirsi	hırsı	1
çabasina	çabasına	1
ajani	ajanı	1
Moskova’nin	Moskova’nın	1
daldiklari	daldıkları	1
kışkirtilan	kışkırtılan	1
biraktiysa	bıraktıysa	1
hirsinin	hırsının	1
tikamayi	tıkamayı	1
Osmanlilarca	Osmanlılarca	1
iinin	ıının	1
Halihazirdaki	Halihazırdaki	1
çıkişindan	çıkışından	1
apaçıktir	apaçıktır	1
yakindır	yakındır	1
çikarak	çıkarak	1
olanin	olanın	1
inaniyorum	inanıyorum	1
sabir	sabır	1
yakıştirılan	yakıştırılan	1
kaynağina	kaynağına	1
siniflamadaki	sınıflamadakı	1
başınin	basının	1
insancil	insancıl	1
duyarli	duyarlı	1
istiraplara	ıstıraplara	1
Istilâsi	İstilası	1
surlarinin	surlarının	1
saldirisina	saldırısına	1
sirasi	sırası	1
Yunanlilar	Yunanlılar	1
çikşlari	çıkşları	1
kuşatilmi	kuşatılmı	1
kimyasiyla	kimyasıyla	1
yaptğini	yaptğını	1
hanedanini	hanedanını	1
yaşıni	yaşını	1
olmasiyla	olmasıyla	1
dogelarinın	dögelarının	1
Altm	Altın	1
gul	gül	1
Kapisg	Kapısg	1
Chrysopulis	Chrysopulıs	1
Ilâhi	İlahi	1
Haçlilar	Haçlılar	1
istilâlara	istilalara	1
surlarindan	surlarından	1
Bizansliların	Bizanslıların	1
Surlarini	Surlarını	1
yilinin	yılının	1
Haçlilara	Haçlılara	1
Tanrisal	Tanrısal	1
kavramidir	kavramıdır	1
zirh	zırh	1
ahir	ahır	1
hücumlarina	hücumlarına	1
Haçlilari	Haçlıları	1
olmalıydilar	olmalıydılar	1
yazilmıştir	yazılmıştır	1
Misir’dan	Mısır’dan	1
kinin	kimin	1
düşmanliğini	düşmanlığını	1
Oranin	Oranın	1
zaptiyla	zaptıyla	1
Dogelarinin	Dögelarının	1
sapladiği	sapladığı	1
Mayis’in	Mayıs’ın	1
yanlarindaydi	yanlarındaydı	1
saptiği	saptığı	1
Tanriça’sinin	Tanrıça’sının	1
yakasinda	yakasında	1
Surlari	Surları	1
atti	attı	1
kahramaninki	kahramanınkı	1
Haziran’in	Haziran’ın	1
iştihasini	iştihasını	1
kabartmiti	kabartmıtı	1
Adalari’na	Adaları’na	1
açığindaki	açığındaki	1
Prinkipo’daki	Prinkipo’dakı	1
anlatimdan	anlatımdan	1
Adalari	Adaları	1
Sons	Son	1
Kadiköy	Kadıköy	1
mezarlariyla	mezarlarıyla	1
topladilar	topladılar	1
hirslarini	hırslarını	1
şakinliği	sakinliği	1
kuşkulari	kuşkuları	1
zirhli	zırhlı	1
Başlarinda	Başlarında	1
tahtin	tahtın	1
surlarin	surların	1
hakkina	hakkına	1
bayrağinin	bayrağının	1
Istanbul’dan	İstanbul’dan	1
kadirgalarla	kadırgalarla	1
çahsinda	cahsında	1
kadirgalarindan	kadırgalarından	1
ağzinin	ağzının	1
yakinindadir	yakınındadır	1
alandir	alandır	1
Asil	Asıl	1
surun	ürün	1
yakinina	yakınına	1
Limanin	Limanın	1
Yunanlilarin	Yunanlıların	1
bakildiğinda	bakıldığında	1
kuşatmanin	kuşatmanın	1
yiğilmış	yığılmış	1
mevzii	mevzu	1
firlatilirken	fırlatılırken	1
saldiracaktir	saldıracaktır	1
onarilmasi	onarılması	1
zaptinin	zaptının	1
karargâhindan	karargâhından	1
saldirmişlardi	saldırmışlardı	1
Sarayi'nın	Sarayı'nın	1
kalintilarin	kalıntıların	1
tarafinda	tarafında	1
başarisizliğa	başarısızlığa	1
oluşturmaktadir	oluşturmaktadır	1
çağini	cağını	1
durumdadir	durumdadır	1
taşınir	taşınır	1
karşıliği	karşılığı	1
kadirgasindan	kadırgasından	1
Kalyonlari	Kalyonları	1
Kuşatmacilarin	Kuşatmacıların	1
yaylari	yayları	1
tirmanma	tırmanma	1
Iskandinavlar	İskandinavlar	1
Pizalilardan	Pizalılardan	1
Saldirinin	Saldırının	1
ayrintilariyla	ayrıntılarıyla	1
kaçtiği	kaçtığı	1
velhasil	velhasıl	1
nizalar	imzalar	1
romansin	romanın	1
istilâcilara	istilacılara	1
Isaakios’un	İsaakıos’un	1
istilâcilar	istilacılar	1
toplantisinin	toplantısının	1
sonuçlandiği	sonuçlandığı	1
flamali	flamalı	1
Istilâci	İstilacı	1
zaptindan	zaptından	1
Pears’in	Pears’ın	1
paylaşılinca	paylaşılınca	1
hirsiydi	hırsıydı	1
çabayi	çabayı	1
hazirliklar	hazırlıklar	1
tamamlandi	tamamlandı	1
uzaniyordu	uzanıyordu	1
koçbaşlarini	koçbaşlarını	1
manciniklari	mancınıkları	1
dehayi	dehayı	1
kokulari	kokuları	1
Saldiri	Saldırı	1
bombardiman	bombardıman	1
adla	adlı	1
mezarini	mezarını	1
olmuşlardir	olmuşlardır	1
Insanlik	İnsanlık	1
panayıri	panayırı	1
kinamasina	kınamasına	1
Its	İts	1
yayınci	yayıncı	1
yayımladiğ	yayımladığ	1
Contantinople	Contantınople	1
Abdulbamid	Abdülbamıd	1
karşılaştirildiğinda	karşılaştırıldığında	1
kutsalliğınin	kutsallığının	1
soyulmasi	soyulması	1
yağmasi	yağması	1
yağmasiyla	yağmasıyla	1
ikonlari	ikonları	1
dağitilir	dağıtılır	1
tazminatidir	tazminatıdır	1
Sismondi	Sismondı	1
olanaksizdir	olanaksızdır	1
kullanilmaya	kullanılmaya	1
anlaşmazliklarla	anlaşmazlıklarla	1
sonuçlanmamasi	sonuçlanmaması	1
ayağimin	ayağının	1
silik	şılık	1
elimdeki	elindeki	1
yanimdadir	yanımdadır	1
tozlarini	tozlarını	1
araştiracağina	araştıracağına	1
savunmasiz	savunmasız	1
surlari	surları	1
Taşralarin	Taşraların	1
toplanirdi	toplanırdı	1
aklin	aklın	1
yüzyillarin	yüzyılların	1
kaynaklandiğini	kaynaklandığını	1
kaldiğini	kaldığını	1
haksizlik	haksızlık	1
yollarinin	yollarının	1
makamiydi	makamıydı	1
Hristiyanliğin	Hristiyanlığın	1
hukukçularindan	hukukçularından	1
dogmalarinin	dogmalarının	1
Avrupa’sinda	Avrupa’sında	1
hatirladiğimizda	hatırladığımızda	1
kapatirken	kapatırken	1
ormanlari	ormanları	1
Hindistan’in	Hindistan’ın	1
baharatlarina	baharatlarına	1
rüzgârlarin	rüzgarların	1
Haritayi	Haritayı	1
ağzinda	ağzında	1
savunmali	savunmalı	1
imtiyazlari	imtiyazları	1
toplanmasi	toplanması	1
olmayacaktir	olmayacaktır	1
demiryollarinin	demiryollarının	1
inşasi	inşası	1
tüccarin	tüccarın	1
artirmiştir	artırmıştır	1
yariküreler	yarıküreler	1
dağitilmasinda	dağıtılmasında	1
olmamişt	olmamışt	1
sarsilmazsa	sarsılmazsa	1
yazik!	yazık!	1
kervaninin	kervanının	1
zin	zın	1
isti	işti	1
bağlantiyla	bağlantıyla	1
Janizaries	Janizarıes	1
adhi	adhı	1
mükâlemeyi	mükalemeyi	1
Iskender	İskender	1
tahtina	tahtına	1
kaldirmak	kaldırmak	1
Kadim	Kadın	1
Imparatorluğu’na	İmparatorluğu’na	1
çalişıyordu	çalışıyordu	1
yapilyordu	yapılyordu	1
altincisi	altıncısı	1
nüfuzlulari	nüfuzluları	1
çabaliyordu	çabalıyordu	1
utandiriyordu	utandırıyordu	1
taşindi	taşındı	1
başarinin	başarının	1
kuşatmalarindan	kuşatmalarından	1
Eads’in*	Eads’ın*	1
Hatti’ndan	Hattı’ndan	1
koşmanin	koşmanın	1
çıkardi	çıkardı	1
Irmağindaki	Irmağındakı	1
artiklarini	artıklarını	1
onarip	onarıp	1
Kistaği’na	Kıstağı’na	1
uyandirmasina	uyandırmasına	1
Başarisi	Başarısı	1
kaynaklaniyordu	kaynaklanıyordu	1
çıkarilmasina	çıkarılmasına	1
Misır’da	Mısır’da	1
faydali	faydalı	1
taça	tica	1
yazilmiş	yazılmış	1
kanitlar	kanıtlar	1
tartişmak	tartışmak	1
arasi	arası	1
karşılaştirmak	karşılaştırmak	1
Ammen	Annem	1
payi	payı	1
planindaki	planındaki	1
inanmayanlarin	inanmayanların	1
açisiyla	açısıyla	1
icadinin	icadının	1
hassalarini	hassalarını	1
rakimda	rakımda	1
aşirmanin	aşırmanın	1
yasama	yaşama	1
Harlan	Harman	1
ağirliğini	ağırlığını	1
kartalinin	kartalının	1
aşırilmasinin	aşırılmasının	1
rayli	raylı	1
kaldirabilecek	kaldırabilecek	1
yapilabilirse	yapılabilirse	1
dolayisıyla	dolayısıyla	1
Kisacasi	Kısacası	1
yapilabileceğini	yapılabileceğini	1
planina	planına	1
Sigortacilarin	Sigortacıların	1
almayacaklarindan	almayacaklarından	1
çirketi	cirketi	1
hasarsiz	hasarsız	1
levhali	levhalı	1
karşılaşacakti	karşılaşacaktı	1
Rowland’in	Rowland’ın	1
Argümaninı	Argümanını	1
dayandiklari	dayandıkları	1
yapimcilarinin	yapımcılarının	1
omurgalarinin	omurgalarının	1
kizaklarinin	kızaklarının	1
uzunluklarinin	uzunluklarının	1
Başkanimiz	Başkanımız	1
tankin	tankın	1
bihakkin	bihakkın	1
Garda	Girdi	1
alişkin	ilişkin	1
kaldirilmasi	kaldırılması	1
kuşatmasıni	kuşatmasını	1
Adige	Adıge	1
Irmaği’ndan	Irmağı’ndan	1
ulaştirilmişti	ulaştırılmıştı	1
kadırgasi	kadırgası	1
oyuncaği	oyuncağı	1
karşılaştirilma	karşılaştırılma	1
yapilamayacağini	yapılamayacağını	1
kalmiştim	kalmıştım	1
kaldirilirken	kaldırılırken	1
duymamişti	duymamıştı	1
ağirliğindan	ağırlığından	1
olsaydi	olsaydı	1
Istilâcilari	İstilacıları	1
doğmayabilirdi	doğmayabılırdı	1
mparator	imparator	1
kahramanliğinin	kahramanlığının	1
gelimeleri	gelmeleri	1
bağışlatici	bağışlatıcı	1
savunmalari	savunmaları	1
sağlamlaşmiştir	sağlamlaşmıştır	1
donanimlarinda	donanımlarında	1
yapmişti	yapmıştı	1
israrci	ısrarcı	1
birakmadi	bırakmadı	1
şiğinda	şısında	1
tamamlamasina	tamamlamasına	1
ortalari	ortaları	1
topçulariydi	topçularıydı	1
alinamayacağini	alınamayacağını	1
Anibal’i	Anibal’ı	1
çabalarina	çabalarına	1
vursa	vurma	1
Plani	Planı	1
bağlantisini	bağlantısını	1
yaptirdi	yaptırdı	1
kirlk	kırık	1
yakasi	yakası	1
korumasi	koruması	1
aşmasini	aşmasını	1
yildiramadi	yıldıramadı	1
padişahti	padişahtı	1
yakasindaydi	yakasındaydı	1
firtinayi	fırtınayı	1
saptirabildi	saptırabıldı	1
atlarimi	atlarını	1
kitliğa	kıtlığı	1
almanin	almanın	1
anladi	anladı	1
yilmaz	yılmaz	1
fermanlarinda	fermanlarında	1
tanimlanirdi	tanımlanırdı	1
başındaydi	başındaydı	1
ağırliğinda	ağırlığında	1
hazirliklari	hazırlıkları	1
kapandi	kapandı	1
Kayitlari	Kayıtları	1
Kumandanlari	Kumandanları	1
Justiniani	Justinianı	1
sikışmişlardi	sıkışmışlardı	1
onarimlar	onarımlar	1
haykırdilar	haykırdılar	1
firtina	fırtına	1
pişmanlik	pişmanlık	1
duymadi	duymadı	1
rüzgârinın	rüzgarının	1
Hiristiyanliğinin	Hıristiyanlığının	1
kayitsizlikla	kayıtsızlıkla	1
saldirganliğinin	saldırganlığının	1
söylemiti	söylenti	1
kuşatilmasiydi	kuşatılmasıydı	1
kismeti	kısmeti	1
yazginin	yazgının	1
sancağiydi	sancağıydı	1
savunmayi	savunmayı	1
Italya’dan	İtalya’dan	1
karşisindaki	karşısındaki	1
sayisal	sayısal	1
kolaylatirmak	kolaylatırmak	1
istilâcinin	istilacının	1
darmadağin	darmadağın	1
arkalarindan	arkalarından	1
Galata’nin	Galata’nın	1
surlu	şunu	1
istihkâmcilari	istihkamcıları	1
savaşimizda	savaşımızda	1
Kasimpaşa	Kasımpaşa	1
kuzeybatisindan	kuzeybatısından	1
kapatti	kapattı	1
hazirlanan	hazırlanan	1
dualari	duaları	1
yüzyili	yüzyılı	1
sirtinda	sırtında	1
yukarisindadir	yukarısındadır	1
Beşiktaşin	Beşiktaşın	1
karişıklari	karışıkları	1
yarisı	yarısı	1
Sultanlari	Sultanları	1
aldiğinda	aldığında	1
planlarini	planlarını	1
soğukkanlilikla	soğukkanlılıkla	1
alinarak	alınarak	1
inanci	inancı	1
kapisinin	kapısının	1
sanati	sanatı	1
dünyasnda	dünyasında	1
kullaniyordu	kullanıyordu	1
issizlaşmişti	işsizlaşmıştı	1
Cenova’nin	Cenova’nın	1
taşımişlardi	taşımışlardı	1
delikanliydi	delikanlıydı	1
doğrulanmasindan	doğrulanmasından	1
kumandandi	kumandandı	1
ilâveten	ilaveten	1
Hiristiyanlardi	Hıristiyanlardı	1
operasyonlarinda	operasyonlarında	1
manciniği	mancınığı	1
yararlaniyorsa	yararlanıyorsa	1
başvurmaktaydi	başvurmaktaydı	1
tanimlanabilecek	tanımlanabilecek	1
patladi	patladı	1
firladi	fırladı	1
kilogramlik	kilogramlık	1
kapilara	kapılara	1
boşunaydi	boşunaydı	1
silahiyla	silahıyla	1
saldirilara	saldırılara	1
ithami	itham	1
altmı	altın	1
kadardir	kadardır	1
nazir	nazır	1
saldiriya	saldırıya	1
taraflarina	taraflarına	1
dragomanlarin	dragomanların	1
bayıri	bayırı	1
saçilmiş	saçılmış	1
yağlanmiş	yağlanmış	1
Ağaçliklar	Ağaçlıklar	1
kalabalikla	kalabalıkla	1
sayfalarndaki	sayfalarndakı	1
fazlaydi	fazlaydı	1
olmadiğına	olmadığına	1
noktalarinı	noktalarını	1
ayirır	ayırır	1
dolayi	dolayı	1
karargâhlarinda	karargahlarında	1
saldirmaya	saldırmaya	1
harekâtinin	harekatının	1
adlandirilabilir	adlandırılabilir	1
hazirlandilar	hazırlandılar	1
başlatildiği	başlatıldığı	1
atini	atını	1
manualin	manualın	1
fermanlarina	fermanlarına	1
tuğrasinin	tuğrasının	1
kapağindaki	kapağındaki	1
hazirlanmak	hazırlanmak	1
Tanri	Tanrı	1
saldirinin	saldırının	1
saflarini	saflarını	1
mparatoru	imparatoru	1
Allah’dir	Allah’dır	1
haykirışlari	haykırışları	1
mihmandarlik	mihmandarlık	1
muhasaranin	muhasaranın	1
kafasini	kafasını	1
karişıkliklar	karışıklıklar	1
hayırli	hayırlı	1
dağildi	dağıldı	1
kazandi	kazandı	1
hanedanlari	hanedanları	1
diplomatlarinın	diplomatlarının	1
karıştiran	karıştıran	1
yiğilan	yığılan	1
irfanin	irfanın	1
Roma’sinda	Roma’sında	1
başlamişti	başlamıştı	1
karişıkliğa	karışıklığa	1
roum	rom	1
yali	yılı	1
olmasaydi	olmasaydı	1
kurtarilmişti	kurtarılmıştı	1
Basileioslar’in	Basileioslar’ın	1
çikişina	çıkışına	1
Roumania	Roumanıa	1
Romaic’dir	Romaıc’dır	1
taniniyor	tanınıyor	1
tanimlanir	tanımlanır	1
Yunancanin	Yunancanın	1
Saksonlarin	Saksonların	1
Fransizca’dan	Fransızca’dan	1
yakişmaz	yakışmaz	1
Imparatorluğunu	İmparatorluğunu	1
dayandi	dayandı	1
dayaniklilik	dayanıklılık	1
oynadi	oynadı	1
çağrildi	çağrıldı	1
adlandiralim	adlandıralım	1
Zenaatkârlari	Zenaatkârları	1
loncalariyla	loncalarıyla	1
esnaflarin	esnafların	1
kaldiramadi	kaldıramadı	1
telgrafin	telgrafın	1
sarıldiği	sarıldığı	1
ziddiydi	zıddıydı	1
sorgulanabiliyor	sorgulanabılıyor	1
dağitamadiği	dağıtamadığı	1
ayrilmış	ayrılmış	1
imparatorlarina	imparatorlarına	1
varliğinin	varlığının	1
gruplarindaki	gruplarındaki	1
hükümranliktan	hükümranlıktan	1
potestadir	potestadır	1
yazlik	yazlık	1
Tuna’nin	Tuna’nın	1
arinmiş	arınmış	1
serin	senin	1
karli	karlı	1
berraktir	berraktır	1
tathi	tathı	1
nehrini	nehrin	1
yarimada	yarımada	1
bağliyorsa	bağlıyorsa	1
Limani’na	Limanı’na	1
ayırdiğina	ayırdığına	1
bağimli	bağımlı	1
dolaşir	dolaşır	1
yolculari	yolcuları	1
çıkarsaniz	çıkarsanız	1
karilarini	karılarını	1
karişımdir	karışımdır	1
hadimağalar	hadımağalar	1
yiğilmiştir	yığılmıştır	1
avantaji	avantajı	1
noktasini	noktasını	1
sihhilikle	sıhhilikle	1
münakaşadir	münakaşadır	1
başlangi	başlangı	1
aliyormuş	alıyormuş	1
kiyılarina	kıyılarına	1
bakiyorlardi	bakıyorlardı	1
tamamladiklarinda	tamamladıklarında	1
durmuşlardi	durmuşlardı	1
Israillilerin	İsraillilerin	1
Euxinus’a	Euxınus’a	1
boğazin	boğazın	1
tartişmalara	tartışmalara	1
açmiştir	açmıştır	1
Limani	Limanı	1
dayanir	dayanır	1
hayvanin	hayvanın	1
tarimin	tarımın	1
amacin	amacın	1
alinmazsa	alınmazsa	1
hatirlayacaklardir	hatırlayacaklardır	1
Dünya’yi	Dünya’yı	1
kalmıti	kalmıtı	1
malumatli	malumatlı	1
aniliyordu	anlıyordu	1
anlatilara	anlatılan	1
balikçılikla	balıkçılıkla	1
Yunanli	Yunanlı	1
Iran’la	İran’la	1
komutanlari	komutanları	1
Sokrat’in	Sokrat’ın	1
Firat'ta	Fırat'ta	1
Anabasis	Anabasıs	1
Balik	Balık	1
sağlamışti	sağlamıştı	1
dürmüşlerdi	durmuşlerdi	1
tonbaliği	tonbalığı	1
baliğin	balığın	1
yosunlarin	yosunların	1
Akarsularin	Akarsuların	1
dağarciktan	dağarcıktan	1
uzmanlarin	uzmanların	1
Iranlilar	İranlılar	1
aliştiği	alıştığı	1
toplari	topları	1
Kurtarici	Kurtarıcı	1
tavanindan	tavrından	1
yariçapi	yarıçapı	1
sunmuşlardi	sunmuşlardı	1
istilacilar	istilacılar	1
Galyallar’in	Galyallar’ın	1
Galata’dir	Galata’dır	1
ayağimizin	ayağımızın	1
kasnak	kurmak	1
Kapi	Kapı	1
taşinan	taşınan	1
Deryaliğa	Deryalığa	1
yazdirdiğ	yazdırdığ	1
yakilmasini	yakılmasını	1
yapilmı	yapılmı	1
oturtulmasiyla	oturtulmasıyla	1
hizi	hızı	1
kazandirır	kazandırır	1
kariştiran	karıştıran	1
kurumlu	kurumu	1
dumanlari	dumanları	1
Burayi	Burayı	1
çağrşımlarin	çağrşımların	1
Daği’ndan	Dağı’ndan	1
kuşatmasini	kuşatmasını	1
kiyılarda	kıyılarda	1
vapurlarinin	vapurlarının	1
manzaralarinin	manzaralarının	1
manzarayi	manzarayı	1
açilarak	açılarak	1
yanlarina	yanlarına	1
kaptani	kaptanı	1
başarmişti	başarmıştı	1
çağrişıma	çağrışıma	1
Adalarina	Adalarına	1
irfaninin	irfanının	1
kayaliklari	kayalıkları	1
kayalardi	kayalardı	1
Medea’nin	Medea’nın	1
çatinin	çatının	1
şadiğı	şadığı	1
kayalarina	kıyılarına	1
Hera	Hem	1
yanindaydi	yanındaydı	1
parliyordu	parlıyordu	1
Kayaliklara	Kayalıklara	1
çalkantili	çalkantılı	1
çırpintili	çırpıntılı	1
tatmadik	tatmadık	1
kaptanlarini	kaptanlarını	1
korkutamamıti	korkutamamıtı	1
ihtirasliydi	ihtiraslıydı	1
imdadina	imdadına	1
açıklik	açıklık	1
yakarir	yakarır	1
patlamasindan	patlamasından	1
Sirtlarinda	Sırtlarında	1
zit	zıt	1
aktiği	aktığı	1
sularinın	sularının	1
çarpişmasi	çarpışması	1
balkçılarin	balkçıların	1
ağlarin	ağların	1
yazarlarinca	yazarlarınca	1
olmalidır	olmalıdır	1
yapisal	yapısal	1
olmalidir	olmalıdır	1
yalancilarin	yalancıların	1
Sağliğinda	Sağlığında	1
anlaticidir	anlatıcıdır	1
tirmandiğini	tırmandığını	1
yapilmadiği	yapılmadığı	1
olmadiğınin	olmadığının	1
kayaliklarin	kayalıkların	1
taniğiyim	tanığıyım	1
yeralti	yeraltı	1
kanali	kanalı	1
ağzini	ağzını	1
yazarlari	yazarları	1
ağirdir	ağırdır	1
tikayan	tıkayan	1
yıkti	yıktı	1
boşaldi	boşaldı	1
baz	biz	1
parçaladiği	parçaladığı	1
bilgilerim	bilgilerin	1
aldiğım	aldığım	1
sicaklik	sıcaklık	1
yapmamiş	yapmamış	1
birakmıyor	bırakmıyor	1
kayıtlarina	kayıtlarına	1
kanalindan	kanalından	1
Akintisi	Akıntısı	1
peyzajinin	peyzajının	1
peyzajin	peyzajın	1
yapilmakta	yapılmakta	1
besi	beşi	1
çağrişimlar	çağrışımlar	1
alkin	ilkin	1
rayihasina	râyihasına	1
rayihasiz	râyihasız	1
sikintiyla	sıkıntıyla	1
akintıya	akıntıya	1
atilyor	atılyor	1
dana	dan	1
yuvalarina	yuvalarına	1
Saçtıklari	Saçtıkları	1
domuzbaliği	domuzbalığı	1
kışin	kışın	1
Sarayl’nda	Sarayı’nda	1
isinma	işinin	1
kor	kör	1
Firtinali	Fırtınalı	1
dezavantajindan	dezavantajından	1
çöminelerin	comınelerin	1
uzatilan	uzatılan	1
oymali	oymalı	1
mangali	mangalı	1
sobanin	sobanın	1
ağaçlarin	ağaçların	1
çadirli	çadırlı	1
Dolaşip	Dolaşıp	1
Atinizi	Atınızı	1
faliniza	falınıza	1
Çadirlarini	Çadırlarını	1
karşılaşmadik	karşılaşmadık	1
koyu	köyü	1
yirtık	yırtık	1
arabanin	arabanın	1
sirtlarina	sırtlarına	1
hayvanlarini	hayvanlarını	1
davranişı	davranışı	1
paryalari	paryaları	1
pirtik	pırtık	1
buzağilari	buzağıları	1
altlarinda	altlarında	1
devasiz	devasız	1
karşılaştiğim	karşılaştığım	1
kaçiranlar	kaçıranlar	1
sinifiyla	sınıfıyla	1
farktir	farktır	1
alanindan	alanından	1
yapmışlardir	yapmışlardır	1
hükümdarindan	hükümdarından	1
karşıliğidir	karşılığıdır	1
yağmacilik	yağmacılık	1
yollanmişti	yollanmıştı	1
karşıkliğa	karşıklığa	1
açmamşlardir	açmamşlardır	1
yaptiğimı	yaptığımı	1
bağrina	bağrına	1
alinacak	alınacak	1
subaylarinın	subaylarının	1
alştirma	alstırma	1
ziyaretimden	ziyaretinden	1
çalişıyor	çalışıyor	1
yila	yıla	1
karakollardaki	karakollardakı	1
araştirmaktayim	araştırmaktayım	1
yakasindaki	yakasındaki	1
subaya	subayı	1
adamlarin	adamların	1
ağirbaşl	ağırbaşl	1
istasyonlarin	istasyonların	1
Istasyonuna	İstasyonuna	1
som	son	1
soğukkanli	soğukkanlı	1
yaptiğimda	yaptığımda	1
duyarlilikla	duyarlılıkla	1
kurtarilmasina	kurtarılmasına	1
istasyonlari	istasyonları	1
lişmalariyla	lışmalarıyla	1
firlatmak	fırlatmak	1
sinanmıştir	sınanmıştır	1
topundadir	topundadır	1
Buharli	Buharlı	1
kumda	kında	1
atladi	atladı	1
Kiyi	Kıyı	1
artmışti	artmıştı	1
issiz	işsiz	1
tabanina	tabanına	1
çarpmışti	çarpmıştı	1
çarpmasini	çarpmasını	1
Ağaçl’daki	Ağaçl’dakı	1
Cankurtaranlarimiz	Cankurtaranlarımız	1
kabarmıti	kabarmıtı	1
akintiyla	akıntıyla	1
limaninin	limanının	1
batirana	batırana	1
kabarmiş	kabarmış	1
kilpayi	kılpayı	1
kayaliktir	kayalıktır	1
ulaştirdi	ulaştırdı	1
artirilmasi	artırılması	1
taşınmasi	taşınması	1
yilarda	yılarda	1
halatlarin	halatların	1
arkasina	arkasına	1
Yolcularin	Yolcuların	1
çıkartilmasi	çıkartılması	1
yardima	yardıma	1
Yakindaki	Yakındaki	1
çalişmalarina	çalışmalarına	1
şamandiraya	şamandıraya	1
yollamişti	yollamıştı	1
çobandir	çobandır	1
çıkarilirlar	çıkarılırlar	1
kurtarilanlarin	kurtarılanların	1
rahatlarini	rahatlarını	1
ocağindan	ocağından	1
kurtarilir	kurtarılır	1
hacilardır	hacılardır	1
haci	Hacı	1
bakildi	bakıldı	1
rahatlari	rahatları	1
seyahatime	seyahatine	1
başladiğimda	başladığında	1
bağliydilar	bağlıydılar	1
olduklarinin	olduklarının	1
inaniyorlardi	inanıyorlardı	1
gidiyorlardi	gidiyorlardı	1
kiyılarinda	kıyılarında	1
halkıni	halkını	1
kaldirim	kaldırım	1
duvarlarin	duvarların	1
Çasaroviç’te	Casarovıç’te	1
hacilari	hacıları	1
ulaştiklarinda	ulaştıklarında	1
tapiniyorlardi	tapınıyorlardı	1
ulaşmalarina	ulaşmalarına	1
vardiklarinda	vardıklarında	1
kalirlarsa	kalırlarsa	1
yukarida	yukarıda	1
başarisi	başarısı	1
kurtarilan	kurtarılan	1
hayatlarin	hayatlarını	1
sayisinda	sayısında	1
hizindadir	hızındadır	1
kurtarilişıni	kurtarılışını	1
tarzini	tarzını	1
yaratici	yaratıcı	1
donanim	donanım	1
inın	nin	1
kiyiya	kıyıya	1
halat	Halit	1
atildiği	atıldığı	1
makaranin	makamının	1
gemici	gerici	1
simidini	ümidini	1
kapatacağim	kapatacağım	1
teçhizatlarini	teçhizatlarını	1
Palamardaki	Palamardakı	1
aski	aşkı	1
akşıni	aksini	1
bağlidir	bağlıdır	1
adamin	adamın	1
almasinin	almasının	1
hizlandiracak	hızlandıracak	1
palamarin	palamarın	1
palamardaki	palamardakı	1
çabalarindan	çabalarından	1
sayılir	sayılır	1
yolcularinin	yolcularının	1
kurtarilmasindaki	kurtarılmasındakı	1
unutmadi	unutmadı	1
kazasi	kazası	1
Adami	Adamı	1
çıkarmayi	çıkarmayı	1
başarir	başarır	1
kiyinin	kıyının	1
sardiği	sardığı	1
savaşir	savaşır	1
batirilan	batırılan	1
Müslümanlardandir	Müslümanlardandır	1
doğrulamti	doğrulamtı	1
inanmasindan	inanmasından	1
kilanin	kılanın	1
tutanin	tutanın	1
konaklari	konakları	1
villalari	villaları	1
dışarida	dışarıda	1
kamaştirici	kamaştırıcı	1
vapurlariyla	vapurlarıyla	1
Bosfor’in	Bosfor’ın	1
piriltisi	pırıltısı	1
toplanildiği	toplanıldığı	1
çarpicidir	çarpıcıdır	1
bulamazmişçasina	bulamazmışçasına	1
yazinda	yazında	1
nazirlik	nazırlık	1
çikmişti	çıkmıştı	1
Yasama	Yaşama	1
oturumlari	oturumları	1
Hümayunundaki	Hümayunundakı	1
karşilaşıyordum	karşılaşıyordum	1
tanidiğim	tanıdığım	1
tamamini	tamamını	1
karıştiğim	karıştığım	1
taşimıyorlar	taşımıyorlar	1
yurtdışinda	yurtdışında	1
Yakin	Yakın	1
Adlarini	Adlarını	1
Bakanliği’nin	Bakanlığı’nın	1
başarilari	başarıları	1
kazanmiştir	kazanmıştır	1
yillarca	yıllarca	1
çıkarlarini	çıkarlarını	1
dostlarim	dostlarım	1
hatirladiğim	hatırladığım	1
bulamamişa	bulamamışa	1
Liverpool’daki	Liverpool’dakı	1
çağrilmişti	çağrılmıştı	1
diplomattir	diplomattır	1
Bosfor’daki	Bosfor’dakı	1
rahatsizhik	rahatsızhık	1
rihtimla	rıhtımla	1
çirpintili	çırpıntılı	1
çaliliklar	çalılıklar	1
sikliğı	şıklığı	1
adlandirilmasi	adlandırılması	1
kanisindayım	kanısındayım	1
karian	karın	1
anlayişıni	anlayışını	1
kitasina	kıtasına	1
kipırdatti	kıpırdattı	1
Yazin	Yazın	1
yakinliği	yakınlığı	1
yapmadi	yapmadı	1
mübalağasini	mübalağasını	1
aktarirsak	aktarırsak	1
dostlarinizi	dostlarınızı	1
ayrilışlarindan	ayrılışlarından	1
Aralik’ta	Aralık’ta	1
kişın	kışın	1
kalanini	kalanını	1
ruhlari	ruhları	1
zorundaydi	zorundaydı	1
acilarini	acılarını	1
yaptiklarinda	yaptıklarında	1
canliyken	canlıyken	1
unuturlardi	unuturlardı	1
Misir’da	Mısır’da	1
Iskenderiye’ye	İskenderiye’ye	1
Nil	Mil	1
yaşadiğimiz	yaşadığımız	1
varşımiz	varşımız	1
anlatilacak	anlatılacak	1
ithalati	ithalatı	1
uygarlaştirici	uygarlaştırıcı	1
dalgalanmiyor	dalgalanmıyor	1
ihracatindan	ihracatından	1
anlaıliyor	anlaılıyor	1
Sultanin	Sultanın	1
yıpranmiş	yıpranmış	1
kahramanidir	kahramanıdır	1
Kibrislidir	Kıbrıslıdır	1
tanrıçasiyla	tanrıçasıyla	1
karşılaştiğinda	karşılaştığında	1
Kibris’a	Kıbrıs’a	1
sultanlarin	sultanların	1
harikasinin	harikasının	1
okuyucularimi	okuyucularımı	1
Borsasi	Borsası	1
Canli	Canlı	1
sarsinti	sarsıntı	1
arkasindan	arkasından	1
taşiyor	taşıyor	1
çıkariyor	çıkarıyor	1
ndayiz	ndayız	1
Ayilarin	Ayıların	1
homurdanmasini	homurdanmasını	1
Boğalarin	Boğaların	1
indifasi	indifası	1
fişkiran	fışkıran	1
yarattiğinda	yarattığında	1
tahtasinda	tahtasında	1
Monaco’daki	Monaco’dakı	1
bulmayi	bulmayı	1
civarindaki	civarındaki	1
tutarli	tutarlı	1
Boga	Boğa	1
piyasanin	piyasanın	1
Îlahi	İlahi	1
Blavatsky’nin	Blavatsky’nın	1
Teosophical	Teosophıcal	1
piyasalari	piyasaları	1
yansitr	yansıtr	1
Kirim’dan	Kırım’dan	1
Kafkasya’nin	Kafkasya’nın	1
yatağinın	yatağının	1
Ruslarin	Rusların	1
ecdadimizin	ecdadımızın	1
sikilmayı	sıkılmayı	1
yakitini	yakıtını	1
gazyağini	gazyağını	1
galon	salon	1
pazarin	pazarın	1
Droojba’daki	Droojba’dakı	1
yataklari	yatakları	1
aktiğini	aktığını	1
kaynağinda	kaynağında	1
satilmasina	satılmasına	1
dindarliktan	dindarlıktan	1
tapimcilarini	tapimcilarını	1
korumasindaki	korumasındaki	1
yanmiyor	yanmıyor	1
nazim	Nazım	1
Abdullah’in	Abdullah’ın	1
kirarak	kırarak	1
Amine	Rine	1
firlatir	fırlatır	1
olamayacaği	olamayacağı	1
imanin	imanın	1
adlandirirlar	adlandırırlar	1
Hisari’nin	Hisarı’nın	1
siralandiği	sıralandığı	1
aşmamıştir	aşmamıştır	1
Riar’in	Riar’ın	1
depolaridir!	depolarıdır!	1
zorundadir	zorundadır	1
kasa	kısa	1
satmalarina	satmalarına	1
irmaği	ırmağı	1
KARADENIZ	KARADENİZ	1
HAZAR	HAZIR	1
DENIZI	DENİZİ	1
kargolarini	kargolarını	1
süristarya	şuriştarya	1
kolaylik	kolaylık	1
inça	rica	1
imtiyazi	imtiyazı	1
boşaltmasina	boşaltmasına	1
istisnasiz	istisnasız	1
depolarina	depolarına	1
boşaltmalari	boşaltmaları	1
boşaltabileceği	boşaltabıleceği	1
artirildi	artırıldı	1
orana	oranı	1
onaylanmadi	onaylanmadı	1
vapurlari	vapurları	1
almasina	almasına	1
Kismet	Kısmet	1
yatlari	yatları	1
manzarasina	manzarasına	1
depolarin	depoların	1
adalari	adaları	1
akaryakitinin	akaryakıtının	1
satişıyla	satışıyla	1
sahtekârliklar	sahtekârlıklar	1
kutularina	kutularına	1
gida	gıda	1
bağlarinda	başlarında	1
bağin	bağın	1
kullanili	kullanılı	1
barindirir	barındırır	1
kayaliklarda	kayalıklarda	1
çayirlarda	çayırlarda	1
yakalarinin	yakalarının	1
padişahn	padişahın	1
kovalarin	kovaların	1
kullanildiklarini	kullanıldıklarını	1
balikçıyi	balıkçıyı	1
tadinda	tadında	1
yazilidır	yazılıdır	1
alinmasi	alınması	1
oyulmu	oyunu	1
boyanmiş	boyanmış	1
yaldizla	yaldızlı	1
hanim	hanım	1
avlularindaki	avlularındakı	1
kaplanmitir	kaplanmıtır	1
anforalarini	anforalarını	1
başlarinin	başlarının	1
uygulamayi	uygulamayı	1
kovalariyla	kovalarıyla	1
salinirdi	salınırdı	1
Misirlt	Mısırlt	1
âdetiyle	adetiyle	1
toplumlarin	toplumların	1
yikik	yıkık	1
karşilaştirma	karşılaştırma	1
kadinın	kadının	1
kadininın	kadınının	1
yapilirken	yapılırken	1
odasinda	odasında	1
alinma	alınma	1
yayimladiği	yayımladığı	1
Sanatçimiz	Sanatçımız	1
kiyafetinde	kıyafetinde	1
hantalliği	hantallığı	1
başlayincaya	başlayıncaya	1
yağliboyadan	yağlıboyadan	1
savaştiktan	savaştıktan	1
aydinlatma	aydınlatma	1
aydinlatmadan	aydınlatmadan	1
kullandiklari	kullandıkları	1
kizıştikça	kızıştıkça	1
topraklarimizdan	topraklarımızdan	1
fişkiriyor	fışkırıyor	1
sütünlari	sütunları	1
satilmış	satılmış	1
açi	acı	1
sondaji	sondajı	1
sindan	sından	1
miktarinin	miktarının	1
milyonlari	milyonları	1
kapsamiyor	kapsamıyor	1
brakip	brakıp	1
birakmayacaklari	bırakmayacakları	1
Halihazirda	Halihazırda	1
Isveç	İsveç	1
Işiğın	Işığın	1
kullanilabilir!	kullanılabilir!	1
çaliştirdi	çalıştırdı	1
demiryollarina	demiryollarına	1
fabrikalarina	fabrikalarına	1
aritimevleri	arıtımevleri	1
yakitin	yakıtın	1
Novorossisk’e	Novorossısk’e	1
kullanilmakta	kullanılmakta	1
yolculuklarinda	yolculuklarında	1
olgulari	olguları	1
ayrintilandirmak	ayrıntılandırmak	1
faydaci	faydacı	1
yasaklamadir	yasaklamadır	1
çikıyorlar	çıkıyorlar	1
kulağina	kulağına	1
yağlarini	yağlarını	1
aritilmamiş	arıtılmamış	1
kullanmamaktadir	kullanmamaktadır	1
dekaniniz	dekanınız	1
lambalariniz	lambalarınız	1
yaniyor!	yanıyor!	1
fisildamiş	fısıldamış	1
miktarin	miktarın	1
pazari	pazarı	1
yakınliğiyla	yakınlığıyla	1
koşullarin	koşulların	1
aritma	anıtın	1
aşıri	aşırı	1
mala	mali	1
zarari	zararı	1
pazarlarini	pazarlarını	1
kuyulari	kuyuları	1
kuyularindan	kıyılarından	1
filolara	filoları	1
siğ	sığ	1
çakasi	çıkışı	1
Yabanci	Yabancı	1
Kanali	Kanalı	1
neftyağinin	neftyağının	1
damitilip	damıtılıp	1
tanklarinda	tanklarında	1
Siğliklari	Sığlıkları	1
sarniçli	sarnıçlı	1
Sarniçli	Sarnıçlı	1
taşimakta	taşımakta	1
kullanlacaği	kullanlacağı	1
hatlarinin	hatlarının	1
inşasini	inşasını	1
artiyor	artıyor	1
ihracati	ihracatı	1
galondan	salondan	1
yetmi	yetim	1
galona	salona	1
tamamlamadiklari	tamamlamadıkları	1
yapacaklardir	yapacaklardır	1
karbonlaşmiş	karbonlaşmış	1
raporlarin	raporların	1
kullandiğini	kullandığını	1
yakilmasi	yakılması	1
yapilmayacaktir	yapılmayacaktır	1
Elimde	Elinde	1
arasiyla	arasıyla	1
bayraklari	bayrakları	1
mantikli	mantıklı	1
paylaşiliyor	paylaşılıyor	1
kasasindan	kasasından	1
kuyularin	kıyılarını	1
ricasi	ricası	1
kuruluu	kurulu	1
siralarda	sıralarda	1
ansizin	ansızın	1
Misır’in	Mısır’ın	1
borçlari	borçları	1
çağimiza	çağımıza	1
ulaşımin	ulaşımın	1
şaşırtmamali	şaşırtmamalı	1
olanaklarinin	olanaklarının	1
igücü	ığucü	1
dezavantajlari	dezavantajları	1
hazirlamasi	hazırlaması	1
vasifli	vasıflı	1
kontratinın	kontratının	1
aygitlarin	aygıtların	1
çalkalaniyordu	çalkalanıyordu	1
Adma	Adım	1
Sevoyim	Sevoyım	1
ayınin	ayının	1
varliğina	varlığına	1
kaynağin	kaynağın	1
olanaklari	olanakları	1
yayimlanmadi	yayımlanmadı	1
taniştiğim	tanıştığım	1
BayMitchell	Baymıtchell	1
ulaşmanin	ulaşmanın	1
yapmalarini	yapmalarını	1
uzakliktaki	uzaklıktaki	1
kaplicalar	kaplıcalar	1
hazirlayanlar	hazırlayanlar	1
istirahatgâhlarini	istirahatgâhlarını	1
bulanlari	bulanları	1
sargilarini	sargılarını	1
batirirken	batırırken	1
yararlanmişlardi	yararlanmışlardı	1
kullanildiğıni	kullanıldığını	1
hazirliğin	hazırlığın	1
olasiliklar	olasılıklar	1
varsayimlar	varsayımlar	1
mintikasinın	mıntıkasının	1
Iskenderun	İskenderun	1
kayalik	kayalık	1
hastaliktan	hastalıktan	1
kiyidaki	kıyıdaki	1
mavnalarin	mavnaların	1
kullanilabildiği	kullanılabildiği	1
siradağlarla	sıradağlarla	1
Kizildeniz’deki	Kızıldeniz’deki	1
kireçtaşi	kireçtaşı	1
mağarasindan	mağarasından	1
kapliyor	kaplıyor	1
Bakû’dekilerin	Bakü’dekilerin	1
pullari	pulları	1
kayip	kayıp	1
yatiyor	yatıyor	1
karasina	karısına	1
tapinilmasa	tapınılmasa	1
tapiniliyor	tapınılıyor	1
islanmiş	ıslanmış	1
tokalaştiğinizda	tokalaştığınızda	1
bozkirlar	bozkırlar	1
altlarindaki	altlarındaki	1
kaypaklik	kaypaklık	1
Farsi	Farsı	1
fişkirmasini	fışkırmasını	1
kiyısindaki	kıyısındaki	1
rakimli	rakımlı	1
dağlik	dağlık	1
Batidaki	Batıdaki	1
kollari	kolları	1
Asya’nun	Asya’nın	1
yıldizi	yıldızı	1
Belh	Belli	1
Aras	Araş	1
güzergâhini	güzergahını	1
tamamlandiğinda	tamamlandığında	1
Plinius’un	Plınıus’un	1
Kâbil’den	Kabil’den	1
kavşağinda	kavşağında	1
açilmasini	açılmasını	1
bulunmadiğıni	bulunmadığını	1
sevkiyati	sevkıyatı	1
Burma	Buna	1
araştirilmiş	araştırılmış	1
bağlantisıi	bağlantısıı	1
dayattiğini	dayattığını	1
uzatiliyor	uzatılıyor	1
yapiyorlar	yapıyorlar	1
olasilikla	olasılıkla	1
arabasina	arabasına	1
bağlanmasi	bağlanması	1
siğliğinin	sığlığının	1
Hazar’daki	Hazar’dakı	1
otokratin	otokratın	1
yarinla	yanına	1
farka	fırka	1
limanlarinda	limanlarında	1
kisitlama	kısıtlama	1
kaygisi	kaygısı	1
Antlaşmasi’nin	Antlaşması’nın	1
kasitli	kasıtlı	1
yapilmışti	yapılmıştı	1
kazandirmayi	kazandırmayı	1
israrlariyla	ısrarlarıyla	1
yildirimla	yıldırımla	1
iğinda	ığında	1
sinirin	sınırın	1
yakindi	yakındı	1
olamasa	olması	1
firtinalarinda	fırtınalarında	1
siğinabileceği	sığınabileceği	1
yakinindaydi	yakınındaydı	1
noktaydi	noktaydı	1
kayitsiz	kayıtsız	1
Istihkâm	İstihkam	1
planinin	planının	1
Itirazla	İtirazla	1
buranin	buranın	1
antlaşmanin	antlaşmanın	1
satim	satın	1
şartina	şartına	1
imzacisi	imzacısı	1
danişmaksizin	danışmaksızın	1
dişalim	dışalım	1
meşrulaştirmaya	meşrulaştırmaya	1
çalşmadiğini	çalşmadığını	1
kullanmadiğini	kullanmadığını	1
aldirış	aldırış	1
Ingi	İngi	1
bulamadiğini	bulamadığını	1
istihkâmin	istihkâmın	1
tamamlandiğini	tamamlandığını	1
anlayişinin	anlayışının	1
bulacaktir	bulacaktır	1
antlaşmayi	antlaşmayı	1
Ayasofya’nin	Ayasofya’nın	1
açtiğinda	açtığında	1
dayatabilirler	dayatabılırler	1
bakilmaksizin	bakılmaksızın	1
birakilma	bırakılma	1
fons	fon	1
yapisina	yapısına	1
eşanlamlilar	eşanlamlılar	1
imalatinin	imalatının	1
origosuna	orıgosuna	1
tapinağina	tapınağına	1
ayirirlar	ayırırlar	1
kanitlanir	kanıtlanır	1
mutabik	mutabık	1
yakndir	yakındır	1
yakinliğina	yakınlığına	1
doğduklarıni	doğduklarını	1
kullanimda	kullanımda	1
halklarinin	halklarının	1
alanin	alanın	1
çarin	çarın	1
alanini	alanını	1
Imparatorluğuna	İmparatorluğun	1
onayina	onayına	1
bağımli	bağımlı	1
aylak	aylık	1
kotardilar!	kotardılar!	1
hanlik‘yalnizca!	hanlık‘yalnızca!	1
İranlilarin	İranlıların	1
paratorluğuna	paratorluğun	1
olmadiklari	olmadıkları	1
Surakhani	Surakhanı	1
sunaklarina	sunaklarına	1
alta	altı	1
Yon	Yön	1
lions	lion	1
moans	Mons	1
once	önce	1
roaming	roamıng	1
Rusya’y1	Rusya’yı	1
dolaşirdi	dolaşırdı	1
Külrengi	Kulrengi	1
kayaliklarindan	kayalıklarından	1
kayalardir	kayalardır	1
kayıtsiz	kayıtsız	1
açımizdan	açımızdan	1
Antlaşmasi’nu	Antlaşması’nı	1
imzaci	mizacı	1
Işiği	Işığı	1
yollarina	yollarına	1
karışıkliğında	karışıklığında	1
lambami*	lambamı*	1
okuyucularima	okuyucularıma	1
Aimé	Amo	1
camli	canlı	1
iği	işi	1
gelime	gelme	1
sağlamişti	sağlamıştı	1
aydinlatmasinda	aydınlatmasında	1
Siniflarin	Sınıfların	1
Irklarin	Irkların	1
başliklar	başlıklar	1
Kirmizi	Kırmızı	1
kırmizi	kırmızı	1
Sarik	Sarık	1
zirhlı	zırhlı	1
çikarilmaz	çıkarılmaz	1
müsamahasiz	müsamahasız	1
sarmasi	sarması	1
sariğin	sarışın	1
kalkmasi	kalkması	1
ayakkabinin	ayakkabının	1
kaynadiğini	kaynadığını	1
Yaptiklari	Yaptıkları	1
saklidir	saklıdır	1
Hirsiz	Hırsız	1
alişkanliklarin	alışkanlıkların	1
çıkarilamaz	çıkarılamaz	1
yasaklamiçtir	yasaklamıçtır	1
dalaşi	dalaşı	1
iriyari	iriyarı	1
yakalandiklari	yakalandıkları	1
uluslarin	ulusların	1
ayakkabi	ayakkabı	1
Işlarin	İslamın	1
bulunacaktir	bulunacaktır	1
âdetindedirler	adetindedirler	1
yukarilarda	yukarılarda	1
boyacisina	boyacısına	1
yaşanmiştir	yaşanmıştır	1
halkina	halkına	1
hirsizliklar	hırsızlıklar	1
ayrintilarda	ayrıntılarda	1
ulaşamayacaği	ulaşamayacağı	1
hizinı	hızını	1
kaynaklarinın	kaynaklarının	1
tarafsizliğini	tarafsızlığını	1
yalinliğı	yalınlığı	1
olmayışıni	olmayışını	1
tanimayan	tanımayan	1
Babalarinin	Babalarının	1
Yanki	Yankı	1
yalinlik	yalınlık	1
alişkanliktan	alışkanlıktan	1
ayaklanmanin	ayaklanmanın	1
divanin	divanın	1
hamami	hamamı	1
çalşmaya	çalmaya	1
vardiğim	vardığım	1
ketumiyetini	ketumıyetini	1
dişsal	dışsal	1
rahatliği	rahatlığı	1
olgunlaşmamiş	olgunlaşmamış	1
tarlasini	tarlasını	1
hasadini	hasadını	1
hükümdarina	hükümdarına	1
sadiktir	sadıktır	1
aşikârdir	aşikardır	1
edimine	edinme	1
Sakiz	Sakız	1
sikliğiyla	şıklığıyla	1
taşliğini	taşlığını	1
yasaklanmasi	yasaklanması	1
oluşturmadiğıni	oluşturmadığını	1
Yanitim	Yanıtım	1
baskilanmasi	baskılanması	1
Maşrapanin	Maşrapanın	1
Hiristiyan’la	Hıristiyan’la	1
rosoglio*	rosoglıo*	1
çikarabilirdi	çıkarabilirdi	1
hisim	hısım	1
akrabasindan	akrabasından	1
dolatiğı	dolatığı	1
atalariyla	atalarıyla	1
Romalilari	Romalıları	1
runlari	runları	1
Kafkasli	Kafkaslı	1
sunu	şunu	1
kalmamışti	kalmamıştı	1
itibarli	itibarlı	1
hatirasi	hatırası	1
Günbatimina	Günbatımına	1
salkim	salkım	1
aksatirsa	aksatırsa	1
boşanmanin	boşanmanın	1
ayrildiğimizda	ayrıldığımızda	1
refikasi	refikası	1
beyazlikta	beyazlıkta	1
sarilmakla	sarılmakla	1
tattiği	tattığı	1
ananasin	ananasın	1
oğullarindan	oğullarından	1
astlarina	astlarına	1
uygarliğinin	uygarlığının	1
Müslümanliğın	Müslümanlığın	1
yattiğini	yattığını	1
başkalarini	başkalarını	1
arzulari	arzuları	1
şaşırtmiyor	şaşırtmıyor	1
Kadinlarimizin	Kadınlarımızın	1
esininin	eşininin	1
Kirsal	Kırsal	1
noktalari	noktaları	1
ilik	ılık	1
kir	kır	1
tarhlari	tarhları	1
Mutluluklari	Mutlulukları	1
salan	Şalan	1
bunlardir	bunlardır	1
irkilten	ırkılten	1
siniflarla	sınıflarla	1
Slavlardir	Slavlardır	1
zamaninin	zamanının	1
Asur	Asır	1
alanlari	alanları	1
Vardiğimiz	Vardığımız	1
ayartici	ayartıcı	1
kolayliklara	kolaylıklara	1
Rumlarin	Rumların	1
kiskanyorlar	kıskanyorlar	1
tartişmalar	tartışmalar	1
oluşmasini	oluşmasını	1
duygudaşlik	duygudaşlık	1
olmaniz	olmanız	1
tanimak	tanımak	1
sağlayacaktir	sağlayacaktır	1
kibarliği	kibarlığı	1
inancina	inancına	1
uzaktir	uzaktır	1
kaynaşirlar	kaynaşırlar	1
tartışmali	tartışmalı	1
kalkışmayacağim	kalkışmayacağım	1
zekâsi	zekası	1
Hirvat	Hırvat	1
midır	midir	1
olduklarindan	olduklarından	1
kaynaklarindan	kaynaklarından	1
çikarlarıni	çıkarlarını	1
dolandirır	dolandırır	1
çalştiğimiz	çalştığımız	1
Vicdansizliklarindan	Vicdansızlıklarından	1
kovulduklarindan	kovulduklarından	1
kurnazliği	kurnazlığı	1
yildırmak	yıldırmak	1
kamiş	karış	1
mallari	malları	1
Omuzlarinda	Omuzlarında	1
inanilmaz	inanılmaz	1
Samsonvari	Samsonvarı	1
adimlariyla	adımlarıyla	1
piyanolari	piyanoları	1
yaşanir	yaşanır	1
hamali	hamalı	1
kurnazdir	kurnazdır	1
zorbaliği	zorbalığı	1
çalişkan	çalışkan	1
bazilarina	bazılarına	1
Duygularini	Duygularını	1
danslarindan	danslarından	1
hasadinda	hasadında	1
muhafazakârliğin	muhafazakarlığın	1
Bulgaristan’1	Bulgaristan’ı	1
olamayacağini	olamayacağını	1
anlayişini	anlayışını	1
birakmasina	bırakmasını	1
coşkularinda	coşkularında	1
karşilaştirilamayacak	karşılaştırılamayacak	1
sabirlidir	sabırlıdır	1
Önyargili	Önyargılı	1
tanişmalarda	tanışmalarda	1
irkta	ırkta	1
aliyorlar	alıyorlar	1
barıçıldir	bariçıldır	1
dogmalarina	dogmalarına	1
kanitlanmiştir	kanıtlanmıştır	1
Ağirbaşli	Ağırbaşlı	1
tarzina	tarzına	1
kapatilmış	kapatılmış	1
Silahlari	Silahları	1
yaniğidir	yanığıdır	1
kuşaklarina	kuşaklarına	1
tabancalardir	tabancalardır	1
kuşamlarinın	kuşamlarının	1
palaskasinı	palaskasını	1
ağizla	ağızla	1
sanmıştim	sanmıştım	1
sinirlamalar	sınırlamalar	1
hayvanlari	hayvanları	1
yararlandiklarindan	yararlandıklarından	1
çaliyorlardi	çalıyorlardı	1
tutmazdim	tutmazdım	1
duyulmadiğini	duyulmadığını	1
yatağanin	yatağının	1
anlatilarinda	anlatılarında	1
Karadağin	Karadağın	1
dağlilarin	dağlıların	1
yazini	yazını	1
yikanip	yıkanıp	1
sağliyorlar	sağlıyorlar	1
nakşliyor	nakşlıyor	1
alayinda	alayında	1
Hirvatlarinki	Hırvatlarınkı	1
sikilmış	sıkılmış	1
Iran’da	İran’da	1
mensuplari	mensupları	1
Firat	Fırat	1
Avrupalilar	Avrupalılar	1
Konsoloslari	Konsolosları	1
imama	imam	1
kibarliklari	kibarlıkları	1
uyanikliklari	uyanıklıkları	1
hilebazliklariyla	hilebazlıklarıyla	1
taninirlar	tanınırlar	1
alşverişin	alsverişin	1
yağmacidır	yağmacıdır	1
saldirilarda	saldırılarda	1
Yakalandiği	Yakalandığı	1
çikardiğindan	çıkardığından	1
çıkariyorlar	çıkarıyorlar	1
durdurulamasa	durdurulması	1
firsatini	fırsatını	1
alanim	alanın	1
yuvasi	yuvası	1
amaçlarina	amaçlarına	1
umutlarini	umutlarını	1
kisitlanmasiyla	kısıtlanmasıyla	1
aydinlatacak	aydınlatacak	1
hükümdarlariyla	hükümdarlarıyla	1
duygusallikla	duygusallıkla	1
alinmıştir	alınmıştır	1
hahamlarindan	hahamlarından	1
Konuştuklari	Konuştukları	1
karişımi	karışımı	1
kovulanlarin	kovulanların	1
güzergâhlari	güzergahları	1
Kiyisinda	Kıyısında	1
Sarikli	Sarıklı	1
Israil’in	İsrail’in	1
dolaştiğinizda	dolaştığınızda	1
kayikçıniz	kayıkçınız	1
şalvariyla	şalvarıyla	1
hamallardir	hamallardır	1
artsiz	artsız	1
arasiz	arasız	1
gelimesi	gelmesi	1
dağildiği	dağıldığı	1
anakarasina	anakarasına	1
yllarina	yllarına	1
yaşamlarinda	yaşamlarında	1
Unvani	Unvanı	1
Imparatorluktaki	İmparatorluktaki	1
araciliğıyla	aracılığıyla	1
başhahamlari	başhahamları	1
Ibranilerin	İbranilerin	1
Istanbul’dadir	İstanbul’dadır	1
babambaşidir	babambaşıdır	1
başıdir	başıdır	1
açıklayacağim	açıklayacağım	1
yasalarin	yasaların	1
uygulanmasi	uygulanması	1
uygulanir	uygulanır	1
entrikalari	entrikaları	1
harcanmiştir	harcanmıştır	1
ulaşmamiştir	ulaşmamıştır	1
ihtiyatlidir	ihtiyatlıdır	1
kalani	kalanı	1
baskisina	baskısına	1
Bulgaristan’in	Bulgaristan’ın	1
barindiran	barındıran	1
tanidiğ1	tanıdığı	1
çiktiğini	çıktığını	1
kaynaklarim	kaynakların	1
okuyucularin	okuyucuların	1
inandiği	inandığı	1
dûrüst	dürüst	1
Hiristiyanlaştirma	Hıristiyanlaştırma	1
ihtidasiyla	ihtidasıyla	1
sağlanip	sağlanıp	1
sağlanamayacağini	sağlanamayacağını	1
dükkâninda	dükkanında	1
taniştiğini	tanıştığını	1
bulacaği	bulacağı	1
olduklaridir	olduklarıdır	1
hatirlasin	hatırlasın	1
kervaniyla	kervanıyla	1
karşılaşmalarini	karşılaşmalarını	1
Kitabi’ni	Kitabı’nı	1
Ibrani	İbrani	1
düçüncesinin	ducüncesinin	1
aydinlattiği	aydınlattığı	1
aydinlanmalara	aydınlanmalara	1
yaşamasin	yaşamasın	1
Süleyman'in	Süleyman'ın	1
anlaşilamamiş	anlaşılamamış	1
ayaklandiklari	ayaklandıkları	1
hazırdir	hazırdır	1
parasi	parası	1
asirlarin	asırların	1
kazidiği	kazıdığı	1
hatirlatan	hatırlatan	1
Koyu	Köyü	1
arinmış	arınmış	1
alinları	alınları	1
Yehova’yi	Yehova’yı	1
sayilan	sayılan	1
olmadiklarini	olmadıklarını	1
yasaklanmasina	yasaklanmasına	1
alişveri	alışveri	1
uyandirmalari	uyandırmaları	1
olasidir	olasıdır	1
dişaridadirlar	dışarıdadırlar	1
zanaatkârlik	zanaatkarlık	1
tüccarlik	tüccarlık	1
saticilik	satıcılık	1
kadinlari!	kadınları!	1
canlidirlar	canlıdırlar	1
Irklari	Irkları	1
dişındaki	dışındaki	1
hayirseverliğinden	hayırseverliğinden	1
yararlandiklari	yararlandıkları	1
sadiktrlar	sadıktrlar	1
hahambaşıni	hahambaşını	1
dağiticisi	dağıtıcısı	1
iiltisi	ııltısı	1
boyali	boyalı	1
Kadinlari	Kadınları	1
kenarlari	kenarları	1
Altindan	Altından	1
olduklarim	olduklarım	1
hanimefendilerden	hanımefendilerden	1
hizasinin	hizasının	1
ağizlari	ağızları	1
parmaklarinda	parmaklarında	1
hanimlardan	hanımlardan	1
Yeşaya’nin	Yeşaya’nın	1
bâbinda	babında	1
halhalli	halhallı	1
karşılaştirilamiyorsa	karşılaştırılamıyorsa	1
Türbani	Türbanı	1
boyuttadir	boyuttadır	1
şiltilariyla	şiltilarıyla	1
Parali	Paralı	1
takınirlar	takınırlar	1
kuşaktir	kuşaktır	1
Nasirali’ya	Nasıralı’ya	1
rirlar	rırlar	1
Şarkhilarin	Şarkhıların	1
inanirlar	inanırlar	1
atinin	atının	1
fermanin	fermanın	1
Türk'sün	Türk'ün	1
Hiristiyan’im	Hıristiyan’ım	1
kayitsizliğin	kayıtsızlığın	1
kanitiydi	kanıtıydı	1
bulmasini	bulmasını	1
hirslariyla	hırslarıyla	1
suçlanmalari	suçlanmaları	1
elisikiliğa	elişikiliğa	1
kivırabilir	kıvırabilir	1
sinifinin	sınıfının	1
sabirla	sabırla	1
ayaklarinin	ayaklarının	1
boyaciliğı	boyacılığı	1
ağriyan	ağrıyan	1
Aşk’inin	Aşk’ının	1
şartlarina	şartlarına	1
Müslüman’in	Müslüman’ın	1
kurumlaridır	kurumlarıdır	1
Yurttaşliğa	Yurttaşlığa	1
yararlaniyorlar	yararlanıyorlar	1
firsatlara	fırsatları	1
gelişmi	gelişim	1
Izmir’de	İzmir’de	1
karşitlik	karşıtlık	1
durumlarinin	durumlarının	1
seméreyi	semereyi	1
baı	bu	1
kopyasi	kopyası	1
yaşaniyor	yaşanıyor	1
başhahami	başhahamı	1
Hahambaşinin	Hahambaşının	1
kurullarina	kurullarına	1
ayrilirdi	ayrılırdı	1
Kitabi’ndan	Kitabı’ndan	1
hatirlanirsa	hatırlanırsa	1
inanilabilir	inanılabilir	1
Tanri’ya	Tanrı’ya	1
yapmışti	yapmıştı	1
inançlari	inançları	1
Iina	Una	1
iiten	ııten	1
tapilmamasi	tapilmaması	1
şeriati	şeriatı	1
kisitli	kısıtlı	1
altinla	altınla	1
sayvani	sayvanı	1
kararini	kararını	1
olmalarina	olmalarına	1
tuhafima	tuhafıma	1
oluşturmasi	oluşturması	1
ulaşamadiği	ulaşamadığı	1
sadiklar	sadıklar	1
uzanmalarina	uzanmalarına	1
durağanliği	durağanlığı	1
çikmamışti	çıkmamıştı	1
başladiğindan	başladığından	1
fazlasi	fazlası	1
kolaylikla	kolaylıkla	1
organlarinin	organlarının	1
Kalanlari	Kalanları	1
brani	binin	1
Burna	Buna	1
Izmir	İzmir	1
yayimlaniyor	yayımlanıyor	1
Telegraph’in	Telegraph’ın	1
uyarilardan	uyarılardan	1
Atalarinin	Atalarının	1
payitahtindaki	payitahtındakı	1
saygideğerdir	saygıdeğerdir	1
onurlandirirken	onurlandırırken	1
kalmalarinın	kalmalarının	1
bağnazlik	bağnazlık	1
yardimda	yardımda	1
hastalarin	hastaların	1
kutsanmamiş	kutsanmamış	1
yaptklari	yaptkları	1
irkinda	ırkında	1
ayriliklari	ayrılıkları	1
karşılaştiklari	karşılaştıkları	1
kahramanlariyla	kahramanlarıyla	1
yarimkürenin	yarımkürenin	1
ufuklarina	ufuklarına	1
irktir	ırktır	1
ulaşmışlardir	ulaşmışlardır	1
duygulari	duyguları	1
arplari	arpları	1
söylüyorlardir	söylüyorlardır	1
damağima	damağıma	1
yapişsin!	yapışsın!	1
Tanrinın	Tanrının	1
miknatisla	mıknatısla	1
çekiliyormuçasina	çekiliyormuçasına	1
akşamini	aksamını	1
kalanlari	kalanları	1
Arabistan’in	Arabistan’ın	1
olmamiştir	olmamıştır	1
İsa’nin	İsa’nın	1
yüzyıli	yüzyılı	1
çağinin	çağının	1
yaridan	yarıdan	1
Akka'dadir	Akka'dadır	1
dağilmişlardir	dağılmışlardır	1
tamaminda	tamamında	1
yasaklamalarina	yasaklamalarına	1
kanimca	kanımca	1
kurmasinlar	kurmasınlar	1
güneybatisinda	güneybatısında	1
doğmasindan	doğmasından	1
yaşamişlardir	yaşamışlardır	1
inzivalarini	inzivalarını	1
bozulmami	bozulmamı	1
Karaim	Kararı	1
Yazitlarin	Yazıtların	1
adlandiriliyorlar	adlandırılıyorlar	1
tanimiyorlar	tanımıyorlar	1
sinagoglari	sinagogları	1
ayriliyorlar	ayrılıyorlar	1
Eşkenaziler	Eşkenazıler	1
farklilaşırlar	farklılaşırlar	1
siniflar	sınıflar	1
çikacaği	çıkacağı	1
Kabala	Kabili	1
yayildiği	yayıldığı	1
yapanlardir	yapanlardır	1
yaratilişın	yaratılışın	1
satirlarin	satırların	1
Tanri'nin	Tanrı'nın	1
Israillilere	İsraillilere	1
Isveçli	İsveçli	1
tanindi	tanındı	1
çıkardiğini	çıkardığını	1
inancinin	inancının	1
anlaminin	anılarının	1
ilahiyatçi	ilahiyatçı	1
vizyonlari	vizyonları	1
Swedenborgianizm	Swedenborgıanızm	1
bağhidır	bağhıdır	1
yorumlanir	yorumlanır	1
kanitlamasi	kanıtlaması	1
Yazili	Yazılı	1
ağırbaşli	ağırbaşlı	1
inasindan	masından	1
artmasina	artmasına	1
aracidir	aracıdır	1
ariliğina	arılığına	1
anavatanlarinin	anavatanlarının	1
konsolosluklarina	konsolosluklarına	1
kayitlidir	kayıtlıdır	1
uyrukluklarini	uyrukluklarını	1
yatiştiran	yatıştıran	1
özsaygilarinin	özsaygılarının	1
itiyadi	itiyadı	1
inaniyormuş	inanıyormuş	1
Batiya	Batıya	1
Yatirim	Yatırım	1
Varlikli	Varlıklı	1
acinacak	acınacak	1
yaşlandiği	yaslandığı	1
dindaşlarinın	dindaşlarının	1
hayirseverliğiyle	hayırseverliğiyle	1
hayirseverliği	hayırseverliği	1
sağliksiz	sağlıksız	1
toplaniyor	toplanıyor	1
adamiş	adamış	1
yardimlari	yardımları	1
Tarim	Tarım	1
Yardim	Yardım	1
bekasindan	bekasından	1
araştirmalarina	araştırmalarına	1
dindaşlarina	dindaşlarına	1
yardimlarin	yardımların	1
dağitimindaki	dağıtımındaki	1
cezalandirma	cezalandırma	1
dağitimi	dağıtımı	1
olmadim	olmadım	1
hoşlandiklarinin	hoşlandıklarının	1
alkanliği	alkanlığı	1
Anlaşmazliklarini	Anlaşmazlıklarını	1
hahamlarinin	hahamlarının	1
Yukarida	Yukarıda	1
Dışaridan	Dışarıdan	1
karşıliğini	karşılığını	1
adamlarinin	adamlarının	1
Başhahami	Başhahamı	1
uğraşmiyorlar	uğraşmıyorlar	1
yildönümlerinde	yıldönümlerinde	1
anlaşmazliklarin	anlaşmazlıkların	1
yatakli	yataklı	1
bakimina	bakımına	1
sinirliydi	sınırlıydı	1
Arapça’yi	Arapça’yı	1
dallarinda	dallarında	1
onaylanmiş	onaylanmış	1
çıkmasinın	çıkmasının	1
bayraktarliğini	bayraktarlığını	1
Israelite’nin	İsraelite’nin	1
Ilköğretime	İlköğretime	1
sinirlarini	sınırlarını	1
Müthi	Mutlu	1
çabalarimin	çabalarının	1
tum	tüm	1
dostlarini	dostlarını	1
varlik	varlık	1
yardimlar	yardımlar	1
hayirli	hayırlı	1
katkilari	katkıları	1
yatirim	yatırım	1
siniflardaki	sınıflardaki	1
çirakliklarinin	çıraklıklarının	1
ilkokullarimiz	ilkokullarımız	1
Ibranilere	İbranilere	1
Israelite’yi	İsraelite’yi	1
dağildiğından	dağıldığından	1
müteyakkiz	müteyakkız	1
yararhi	yararhı	1
çıkmamışti	çıkmamıştı	1
yaziştiği	yazıştığı	1
durumlarini	durumlarını	1
kavgalarini	kavgalarını	1
dağildiklari	dağıldıkları	1
koşullarini	koşullarını	1
çalişmaktan	çalışmaktan	1
yakildi	yakıldı	1
koymayi	koymayı	1
kurmayi	kurmayı	1
karşilaşti	karşılaştı	1
Çabalarinda	Çabalarında	1
çıkarina	çıkarına	1
yûzünden	yüzünden	1
paragrafi	paragrafı	1
hahamlari	hahamları	1
Amerika’dakiler	Amerika’dakıler	1
parlaklikta	parlaklıkta	1
itiraziyla	itirazıyla	1
çalştiğini	çalştığını	1
kapandi!	kapandı!	1
dağilmiş	dağılmış	1
irkini	ırkını	1
irklarn	ırklarn	1
şaniyla	şanıyla	1
tartimasiz	tartımasız	1
inaniyor	inanıyor	1
Insanlarin	İnsanların	1
Israelite’ye	İsraelite’ye	1
çikarilmasina	çıkarılmasına	1
şaırtabilir	şairtabılır	1
irkinın	ırkının	1
yararl	yararı	1
dalgayi	dalgayı	1
aşmayi	aşmayı	1
dağılmalarini	dağılmalarını	1
Sayisi	Sayısı	1
tarimsal	tarımsal	1
birakarak	bırakarak	1
topraklarıni	topraklarını	1
inancin	inancın	1
tanrisal	tanrısal	1
yakari	yakan	1
yirtici	yırtıcı	1
dağilmadan	dağılmadan	1
birçoklarina	birçoklarına	1
aşıliyor	asılıyor	1
artlarinda	artlarında	1
Rab’bin	Rab’bın	1
kurtardiklari	kurtardıkları	1
Tanrıniz	Tanrınız	1
hayvani	hayvanı	1
birakacaklar	bırakacaklar	1
Uygarliğa	Uygarlığa	1
çağimizın	çağımızın	1
ilahiyatimizin	ilahiyatımızın	1
insanlikta	insanlıkta	1
kullanmiş	kullanmış	1
karanliği	karanlığı	1
Israil'i	İsrail'i	1
kabasini	kabasını	1
duraklamasin	duraklamasın	1
takimyildizlarini	takımyıldızlarını	1
Anayasa’mizin	Anayasa’mızın	1
Amos	Mos	1
atmamiz	atmamız	1
İstefan	İştefan	1
yandalarina	yandalarına	1
Isa’yi	İsa’yı	1
tanitmaya	tanıtmaya	1
yayilmışti	yayılmıştı	1
başarilar	başarılar	1
Origen	Orıgen	1
yorumlandi	yorumlandı	1
yisi	yısı	1
dayanağini	dayanağını	1
yaydi	yaydı	1
Kurtaricimizin	Kurtarıcımızın	1
kurumsallaşmiş	kurumsallaşmış	1
Yuhanna’nin	Yuhanna’nın	1
Istefan’in	İştefan’ın	1
taşlanmasi	taşlanması	1
firlatilmasidir	fırlatılmasıdır	1
kalanlarina	kalanların	1
birak	bırak	1
Ayaklanmanin	Ayaklanmanın	1
uyguladiklari	uyguladıkları	1
yobazlikları	yobazlıkları	1
uğratilmasi	uğratılması	1
varoluşlari	varoluşları	1
istirap	ıstırap	1
siğinmak	sığınmak	1
hayvanlarin	hayvanların	1
saldirilarina	saldırılarına	1
yağmalandi	yağmalandı	1
uğratildiktan	uğratıldıktan	1
muhtedileri	mühtedileri	1
Kayinbiraderi	Kayınbiraderi	1
yikilmasi	yıkılması	1
Yazilarin	Yazıların	1
hastaliğa	hastalığa	1
kurtulmasi	kurtulması	1
tapinmayi	tapınmayı	1
durdurulmasini	durdurulmasını	1
Tanri’larina	Tanrı’larına	1
Constantinius	Constantinus	1
İktidari	İktidarı	1
Babasinin	Babasının	1
kaldiğı	kaldığı	1
ayrilmasini	ayrılmasını	1
burayi	burayı	1
Pazar’in	Pazar’ın	1
kurallarin	kuralların	1
Ardi	Ardı	1
kilmdi	kılındı	1
kararlarina	kararlarına	1
Imparatorun	İmparatorun	1
onayinu	onayını	1
donatilmış	donatılmış	1
yapilandirma	yapılandırma	1
miraslari	mirasları	1
yasallaştirildi	yasallaştırıldı	1
uyulmasi	uyulması	1
kalmasina	kalmasına	1
anlaşıliyor	anlaşılıyor	1
adlandirilan	adlandırılan	1
papazlik	papazlık	1
ayriliyorlardi	ayrılıyorlardı	1
ardillari	ardılları	1
kildi	kıldı	1
yayilmaya	yayılmaya	1
başladikça	başladıkça	1
anlaıldi	anlaıldı	1
tanidi	tanıdı	1
çıkanlari	çıkanları	1
ayrilmasina	ayrılmasına	1
ayrim	ayrım	1
Papaliği’nda	Papalığı’nda	1
Italya’daki	İtalya’dakı	1
Trania	Tranıa	1
Bapiskoposu	Bapıskoposu	1
yakindiği	yakındığı	1
suçladiği	suçladığı	1
tavrini	tavrını	1
hakkini	hakkını	1
kismin	kısmın	1
uzlaşmaci	uzlaşmacı	1
yanut	yanıt	1
uyarisinda	uyarısında	1
yargilanamayacak	yargılanamayacak	1
ejderhanin	ejderhanın	1
takilmasin	takılmasın	1
olmasiydi	olmasıydı	1
bulunmadi	bulunmadı	1
Amacin	Amacın	1
ayrilmasindan	ayrılmasından	1
yakinma	yakınma	1
okumasinin	okumasının	1
doğrulanacakti	doğrulanacaktı	1
almadiğindan	almadığından	1
kuşkulandi	kuşkulandı	1
maşasindan	masasından	1
yandaşlariyla	yandaşlarıyla	1
toplantisi	toplantısı	1
kinayan	kınayan	1
kararlaştirildi	kararlaştırıldı	1
bulunmadiğindan	bulunmadığından	1
saygiyla	saygıyla	1
sinirdişı	sınırdışı	1
onaylamadi	onaylandı	1
çikarilmalarini	çıkarılmalarını	1
toplantiya	toplantıya	1
çağirdi	çağırdı	1
kararlarini	kararlarını	1
hazirlandi	hazırlandı	1
tutanaklari	tutanakları	1
ayrilişınin	ayrılışının	1
reformlari	reformları	1
başlatilan	başlatılan	1
şunlardi	şunlardı	1
ayriliğa	ayrılığa	1
balangiçtaki	balangıçtakı	1
reformlardi	reformlardı	1
isa'nin	İsa'nın	1
kutlamasinda	kutlamasında	1
mayali	mayalı	1
mayasizin	mayasızın	1
araf’in	Arif’in	1
yanilmazliği	yanılmazlığı	1
ayrintilarina	ayrıntılarına	1
noktalaridir	noktalarıdır	1
bulmasinin	bulmasının	1
kaynaklandiğıni	kaynaklandığını	1
Okullarinda	Okullarında	1
Altinci	Altıncı	1
mektuplari	mektupları	1
tartişılmiş	tartışılmış	1
ikrari	ikram	1
başlandi	başlandı	1
Yazilar’da	Yazılar’da	1
aniliyorlardi	anılıyorlardı	1
taşıyorlardi	taşıyorlardı	1
onaylanmışti	onaylanmıştı	1
ilahiyatçılari	ilahiyatçıları	1
unvaniyla	unvanıyla	1
Isa'nin	İsa'nın	1
anilmasi	anılması	1
biraktiği	bıraktığı	1
başlangiçtaki	başlangıçtaki	1
saflarina	saflarına	1
katilmasiyla	katılmasıyla	1
adaminin	adamının	1
kaldirdi	kaldırdı	1
atadi	atadı	1
kutsanmasi	kutsanması	1
aniliyor	anlıyor	1
fabrikasi	fabrikası	1
Argyropolis	Argyropolıs	1
Findikli	Fındıklı	1
çağrişımlariyla	çağrışımlarıyla	1
Şakirdi	Şakırdı	1
Stachis’i	Stachıs’ı	1
kutsadi	kutsadı	1
Stachis	Stachıs	1
Onissimos	Önişsimos	1
taşinmasiyla	taşınmasıyla	1
makaminda	makamında	1
toplanti	toplantı	1
Sapkin	Sapkın	1
yaziyla	yazıyla	1
şaşkinliğa	şaşkınlığa	1
sapkinliğini	sapkınlığını	1
Libyaliydi	Libyalıydı	1
kazanim	kazanım	1
atanmasinin	atanmasının	1
uğratip	uğratıp	1
sarsilmasina	sarsılmasına	1
yayılmiş	yayılmış	1
Papazi	Papazı	1
tanrisalliğıni	tanrısallığını	1
sapkin	sapkın	1
Achillas’in	Achillas’ın	1
kazanmasindan	kazanmasından	1
Libya’nin	Libya’nın	1
anlaşmazliklar	anlaşmazlıklar	1
Ilkin	İlkin	1
başaramadi	başaramadı	1
summus	sunmuş	1
başvurmayi	başvurmayı	1
argümanlari	argümanları	1
toplandi	toplandı	1
Bacaklari	Bacakları	1
Hazir	Hazır	1
yakilmişti	yakılmıştı	1
Yardimci	Yardımcı	1
aşmışti	aşmıştı	1
Toplantiya	Toplantıya	1
Iznik	İznik	1
Saygin	Saygın	1
konuşmacilar	konuşmacılar	1
Tartşmanin	Tartşmanın	1
çıkarilan	çıkarılan	1
Ilkeleri	İlkeleri	1
hazirladi	hazırladı	1
Dağilmadan	Dağılmadan	1
Pazari’nin	Pazarı’nın	1
kararina	kararına	1
saldi	saldı	1
yayildi	yayıldı	1
adamlarini	adamlarını	1
makamlarindan	makamlarından	1
Arionculari	Arioncuları	1
Imparatora	İmparatora	1
adayliğini	adaylığını	1
uğraşti	uğraştı	1
atanmişti	atanmıştı	1
tutulmaksizin	tutulmaksızın	1
adayliği	adaylığı	1
sonlarina	sonlarına	1
onaylanmişti	onaylanmıştı	1
oturumlarin	oturumların	1
Istifasi	İstifası	1
saklamşti	saklamştı	1
ardilinin	ardılının	1
oylarin	oyların	1
adayi	adayı	1
kolaylaştiracak	kolaylaştıracak	1
karişıklik	karışıklık	1
almi	almı	1
oluşturulacakti	oluşturulacaktı	1
sunulacakti	sunulacaktı	1
ayrilişindan	ayrılışından	1
mektuplariydi	mektuplarıydı	1
kutsandi	kutsandı	1
kazanmışti	kazanmıştı	1
makamina	makamına	1
Konstantipolis	Konstantipolıs	1
olayinda	olayında	1
cezasi	cezası	1
siğindi	sığındı	1
hazirdilar	hazırdılar	1
uyardi	uyardı	1
yapidan	yapıdan	1
sunağin	sunağın	1
bakanini	bakanını	1
vanitatum	vanıtatum	1
vaazini	vaazını	1
ricasiyla	ricasıyla	1
dokunmamalari	dokunmamaları	1
arzuladiği	arzuladığı	1
mparatoriçe	imparatoriçe	1
adimlar	adımlar	1
vaazlarinda	vaazlarında	1
saraylilari	saraylıları	1
Vaazlari	Vaazları	1
usandiriciydi	usandırıcıydı	1
Soylularin	Soyluların	1
uzaklaştirilmasini	uzaklaştırılmasını	1
kararlydilar	kararlydılar	1
vaazlarindan	vaazlarından	1
suçladilar	suçladılar	1
Imparatoriçeden	İmparatoriçeden	1
Theophilius’la	Theophılıus’la	1
Imparatoriçenin	İmparatoriçenin	1
Toplanti	Toplantı	1
başkanliğinda	başkanlığında	1
katilmaya	katılmaya	1
Theophilius’un	Theophılıus’un	1
Ioannis’ten	İoannis’ten	1
uymayi	uymayı	1
onayi	onayı	1
kocasi	kocası	1
Kararin	Kararın	1
Iuk	Uk	1
infazi	infazı	1
ayaklanmayi	ayaklanmayı	1
bastirmaya	bastırmaya	1
savaşti	savaştı	1
kapildi	kapıldı	1
akini	akını	1
Insanlarla	İnsanlarla	1
Altn	Altın	1
yapacaği	yapacağı	1
bastiracak	bastıracak	1
inandirici	inandırıcı	1
onurlandirildilar	onurlandırıldılar	1
Çiçero’su	Cicero’su	1
tanitilir	tanıtılır	1
Yaniti	Yanıtı	1
konulardir	konulardır	1
vurgulanmasini	vurgulanmasını	1
Bati’da	Batı’da	1
Arsakius	Arşakıus	1
kayitlardaki	kayıtlardaki	1
İsa'nin	İsa'nın	1
Tanri’nın	Tanrı’nın	1
iddiasini	iddiasını	1
insandir	insandır	1
lakabiyla	lakabıyla	1
Tanri’y1	Tanrı’y1	1
donandiğini	donandığını	1
adlandırilan	adlandırılan	1
bağliliklarini	bağlılıklarını	1
haftasinda	haftasında	1
Thedosius’a	Thedosıus’a	1
Thedosius	Thedosıus	1
dogmalarin	dogmaların	1
savunuculari	savunucuları	1
Pulcheria’yi	Pulcheria’yı	1
çağrilmasini	çağrılmasını	1
başkanliğı	başkanlığı	1
Tartişmalar	Tartışmalar	1
karariyla	kararıyla	1
uygulanmasiyla	uygulanmasıyla	1
vahasina	vahasına	1
uğradiğini	uğradığını	1
yatişmadan	yatışmadan	1
karşısindaki	karşısındaki	1
bastirmak	bastırmak	1
almalarini	almalarını	1
Pulcheria’nin	Pulcheria’nın	1
Marcanius	Marcanıus	1
katilimli	katılımlı	1
zindik	zındık	1
istismarlarini	istismarlarını	1
papasindan	papasından	1
Kararlar’nin	Kararlar’nın	1
ikametgâhi	ikametgahı	1
yakişık	yakışık	1
hakkiyla	hakkıyla	1
birakilmasi	bırakılması	1
Karardaki	Karardakı	1
kalkacaği	kalkacağı	1
varacakti	varacaktı	1
limandir	limandır	1
Iznik’le	İznik’le	1
Kadiköy’e	Kadıköy’e	1
Kati	Katı	1
taşiyordu	taşıyordu	1
kurtulmasina	kurtulmasına	1
yararlanmadi	yararlanmadı	1
atamasini	atamasını	1
itibarini	itibarını	1
Bağimsizliklarini	Bağımsızlıklarını	1
istisnasiyla	istisnasıyla	1
korumalarina	korumalarına	1
unvanina	unvanına	1
onaylandi	onaylandı	1
protestolarina	protestolarına	1
unvanin	unvanın	1
piskoposluklari	piskoposlukları	1
kullanildiği	kullanıldığı	1
dayaniyordu	dayanıyordu	1
unvaninin	unvanının	1
yapiyorlardi	yapıyorlardı	1
eşanlamlıydi	eşanlamlıydı	1
alinmasinin	alınmasının	1
taşidiği	taşıdığı	1
israrcidir	ısrarcıdır	1
taci	tacı	1
aşağidaki	aşağıdaki	1
unvanlarini	unvanlarını	1
encomium	encomıum	1
asasiyladir	asasıyladır	1
Kana’si	Kana’sı	1
Antakya'nin	Antakya'nın	1
Aşağidaki	Aşağıdaki	1
unvanlardir	unvanlardır	1
babalarin	babaların	1
çobanimiz	çobanımız	1
unvanlarinin	unvanlarının	1
imzalarinda	imzalarında	1
faksimil	faksımıl	1
imzalarin	imzaların	1
boyutlarinin	boyutlarının	1
devasadir	devasadır	1
uzunluğundadir	uzunluğundadır	1
yilliğina	yıllığına	1
adamdi	adamdı	1
bakışlari	bakışları	1
anlaşmazlik	anlaşmazlık	1
çikacağa	çıkacağı	1
hayranlarinın	hayranlarının	1
kayiğiyla	kayığıyla	1
yardimıyla!	yardımıyla!	1
Ardili	Ardılı	1
konuşacağim	konuşacağım	1
yanitim	yanıtım	1
dünyamiza	dünyamıza	1
çağlariyla	çağlarıyla	1
organina	organına	1
çıkarilir	çıkarılır	1
toplanir	toplanır	1
okunacağini	okunacağını	1
nazirlarina	nazırlarına	1
toplantilarina	toplantılarına	1
Mektuplari’nin	Mektupları’nın	1
diyakoslarin	diyakosların	1
münakaşalarina	münakaşalarına	1
Izmit	İzmit	1
Bosnia	Bosna	1
yandi	yandı	1
Amasia	Amasıa	1
Phillipopolis	Phillipopolıs	1
Incili'nin	İncili'nin	1
birakilirsa	bırakılırsa	1
mantik	mantık	1
intikamini	intikamını	1
yangindan	yangından	1
bastirilmasi	bastırılması	1
Contantinus	Contantınus	1
adamişti	adamıştı	1
kurtarildiği	kurtarıldığı	1
Vinca	Vinça	1
kurulmasi	kurulması	1
Yapinin	Yapının	1
mimara	mimari	1
anitin	anıtın	1
Yikilan	Yıkılan	1
dulun	dilin	1
kiymet	kıymet	1
Kadin	Kadın	1
ayaklarina	ayaklarına	1
kapanmi	kapının	1
karşıliksiz	karşılıksız	1
şarti	şartı	1
Tralliainus	Trallıaınus	1
Melisiali	Melisialı	1
Isidore	İsidore	1
yapiyla	yapıyla	1
tartışirlarken	tartışırlarken	1
kalindiği	kalındığı	1
Iustanius’un	Iuştanıus’un	1
bağişlamış	bağışlamış	1
aniti	anıtı	1
hazirlanmiş	hazırlanmış	1
boşaltildi	boşaltıldı	1
Anit	Anıt	1
saçilmişti	saçılmıştı	1
rünümdeydi	runumdeydi	1
artiyordu	artıyordu	1
sapkinliklari	sapkınlıkları	1
reformcularindan	reformcularından	1
yararsiz	yararsız	1
muariz	muarız	1
kasabalarinda	kasabalarında	1
çağrisiyla	çağrısıyla	1
gon	son	1
Inayetiyle	İnayetiyle	1
tanimaya	tanımaya	1
yılina	yılına	1
başlamadi	başlandı	1
topladi	topladı	1
donatilmasina	donatılmasına	1
uzlaşmacilar	uzlaşmacılar	1
ayiriyordu	ayırıyordu	1
donatildiği	donatıldığı	1
tartımalari	tartımaları	1
itibarlarini	itibarlarını	1
cezalariyla	cezalarıyla	1
Iran’daki	İran’daki	1
tartişilmasiyla	tartışılmasıyla	1
sinirladi	sınırladı	1
konulardi	konulardı	1
kristolojik	kristolojık	1
Heraclius	Heraclıus	1
uzlaştirma	uzlaştırma	1
başarisizliğina	başarısızlığına	1
niydi	miydi	1
toplantinin	toplantının	1
Toplandiği	Toplandığı	1
olacaklardi	olacaklardı	1
sorunlardi	sorunlardı	1
oyladi	oyladı	1
altisini	altısını	1
tanimayi	tanımayı	1
kanunlardi	kanunlardı	1
tamamiyla	tamamıyla	1
yazilacak	yazılacak	1
olanlardi	olanlardı	1
çıkarilmasi	çıkarılması	1
azizin	azizim	1
sayiliyordu	sayılıyordu	1
tapilmasi	tapılması	1
yasaklanmiyor	yasaklanmıyor	1
anitlari	anıtları	1
Tarasius	Tarasıus	1
tapinmak	tapınmak	1
ayırdi	ayırdı	1
yapisi	yapısı	1
kararlara	kararları	1
ayrintilarin	ayrıntıların	1
yazim	yazım	1
ilimli	ılımlı	1
yazdiklarimi	yazdıklarımı	1
arayişindaki	arayışındaki	1
iddiasina	iddiasına	1
kopmasi	kopması	1
Ortodokslarin	Ortodoksların	1
amaçlarini	amaçlarını	1
karşilaştilar	karşılaştılar	1
sikica	sıkıca	1
kullandilar	kullandılar	1
olmamasinin	olmamasının	1
taninmış	tanınmış	1
dişından	dışından	1
yasadişı	yasadışı	1
ahlaksizlikla	ahlaksızlıkla	1
âlimliğiyle	alımlığıyle	1
başvurulmasi	başvurulması	1
tapinmakla	tapınmakla	1
kalkmamışti	kalkmamıştı	1
anlaştilar	anlaştılar	1
papalik	papalık	1
aykiri	aykırı	1
Nicholas’taydi	Nicholas’taydı	1
Ignatius’un	Ignatıus’un	1
onaylamadiğini	onaylamadığını	1
papayi	papayı	1
Makedonyali	Makedonyalı	1
baskilari	baskıları	1
Photius’u	Photıus’u	1
Ignatius’u	Ignatıus’u	1
katilimın	katılımın	1
yardimini	yardımını	1
kalindi	kalındı	1
Ioannes	İoannes	1
imparatorlarindan	imparatorlarından	1
bazilarinca	bazılarınca	1
istilalari	istilaları	1
zorlanirken	zorlanırken	1
Papanin	Papanın	1
bağimsizliğindan	bağımsızlığından	1
barişma	barışma	1
bunaldiğr	bunaldığr	1
ortalariydi	ortalarıydı	1
uzlaşmasini	uzlaşmasını	1
umuyorlardi	umuyorlardı	1
taniyan	tanıyan	1
tartimayi	tartımayı	1
birakildilar	bırakıldılar	1
imzalatildiği	imzalatıldığı	1
Dogma	Doğma	1
yararlandiğı	yararlandığı	1
donanmiş	donanmış	1
görüyorlardi	görüyorlardı	1
başkasini	başkasını	1
tartışilmaz	tartışılmaz	1
sakli	saklı	1
kazaniyordu	kazanıyordu	1
ulaştiğımiz	ulaştığımız	1
koyucularinca	koyucularınca	1
imtiyazin	imtiyazın	1
onayliyordu	onaylıyordu	1
baskiya	baskıya	1
kalmişlardi	kalmışlardı	1
atamişlardi	atamışlardı	1
Bulgarlarin	Bulgarların	1
keşis	keşiş	1
Kiyamet	Kıyamet	1
razi	razı	1
Hiristiyanlaştirmak	Hıristiyanlaştırmak	1
bahtiyarliğin	bahtiyarlığın	1
Anlatilanlara	Anlatılanlara	1
Hristiyanliği	Hristiyanlığı	1
Olga	Olsa	1
araştirmak	araştırmak	1
uyruklarıni	uyruklarını	1
ataniyorlardi	atanıyorlardı	1
taşidilar	taşıdılar	1
kapattiğini	kapattığını	1
anlatmıştik	anlatmıştık	1
kavradi	kavradı	1
Korkulari	Korkuları	1
dağilan	dağılan	1
sikiya	sıkıya	1
başlamasi	başlaması	1
kuşatilmiş	kuşatılmış	1
asa	aşa	1
imtiyazlarindan	imtiyazlarından	1
yararlanmişti	yararlanmıştı	1
iktidarinda	iktidarında	1
yurttaşlarin	yurttaşların	1
kaçişini	kaçışını	1
âdettendi	adettendi	1
aliştirmak	alıştırmak	1
sanatindir	sanatındır	1
çıktiktan	çıktıktan	1
ahirlarindan	ahırlarından	1
alişilmiş	alışılmış	1
akilh	akıllı	1
kazandiğinı	kazandığını	1
tutmayi	tutmayı	1
alişıldik	alışıldık	1
karşilar	karşılar	1
sinirlanır	sınırlanır	1
uygulanmaktadir	uygulanmaktadır	1
alanina	alanına	1
kilindi	kılındı	1
sayginliğı	saygınlığı	1
yaptiklarindan	yaptıklarından	1
Babiâli’nin	Babıali’nin	1
anlaşmalari	anlaşmaları	1
asildi	asıldı	1
uyruklarinca	uyruklarınca	1
kizartici	kızartıcı	1
Isyaniyla	İsyanıyla	1
Pazari’nda	Pazarı’nda	1
boyutlari	boyutları	1
taşıdi	taşıdı	1
adlandirıhyor	adlandırıhyor	1
taşındiği	taşındığı	1
adlandirmak	adlandırmak	1
piskoposluklarina	piskoposluklarına	1
oylariyla	oylarıyla	1
tartişilmasi	tartışılması	1
konumundadir	konumundadır	1
saygilidirlar	saygılıdırlar	1
zamanindan	zamanından	1
makamini	makamını	1
salmı	salim	1
kismindan	kısmından	1
Ayin	Ayın	1
kanina	kanına	1
ncil	İncil	1
yazildiği	yazıldığı	1
şarabin	şarabın	1
inancidir	inancıdır	1
hazirlanir	hazırlanır	1
batmayi	batmayı	1
batirmadan	batırmadan	1
meshedilir	meşhedilir	1
kutsanir	kutsanır	1
imanlarinin	imanlarının	1
çıkarmanin	çıkarmanın	1
yapilmalidir	yapılmalıdır	1
katilmadaki	katılmadakı	1
bayrami	bayramı	1
bayramidir	bayramıdır	1
ikonalarinin	ikonalarının	1
ayini	ayını	1
haftalik	haftalık	1
başlicalari	başlıcaları	1
anlaşildiği	anlaşıldığı	1
yaşamayi	yaşamayı	1
bağişlar	bağışlar	1
dağinda	dığında	1
durumundadir	durumundadır	1
manastirlarin	manastırların	1
azalmi	azalmı	1
yoğunlaşmişlardir	yoğunlaşmışlardır	1
taninmaktadir	tanınmaktadır	1
şaninın	sanırım	1
anan	aman	1
Athos’daki	Athos’dakı	1
Kana'daki	Kana'dakı	1
haklarin	hakların	1
ulaşiyorlar	ulaşıyorlar	1
yapilmıştir	yapılmıştır	1
ayiran	ayıran	1
dolayli	dolaylı	1
simsiki	sımsıkı	1
sağlamıştir	sağlamıştır	1
bariştirmaya	barıştırmaya	1
yaklaştirmaya	yaklaştırmaya	1
çalkantilari	çalkantıları	1
bağlamilardir	bağlamılardır	1
kanitlamak	kanıtlamak	1
Bazilarinın	Bazılarının	1
inanyorum	inanıyorum	1
ihtidalari	ihtidaları	1
kapatildiklari	kapatıldıkları	1
ayrilanlari	ayrılanları	1
sikintisinin	sıkıntısının	1
yobazliğina	yobazlığına	1
piskoposlariyla	piskoposlarıyla	1
istifayi	istifayı	1
onaylamasi	onaylaması	1
kıyisinda	kıyısında	1
duygularina	duygularına	1
haklarini	haklarını	1
çalışti	çalıştı	1
sayilmasa	sayılması	1
kiskançliklarin	kıskançlıkların	1
yon	yön	1
ilimliliği	ılımlılığı	1
akliselimi	aklıselimi	1
tartişılmışti	tartışılmıştı	1
kaygilandirdi	kaygılandırdı	1
Hükümdarinin	Hükümdarının	1
sağliğini	sağlığını	1
karşılamasi	karşılaması	1
kaplicalarinda	kaplıcalarında	1
şarttir	şarttır	1
piskoposlardir	piskoposlardır	1
Ankoritlerin*	Ankorıtlerin*	1
Senobitlerdir	Senobıtlerdir	1
yaşamlarıni	yaşamlarını	1
farkliydilar	farklıydılar	1
oritten	orıtten	1
senobital	senobıtal	1
Pachomius	Pachomıus	1
Bazilarinda	Bazılarında	1
manastrlarin	manastrların	1
yapilari	yapıları	1
Yayinlari’ndan	Yayınları’ndan	1
Yaraticisi’ni	Yaratıcısı’nı	1
aşçinin	işçinin	1
kaynatip	kaynatıp	1
kaynatmadiğini	kaynatmadığını	1
bağliliğı	bağlılığı	1
babalarinin	babalarının	1
hacilarin	hacıların	1
kusurlari	kusurları	1
baharinda	baharında	1
yapmayi	yapmayı	1
adamlarina	adamlarına	1
yapilmaz	yapılmaz	1
Babiâli'den	Babıali'den	1
çalşti	çalştı	1
yasaği*	yasağı*	1
kaçınmalari	kaçınmaları	1
aşırilik	aşırılık	1
anmanin	anmanın	1
kavrayişin	kavrayışın	1
kurtarici	kurtarıcı	1
Itaatkârliği	İtaatkarlığı	1
iddiasindadir	iddiasındadır	1
alikoymuş	alıkoymuş	1
bağıni	başını	1
karımi	Kırım	1
Interdict	İnterdict	1
koparmadiğı	koparmadığı	1
toprağinda	toprağında	1
birakmiştir	bırakmıştır	1
tartişilmaktadir	tartışılmaktadır	1
tanindiği	tanındığı	1
Balangiçta	Balangıçta	1
muhafizliği	muhafızlığı	1
manastirlardan	manastırlardan	1
duasinin	duasının	1
tinilarla	tınılarla	1
yankilanmasi	yankılanması	1
çıkmiş	çıkmış	1
çalişmasina	çalışmasına	1
Hayati	Hayatı	1
kitabinim	kitabının	1
sayfasinda	sayfasında	1
katilmak	katılmak	1
şaklamaya	saklamaya	1
dindaşlarinin	dindaşlarının	1
cezalandirmakta	cezalandırmakta	1
taşti	taştı	1
kırbaci	kırbacı	1
ayağina	ayağına	1
Baba’nin	Baba’nın	1
insaniliğin	insanlığın	1
Incarnation	İncarnatıon	1
Nasırali	Nasıralı	1
sinirlarina	sınırlarına	1
bağliliğinda	bağlılığında	1
Abolionan	Abolıonan	1
teminatiydi	teminatıydı	1
bağlihiğina	bağlıhığına	1
olanlari	olanları	1
basti	bastı	1
yanilmazlik	yanılmazlık	1
ayrilikta	ayrılıkta	1
düşmanliklar	düşmanlıklar	1
çikarmişti	çıkarmıştı	1
hirpalanmiş	hırpalanmış	1
onurlandirmasi	onurlandırması	1
onurlandirilmişti	onurlandırılmıştı	1
ayrilmadi	ayrılmadı	1
dali	dalı	1
silahlarin	silahların	1
toprağini	toprağını	1
Sofya’nin	Sofya’nın	1
hazirlanmakta	hazırlanmakta	1
Baba’nin*	Baba’nın*	1
dalgalanmasini	dalgalanmasını	1
irmağin	ırmağın	1
Sobranjé'siyle**	Sobranjé'sıyle**	1
birakirdi	bırakırdı	1
tahkimati	tahkimatı	1
parlaklarinin	parlaklarının	1
sorulacaği	sorulacağı	1
Lavigerie	Lavıgerie	1
yılliğina	yıllığına	1
yapmasini	yapmasını	1
parlardi	parlardı	1
tanitti	tanıttı	1
Leontius’a	Leontıus’a	1
Leontius’un	Leontıus’un	1
Ermenistan’in	Ermenistan’ın	1
Asuriyi	Asurıyı	1
Iznik’e	İznik’e	1
Tiridatis’e	Tırıdatıs’e	1
ağirlandilar	ağırlandılar	1
bağlandiği	bağlandığı	1
kizlar	kızlar	1
bağlarini	bağlarını	1
korkuyorlardi	korkuyorlardı	1
Hristiyanlarin	Hristiyanların	1
uğratildilar	uğratıldılar	1
rizalariyla	rızalarıyla	1
inandiklarini	inandıklarını	1
acilarindan	açılarından	1
baskilarina	baskılarına	1
alinmişti	alınmıştı	1
toplanmasina	toplanmasına	1
adamini	adamını	1
Iran’a	İran’a	1
darliği	darlığı	1
anlamini	anlamını	1
açiklamalar	açıklamalar	1
katildiği	katıldığı	1
başpiskoposlari*	başpiskoposları*	1
katilamadilar	katılamadılar	1
anlayamadilar	anlayamadılar	1
kuramini	kuramını	1
kuramin	kuramın	1
farklilik	farklılık	1
hususlari	hususları	1
farkin	farkın	1
amacini	amacını	1
Theorianus’u	Theorıanus’u	1
tartişmakla	tartışmakla	1
uğraştilar	uğraştılar	1
Yazilar’daki	Yazılar’dakı	1
paragraflarin	paragrafların	1
yorumlamalarindan	yorumlamalarından	1
savlarini	savlarını	1
çağirmaya	çağırmaya	1
taşıyacakti	taşıyacaktı	1
Narsès’in	Narsès’ın	1
kopmasina	kopmasına	1
karşıkliklar	karşıklıklar	1
yaklaşti	yaklaştı	1
toplantida	toplantıda	1
bağimsizliklarini	bağımsızlıklarını	1
kralliğinin	krallığının	1
tartişıldi	tartışıldı	1
dayanmadiği	dayanmadığı	1
ayaktadir	ayaktadır	1
Itibar	İtibar	1
muhakkaktir	muhakkaktır	1
Ermenistan’inda	Ermenistan’ında	1
Kumkapani’nda	Kumkapanı’nda	1
Vehabediyan’dir	Vehabediyan’dır	1
okurlarin	okurların	1
inancindaki	inancındaki	1
sayılarinin	sayılarının	1
kanitladiğı	kanıtladığı	1
duyacaklari	duyacakları	1
çikmişlardi	çıkmışlardı	1
istilasina	istilasına	1
dağilmış	dağılmış	1
parçalanmi	parçalarını	1
bağımsizliğini	bağımsızlığını	1
kalintilaridır	kalıntılarıdır	1
unvanmi	unvanını	1
taşndi	taşındı	1
Babiâli’den	Babıali’den	1
kaliyorlardi	kalıyorlardı	1
tanimalarina	tanımalarına	1
Ikametgâhi	İkametgahı	1
kasabasindaydi	kasabasındaydı	1
taninmadi	tanınmadı	1
ayricalikti	ayrıcalıktı	1
kazanmalarina	kazanmalarına	1
Taninmi	Tanırım	1
ninmalari	ninmaları	1
Manastiri	Manastırı	1
Adinı	Adını	1
karşilandi	karşılandı	1
edebiyatinin	edebiyatının	1
Manastirda	Manastırda	1
muhtediler	mühtediler	1
manastirdan	manastırdan	1
yayinladilar	yayınladılar	1
aralarindaki	aralarındaki	1
İsa	İşi	1
anlaşmazliğin	anlaşmazlığın	1
bağimsizliğini	bağımsızlığını	1
Ayan	Aynı	1
yaziyi	yazıyı	1
imzalamadi	imzalandı	1
kapatilmasi	kapatılması	1
yargilatmasi	yargılatması	1
kurtarilmaya	kurtarılmaya	1
kullanilanla	kullanılanla	1
Tip	Tıp	1
saygisina	saygısını	1
yorulabilecek	yorulabılecek	1
çabanin	çabanın	1
Virginiali	Virginialı	1
bağliliğınin	bağlılığının	1
dayandirilabilir	dayandırılabilir	1
duyacağim	duyacağım	1
Yıldiz	Yıldız	1
Okuyucularimı	Okuyucularımı	1
Istilasina	İstilasına	1
atilmişti	atılmıştı	1
kahramanlik	kahramanlık	1
Soy	Söy	1
kollara	kolları	1
savaşmiş	savaşmış	1
çikmışti	çıkmıştı	1
yakınlarina	yakınlarına	1
Oğullarindan	Oğullarından	1
Wessynton’in	Wessynton’ın	1
Durham’in	Durham’ın	1
başkei	baskei	1
manastirda	manastırda	1
ulaştirdiği	ulaştırdığı	1
entrikalarini	entrikalarını	1
çaltiği	çaltığı	1
yaçadi	yaçadı	1
soyağacinin	soyağacının	1
papazi	papazı	1
başkanliğıni	başkanlığını	1
dal	dil	1
burasiyla	burasıyla	1
Wessyntonlar’in	Wessyntonlar’ın	1
soyağacinın	soyağacının	1
Northumberland’in	Northumberland’ın	1
kazandirdiği	kazandırdığı	1
arma	ama	1
Bayrağl	Bayrağı	1
kanitlanmamiş	kanıtlanmamış	1
Sayin	Sayın	1
Yildizlar	Yıldızlar	1
anlattiğim	anlattığım	1
armasindan	armasından	1
duymadiklarini	duymadıklarını	1
Sadik	Sadık	1
WASHINGTON	WASHİNGTON	1
Karşilaştiği	Karşılaştığı	1
yaşamasi	yaşaması	1
kapitülasyonlari	kapitülasyonları	1
devamliliği	devamlılığı	1
başladiysa	başladıysa	1
gazabinin	gazabının	1
topluluklarinin	topluluklarının	1
birakma	bırakma	1
Irade	İrade	1
Başliklar	Başlıklar	1
kapsaminda	kapsamında	1
birakilmaz	bırakılmaz	1
bulunmasidir	bulunmasıdır	1
ucunun	üçünün	1
çikişindan	çıkışından	1
Uygulanmamalari	Uygulanmamaları	1
adadiklari	adadıkları	1
Hidiv’i	Hıdiv’i	1
karşıkliklara	karşıklıklara	1
naziriydi	nazırıydı	1
kazandirmişti	kazandırmıştı	1
manali	manalı	1
matbaasi	Matbaası	1
çağrişimlarin	çağrışımların	1
konulmasiydi	konulmasıydı	1
kapatildiği	kapatıldığı	1
matbaacilar	matbaacılar	1
duyarliliği	duyarlılığı	1
kasasinin	kasasının	1
matbaaci	matbaacı	1
Yaşamimizin	Yaşamımızın	1
balayimda	balayımda	1
yillar!	yıllar!	1
Carta’sindan	Carta’sından	1
Ağaçlari	Ağaçları	1
rustik	mistik	1
çalilariyla	çalılarıyla	1
hatiram	hatıram	1
saliniyordu	salınıyordu	1
Odaliklarin	Odalıkların	1
kivriliyor	kıvrılıyor	1
Adaciklar	Adacıklar	1
şakidiği	şakıdığı	1
sarkiyordu	sarkıyordu	1
çalilardan	çalılardan	1
Ode	Öde	1
havayi	havayı	1
Doğanin	Doğanın	1
şafağrydi	safağrydı	1
haklarinin	haklarının	1
kamunun	kanunun	1
aklimın	aklımın	1
nidalariyla	nidalarıyla	1
kullarina	kullarına	1
saniklarin	sanıkların	1
yadigârlarinin	yadigârlarının	1
armağandi	armağandı	1
hakkin	hakkın	1
refahin	refahın	1
siğır	sığır	1
tanima	tanıma	1
tanimiti	tanımıtı	1
yasasinda	yasasında	1
Müs	Muş	1
taninişınin	tanınışının	1
lüman	liman	1
atlirdi	atlırdı	1
sarsti	sarstı	1
sağlamiş	sağlamış	1
yati	yatı	1
rihtima	rıhtıma	1
kulaği	kulağı	1
ahşaplariyla	ahşaplarıyla	1
yanaştiği	yanaştığı	1
Kirım	Kırım	1
sayilmazdi	sayılmazdı	1
başladiklari	başladıkları	1
paranin	paranın	1
dolari	doları	1
adinu	adını	1
sağladilar	sağladılar	1
havalandirip	havalandırıp	1
Kaynamasi	Kaynaması	1
savaşimizdan	savaşımızdan	1
saticilarina	satıcılarına	1
kutlanmasina	kutlanmasına	1
karışıkliğa	karışıklığa	1
Içerideki	İçerideki	1
akçali	akçalı	1
Yazilar	Yazılar	1
korkulari	korkuları	1
kuruluşlariyla	kuruluşlarıyla	1
kelaminin	kelamının	1
misyonlari	misyonları	1
tramvaylarin	tramvayların	1
imanlari	imanları	1
çıkarlarin	çıkarların	1
programinin	programının	1
imtiyazli	imtiyazlı	1
şunlardir	şunlardır	1
Bulgaristan'in	Bulgaristan'ın	1
Misirda	Mısırda	1
kisim	kısım	1
Balkanlarin	Balkanların	1
Nusariye	Nusarıye	1
yukaridaki	yukarıdaki	1
kullanian	kullanan	1
binalari	binaları	1
Yatili	Yatılı	1
okullarinin	okullarının	1
ilkokullarin	ilkokulların	1
kurumlarinda	kurumlarında	1
okullarinda	okullarında	1
okularinda	okularında	1
Misirdaki	Mısırdaki	1
katilim	katılım	1
satişı	satışı	1
yilik	yılık	1
satii	satıı	1
arti	artı	1
sayısindaki	sayısındaki	1
sayisindaki	sayısındaki	1
satiştaki	satıştaki	1
kiralari	kiraları	1
onarimlari	onarımları	1
uyandirmak	uyandırmak	1
satmanin	şatmanın	1
çalişmiyorlar	çalışmıyorlar	1
vicdanina	vicdanına	1
çaliçan	çalıçan	1
tanimlamakta	tanımlamakta	1
pejoratif	pejoratıf	1
hakka	hakkı	1
yattiği	yattığı	1
mensuplarina	mensuplarına	1
baskilar	baskılar	1
atiliyor	atılıyor	1
misyonlarindan	misyonlarından	1
Protestanlarin	Protestanların	1
oluşturmamalari	oluşturmamaları	1
haraçlari	haraçları	1
tiraz	tıraz	1
atilmaktadir	atılmaktadır	1
suçlandilar	suçlandılar	1
gayrisahih	gayrisahıh	1
haçhi	haçhı	1
Protestanlari	Protestanları	1
çarpişmalardan	çarpışmalardan	1
önyarginin	önyargının	1
ikonalari	ikonaları	1
Tanrisi	Tanrısı	1
ilikinin	ılıkının	1
parasiyla	parasıyla	1
kurumlarini	kurumlarını	1
sabirli	sabırlı	1
çalişmalarin	çalışmaların	1
parildayan	parıldayan	1
Salonlarini	Salonlarını	1
duymasinda	duymasında	1
ayrildiğini	ayrıldığını	1
doktorlari	doktorları	1
yardimcilari	yardımcıları	1
Misyonlarinin	Misyonlarının	1
saçaklanmışti	saçaklanmıştı	1
kahramanlarimiz	kahramanlarımız	1
savaşıni	savaşını	1
yıllik	yıllık	1
çalişmalarinin	çalışmalarının	1
almaktadir	almaktadır	1
sayısi	sayısı	1
yayin	yayın	1
başindaydi	başındaydı	1
ayrintiya	ayrıntıya	1
yayinlarinin	yayınlarının	1
itimadi	itimadı	1
kurtuluşlari	kurtuluşları	1
sinıri	sınırı	1
olmaktadir	olmaktadır	1
Atti	Attı	1
artmaktadir	artmaktadır	1
Incili’nin	İncili’nin	1
zayiflattiğini	zayıflattığını	1
ovasinda	ovasında	1
attiği	attığı	1
kapilarinda	kapılarında	1
Yakinlarda	Yakınlarda	1
başarisina	başarısına	1
sunaklarinın	sunaklarının	1
kalintilarinin	kalıntılarının	1
insafsizca	insafsızca	1
yağmaladilar	yağmaladılar	1
payitahttaydi	payitahttaydı	1
dağitildiği	dağıtıldığı	1
siğindilar	sığındılar	1
Protestanliğin	Protestanlığın	1
yaran	yarın	1
kişkirttiği	kışkırttığı	1
baskılarina	baskılarına	1
Kurtarici’nin	Kurtarıcı’nın	1
inançlardaki	inançlardakı	1
anlayacaklardir	anlayacaklardır	1
çapeli	capeli	1
Kurduklari	Kurdukları	1
binalarin	binaların	1
kavramiş	kavramış	1
açılmasindan	açılmasından	1
uğraştiklari	uğraştıkları	1
çalşanlarina	çalşanlarına	1
ilikileri	ılıkıleri	1
kopmadi	kopmadı	1
avantajdir	avantajdır	1
imalatinda	imalatında	1
yurttaşlari	yurttaşları	1
kitaplara	kitapları	1
kisitlamalar	kısıtlamalar	1
satia	satıa	1
dayatiyorlar	dayatıyorlar	1
okullarin	okulların	1
yasanin	yasanın	1
çalişmişlardi	çalışmışlardı	1
kapatilmasinin	kapatılmasının	1
yasalari	yasaları	1
yatirimlar	yatırımlar	1
yorumlanmasiyla	yorumlanmasıyla	1
atilmamalidir	atılmamalıdır	1
kalmaktadir	kalmaktadır	1
bulunmadiği	bulunmadığı	1
yurttaşlarina	yurttaşlarına	1
cezalandirmadan	cezalandırmadan	1
salivermelerine	salıvermelerine	1
çalinmiş	çalınmış	1
soyguncularin	soyguncuların	1
çikarlarinin	çıkarlarının	1
Amerikaliların	Amerikalıların	1
batidan	batıdan	1
katki	katkı	1
çalişmalarini	çalışmalarını	1
Babiâli’de	Babıali’de	1
yurttaşinca	yurttaşınca	1
sikintilar	sıkıntılar	1
Ittifak	İttifak	1
kaçinilmamiştir	kaçınılmamıştır	1
azaltmiştir	azaltmıştır	1
yurttaşlariyla	yurttaşlarıyla	1
aldikça	aldıkça	1
koşacaktir	koşacaktır	1
hicveden	hiçveden	1
aksan	akşam	1
Aksan	Akşam	1
karmakarişık	karmakarışık	1
Kurallari	Kuralları	1
tasrifi	tasnifi	1
tonlarina	tonlarına	1
kilavuzluk	kılavuzluk	1
simlerde	şimlerde	1
adlandirilabilecek	adlandırılabilecek	1
edati	edatı	1
Karşılaştirma	Karşılaştırma	1
Sifatlari	Sıfatları	1
simlerin	şimlerin	1
karşılaştirmayı	karşılaştırmayı	1
sifatin	sıfatın	1
kavasımiz	kavasımız	1
kaçinamazdi	kaçınamazdı	1
ağacin	ağacın	1
dallari	dalları	1
altisi	altısı	1
sifat	sıfat	1
anlamlarinin	anlamlarının	1
saptir	saptır	1
Ingilizce’dekilerden	İngilizce’dekilerden	1
kolayliklar	kolaylıklar	1
seker	şeker	1
yalanci	yalancı	1
iini	üni	1
kullanilır	kullanılır	1
yaptiğinizda	yaptığınızda	1
yararlidır	yararlıdır	1
hamaliyeniz	hamalıyeniz	1
anlamıni	anlamını	1
daracik	daracık	1
uca	içi	1
yapsin	yapsın	1
kaldirima	kaldırım	1
alişkanliklarıni	alışkanlıklarını	1
korunabildiği	korunabıldığı	1
kaldirimli	kaldırımlı	1
sokaklarindaki	sokaklarındaki	1
adimınizda	adımınızda	1
yiğinlarinin	yığınlarının	1
koruyucularinin	koruyucularının	1
dokunmalari	dokunmaları	1
olağandir	olağandır	1
korumasina	korumasına	1
berati	beratı	1
Lisansli	Lisanslı	1
birakirken	bırakırken	1
alşverişinde	alsverişinde	1
karııklik	kariıklık	1
ağirlaşmişken	ağırlaşmışken	1
kavasin	kavasın	1
saygildir	saygıldır	1
okumasi	okuması	1
Konuşmasinin	Konuşmasının	1
yazida	yazıda	1
noktalama	noktaları	1
Yazida	Yazıda	1
yazilir	yazılır	1
bulunmamasidir	bulunmamasıdır	1
Okumasinin	Okumasının	1
Satirin	Satırın	1
kâğit	kağıt	1
kâğidi	kağıdı	1
yazimalara	yazmaları	1
ayrilmıştir	ayrılmıştır	1
parçasiyla	parçasıyla	1
akicilikla	akıcılıkla	1
yazilara	yazılara	1
yazarlarin	yazarların	1
vandalliğini	vandallığını	1
Kitaplarin	Kitapların	1
tutarlidir	tutarlıdır	1
tutarliysa	tutarlıysa	1
zararlidır	zararlıdır	1
Kanit	Kanıt	1
batirmak	batırmak	1
yazilm	yazılm	1
hamamlarinin	hamamlarının	1
suçlamasidir	suçlamasıdır	1
toplamiş	toplamış	1
Bazilarinin	Bazılarının	1
yorumlari	yorumları	1
ummanina	ummanına	1
dalmasina	dalmasına	1
tarzlarinda	tarzlarında	1
laboratuarini	laboratuarını	1
tapinağinin	tapınağının	1
kalabaliklarin	kalabalıkların	1
Lavosier’le	Lavosıer’le	1
siniflandirilmaya	sınıflandırılmaya	1
üstadlarini	üstadlarını	1
karanin	kararın	1
edebiyatlari	edebiyatları	1
yapici	yapıcı	1
Kamıın	Karın	1
yaptiklarinin	yaptıklarının	1
ölgün	olsun	1
alnini	alnını	1
Padişahlarin	Padişahların	1
tensel	temel	1
ıltil	iltil	1
inzivalari	inzivaları	1
aydinlatmadi	aydınlatmadı	1
Ardillari	Ardılları	1
yarattiğini	yarattığını	1
istilalarindan	istilalarından	1
atalarinın	atalarının	1
ağizlarindan	ağızlarından	1
ovalarinda	ovalarında	1
Yumuşakliğı	Yumuşaklığı	1
uygulamasini	uygulamasını	1
savcisiı	savcısıı	1
sanatlarini	sanatlarını	1
Quintilian’in*	Quintilian’ın*	1
kurallariyla	kurallarıyla	1
anlatirken	anlatırken	1
yargi	yargı	1
anahtaridir	anahtarıdır	1
çuhasinin	çuhasının	1
kumaşlarinin	kumaşlarının	1
duyacağinizi	duyacağınızı	1
şaşırirsiniz	şaşırırsınız	1
tavrinda	tavrında	1
satışinda	satışında	1
karşıliğıyla	karşılığıyla	1
manastira	manastıra	1
kurmalari	kurmaları	1
yanlarini	yanlarını	1
edebiyatini	edebiyatını	1
okuduklarini	okuduklarını	1
bağirlarina	bağırlarına	1
bastıklarini	bastıklarını	1
Sinirli	Sınırlı	1
kalmayi	kalmayı	1
bakanlik	bakanlık	1
yarimadalari	yarımadaları	1
ahlaksizliklardan	ahlaksızlıklardan	1
vakiflarinin	vakıflarının	1
vakiflari	vakıfları	1
vakiflariyla	vakıflarıyla	1
telgrafi	telgrafı	1
meraki	merakı	1
siniflari	sınıfları	1
uygulanmıştir	uygulanmıştır	1
çoklarini	çoklarını	1
tanittiğinda	tanıttığında	1
konuşmaksizin	konuşmaksızın	1
aktarilabileceğini	aktarılabileceğini	1
Yilan	Yılan	1
Danimarkali	Danimarkalı	1
Külkedileri	Kulkedileri	1
siniflarina	sınıflarına	1
duygularin	duyguların	1
Mezarlik	Mezarlık	1
aktariminda	aktarımında	1
ağirbaşliliğina	ağırbaşlılığına	1
çıkanlarin	çıkanların	1
yakinlarini	yakınlarını	1
akrabalarini	akrabalarını	1
yayginlaşmıştır	yaygınlaşmıştır	1
Kabristani’nda	Kabristanı’nda	1
toprağıni	toprağını	1
Dalindan	Dalından	1
solmadiğı	solmadığı	1
taşinda	tasında	1
sapindan	sapından	1
lazim	lazım	1
Ifade	İfade	1
Basin	Basın	1
anlatildiği	anlatıldığı	1
yazilamaz	yazılamaz	1
çıkarilmaya	çıkarılmaya	1
başlatmişti	başlatmıştı	1
Bizàntian	Bizantıan	1
Luka’nin	Luka’nın	1
dayanamadi	dayanamadı	1
basini	başını	1
çikmaktadir	çıkmaktadır	1
kayıtsizliği	kayıtsızlığı	1
Tarik’tir	Tarık’tır	1
organidir	organıdır	1
Herald’dir	Herald’dır	1
Canliliğinin	Canlılığının	1
uğramasidir	uğramasıdır	1
igüzarca	ığuzarca	1
olanlardir	olanlardır	1
hui	hü	1
portefeuille	portefeuılle	1
çıkartilmıtir	çıkartılmıtır	1
Anlayişi	Anlayışı	1
Yaygin	Yaygın	1
Fransiz’in	Fransız’ın	1
kabaliktan	kabalıktan	1
kivilcimi	kıvılcımı	1
dolaştiği	dolaştığı	1
Kayalik	Kayalık	1
tavirlara	tavırlara	1
hoşlanir	hoşlanır	1
zaaflariyla	zaaflarıyla	1
tufani	tufanı	1
gidiklayan	gıdıklayan	1
abartmaciliktan	abartmacılıktan	1
abartilar	abartılar	1
onura	onun	1
mübalağasi	mübalağası	1
patlamasinda	patlamasında	1
çaşaali	casaalı	1
ihsaniniz	ihsanınız	1
yildizlarini	yıldızlarını	1
imkânlarim	imkânlarım	1
okunmasi	okunması	1
saptirma	saptırma	1
dallanip	dallanıp	1
tavirlarin	tavırlarını	1
nüktedanlik	nüktedanlık	1
performanslarin	performansların	1
maskaralik	maskaralık	1
çarkicilar	çarkıcılar	1
Kahramani	Kahramanı	1
yazaridir	yazarıdır	1
dramin	dramın	1
sarilip	sarılıp	1
kaşlari	kaşları	1
gusle	güle	1
yapilamaz	yapılamaz	1
arkasindaki	arkasındaki	1
çadirin	çadırın	1
sarmalanmi	sarmalanmı	1
Çadirin	Çadırın	1
âşıklari	aşıkları	1
yanaklari	yanakları	1
allikla	allıkla	1
karartilmiştir	karartılmıştır	1
kirar	kırar	1
çikagelir	çıkagelir	1
canlandiran	canlandıran	1
Sullivan’in***	Sullivan’ın***	1
operalarinda	operalarında	1
basamamişlardi	basamamışlardı	1
gicirtilariyla	gıcırtılarıyla	1
çıkmadir	çıkmadır	1
canliliğin	canlılığın	1
Gusle	Güle	1
halklarinın	halklarının	1
kullandiğı	kullandığı	1
çalgi	çalgı	1
Ingiltere'sinde	İngiltere'sinde	1
damgalarini	damgalarını	1
bastilar	bastılar	1
dolayidir	dolayıdır	1
anlayişin	anlayışın	1
oyunlarina	oyunlarına	1
anlaşilmamiş	anlaşılmamış	1
anlaşılirsa	anlaşılırsa	1
kalin	kalın	1
bas	baş	1
kazlar	kızlar	1
Âşıklarin	Aşıkların	1
çağriştiran	çağrıştıran	1
hoplayip	hoplayıp	1
ziplarlar	zıplarlar	1
Âşığin	Âşığın	1
acilarinin	acılarının	1
hantalliğinin	hantallığının	1
yuvarlanip	yuvarlanıp	1
yanaklariyla	yanaklarıyla	1
kazin	Kâzım	1
yaratilmıştir	yaratılmıştır	1
şaşmişimdir	şaşmışımdır	1
bastirilmasiyla	bastırılmasıyla	1
Anlatimi	Anlatımı	1
çalinirken	çalınırken	1
varyasyonlari	varyasyonları	1
çikartilir	çıkartılır	1
dokunaklidır	dokunaklıdır	1
dolanmasiyla	dolanmasıyla	1
ortasnda	ortasında	1
yapacaklari	yapacakları	1
anlaşmayi	anlaşmayı	1
koyduklari	koydukları	1
kanitidir	kanıtıdır	1
kayaliklara	kayalıklara	1
çaliırdim	çalıırdım	1
Baktiğinda	Baktığında	1
vefanin	vefanın	1
Osmanl’nin	Osmani’nin	1
uyuşukluklarina	uyuşukluklarına	1
Kadi	Kadı	1
tutmanin	tutmanın	1
dindara	dından	1
karşılaşir	karşılaşır	1
iğin	için	1
kullanilırlar	kullanılırlar	1
kissadan	kıssadan	1
ulaşmasinda	ulaşmasında	1
kirilmaya	kırılmaya	1
Parlaklik	Parlaklık	1
dilenme	dilerine	1
duasi	duası	1
batil	batıl	1
Yazilarimiz’la	Yazılarımız’la	1
Kem	Ken	1
Bağdat’in	Bağdat’ın	1
çağindaki	çağındaki	1
parçalarin	parçaların	1
salgilarini	salgılarını	1
mandalarin	mandaların	1
bakşlarinı	bakşlarını	1
uzaklaştirdiğına	uzaklaştırdığına	1
yemi	yeni	1
kullanilabilecek	kullanılabilecek	1
kullanmasi	kullanması	1
Zamanlarin	Zamanların	1
çikacağini	çıkacağını	1
bun	bin	1
kâğidin	kağıdın	1
birakilmamasi	bırakılmaması	1
âdetleridir	adetleridir	1
ayağiyla	ayağıyla	1
elverisiz	elverişiz	1
müneccimbaşılik	müneccimbaşılık	1
kafasinin	kafasının	1
çarelerin	çarelerini	1
ayrintilandirmaya	ayrıntılandırmaya	1
bağliliktir	bağlılıktır	1
haşmetle	hürmetle	1
dramatis	dramatıs	1
personasi	personası	1
Belkis’tir	Belkıs’tır	1
destandir	destandır	1
akillisi	akıllısı	1
islanmasin	islanmasın	1
sirri	sırrı	1
macun	niçin	1
modayi	modayı	1
Saba’nin	Saba’nın	1
eczacisi	eczacısı	1
Belkis’in	Belkıs’ın	1
yanaği	yanağı	1
yazilidir	yazılıdır	1
hamamlardaki	hamamlardakı	1
birakmak	bırakmak	1
Mezariniza	Mezarınıza	1
yikilmasiyla	yıkılmasıyla	1
kariştim	karıştım	1
Bağdatlilarin	Bağdatlıların	1
hadimağasiyim	hadımağasıyım	1
yanitlar	yanıtlar	1
muhafizisin	muhafızısın	1
kumandanlarindan	kumandanlarından	1
saygilidır	saygılıdır	1
Kumandaniyim	Kumandanıyım	1
hıçkiriğıyla	hıçkırığıyla	1
oldun	oldum	1
Kumandani	Kumandanı	1
haremağasiydin	haremağasıydın	1
olacaksin!	olacaksın!	1
çekmitir	cekmitir	1
kenarinda	kenarında	1
muazzamliğiyla	muazzamlığıyla	1
sinirlayan	sınırlayan	1
kisimda	kısımda	1
sarilmş	sarılmış	1
Haidanhaissar	Haidanhaıssar	1
yeillikle	yeıllıkle	1
okumaniz	okumanız	1
olana	olan	1
Surun	Ürün	1
arkadaşlariyla	arkadaşlarıyla	1
Tacinin	Tacının	1
karatlik	karatlık	1
kayıptir	kayıptır	1
şiğini	sığını	1
molozlari	molozları	1
çobanlarinın	çobanlarının	1
Oracikta	Oracıkta	1
sekillendirilmek	şekillendirilmek	1
kayiverir!	kayıverir!	1
aktariyorum	aktarıyorum	1
basilmamiş	basılmamış	1
Nazirlar	Nazırlar	1
Çikartilan	Çıkartılan	1
nazirlarin	nazırların	1
kismı	kısmı	1
kiliklariyla	kılıklarıyla	1
şallari	şalları	1
çıkarilmi	çıkarılmı	1
nazirlara	nazırlara	1
doldurmanin	doldurmanın	1
cezalandirmaydi	cezalandırmaydı	1
azaltmayi	azaltmayı	1
kahramaniydi	kahramanıydı	1
Mithat’in	Mithat’ın	1
casuslarindan	casuslarından	1
Paşanin	Paşanın	1
tutuklandilar	tutuklandılar	1
bağırdi	bağırdı	1
canim	canım	1
Yaptiklarini	Yaptıklarını	1
Asin	İşin	1
hakkindadir	hakkındadır	1
kurnazlik	kurnazlık	1
gaddarlikla	gaddarlıkla	1
kandirir	kandırır	1
kisma	kısmı	1
kollarini	kollarını	1
bağişlayacağim	bağışlayacağım	1
Yarisi	Yarısı	1
ayağinın	ayağının	1
yuvarlanmaktadir	yuvarlanmaktadır	1
kalincaya	kalıncaya	1
yaklaşmasini	yaklaşmasını	1
çöhretine	çohretine	1
salmiş	salmış	1
karişık	karışık	1
padişahlari	padişahları	1
bulundururlardi	bulundururlardı	1
hazircevapliktaki	hazırcevaplıktakı	1
soytarisi	soytarısı	1
sorulariyla	sorularıyla	1
utandirmaya	utandırmaya	1
uğraşırlardi	uğraşırlardı	1
kistirmaya	kıstırmaya	1
soytariya	soytarıya	1
ayip	ayıp	1
oracikta	oracıkta	1
bağirdi	bağırdı	1
yanindaydilar	yanındaydılar	1
yaratik!	yaratık!	1
Asilmayi	Asılmayı	1
darağacinda	darağacında	1
sallanacaksin!	sallanacaksın!	1
çağirir	çağırır	1
Celladi	Celladı	1
Istifini	İstifini	1
buyurursaniz	buyurursanız	1
hareketim	hareketin	1
Hanim	Hanım	1
kizdiğiniz	kızdığınız	1
hatirladi	hatırladı	1
kaçınilmazdir!	kaçınılmazdır!	1
kadilar	kadılar	1
davanin	davanın	1
davasi	davası	1
davayi	davayı	1
hasmnin	hanımın	1
rahatladi	rahatladı	1
şaşirmaktan	şaşırmaktan	1
alamadilar	alamadılar	1
sakalindan	sakalından	1
koparir	koparır	1
uyuşmayi	uyuşmayı	1
çakirkeyif	çakırkeyif	1
kaklarinda	kaklarında	1
açiktadir	açıktadır	1
ahbabina	ahbabına	1
boşunadir	boşunadır	1
çikarır	çıkarır	1
okkali	okkalı	1
cezalandiracağini	cezalandıracağını	1
Yatağanini	Yatağanını	1
bağşlamasini	bağşlamasını	1
saldiriyi	saldırıyı	1
karakapli	karakaplı	1
firlar	fırlar	1
Kadi’ya	Kadı’ya	1
Yanilmış	Yanılmış	1
olmayasiniz	olmayasınız	1
okusaniz	okusanız	1
tartımasiz	tartımasız	1
aciyor	açıyor	1
Şeriat’in	Şeriat’ın	1
parmağin	parmağın	1
acimaz	acımaz	1
yaklaşir	yaklaşır	1
Alim	Alım	1
saldirana	saldıran	1
cezayi	cezayı	1
olmani	orman	1
Rue	Ne	1
raporlarina	raporlarına	1
smi	şim	1
hatirlayamiyorum	hatırlayamıyorum	1
oturmasi	oturması	1
şikti	sıktı	1
dağinik	dağınık	1
odasina	odasına	1
adlandirmam	adlandırmam	1
bakışlarindaki	bakışlarındaki	1
yabanlik	yabanlık	1
Tercümanin	Tercümanın	1
Yanitlar	Yanıtlar	1
ekselanslari	ekselansları	1
hitaptir	hitaptır	1
Konuşmasini	Konuşmasını	1
insanim	insanın	1
malima	malına	1
şahislar	şahıslar	1
bekârim	bekarım	1
taşındim	taşındım	1
seytani	şeytani	1
parlamaktaydi	parlamaktaydı	1
sapli	saplı	1
kapiciyi	kapıcıyı	1
arandi	arandı	1
malimi	malını	1
izliyorlardi	izliyorlardı	1
şahislar!	şahıslar!	1
veliahtiyim	veliahtıyım	1
hükümdariyım!	hükümdarıyım!	1
Düşmanlarinin	Düşmanlarının	1
acisini	acısını	1
başvurmadi	başvurmadı	1
paylatik	paylatık	1
tebasini	tebasını	1
iktidarsizliğina	iktidarsızlığına	1
adamda	adamdı	1
yakınlik	yakınlık	1
tiraşliydi	tıraşlıydı	1
iılti	ııltı	1
Yurtdişindaki	Yurtdışındaki	1
Bakanliği’na	Bakanlığı’na	1
maaşıni	maaşını	1
çılginca	çılgınca	1
vatandaşlarimizin	vatandaşlarımızın	1
başaramadiğindan	başaramadığından	1
koymasinin	koymasının	1
vurmasindan	vurmasından	1
koparanlarin	koparanların	1
duyamadan	duymadan	1
bahşi	bahsi	1
Nazirinin	Nazırının	1
odasindan	odasından	1
açiklayana	açıklayan	1
yanağinin	yangının	1
anlatiyordu	anlatıyordu	1
ayisi	iyisi	1
buzu	bizi	1
Ame	Ne	1
ketumiyet	ketumıyet	1
Johnson’in	Johnson’ın	1
çayini	çayını	1
Dahasini	Dahasını	1
Temennalarini	Temennalarını	1
Gragiulo	Gragıulo	1
rikan	imkan	1
yurtdişına	yurtdışına	1
çiktiğimda	çıktığında	1
araci	aracı	1
barıın	birini	1
insanliğin	insanlığın	1
erimi	emiri	1
Iiğın	Iıgin	1
artirilmiyor	artırılmıyor	1
ağladiklari	ağladıkları	1
diplomatlardi	diplomatlardı	1
Yurtdişında	Yurtdışında	1
anlamsiz	anlamsız	1
birakiyorum	bırakıyorum	1
ari	arı	1
Sarah	Sarih	1
Gamp	Garip	1
fikrasi	fıkrası	1
insancilliğinin	insancıllığının	1
Fikralariyla	Fıkralarıyla	1
Gamp’in	Gamp’ın	1
kahramanlarindan	kahramanlarından	1
fikrada	fıkrada	1
karisina	karısına	1
Yarin	Yarın	1
bağima	başına	1
demen	denen	1
Kapiyi	Kapıyı	1
Başıni	Başını	1
onariminda	onarımında	1
karisinin	karısının	1
icabina	icabına	1
daminin	dininin	1
hazirlamaya	hazırlamaya	1
yapiyorsun	yapıyorsun	1
çatisindan	çatısından	1
Hocanin	Hocanın	1
kaygil	kaygıl	1
komçulari	komçuları	1
kaçırdiğindan	kaçırdığından	1
olmayacaklarina	olmayacaklarına	1
karilariniza	karılarınıza	1
hilekârlik	hilekarlık	1
sokariz	sokarız	1
çakmasina	çıkmasına	1
satiliğa	satılığa	1
alicidan	alıcıdan	1
Alici	Alıcı	1
Yanit	Yanıt	1
maldaki	maldakı	1
Satin	Satın	1
saticinin	satıcının	1
kasabasinda	kasabasında	1
cevabi	cevabı	1
yarisinin	yarısının	1
sorsaniz	sorsanız	1
Boyle	Böyle	1
kalkmalarini	kalkmalarını	1
çirparak	çırparak	1
haykırmalarini	haykırmalarını	1
yapiyormuş	yapıyormuş	1
kovayi	kovayı	1
korktuklari	korktukları	1
sarkitmalarini	sarkıtmalarını	1
başlamişlar	başlamışlar	1
yaklaşmiş	yaklaşmış	1
yakalamiş	yakalamış	1
haykirmışlar	haykırmışlar	1
kirilmiş	kırılmış	1
açiklanamayacak	açıklanamayacak	1
durumdaymiş	durumdaymış	1
kararlaştirmışlar	kararlaştırmışlar	1
çalişarak	çalışarak	1
bulamazsaniz	bulamazsanız	1
yikanmış	yıkanmış	1
getirdin	getirdim	1
kazanin	kazanın	1
dedin	dedim	1
şaşkinlikla	şaşkınlıkla	1
haykirmış	haykırmış	1
tavrindan	tavrından	1
kazaninin	kazanının	1
malina	malına	1
çarpitsa	çarpıtsa	1
yararlanmanin	yararlanmanın	1
Avci	Avcı	1
kapiya	kapıya	1
varinca	varınca	1
çeyim	ceyim	1
kissadaki	kıssadakı	1
komusu	konusu	1
aniriyor!	anırıyor!	1
ağırbaşh	ağırbaşlı	1
hocanin	hocanın	1
ağarmiş	ağarmış	1
Akilli	Akıllı	1
çıkarini	çıkarını	1
anlaticilarinin	anlatıcılarının	1
loncasi	loncası	1
masallarinin	masallarının	1
korkmamasi	korkmaması	1
çaşmamasi	casmaması	1
tas	taş	1
açılmasina	açılmasına	1
Kavaslarindan	Kavaslarından	1
yakinirlar	yakınırlar	1
davalinin	davalının	1
yarilip	yarılıp	1
açilmadadir	açılmadadır	1
davacilar	davacılar	1
alacaklardir	alacaklardır	1
suçladiklari	suçladıkları	1
yarilacaktır	yarılacaktır	1
paralarini	paralarını	1
yarilarak	yarılarak	1
kavasimin	kavasımın	1
asmak	aşmak	1
Ağacin	Ağacın	1
Şeytan’in	Şeytan’ın	1
yapasin	yapasın	1
nala	mali	1
sirtina	sırtına	1
camina	çarın	1
uşaklarini	uşaklarını	1
misın	misin	1
hayir’dir	hayır’dır	1
konağinin	konağının	1
Ahirinda	Ahırında	1
yaptirır	yaptırır	1
yalaği	yalağı	1
kalakalir	kalakalır	1
şaşkindir	şaşkındır	1
kulaklarini	kulaklarını	1
kulağini	kulağını	1
sallamaktadir	sallamaktadır	1
kaçırdi	kaçırdı	1
Faydasi	Faydası	1
oynamaktadir	oynamaktadır	1
Kulaklarinı	Kulaklarını	1
Akil	Akıl	1
konağin	konağın	1
birakırlar	bırakırlar	1
kissada	kıssada	1
aktardim	aktardım	1
kasabasi	kasabası	1
çaliştirildiysa	çalıştırıldıysa	1
tamamlanamadi	tamamlanamadı	1
âlimiydi	alımıydı	1
onurlandirilir	onurlandırılır	1
arabasinin	arabasının	1
Telgrafi	Telgrafı	1
anlaşlir	anlaşlır	1
anlamamiştir	anlamamıştır	1
kaynağini	kaynağını	1
ustasidir	ustasıdır	1
karşılaştirın	karşılaştırın	1
Uyguladiklari	Uyguladıkları	1
kuşamlarindaki	kuşamlarındakı	1
aynidir	aynıdır	1
yargilayan	yargılayan	1
yargilamalar	yargılamalar	1
Garp’inkiyle	Garp’ınkıyle	1
kalabaliğın	kalabalığın	1
başlamamiş	başlanmış	1
evraki	evrakı	1
kazanmi	kazanın	1
Tercümanimizi	Tercümanımızı	1
Sirf	Sırf	1
masumu	masum	1
tutuklanmasinin	tutuklanmasının	1
cezalandirmanin	cezalandırmanın	1
lafi	lafı	1
anlayışıni	anlayışını	1
kadilarin	kadıların	1
Macaristan’n	Macaristan’ın	1
antlama	anıtları	1
kasabanin	kasabanın	1
mutasarrifindan	mutasarrıfından	1
mutasarrif	mutasarrıf	1
tutuklanip	tutuklanıp	1
Çağirttiği	Çağırttığı	1
hirsizinin	hırsızının	1
atildiğini	atıldığını	1
hirsizliğı	hırsızlığı	1
Kanitlari	Kanıtları	1
bulundun	bulundum	1
kazinin	kızının	1
çalinmasina	çalınmasına	1
taniğa	tanığı	1
Başkalarinın	Başkalarının	1
çarptiriyorum!	çarptırıyorum!	1
alacakli	alacaklı	1
dolacaktir	dolacaktır	1
alacaklıyi	alacaklıyı	1
sağlayacağim	sağlayacağım	1
Misır’daki	Mısır’daki	1
kurnazliğa	kurnazlığa	1
basamaklarina	basamaklarına	1
hizmetkârina	hizmetkarına	1
hirsiz	hırsız	1
şahsin	şahsın	1
karanliğinda	karanlığında	1
çağirtır	çağırtır	1
hirsizin	hırsızın	1
cezalandirir	cezalandırır	1
takmasaydin	takmasaydın	1
ayaklarini	ayaklarını	1
yalvarir	yalvarır	1
hanimim	hanımın	1
ihtiyacim	ihtiyacım	1
yaparim	yaparım	1
varhğim	varhğım	1
Ustaliğimı	Ustalığımı	1
kaliriz!	kalırız!	1
Kadinin	Kadının	1
aydinlanarak	aydınlanarak	1
avci	avcı	1
çikarilmasi	çıkarılması	1
utançtir	utançtır	1
kurtarirdi	kurtarırdı	1
avciyi	avcıyı	1
yarginin	yargının	1
çikarilir!	çıkarılır!	1
anlaticisindan	anlatıcısından	1
hikâyeciyi	hikayeciyi	1
argin	argın	1
Arapçasi	Arapçası	1
okurlarinin	okurlarının	1
taparcasina	taparcasına	1
hakkindaydi	hakkındaydı	1
Karisi	Karısı	1
Kocasina	Kocasına	1
karşiliği	karşılığı	1
kayiplara	kayıplara	1
Kocasi	Kocası	1
Atli	Atlı	1
yuvarlanir	yuvarlanır	1
attir	attır	1
taşocaği	taşocağı	1
bağirip	bağırıp	1
yakalayip	yakalayıp	1
Kadinın	Kadının	1
kaçaği	kaçağı	1
salda	saldı	1
taşinarak	taşınarak	1
atin	atın	1
fişkirmaktadir	fışkırmaktadır	1
Biçağini	Bıçağını	1
dokunmayacaksin	dokunmayacaksın	1
sağliğina	sağlığına	1
akrabasina	akrabasına	1
davaliya	davalıya	1
çarptirilinca	çarptırılınca	1
akrabanin	akrabanın	1
şakinliktan	sakinliktan	1
çağrilsin!	çağrılsın!	1
boylamasina	boylamasına	1
davalinindır	davalınındır	1
kaybina	kaybına	1
olmayacaği	olmayacağı	1
taşocağina	taşocağına	1
atlasin	atlasın	1
Davanin	Davanın	1
aşamasinda	aşamasında	1
çarptirilir	çarptırılır	1
Kalabaliğın	Kalabalığın	1
masalinin	masalının	1
mirilti	mırıltı	1
atlayi	atlayı	1
konuşmasini	konuşmasını	1
kaldiğ	kaldığ	1
olayina	olayına	1
katildiklari	katıldıkları	1
çağırttim	çağırttım	1
layisıyla	layısıyla	1
ayrilır	ayrılır	1
kukulari	kukuları	1
yakip	yakıp	1
uğrayip	uğrayıp	1
sigaralarimizi	sigaralarımızı	1
fincanlarimizi	fincanlarımızı	1
alintilandiğini	alıntılandığını	1
çikarincaya	çıkarıncaya	1
ipuçlarini	ipuçlarını	1
gipta	gıpta	1
uyanik	uyanık	1
siyriliyor	sıyrılıyor	1
Sigarasindan	Sigarasından	1
Gaboriau’nun*	Gaborıau’nun*	1
atacaği	atacağı	1
zekâyi	zekâyı	1
toplanmayacaği	toplanmayacağı	1
çunlari	çünları	1
çıkışınin	çıkışının	1
Émile	Önle	1
çahşan	çalışan	1
hursiz	hırsız	1
hatiralarini	hatıralarını	1
Gaboriau	Gaborıau	1
romanci	romancı	1
Gaboriau’nun	Gaborıau’nun	1
romaninın	romanının	1
hirsizken	hırsızken	1
Mémoires	Memoires	1
kaymak	kaynak	1
tabakasinin	tabakasının	1
Konuklarin	Konukların	1
uğraşılir	uğraşılır	1
masalari	masaları	1
ihtişamıni	ihtişamını	1
takimlarin	takımların	1
çıkarilmıştir	çıkarılmıştır	1
üniformalarini	üniformalarını	1
piştovlarini	piştovlarını	1
yatağanlarini	yatağanlarını	1
kuşanmişlardir	kuşanmışlardır	1
birakilmiş	bırakılmış	1
şaşırip	şaşırıp	1
durmaktadirlar	durmaktadırlar	1
takimlarinin	takımlarının	1
kavaslarindan	kavaslarından	1
akllisini	akllısını	1
çalmadiğini	çalmadığını	1
ustadir	ustadır	1
faydasi	faydası	1
siyiramayacaksin	sıyıramayacaksın	1
çalmadiğımi	çalmadığımı	1
odanin	odanın	1
pancurlarin	pancurların	1
kapatilarak	kapatılarak	1
karartilmasina	karartılmasına	1
çağirtmasini	çağırtmasını	1
çikarmayacak	çıkarmayacak	1
baladiğinda	baladığında	1
çaldiğıni	çaldığını	1
yanilmadi	yanılmadı	1
arkanizdan	arkanızdan	1
anirmaz	anırmaz	1
Çalima	Çalıma	1
Anlaşilan	Anlaşılan	1
aramizda	aramızda	1
anirmamasi	anırmaması	1
açiklayamiyorum	açıklayamıyorum	1
kaldirin	kaldırım	1
sayin	sayın	1
uşaktir	uşaktır	1
aniracağindan	anıracağından	1
taşranin	taşranın	1
imtihanmiş	imtihanmış	1
crucisden	crucısden	1
kadilarinin	kadılarının	1
ayirmakta	ayırmakta	1
varilir	varılır	1
ayrildik	ayrıldık	1
dostlarimiza	dostlarımıza	1
anilarimiza	anılarımıza	1
Anlattiğim	Anlattığım	1
davasina	davasına	1
esasina	esasına	1
saliverilen	salıverilen	1
sakatlandiği	sakatlandığı	1
sinavlarin	sınavların	1
koyacaktir	koyacaktır	1
papazlarin	papazların	1
çağırtir	çağırtır	1
kuşatacağimi	kuşatacağımı	1
oluşturmamiza	oluşturmamıza	1
olmayışini	olmayışını	1
hükümranliğim	hükümranlığım	1
aylik	aylık	1
ihtiyacimiz	ihtiyacımız	1
fermaniniza	fermanınıza	1
masraflarimiz	masraflarımız	1
ayrilmişlar	ayrılmışlar	1
şaşırmiş	şaşırmış	1
Yolculuklari	Yolculukları	1
almakmiş	almakmış	1
sattiğini	sattığını	1
almayacaği	almayacağı	1
Paranin	Paranın	1
çalişmişlar	çalışmışlar	1
vardiklarında	vardıklarında	1
aldiğinin	aldığının	1
hamamdaydiniz	hamamdaydınız	1
uşağina	ışığına	1
Atin	Atın	1
anlatirlar	anlatırlar	1
hükümranliğımin	hükümranlığımın	1
kaniniz	kanınız	1
yansimasinda	yansımasında	1
kissasa	kıssasa	1
Şarklilarin	Şarklıların	1
Tora'dir	Tora'dır	1
pinari	pınarı	1
pinara	pınara	1
pinarda	pınarda	1
Altinlarla	Altınlarla	1
karışıkliği	karışıklığı	1
atlinın	atlının	1
sağladim	sağladım	1
kissas!	kıssas!	1
Dağiticisi	Dağıtıcısı	1
yasasina	yasasına	1
dayanmiyor	dayanmıyor	1
yazimizi	yazımızı	1
anlatti	anlattı	1
Zamanina	Zamanına	1
altinci	altıncı	1
dragomanina	dragomanına	1
kurumsallaştiği	kurumsallaştığı	1
Murad’in*	Murad’ın*	1
Ayyaşlari	Ayyaşları	1
cezalandirır	cezalandırır	1
padişahlik	padişahlık	1
almadiği	almadığı	1
zamanina	zamanına	1
gaddarliklardan	gaddarlıklardan	1
çağırip	çağırıp	1
başlami	başları	1
olmamiş	olmamış	1
anlatmiş	anlatmış	1
kadilarini	kadılarını	1
Kadiya	Kadıya	1
Babamin	Babamın	1
lirayi	lirayı	1
anlatildiğim	anlatıldığım	1
delikanli	delikanlı	1
ilkelerime	ilkelerine	1
alamam	Alman	1
aykiridır	aykırıdır	1
Delikanlinın	Delikanlının	1
kariştirmiş	karıştırmış	1
hazirlamış	hazırlamış	1
Delikanli	Delikanlı	1
miymi	miyim	1
Şaşkinliği	Şaşkınlığı	1
çağirmi	çağırmı	1
karin	karın	1
durmasindan	durmasından	1
kaldiramazlar	kaldıramazlar	1
çalinacak	çalınacak	1
taşimani	taşınan	1
Birakin	Bırakın	1
çalinsin	çalınsın	1
basilsin	basılsın	1
malin	malın	1
hesabini	hesabını	1
kapatamazsin	kapatamazsın	1
atacağim	atacağım	1
bozulmasinin	bozulmasının	1
Saçmalik!	Saçmalık!	1
masrafi	masrafı	1
meblaği	meblağı	1
acimasizliği	acımasızlığı	1
kismini	kısmını	1
aradiği	aradığı	1
Istanbul’la	İstanbul’la	1
yaşlica	yaşlıca	1
Atinin	Atının	1
sinirlamış!	sınırlamış!	1
koşumlari	koşumları	1
nakşli	nakşlı	1
miriltilar	mırıltılar	1
alşılmi	alşilmi	1
vakariyla	vakarıyla	1
yapiliyormu	yapılıyormu	1
Delikanlinin	Delikanlının	1
alayınin	alayının	1
sadrazamin	sadrazamın	1
yanittan	yanıttan	1
kâhyasini	kâhyasını	1
sormu	sonu	1
Delikanliyı	Delikanlıyı	1
yaşardi	yaşardı	1
tanimazsiniz	tanımazsınız	1
tanir	tanır	1
anlatmı	anlatım	1
liranin	liranın	1
vardiğini	vardığını	1
tanimazdi	tanımazdı	1
afallamiş	afallamış	1
bulamamiş	bulamamış	1
Sakalini	Sakalını	1
sivazlamış	sıvazlamış	1
Mustafa'nin	Mustafa'nın	1
Topkapi’ya	Topkapı’ya	1
varmişlar	varmışlar	1
affimi	affını	1
Haremağasi	Haremağası	1
donakalmiş!	donakalmış!	1
şaşirmiş	şaşırmış	1
Sağliğini	Sağlığını	1
ablasi	ablası	1
çağirtmiş	çağırtmış	1
kizginliktan	kızgınlıktan	1
istifani	istifanı	1
yakimayacağimi	yakimayacağımı	1
Yaratilştan	Yaratılştan	1
vurulmayacağina	vurulmayacağına	1
aktarmişti	aktarmıştı	1
âlimine	alimine	1
tanirim	tanırım	1
Yozgat’in	Yozgat’ın	1
kadisini	kadısını	1
tanimlamaya	tanımlamaya	1
zorlarsaniz	zorlarsanız	1
Hasminiza	Hasmınıza	1
kazimayi	kazımayı	1
Molla’nin	Molla’nın	1
davranip	davranıp	1
tamamlayinca	tamamlayınca	1
sariya	şarıya	1
saridan	şarıdan	1
akilci	akılcı	1
Yudumlandi	Yudumlandı	1
anlaşmazlikta	anlaşmazlıkta	1
kullanilmasiyla	kullanılmasıyla	1
Kissadan	Kıssadan	1
kullanmayi	kullanmayı	1
biliyorsaniz	biliyorsanız	1
yaçamin	yaçamın	1
aktarildiği	aktarıldığı	1
tanimlanabilir	tanımlanabilir	1
Diplomatlarin	Diplomatların	1
adlandirdiği	adlandırdığı	1
kullanildiğini	kullanıldığını	1
altndaki	altındaki	1
armali	arnali	1
kalkani	kalkan	1
odalarimizin	odalarımızın	1
Odalarimizin	Odalarımızın	1
kapiciliğa	kapıcılığa	1
Bakanlğımiz	Bakanlğımız	1
lirasi	lirası	1
vakarini	vakanın	1
mizda	mızda	1
maaşini	maaşını	1
hakkinın	hakkının	1
savunmasini	savunmasını	1
çikışan	çıkışan	1
sabrsiz	sabrsız	1
istiyormuçasina	istiyormuçasına	1
parlamiyor	parlamıyor	1
performanslariyla	performanslarıyla	1
anilarimizda	anılarımızda	1
nazirinin	nazırının	1
hakkimiz	hakkımız	1
ağlarina	ağlarına	1
zararinin	zararının	1
karşilanmasini	karşılanmasını	1
davacinin	davacının	1
davranişına	davranışına	1
araciliğina	aracılığına	1
vurmanin	vurmanın	1
rahatlaticiydi	rahatlatıcıydı	1
sularimiz	sularımız	1
muhafizimiz	muhafızımız	1
astlarimiz	astlarımız	1
yaratilan	yaratılan	1
Şahsin	Şahsın	1
adasi	adası	1
haykirma	haykırma	1
karıştiğina	karıştığına	1
tanitip	tanıtıp	1
Sakiz’da	Sakız’da	1
konuşamadiğı	konuşamadığı	1
çalişanlarimizi	çalışanlarımızı	1
çağiriyoruz	çağırıyoruz	1
alinca	alınca	1
çikâyetlerini	çıkayetlerini	1
açiklamadan	açıklamadan	1
Amerika’daydim	Amerika’daydım	1
uyandırici	uyandırıcı	1
Taninmasina	Tanınmasına	1
şaşirmi	şaşırmı	1
Nasilsiniz	Nasılsınız	1
tarziyla	tarzıyla	1
sorunlarini	sorunlarını	1
adasindaki	adasındaki	1
kapici	kapıcı	1
tikiyor	tıkıyor	1
Hiriltili	Hırıltılı	1
teminati	teminatı	1
parasiz	parasız	1
yakiniyor	yakınıyor	1
dalgiçlara	dalgıçlara	1
çalişmiyorsunuz	çalışmıyorsunuz	1
Razi	Razı	1
bakmasi	bakması	1
batmiş	batmış	1
daldiğinı	daldığını	1
kazanamadiğini	kazanamadığını	1
bayraklara	bayrakları	1
yaçamlariyla	yaçamlarıyla	1
aliyorum	alıyorum	1
aydir	aydır	1
kalmiştir	kalmıştır	1
kalir!	kalır!	1
bakaninin	bakanının	1
yardimcisindan	yardımcısından	1
alamamişlardir	alamamışlardır	1
ovasini	ovasını	1
bulmaktir	bulmaktır	1
Izmir’den	İzmir’den	1
House’taki	House’takı	1
taniyorlar	tanıyorlar	1
Serrit’in	Şerrit’in	1
fotoğrafçısiydi	fotoğrafçısıydı	1
şansimiza	şansımıza	1
Serrit’ten	Şerrit’ten	1
Dağlarin	Dağların	1
çikarilmiş	çıkarılmış	1
konik	komik	1
Buralari	Buraları	1
temellerin	temellerini	1
yazilmış	yazılmış	1
Kapadokya’daki	Kapadokya’dakı	1
tarafindadirlar	tarafındadırlar	1
Kazilarda	Kazılarda	1
kistirilmı	kıştırılmı	1
yağmurlarin	yağmurların	1
aşindirmasi	aşındırması	1
sarsmasi	sarsması	1
oluşmuşlardir	oluşmuşlardır	1
aşındiğıni	aşındığını	1
benziyorlardi	benziyorlardı	1
Incil’den	İncil’den	1
yapılmi	yapılmı	1
alinti	alıntı	1
kullanilmış	kullanılmış	1
salonlari	salonları	1
Arizona’nin	Arizona’nın	1
ekin	Ekim	1
tahil	tahıl	1
koymaktir	koymaktır	1
ambarinin	ambarının	1
yakalamam	yakalanan	1
Çalişmanin	Çalışmanın	1
karşıliğinin	karşılığının	1
alinacağina	alınacağına	1
başladiğim	başladığım	1
adaşi	adası	1
kadinlardan	kadınlardan	1
islahi	ıslahı	1
olmamşti	olmamıştı	1
cezalandirmak	cezalandırmak	1
kalkışmiş	kalkışmış	1
Musa’yi	Musa’yı	1
Davayi	Davayı	1
sancağin	sancağın	1
nazirina	nazırına	1
halkinın	halkının	1
kazasinda	kazasında	1
dirilmamişti	dirilmamıştı	1
kanitlanmiş	kanıtlanmış	1
siyirmışti	sıyırmıştı	1
mülazimden	mülazımden	1
koyulaşmıti	koyulaşmıtı	1
anitsal	anıtsal	1
alanimda	alanında	1
dağindaki	dağındaki	1
Araştirmasinin	Araştırmasının	1
dayandiriyordu	dayandırıyordu	1
yanitlayabilirsem	yanıtlayabilirsem	1
yanitin	yanıtın	1
Ağri’da	Ağrı’da	1
yaptirmami	yaptırmamı	1
kaldiran	kaldıran	1
rakımli	rakımlı	1
Sicaklik	Sıcaklık	1
faunasinin	faunasının	1
buzullari	buzulları	1
yapmadim	yapmadım	1
almiyordu	almıyordu	1
kalintisini	kalıntısını	1
ovasindan	ovasından	1
Tufan’in	Tufan’ın	1
Dramatis	Dramatıs	1
şaşırdi	şaşırdı	1
atlariydi	atlarıydı	1
ahirlarina	ahırlarına	1
Araptedavi	Araptedavı	1
şuradaydi	şuradaydı	1
yapacakti	yapacaktı	1
alindiğında	alındığında	1
sayildiğini	sayıldığını	1
Babiâli'de	Babıali'de	1
ihtiyatin	ihtiyatın	1
başvurmadiğim	başvurmadığım	1
yakinlarındaki	yakınlarındaki	1
havasinda	havasında	1
orasi	orası	1
dağina	diğini	1
Hollandalilar	Hollandalılar	1
Avusturyalilar	Avusturyalılar	1
ağzinın	ağzının	1
tabakalarinin	tabakalarının	1
sanatlarinin	sanatlarının	1
sihhilik	sıhhilik	1
yabanin	yabanın	1
sicaklarini	sıcaklarını	1
sarmaşıklarin	sarmaşıkların	1
sarilmasini	sarılmasını	1
karışim	karışım	1
Afrikalilar	Afrikalılar	1
bozkirlardan	bozkırlardan	1
bataklik	bataklık	1
ağaçli	ağaçlı	1
kaynaklansin	kaynakların	1
bağliyor	bağlıyor	1
ulaşımi	ulaşımı	1
Yarim	Yarım	1
adal	adil	1
attiğı	attığı	1
kalsin	kalsın	1
kolaylaştirdiğı	kolaylaştırdığı	1
irmakları	ırmakları	1
kiyilar	kıyılar	1
irmaklarini	ırmaklarını	1
alinlik	alınlık	1
Kirım’n	Kırım’ın	1
çaliştiktan	çalıştıktan	1
baçyapiti	bacyapıtı	1
sevkryatini	sevkryatını	1
Kapisi’nda	Kapısı’nda	1
uluslarindan	uluslarından	1
Dalgasizdir	Dalgasızdır	1
buralari	buraları	1
konumun	konunun	1
sulariyla	sularıyla	1
şaşılabilir	şaşılabılır	1
Bizansin	Bizansın	1
yilanli	yılanlı	1
yakasini	yakasını	1
aşmasi	aşması	1
karşılaşacaktir	karşılaşacaktır	1
aşilmasi	aşılması	1
sariğı	sarığı	1
tirmanmadan	tırmanmadan	1
sirtlarinda	sırtlarında	1
sokaklarin	sokakların	1
yardi	yardı	1
miyla	mıyla	1
aan	an	1
yatip	yatıp	1
Imparatorlukta	İmparatorlukta	1
mizaci	mizacı	1
kirıkliklarndan	kırıklıklarndan	1
okumadiğini	okumadığını	1
York’takiler	York’takıler	1
dükkânlarin	dükkanların	1
âlimlerinden	alimlerinden	1
atlilar	atlılar	1
arabali	arabalı	1
bağira	bağıra	1
kabarip	kabarıp	1
çağira	çağıra	1
iportacilar	iportacılar	1
simsarlari	simsarları	1
ulaşmanizdan	ulaşmanızdan	1
alayini	alayını	1
şaşkina	şaşkına	1
alikoyamayanlar	alıkoyamayanlar	1
günişiğinda	günışığında	1
girdabi	girdabı	1
basilmaya	basılmaya	1
Kalabalik	Kalabalık	1
dakikalik	dakikalık	1
muslin	müslim	1
buluyorsunuz	biliyorsunuz	1
hanimlarini	hanımların	1
olmayişı	olmayışı	1
ardin	ardın	1
aşırisi	aşırısı	1
adimlik	adımlık	1
kaplamali	kaplamalı	1
tahtirevan	tahtırevan	1
harmanilere	harmanılere	1
kaftanli	kaftanlı	1
üniformasiyla	üniformasıyla	1
kapicisi	kapıcısı	1
başliklariyla	başlıklarıyla	1
Iranlinin	İranlının	1
bohçadaki	bohçadakı	1
ortasindayken	ortasındayken	1
yeil	yeıl	1
kiliği	kılığı	1
kuşağindaki	kuşağındaki	1
postlari	postları	1
küheylanina	küheylanına	1
saçlariyla	saçlarıyla	1
zitliklari	zıtlıkları	1
ayaklara	ayakları	1
nsanin	insanın	1
adimda	adımda	1
kapla	kaplı	1
saka	şaka	1
omuzlarinda	omuzlarında	1
asilmiş	asılmış	1
karanlikta	karanlıkta	1
aydinlik	aydınlık	1
ulaştiği	ulaştığı	1
adimlarla	adımlarla	1
dağilacak	dağılacak	1
pabuçlari	pabuçları	1
atlilara	atlılara	1
nakişlanmiş	nakışlanmış	1
kaçıriyorsunuz	kaçırıyorsunuz	1
kakilmamak	kakılmamak	1
üniformalariyla	üniformalarıyla	1
siriklara	sırıklara	1
balyalari	balyaları	1
çağilti	çağıltı	1
kulağiniza	kulağınıza	1
muhafizlarininkine	muhafızlarınınkıne	1
adali	adalı	1
semsiyeler	şemsiyeler	1
şapkalarinin	şapkalarının	1
akintisinin	akıntısının	1
dalgasiyla	dalgasıyla	1
birakryor	bırakryor	1
boyunlarinda	boyunlarında	1
hanimina	hanımına	1
ağrili	ağrılı	1
omuzlariyla	omuzlarıyla	1
tahtirevanlar	tahtırevanlar	1
kiyafetleriyle	kıyafetleriyle	1
Yaldizli	Yaldızlı	1
alinlarina	alınlarına	1
yalvariyorlar	yalvarıyorlar	1
ağizlarinda	ağızlarında	1
şişmanliklari	şişmanlıkları	1
taniniyorlar	tanınıyorlar	1
ziplayarak	zıplayarak	1
açiyorlar	açıyorlar	1
kutulariyla	kutularıyla	1
boyacilari	boyacıları	1
kumandanlarina	kumandanlarına	1
sarayli	saraylı	1
şalvarlariyla	şalvarlarıyla	1
dalgalarindan	dalgalarından	1
siyahina	siyahına	1
Kadıni	Kadını	1
kadıni	kadını	1
yağl	yağı	1
saniz	sanız	1
sirtlar	sırtlar	1
kirııklarla	kırııklarla	1
ayıninki	ayınınkı	1
Karadağliyı	Karadağlıyı	1
Kazağini	Kazağını	1
Kazaği’ni	Kazağı’nı	1
Misırli’yı	Mısırlı’yı	1
Kibris	Kıbrıs	1
Küdüs’ün	Kudüs’ün	1
karişır	karışır	1
ayaklari	ayakları	1
ermin	emin	1
bakalarini	bakalarını	1
kapilır	kapılır	1
yolardi	yolardı	1
yaninizdan	yanınızdan	1
dolanmiştir	dolanmıştır	1
takilmiştir	takılmıştır	1
soytarilarinkine	soytarılarınkıne	1
biçaklarla	bıçaklarla	1
zirhina	zırhına	1
yirtmaçli	yırtmaçlı	1
kalabaliktan	kalabalıktan	1
çığliklari	çığlıkları	1
dükkânlarini	dükkânlarını	1
timarhanedeki	tımarhanedeki	1
kabarikliklar	kabarıklıklar	1
miriltinın	mırıltının	1
saticilarinın	satıcılarının	1
hamallarin	hamalların	1
bağrışlari	bağrışları	1
kikirtili	kıkırtılı	1
hadimların	hadımların	1
ciyaklamalari	cıyaklamaları	1
bastirilan	bastırılan	1
dağilyorlar	dağılyorlar	1
kenarlarina	kenarlarına	1
ağinda	ağında	1
tirmanmaya	tırmanmaya	1
bağirır	bağırır	1
ucunu	üçünü	1
bağirşlari	bağırşları	1
satşlariyla	satşlarıyla	1
Kapali	Kapalı	1
Misir'dan	Mısır'dan	1
anitlarin	anıtların	1
çarşınin	çarşının	1
balkonlari	balkonları	1
çıldirtici	çıldırtıcı	1
panayiri	panayırı	1
tutkularini	tutkularını	1
konforlarini	konforlarını	1
Kurumlari	Kurumları	1
akilli	akıllı	1
değiip	değiıp	1
yorumlamasina	yorumlamasına	1
esastir	esastır	1
vakarina	vakanın	1
katliamindan	katliamından	1
çaliır	çalıır	1
uzaktadir	uzaktadır	1
dehasini	dehasını	1
zorluklarini	zorluklarını	1
sinamalarini	sınamalarını	1
karşilaştirildiğinda	karşılaştırıldığında	1
karşılaştiriyorum	karşılaştırıyorum	1
yukarisina	yukarısına	1
karşidaki	karşıdaki	1
yiğinlariyla	yığınlarıyla	1
andiklari	andıkları	1
operasina	operasına	1
kiyılar	kıyılar	1
destanin	destanın	1
kariları	karıları	1
haremağalari	haremağaları	1
kisitlanmiş	kısıtlanmış	1
Londra’nin	Londra’nın	1
aratirmak	aratırmak	1
basilmiştir	basılmıştır	1
çapelinde	capelinde	1
imdadi	imdadı	1
uygarliği	uygarlığı	1
almadiğini	almadığını	1
telaşli	telaşlı	1
parmaklari	parmakları	1
nazarini	nazarını	1
bacaklari	bacakları	1
amansiz	amansız	1
çamandiralar	camandıralar	1
Addison’in	Addison’ın	1
Mirza’nin	Mirza’nın	1
ranlilar	ranlılar	1
maceracilar	maceracılar	1
türbaniyla	türbanıyla	1
tesbihleriyle	teşbihleriyle	1
dualarina	dualarına	1
açliğini	açlığını	1
kollariyla	kollarıyla	1
bağrişan	bağrışan	1
yildizsiz	yıldızsız	1
tabancali	tabancalı	1
yatağanli	yatağanlı	1
klapasiz	klapasız	1
biyiği	bıyığı	1
haykirılariyla	haykırılarıyla	1
padişahina	padişahına	1
başibozuk	başıbozuk	1
üniformalarina	üniformalarına	1
artmamalarinin	artmamalarının	1
savaşçılarin	savaşçıların	1
kuşağindan	kuşağından	1
itaatkârlik	itaatkarlık	1
silahlandiğina	silahlandığına	1
olmadiğimi	olmadığını	1
safsatacilar	safsatacılar	1
hoşlanirlar	hoşlanırlar	1
oturtursaniz	oturtursanız	1
düşmanliği	düşmanlığı	1
Müslümanliktaki	Müslümanlıktakı	1
Dondurmaci	Dondurmacı	1
yayılmasina	yayılmasına	1
Almanlarin	Almanların	1
Avusturyalilarin	Avusturyalıların	1
olmamıştir	olmamıştır	1
düşmanliktir	düşmanlıktır	1
yayilmasiyla	yayılmasıyla	1
noktayi	noktayı	1
aldiklarini	aldıklarını	1
tutmalari	tutmaları	1
araçlarin	araçların	1
sabahina	sabahına	1
Misya’daki	Mişya’dakı	1
Sangarius’un	Sangarıus’un	1
Euxine'e	Euxıne'e	1
ustalaşti	ustalaştı	1
konularindaki	konularındaki	1
ilimlilik	ılımlılık	1
billurlaşti	billurlaştı	1
kadrolarindan	kadrolarından	1
çocuklarinın	çocuklarının	1
ihtiraslari	ihtirasları	1
kitayı	kıtayı	1
Sütunlari’na	Sütunları’na	1
bağliliğiydi	bağlılığıydı	1
istihdaminin	istihdamının	1
Kadisi	Kadısı	1
çatirtisinda	çatırtısında	1
susturulamadi	susturulamadı	1
dayanikli	dayanıklı	1
hudutlarini	hudutlarını	1
sinirlamakta	sınırlamakta	1
baltalamaktadir	baltalamaktadır	1
hayvaninın	hayvanının	1
oluşturmamaktadir	oluşturmamaktadır	1
kayik	kayık	1
yurttaşlarim	yurttaşlarım	1
tiriz	tırız	1
sivanmiş	sıvanmış	1
omurgasiyla	omurgasıyla	1
iiliğine	ıılığıne	1
kullanşliliğini	kullanşlılığını	1
tutulmayi	tutulmayı	1
olanıydi	olanıydı	1
faydalari	faydaları	1
ulaşimina	ulaşımına	1
rezidansinda	rezidansında	1
kalinirken	kalınırken	1
kayikla	kayıkla	1
kıyısina	kıyısına	1
anilarimiz	anılarımız	1
tatlisuyun	tatlısuyun	1
zamani	zamanı	1
olmadiğindan	olmadığından	1
tavir	tavır	1
yipranmiş	yıpranmış	1
yaldizlar	yıldızlar	1
kitabina	kitabına	1
yazilarda	yazılarda	1
Kayiğimizi	Kayığımızı	1
kapildik	kapıldık	1
hizmetkârimiz	hizmetkarımız	1
şarkiyı	şarkıyı	1
Şarkicı	Şarkıcı	1
ayirmiyordu	ayırmıyordu	1
Kuran’ina	Kuran’ına	1
bakamayacağimi	bakamayacağımı	1
sayfamizin	sayfamızın	1
çaliştiği	çalıştığı	1
pazarliktan	pazarlıktan	1
çabasiyla	çabasıyla	1
bakti	baktı	1
Arkadaşina	Arkadaşına	1
çıngirdiyordu	çıngırdıyordu	1
Satş	Satı	1
yatıştirmak	yatıştırmak	1
kararllydim	kararllydım	1
yaziliyor	yazılıyor	1
Adini	Adını	1
taşimasina	taşımasına	1
karima	Kırım	1
akinlarimin	akınlarımın	1
yadigârlarindan	yadigârlarından	1
kiyılarindan	kıyılarından	1
sinirlarinin	sınırlarının	1
Müslümanlarinin	Müslümanlarının	1
dindarlarin	dindarların	1
çarpişmasinda*	çarpışmasında*	1
bulvarlarinin	bulvarlarının	1
asilh	asıllı	1
Kayiklarin	Kayıkların	1
kirlangiçlardan	kırlangıçlardan	1
yukarisindan	yukarısından	1
rastlamişımdir	rastlamışımdır	1
yanitlayabileceği	yanıtlayabileceği	1
animsatir	anımsatır	1
martilar	martılar	1
Yapisinin	Yapısının	1
kayiğimiza	kayığımıza	1
kayikçınin	kayıkçının	1
üçerden	içerden	1
kayıktir	kayıktır	1
yakişir	yakışır	1
sakarliklari	sakarlıkları	1
oturmalari	oturmaları	1
duyarlidirlar	duyarlıdırlar	1
adabina	adabına	1
Başlarina	Başlarına	1
alnin	anın	1
Kayikçılar	Kayıkçılar	1
başliğin	başlığın	1
şinlarina	sınlarına	1
işinlarini	ışınlarını	1
kaldirimin	kaldırımın	1
pariltilarini	parıltılarını	1
şinlarini	sınlarını	1
karşilayacaği	karşılayacağı	1
bronzlaşacaği	bronzlaşacağı	1
kilarken	kılarken	1
bakiyorlar	bakıyorlar	1
Kayıkçilarin	Kayıkçıların	1
çikaryorlar	çıkaryorlar	1
ihtiyatlilar	ihtiyatlılar	1
kayıkçilarin	kayıkçıların	1
kazanmasa	kazanması	1
Şarkicinin	Şarkıcının	1
şıpirtilariyla	şıpırtılarıyla	1
artirir	artırır	1
çiplaktir	çıplaktır	1
araçlarinin	araçlarının	1
siyrilarak	sıyrılarak	1
hizlariyla	hızlarıyla	1
siçrarlar	sıçrarlar	1
tilsiminin	tılsımının	1
manzarasinda	manzarasında	1
fimanin	fimanın	1
barındiracak	barındıracak	1
bragozzi	bragozzı	1
dalgalandiran	dalgalandıran	1
Akbabanin	Akbabanın	1
kaplumbağanin	kaplumbağanın	1
Mukadderati	Mukadderatı	1
sarildiklari	sarıldıkları	1
Züleyhalarinın	Züleyhalarının	1
koyulduklarinda	koyulduklarında	1
sigaralarini	sigaralarını	1
dedikodularıni	dedikodularını	1
mollalari	mollaları	1
kayıkçılari	kayıkçıları	1
dubali	dubalı	1
kayikları	kayıkları	1
Masallari’nin	Masalları’nın	1
kayikhanelerinde	kayıkhanelerinde	1
Kayıkçınin	Kayıkçının	1
kollarina	kollarına	1
Kollari	Kolları	1
bağırip	bağırıp	1
çağirmak	çağırmak	1
farkinda	farkında	1
hanimin	hanımın	1
yukaridan	yukarıdan	1
dalgalanir	dalgalanır	1
kalpağindan	kalpağından	1
külahina	külahına	1
Karadağlinin	Karadağlının	1
başliğina	başlığına	1
başliklara	başlıklara	1
sarisi	sarısı	1
Uçlari	Uçları	1
tayfinin	tayfının	1
tonlarini	tonlarını	1
yapraksi	yapraksı	1
batirilmak	batırılmak	1
siyiriverir	sıyırıverir	1
yapisinin	yapısının	1
yanlş	yanlı	1
yalinliğından	yalınlığından	1
yapilmişçasina	yapılmışçasına	1
takiyorlar	takıyorlar	1
Kayiğın	Kayığın	1
Yakinda	Yakında	1
açilmış	açılmış	1
ayrilmı	ayrılmı	1
Kiçta	Kıçta	1
gagasi	gagası	1
kanatlariyla	kanatlarıyla	1
andirryor	andırryor	1
Hükümdarin	Hükümdarın	1
aynali	aynalı	1
kayiklaryla	kayıklaryla	1
durumdaydi	durumdaydı	1
pruvasinda	pruvasında	1
gagasinin	gagasının	1
Gözalici	Gözalıcı	1
başliğini	başlığını	1
kahramanin	kahramanın	1
zamanindaydi	zamanındaydı	1
ilaniydi	ilanıydı	1
Bucintoro	Bucıntoro	1
kadirgasi	kadırgası	1
çiktiklarindan	çıktıklarından	1
kamarasinin	kamarasının	1
birakilirken	bırakılırken	1
Içi	İçi	1
adh	adlı	1
iir	ur	1
Bucintoro’nun	Bucıntoro’nun	1
yakilmıştir	yakılmıştır	1
omurgasi	omurgası	1
katliydi	katlıydı	1
kabuklari	kabukları	1
pruvasi	pruvası	1
Markus’taki	Markus’takı	1
çalinmişti	çalınmıştı	1
çağdaşlari	çağdaşları	1
yaldiz	yıldız	1
şildiyordu	sildiyordu	1
unsurlariyla	unsurlarıyla	1
şirsel	sirsel	1
yaratimdi	yaratımdı	1
şıl	sıl	1
çairi	cürm	1
saçakli	saçaklı	1
telaşsiz	telaşsız	1
vakarlariyla	vakarlarıyla	1
karşılaştirma	karşılaştırma	1
kazandiklari	kazandıkları	1
imkânlari	imkanları	1
kadirgalarini	kadırgalarını	1
kazilip	kazılıp	1
çikarilmasinin	çıkarılmasının	1
Christiana’daki	Christiana’dakı	1
Işınlari	Işınları	1
yapmıştim	yapmıştım	1
kadırgalarin	kadırgaların	1
kadirgasinin	kadırgasının	1
kadirgalarin	kadırgaların	1
tonaji	tonajı	1
kadırganin	kadırganın	1
kullandiklariyla	kullandıklarıyla	1
Kadirga	Kadırga	1
olmalydi	olmalydı	1
balikçilarin	balıkçıların	1
kizila	kızıla	1
olmamışti	olmamıştı	1
yollarinın	yollarının	1
kulağimda	kulağında	1
surat	sürat	1
asarak	aşarak	1
yukarisindaki	yukarısındaki	1
balikçilarla	balıkçılarla	1
bağimsizdirlar	bağımsızdırlar	1
kayiklarindan	kayıklarından	1
sukabaklari	sukabakları	1
motorbotlarini	motorbotlarını	1
tirmalayici	tırmalayıcı	1
yankilanan	yankılanan	1
veriyormuşçasina	veriyormuşçasına	1
balikçinin	balıkçının	1
kaynağinin	kaynağının	1
çiğliğidir	çığlığıdır	1
imasi	ması	1
kayıklarin	kayıkların	1
çarkisi	çarkısı	1
tinisi	tınısı	1
tilaveti	tılaveti	1
andirır	andırır	1
adalarinın	adalarının	1
kayiğimizla	kayığımızla	1
kayıkçılarin	kayıkçıların	1
anlaminı	anlamını	1
yanitini	yanıtını	1
çarkilarin	çarkıların	1
âşiğıni	aşığını	1
kanatlarinı	kanatlarını	1
ağliyorum	ağlıyorum	1
şarkicinin	şarkıcının	1
Jason’in	Jason’ın	1
aciklisi	acıklısı	1
yildizlar	yıldızlar	1
dudaklarim	dudaklarını	1
aşkimi	aşkını	1
yikilip	yıkılıp	1
korunasi	koruması	1
oturmamiş	oturmamış	1
Seylan’in	Seylan’ın	1
katamaranindan	katamaranından	1
gondolcularin	gondolcuların	1
İskandinavlarin	İskandinavların	1
Muskingum’daki	Muskıngum’dakı	1
salcilarinin	salcılarının	1
filikalarina	filikalarına	1
barindiracak	barındıracak	1
kayiğinın	kayığının	1
almasinda	almasında	1
ulaşıminda	ulaşımında	1
satilamayacaği	satılamayacağı	1
açasinda	açasında	1
aklima	aklıma	1
adima	adına	1
Kayiğin	Kayığın	1
hesabindan	hesabından	1
uzakliğim	uzaklığım	1
bulamadiğim	bulamadığım	1
anilarimi	anılarımı	1
hatirlayacağim	hatırlayacağım	1
alaninin	alanının	1
genus	geniş	1
bomo	bono	1
Istanbul'dan	İstanbul'dan	1
ilacinin	ilacının	1
kuraminın	kuramının	1
uygulamasinin	uygulamasının	1
varsayımi	varsayımı	1
Istatistiklerini	İstatistiklerini	1
bakilip	bakılıp	1
kollandiklari	kollandıkları	1
Çikarimi	Çıkarını	1
dolayısiyla	dolayısıyla	1
yapmiştir	yapmıştır	1
kizak	kızak	1
etraflica	etraflıca	1
vakasi	vakası	1
kadan	kadın	1
bakımsiz	bakımsız	1
daniştim	danıştım	1
Labrador’daki	Labrador’dakı	1
abartildiği	abartıldığı	1
isiriğini	ısırığını	1
iddiasindan	iddiasından	1
vakalarinda	vakalarında	1
hastaliğın	hastalığın	1
açıklamasi	açıklaması	1
hastaliğinin	hastalığının	1
kurt	Kürt	1
günışığinda	günışığında	1
şimartilmamasidir	şımartılmamasıdır	1
kalmalarina	kalmalarına	1
vakasini	vakasını	1
Kurt	Kürt	1
tartışmaksizin	tartışmaksızın	1
adadir	adıdır	1
açiğında	açığında	1
başiboştur	başıboştur	1
Istanbul’dakilerle	İstanbul’dakılerle	1
isirmışti	ısırmıştı	1
taşinmadan	taşınmadan	1
korumaktaydi	korumaktaydı	1
bakasinin	bakasının	1
sanmiti	sanmıtı	1
perdahli	perdahlı	1
siyriktan	sıyrıktan	1
isirilmam	ısırılmam	1
oluşturmasindan	oluşturmasından	1
başaril	başarıl	1
çarabin	çarabın	1
açmasi	açması	1
istikrarsiz	istikrarsız	1
karşılikli	karşılıklı	1
siyriğin	sıyrığın	1
Amerikalilardan	Amerikalılardan	1
kabardi	kabardı	1
tanimliyor	tanımlıyor	1
araştirmanin	araştırmanın	1
ulaşamamiş	ulaşamamış	1
rihtimlarinin	rıhtımlarının	1
aylaklarin	aylakların	1
anilirlar	anılırlar	1
Sultanlarin	Sultanların	1
kitabinin	kitabının	1
Şebri	Sebri	1
onurlandirır	onurlandırır	1
duruyorlardi	duruyorlardı	1
barinmasi	barınması	1
kaçmadi	kaçmadı	1
barindırdıktan	barındırdıktan	1
azarlanir	azarlanır	1
isirilir	ısırılır	1
Yurtdişinda	Yurtdışında	1
Savaşı’nin	Savaşı’nın	1
kafasinda	kafasında	1
yilindaydi	yılındaydı	1
arabasiz	arabasız	1
bakamadiği	bakamadığı	1
attiğim	attığım	1
hatirlayabiliyorum	hatırlayabiliyorum	1
anilmakta	anılmakta	1
çağlarini	çağlarını	1
isiriğınin	isırığının	1
araştirmaya	araştırmaya	1
aklimdan	aklımdan	1
veliahdinın	veliahdının	1
Sokaklari	Sokakları	1
huylarindan	huylarından	1
çalikanlar	çalıkanlar	1
anladiklari	anladıkları	1
başiboşlar	başıboşlar	1
hatirlanamayacak	hatırlanamayacak	1
kurtulmayi	kurtulmayı	1
kisralari	kısımları	1
çakarlari	çıkarları	1
sultanlari	sultanları	1
kuşatti	kuşattı	1
varliklarini	varlıklarını	1
başarmişlar	başarmışlar	1
despotlari	despotları	1
yapacaklarini	yapacaklarını	1
çalışmalari	çalışmaları	1
doktorlarin	doktorların	1
mimarlarin	mimarların	1
pohpohlayicilar	pohpohlayıcılar	1
tibbi	tıbbi	1
akinci	ikinci	1
yiğınlari	yığınları	1
Mavroyéni’nin	Mavroyénı’nın	1
bazilaridir	bazılarıdır	1
çiğliklariyla	çığlıklarıyla	1
toplayicilar	toplayıcılar	1
aşçiların	aşçıların	1
uyanikliğin	uyanıklığın	1
istirabi	ıstırabı	1
meydaninda	meydanında	1
ifnacisi	ifnacısı	1
mezartaşlarina	mezartaşlarına	1
mezartaşlari	mezartaşları	1
yapilmalari	yapılmaları	1
kizarticidir	kızartıcıdır	1
kazimışti	kazımıştı	1
Avrupalinin	Avrupalının	1
kayaliklar	kayalıklar	1
Prati’ye	Pratı’ye	1
olmasinın	olmasının	1
homurdandi	homurdandı	1
haykirilariyla	haykırılarıyla	1
karşiladilar!	karşıladılar!	1
darliğa	darlığı	1
adsiz	adsız	1
ikametgâhlarinin	ikametgahlarının	1
havlasin	havlasın	1
kaçinmasinin	kaçınmasının	1
masumlari	masumları	1
davranmadi	davranmadı	1
koku	kökü	1
duyulari	duyulan	1
uysallikları	uysallıkları	1
avcilikta	avcılıkta	1
ferasetlerini	feraşetlerini	1
kanitladilar	kanıtladılar	1
ağirbaşlidir!	ağırbaşlıdır!	1
savaşidir	savaşıdır	1
kivrilmış	kıvrılmış	1
sarkmaktadir	sarkmaktadır	1
yurttaşlarindan	yurttaşlarından	1
açiklanabilir	açıklanabilir	1
davrandiği	davrandığı	1
tuhafliklari	tuhaflıkları	1
çaki	çakı	1
balikçılar	balıkçılar	1
havlamalarina	havlamalarına	1
ayiverirler	ayıverirler	1
mintikalarina	mıntıkalarına	1
dükkânlari	dükkanları	1
kasabin	kasabın	1
satışlarin	satışların	1
biçağini	bıçağını	1
çapakli	çapaklı	1
paryalaridir	paryalarıdır	1
hatirlar	hatırlar	1
unutmayalim	unutmayalım	1
Yunanistani	Yunanistan	1
alin	alın	1
davranişlarini	davranışlarını	1
İlyada’nin	İlyada’nın	1
yazarina	yazarına	1
kurbağalarin	kurbağaların	1
kavgacilik	kavgacılık	1
yakalanmişa	yakalanmışa	1
Iskit	İskit	1
çikmiştir	çıkmıştır	1
Ayağini	Ayağını	1
çalişkanliğiyla	çalışkanlığıyla	1
Büyükada’nin	Büyükada’nın	1
anlatmiştim	anlatmıştım	1
gus	gü	1
katilanlar	katılanlar	1
Homerostaki	Homerostakı	1
arasindakinin	arasındakinin	1
birakabildiği	bırakabildiği	1
savaçidir	savaçıdır	1
salmıştir	salmıştır	1
israrlidirlar	ısrarlıdırlar	1
paşalari	paşaları	1
$ark’ta	Şark’ta	1
fiyatlarini	fiyatlarını	1
koparilip	koparılıp	1
Dağlilar	Dağlılar	1
patirti	patırtı	1
meydanna	meydanına	1
yavandir	yavandır	1
hiriltili	hırıltılı	1
çekimeye	çekmeye	1
şanslidir	şanslıdır	1
bulanacaği	bulanacağı	1
Ağirliğini	Ağırlığını	1
havladiğini	havladığını	1
uyandirip	uyandırıp	1
alinsaydi	alınsaydı	1
berbatidir	berbatıdır	1
canayakin	canayakın	1
sabrin	sabrın	1
sopanin	sopanın	1
vurulmasindan	vurulmasından	1
çinlamayla	çınlamayla	1
uyanirsiniz	uyanırsınız	1
ulumalarini	ulumalarını	1
kişkirtan	kışkırtan	1
uyaniklik	uyanıklık	1
amacina	amacına	1
iskani	iskanı	1
Molossian*	Molossıan*	1
tazisi	tazısı	1
atilgan	atılgan	1
karşılaşmaniz	karşılaşmanız	1
sakincalidir	sakıncalıdır	1
atilmakta	atılmakta	1
masti	mişti	1
sinın	sinin	1
ağillarinda	ağıllarında	1
kullanilirlar	kullanılırlar	1
ayrilamazlar	ayrılamazlar	1
isitmaya	ısıtmaya	1
canlandirmayi	canlandırmayı	1
başaramadiklarindan	başaramadıklarından	1
kayitsizdir	kayıtsızdır	1
Konağin	Konağın	1
Altinimsi	Altınımsı	1
paspasin	paspasın	1
zamparaliğa	zamparalığa	1
Azla	Azli	1
şartsiz	şartsız	1
katlanirlar	katlanırlar	1
sirt	sırt	1
kaygilarindan	kaygılarından	1
siyrilmaya	sıyrılmaya	1
nsana	insan	1
imansiz	imansız	1
Yaratici’nin	Yaratıcı’nın	1
düşmandirlar	düşmandırlar	1
yarattiğı	yarattığı	1
bulduklarindan	bulduklarından	1
bayildiklari	bayıldıkları	1
aşağilamaksizin	aşağılamaksızın	1
yardimlariyla	yardımlarıyla	1
Ispartali	Ispartalı	1
kirici	kırıcı	1
alçaltici	alçaltıcı	1
havasiyla	havasıyla	1
duymaksizin	duymaksızın	1
uzatirlar	uzatırlar	1
katiyla	katıyla	1
mirin	rinin	1
kirın	Kırım	1
Başkanlari	Başkanları	1
adamdir	adamdır	1
başlangicinda	başlangıcında	1
toplantilarinda	toplantılarında	1
yildönümünde	yıldönümünde	1
piril	pırıl	1
kirda	kırda	1
cuntadirlar	cuntadırlar	1
Rumlardir	Rumlardır	1
saldirdiklari	saldırdıkları	1
sopalarini	sopalarını	1
taninmiştir	tanınmıştır	1
zorladiği	zorladığı	1
karşilayan	karşılayan	1
karşilaştiklari	karşılaştıkları	1
ağizliğin	ağızlığın	1
ağrisi	ağrısı	1
yatışlariyla	yatışlarıyla	1
yarattıklari	yarattıkları	1
varliklarina	varlıklarına	1
hayirseverimiz	hayırseverimiz	1
kimildarlar	kımıldarlar	1
yağsin	yağsın	1
bazisi	bazısı	1
dayanilmaz	dayanılmaz	1
karşıladilar	karşıladılar	1
pervazlarina	pervazlarına	1
baçli	baclı	1
bakıliyorlar	bakılıyorlar	1
araştirıp	araştırıp	1
çıraklari	çırakları	1
bacaklariniza	bacaklarınıza	1
armasinin	armasının	1
ulağimiz	ulağımız	1
kapiciya	kapıcıya	1
onlarinkinden	onlarınkinden	1
yakiır	yakıır	1
kitliğin	kıtlığın	1
akbabanin	akbabanın	1
tiksineceği	tıksıneceği	1
kolladiklarina	kolladıklarına	1
sopasini	sopasını	1
kaldirimlara	kaldırımlara	1
kurdununki	kurdununkı	1
baçlarini	baclarını	1
sikıştirdiklari	sıkıştırdıkları	1
dolmasi	dolması	1
damli	daimi	1
kama	kimi	1
uğradim	uğradım	1
uzanmiş	uzanmış	1
yatiyordu	yatıyordu	1
yaralandi	yaralandı	1
kirildi	kırıldı	1
çılgincasina	çılgıncasına	1
firliyorlardi	fırlıyorlardı	1
Kavaslarimiz	Kavaslarımız	1
sallandiğinda	sallandığında	1
atildiğinda	atıldığında	1
kırlarinda	kırlarında	1
varliğiyla	varlığıyla	1
destaninda	destanında	1
Odysseia’nin	Odysseia’nın	1
tanimişti	tanımıştı	1
oyunbazliğiyla	oyunbazlığıyla	1
yakindir	yakındır	1
kişıni	kisini	1
bikmadiğimi	bıkmadığımı	1
yanitliyorum	yanıtlıyorum	1
icaplarindaki	icaplarındakı	1
kadirgalari	kadırgaları	1
çobani	çobanı	1
kaymakla	kaynakla	1
İranli	İranlı	1
Iranlidır	İranlıdır	1
çantalarini	çantalarını	1
tatliya	tatlıya	1
haykirmaktadır	haykırmaktadır	1
suratli	süratli	1
cüzdanlarina	cüzdanlarına	1
portakalcinin	portakalcının	1
Ağartilmamiş	Ağartılmamış	1
kumaşlariyla	kumaşlarıyla	1
donatiyor!	donatıyor!	1
satilan	satılan	1
findiğa	fındığa	1
tapindiği	tapındığı	1
baliklardan	balıklardan	1
dilbaliğindan	dilbalığından	1
yaratiklara	yaratıklara	1
arabalarinin	arabalarının	1
saticidan	satıcıdan	1
kalamadiği	kalmadığı	1
alişilmamiş	alışılmamış	1
hoşlanilacak	hoşlanılacak	1
alişmişlar	alışmışlar	1
deşi	desi	1
anlaşilamaz	anlaşılmaz	1
konumalarini	konumlarını	1
kulaklarinın	kulaklarının	1
islik	ıslık	1
belasi	belası	1
uzaklaşiyor	uzaklaşıyor	1
mirildanip	mırıldanıp	1
Yali	Yılı	1
loncasinin	loncasının	1
Hirpani	Hırpani	1
şarkiyla	şarkıyla	1
dansindan	dansından	1
kirik	kırık	1
Bitinya’daki	Bitinya’dakı	1
Kazdağl’nin	Kazdağl’nın	1
Hayranlarinin	Hayranlarının	1
halkayi	halkayı	1
paralariyla	paralarıyla	1
ayılarin	ayıların	1
sariyor	sarıyor	1
çiraklariyla	çıraklarıyla	1
Kazdaği	Kazdağı	1
Destan’in	Destan’ın	1
dolaştirirlar	dolaştırırlar	1
hirlarlar	hırlarlar	1
ayılari	ayıları	1
Operasi	Operası	1
efradinin	efradının	1
kulaklarinı	kulaklarını	1
hanimlari	hanımları	1
kafalarinı	kafalarını	1
uzatti	uzattı	1
odalarindan	odalarından	1
Americaine	Americaıne	1
kadanslariyla	kadanslarıyla	1
ortalamanin	ortalamanın	1
primadonnayi	primadonnayı	1
tami	tam	1
kulağinın	kulağının	1
paçavraci	paçavracı	1
Beraberimde	Beraberinde	1
birakmayan	bırakmayan	1
tiyatrolari	tiyatroları	1
tumturakliliğa	tumturaklılığa	1
azabi	azabı	1
acisi	acısı	1
çikmaktan	çıkmaktan	1
kalmiyorlar	kalmıyorlar	1
kapaniyorlar	kapanıyorlar	1
namuslarinin	namuslarının	1
Müslümanliğa	Müslümanlığa	1
ahlaksizliği	ahlaksızlığı	1
kisitlamalariyla	kısıtlamalarıyla	1
ahlaksizliğin	ahlaksızlığın	1
artışıni	artışını	1
azalişini	azalışını	1
Hayranlarina	Hayranlarına	1
ayarlanir	ayarlanır	1
izdivaci	izdivacı	1
duyumsamasina	duyumsamasına	1
Selamlik’tan	Selamlık’tan	1
sinirlarinda	sınırlarında	1
Nazıri	Nazırı	1
Locasi’nda	Locası’nda	1
yuvalarindan	yuvalarından	1
liğıni	lığını	1
duyularinda	duyularında	1
duygularinda	duygularında	1
Alinamaz	Alınamaz	1
localari	locaları	1
karanliğina	karanlığına	1
azaltilan	azaltılan	1
iıği	ııgi	1
uyandiriyorlar	uyandırıyorlar	1
anlayamadik	anlayamadık	1
eriminde	emrinde	1
mizahini	mizahını	1
Buranin	Buranın	1
kanunlarinda	kanunlarında	1
diplomali	diplomalı	1
diplomatlarinin	diplomatlarının	1
donanmiştir	donanmıştır	1
yargilanir	yargılanır	1
Istanbul’unkiler	İstanbul’unkıler	1
Broadway’in	Broadway’ın	1
orayi	orayı	1
kalabaliktır	kalabalıktır	1
Italyan’dir	İtalyan’dır	1
kişlalari	kışlaları	1
Ilik	Ilık	1
kapisindan	kapısından	1
yadigârlarin	yadigârların	1
dolaştiklari	dolaştıkları	1
güneybatidan	güneybatıdan	1
salinan	salınan	1
kafayi	kafayı	1
yanitlamiyor	yanıtlamıyor	1
kaldirmaz	kaldırmaz	1
yasaklanmamiştir	yasaklanmamıştır	1
sinirlamiyor	sınırlamıyor	1
kiyısi	kıyısı	1
odali	odalı	1
bakara	bakanı	1
protestolari	protestoları	1
oyunlarin	oyunların	1
kapildiğında	kapıldığında	1
kumarin	kurmanın	1
chantantin	chantantın	1
çaylaği	çaylağı	1
tikırdiyor	tıkırdıyor	1
oynandiği	oynandığı	1
yuvalarinin	yuvalarının	1
parkinin	parkının	1
yazlari	yazları	1
sonralarinda	sonralarında	1
Yangin	Yangın	1
yankilandiğinda	yankılandığında	1
bakinmayacaktir	bakınmayacaktır	1
uyarisidir	uyarısıdır	1
ulaştiğı	ulaştığı	1
larini	larını	1
kafalari	kafaları	1
yangini	yangını	1
çiğliklarinı	çığlıklarını	1
karşılaştirırsaniz	karşılaştırırsanız	1
karşilaştirin	karşılaştırın	1
tulumbayi	tulumbayı	1
çiğliğin	çığlığın	1
siriklar	sırıklar	1
baltali	baltalı	1
yanginin	yangının	1
Pera'nin	Pera'nın	1
tramvaylari	tramvayları	1
odaliklarinin	odalıklarının	1
kipkırmizi	kıpkırmızı	1
zirhlanarak	zırhlanarak	1
atmakti	atmaktı	1
tulumbacilarinın	tulumbacılarının	1
kullanilabilirdi	kullanılabilirdi	1
ufacik	ufacık	1
yanginlara	yangınlara	1
alinamadiği	alınamadığı	1
tulumbalariyla	tulumbalarıyla	1
kitadan	kıtadan	1
Pazar’dir	Pazar’dır	1
çira	çıra	1
daraltilan	daraltılan	1
yanginla	yangınla	1
yikacaklar	yıkacaklar	1
Hıristiyanlari	Hıristiyanları	1
hirsla	hırsla	1
yalayip	yalayıp	1
mezarliğina	mezarlığına	1
Adamlarina	Adamlarına	1
yangininin	yangınının	1
araçlariyla	araçlarıyla	1
çiğliklarla	çığlıklarla	1
Sokağin	Sokağın	1
dalaşina	dalaşına	1
tulumbalarini	tulumbalarını	1
odalarimdan	odalarımdan	1
tutuşturmasi	tutuşturması	1
pervazlarini	pervazlarını	1
mobilyalari	mobilyaları	1
Oyalandilar	Oyalandılar	1
oyalandilar	oyalandılar	1
uyandırdiklari	uyandırdıkları	1
kaldim	kaldım	1
başkaldiri	başkaldırı	1
konuştuklarindan	konuştuklarından	1
kararliı	kararlıı	1
kalkıştiği	kalkıştığı	1
başariyorum!	başarıyorum!	1
yandiğ1	yandığ1	1
baçlica	baclıca	1
boyasiz	boyasız	1
karimiş	karnını	1
karişmiş	karışmış	1
farkliliklardan	farklılıklardan	1
azi	azı	1
işportacilar	işportacılar	1
lik	lık	1
simalarindandir	simalarındandır	1
kabarirlar!	kabarırlar!	1
Isminizi	İsminizi	1
başkasina	başkasına	1
taşiyicisina	taşıyıcısına	1
yardimcilarinin	yardımcılarının	1
Arisdages	Arişdages	1
Sayimi	Sayımı	1
taşıdiği	taşıdığı	1
Yari	Yarı	1
adamlara	adamları	1
ağirliktaki	ağırlıktaki	1
loncasindan	loncasından	1
adadiği	adadığı	1
şamatali	şamatalı	1
ruhlarinin	ruhlarının	1
yankisidir	yankısıdır	1
sirtlamiş	sırtlamış	1
Sandik	Sandık	1
alayina	alayına	1
Inşaat	İnşaat	1
marangozlari	marangozları	1
bahçivanlar	bahçıvanlar	1
karşılaşmaksizin	karşılaşmaksızın	1
Çanlarini	Canlarını	1
acikli	acıklı	1
yaşayacağina	yaşayacağına	1
çinlatarak	çınlatarak	1
salyangozlarini	salyangozlarını	1
kinamadan	kınamadan	1
saticisina	satıcısına	1
duymamin	duymamın	1
Haykirişı!	Haykırışı!	1
başlaridir	başlarıdır	1
alinmışlardir	alınmışlardır	1
saticisidir	satıcısıdır	1
ban	bin	1
hanimla	hanımla	1
tanışıyorsaniz	tanışıyorsanız	1
çıkinıyla	çıkınıyla	1
safliğimla	saflığımla	1
dalini	dilini	1
satiyormuş!	satıyormuş!	1
kalkiştiğinda	kalkıştığında	1
kiracaği	kıracağı	1
çağriştiriyor	çağrıştırıyor	1
dişışleri	dışişleri	1
Tuzlanmiş	Tuzlanmış	1
Maltalilara	Maltalılara	1
adiminda	adımında	1
atmiız	atmıız	1
Maltalilardan	Maltalılardan	1
duyamiyorsunuz	duyamıyorsunuz	1
arabacinın	arabacının	1
küheylanlarimizda	küheylanlarımızda	1
mahallemin	mahallenin	1
Kasaplarin	Kasapların	1
canlandirmakla	canlandırmakla	1
alakalari	alakaları	1
şamatalari	şamataları	1
siriklardan	sırıklardan	1
dolaşiyorlar	dolaşıyorlar	1
siriğini	sırığını	1
sezarina	sezarına	1
Ite	İte	1
aşinayim	aşinayım	1
açtir	açtır	1
aydinliktır	aydınlıktır	1
Sarimsi	Sarımsı	1
uyandirır	uyandırır	1
kayıtsizca	kayıtsızca	1
umursamaktadir	umursamaktadır	1
Kasabin	Kasabın	1
yiğininın	yığınının	1
Vakari	Vakarı	1
alçalir	alçalır	1
riktaki	riktakı	1
Kismet’e	Kısmet’e	1
inanmaktadir	inanmaktadır	1
savuracaktim	savuracaktım	1
devralirlar	devralırlar	1
yalanirlar	yalanırlar	1
sinrlari	sinrları	1
dolanmasina	dolanmasına	1
sinırlar	sınırlar	1
atein	iten	1
isittiği	işittiği	1
ağasi	ağası	1
dükkânlarinin	dükkanlarının	1
iştahlarini	iştahlarını	1
çıkinti	çıkıntı	1
restoranlarinin	restoranlarının	1
parçalarindan	parçalarından	1
kizartilir	kızartılır	1
isirilarak	ısırılarak	1
ayaklisi	ayaklısı	1
Kebabin	Kebabın	1
ayirmaz	ayırmaz	1
kizartin	kızartın	1
kizartilmasini	kızartılmasını	1
saçaklari	uçakları	1
katlmaniz	katlmanız	1
bırakilir	bırakılır	1
karişir	karışır	1
tunikli	tünikli	1
buhurdanlik	buhurdanlık	1
Ana’sina	Ana’sına	1
hazirlanır	hazırlanır	1
ahbaplari	ahbapları	1
istirahatgâhina	istirahatgahına	1
alinirsa	alınırsa	1
eşyasi	eşyası	1
bar	bir	1
asmasinın	asmasının	1
alntidir	alntıdır	1
kafasıni	kafasını	1
kaldirıp	kaldırıp	1
kanalinda	kanalında	1
Hiristiyani	Hıristiyan	1
çağiran	çağıran	1
Lütherci	Lutherci	1
mihraplarini	mihraplarını	1
imzalamadim	imzalamadım	1
Mezar’in	Mezar’ın	1
insanlardir	insanlardır	1
Isa’nın	İsa’nın	1
mezarinın	mezarının	1
olmali!	olmalı!	1
bulunanlari	bulunanları	1
Hiristiyanların	Hıristiyanların	1
kavgaciliği	kavgacılığı	1
Osmanlica	Osmanlıca	1
haritayi	haritayı	1
kisaltmasidir	kısaltmasıdır	1
bağlandiğini	bağlandığını	1
canliliklaridir	canlılıklarıdır	1
rahattir	rahattır	1
adimlarimi	adımlarımı	1
çans	can	1
şaşakalir	şaşakalır	1
alinmişlardir	alınmışlardır	1
yazitin	yazıtın	1
Babiâli’yi	Babıali’yi	1
kenarindaki	kenarındaki	1
sağlikla	sağlıklı	1
hatirlatir	hatırlatır	1
Ahirkapi’yi	Ahırkapı’yı	1
çağrişimlara	çağrışımlara	1
dalamazsiniz	dalamazsınız	1
mazgalli	mazgallı	1
yüksükotlari	yüksükotları	1
yazitiyla	yazıtıyla	1
çıkiverir	çıkıverir	1
nsanlar	insanlar	1
çikmasinin	çıkmasının	1
kazildiğinda	kazıldığında	1
Yasanin	Yasanın	1
maceranin	maceranın	1
liini	lıını	1
Amaci	Amacı	1
araştirmalari	araştırmaları	1
yaptıklarini	yaptıklarını	1
kanitlara	kanıtları	1
çikilmasiyla	çıkılmasıyla	1
yapilmakla	yapılmakla	1
konsoloslarimizdan	konsoloslarımızdan	1
Kibris’ta	Kıbrıs’ta	1
araştirdiği	araştırdığı	1
sinirlari	sınırları	1
taslağini	taslağını	1
hoşlanmadi	hoşlanmadı	1
putkiriciydi	putkırıcıydı	1
başlarindan	başlarından	1
tapinağindan	tapınağından	1
yilanlari	yılanları	1
Yanmiş	Yanmış	1
anit	anıt	1
kaniyla	kanıyla	1
uçarcasina	uçarcasına	1
yarışirdi	yarışırdı	1
sulandi	sulandı	1
yabanciyi	yabancıyı	1
yanmiş	yanmış	1
insanliği	insanlığı	1
çarpikliği	çarpıklığı	1
uyarirçasina	uyarırçasına	1
anlatiyorlar	anlatıyorlar	1
yasaktir	yasaktır	1
imaninda	manında	1
alintiyı	alıntıyı	1
başinizi	başınızı	1
armalardaki	armalardakı	1
Sanatinda	Sanatında	1
anilarinda	anılarında	1
kapilar	kapılar	1
kalmıştir	kalmıştır	1
altlarina	altlarına	1
aynidır	aynıdır	1
yaldizi	yıldızı	1
binanin	binanın	1
ortalarinda	ortalarında	1
sağlamıtir	sağlamıtır	1
milyonlarcasi	milyonlarcası	1
uygulamam	uygulanan	1
okuyucumun	okuyucunun	1
Yaldizla	Yaldızlı	1
açılari	acıları	1
saygisizliğini	saygısızlığını	1
kutlamalarin	kutlamaların	1
aydinlatilmasin	aydınlatılmasın	1
yapilabiliyorsa	yapılabiliyorsa	1
kivrimlariyla	kıvrımlarıyla	1
Suresi	Süresi	1
Elmalil	Elmalıl	1
Binanin	Binanın	1
yama	yani	1
yamalar	yanlar	1
binayi	binayı	1
yaptirmasinin	yaptırmasının	1
gözalicisina	gözalıcısına	1
yapişmı	yapışmı	1
saygisizliğa	saygısızlığa	1
adanmi	adamın	1
hayirla	hayırlı	1
kuğurdamalari	kuğurdamaları	1
iitilebilir	ııtılebilir	1
sütunlariyla	sütunlarıyla	1
miraslarindan	miraslarından	1
alşamadiğim	alsamadığım	1
sarniçlar	sarnıçlar	1
sarnici	sarnıcı	1
sütunlarina	sütunlarına	1
sarniçlari	sarnıçları	1
çağlarindan	çağlarından	1
Yilanli	Yılanlı	1
sütunlarinin	sütunlarının	1
acimasizliğa	acımasızlığa	1
rezervuari	rezervuarı	1
sicakliği	sıcaklığı	1
dokumalarinın	dokumalarının	1
kullanmamanin	kullanmamanın	1
kovaninin	kovanının	1
Dışarida	Dışarıda	1
iitilmiyor	ııtılmıyor	1
sariklt	sarıklt	1
çalginin	çalgının	1
Havva’nin	Havva’nın	1
Başlica	Başlıca	1
adıni	adını	1
çıkmasindan	çıkmasından	1
anlatisinin	anlatısının	1
alşinda	alsında	1
kirlangı	kırlangı	1
redingotlarimiz	redingotlarımız	1
dehasindan	dehasından	1
loncasinın	loncasının	1
hamamci	hamamcı	1
kazicilarin	kazıcıların	1
koyunlarin	koyunların	1
zanaatkârlarinin	zanaatkarlarının	1
barindırıyordu	barındırıyordu	1
atakti	ataktı	1
alaylarinı	alaylarını	1
fuarlarin	fuarların	1
kuatmasi	kuatması	1
kavgalari	kavgaları	1
sanatçılarini	sanatçılarını	1
barindirmazlar	barındırmazlar	1
alşveri	alsveri	1
Şam’in	Şam’ın	1
mallarin	malların	1
onayini	onayını	1
Şamli	Şamlı	1
Mallarinin	Mallarının	1
darliğiydi	darlığıydı	1
Aydinlatmasi	Aydınlatması	1
havalandirmasi	havalandırması	1
Şarkliliğina	Şarklılığına	1
Kapaliçarşısiyla	Kapalıçarşısıyla	1
dokumalarin	dokumaların	1
alirken	alırken	1
yarisini	yarısını	1
bakılirsa	bakılırsa	1
sakinca	sakınca	1
Storied	Storıed	1
uyarilar	uyarılar	1
Kenarlari	Kenarları	1
pazarlarindan	pazarlarından	1
eşarplari	eşarpları	1
satmaktadir	satmaktadır	1
Hanimefendimize	Hanımefendimize	1
Sesostris	Sesostrıs	1
yakşikli	yakşıklı	1
adamakill	adamakıll	1
Bohçasini	Bohçasını	1
Hidiv’in	Hıdiv’in	1
hanimefendi	hanımefendi	1
yikanabilir	yıkanabilir	1
Pharpar’in	Pharpar’ın	1
uzatip	uzatıp	1
parçanin	parçanın	1
Sancak’in	Sancak’ın	1
Şehrazat’in	Şehrazat’ın	1
kararsizliğımi	kararsızlığımı	1
saptiyordu	saptıyordu	1
Kaçırilan	Kaçırılan	1
Kismet’in	Kısmet’in	1
oluşturduklari	oluşturdukları	1
halkanin	halkının	1
kalmiştik	kalmıştık	1
attim	attım	1
bağliymış	bağlıymış	1
pazarlikla	pazarlıkla	1
uzamasi	uzaması	1
bikkinlik	bıkkınlık	1
Paralari	Paraları	1
yanimda	yanımda	1
Firsat	Fırsat	1
pazarliği	pazarlığı	1
kaçıriyor	kaçırıyor	1
isinarak	ısınarak	1
Istemiyorsaniz	İstemiyorsanız	1
satmazsiniz	satmazsınız	1
Kismet’tir	Kısmet’tir	1
Madama’nin	Madama’nın	1
sayidaki	sayıdaki	1
malini	malını	1
sirtini	sırtını	1
yakasindan	yakasından	1
karşılaşmasi	karşılaşması	1
selamini	selamını	1
toplayinca	toplayınca	1
edasiyla	edasıyla	1
yasladi	yasladı	1
parçalaniyordu	parçalanıyordu	1
ağlayacaktir	ağlayacaktır	1
yapmıştim!	yapmıştım!	1
aldatilmiş	aldatılmış	1
canlandiğini	canlandığını	1
kaldirarak	kaldırarak	1
yanaklarindaki	yanaklarındaki	1
kahkahasini	kahkahasını	1
baa	bu	1
yirtildi	yırtıldı	1
ihtiamnin	ihtiamnın	1
şımarik	şımarık	1
kahkahalarini	kahkahalarını	1
nakişsiz	nakışsız	1
olanini	olanını	1
kariştirmasin	karıştırmasın	1
fiyatini	fiyatını	1
Amerikalisiniz	Amerikalısınız	1
Fiyati	Fiyatı	1
sorarsiniz	sorarsınız	1
Satici	Satıcı	1
kalirsiniz	kalırsınız	1
pazarlikçı	pazarlıkçı	1
kizartabilir	kızartabilir	1
sandiklar	sandıklar	1
Misir’inkiler	Mısır’ınkıler	1
yapişmasi	yapışması	1
Gülyaği	Gülyağı	1
Hanutlanmayi	Hanutlanmayı	1
dinlenin	dinlerin	1
camiinin	caminin	1
tüccarinin	tüccarının	1
dolaşmali	dolaşmalı	1
oymacilarin	oymacıların	1
tezgâhlarina	tezgahlarına	1
Kaşıkçilara	Kaşıkçılara	1
mallardir	mallardır	1
tezgâhlari	tezgahları	1
tatlilari	tatlıları	1
muhtevasindan	muhtevasından	1
almayacağinizi	almayacağınızı	1
Pazarin	Pazarın	1
çikarilabilir	çıkarılabilir	1
çıkalim!	çıkalım!	1
halilarim	halılarım	1
sandiklara	sandıkları	1
takimlari	takımları	1
Pahali	Pahalı	1
taçlarimi	taçlarımı	1
farbelasi	farbelası	1
alaşimi	alaşımı	1
aklimizin	aklımızın	1
facie	facıe	1
hayasizliktan	hayasızlıktan	1
yapmasa	yapması	1
kutlamalari	kutlamaları	1
yılinin	yılının	1
Hanin	Hanım	1
ulemanin	ulemanın	1
Şah’in	Şah’ın	1
acimasizliklari	acımasızlıkları	1
meraklilar	meraklılar	1
kapilyorlar	kapılyorlar	1
dualariyla	dualarıyla	1
biçaklariyla	bıçaklarıyla	1
delikanlilar	delikanlılar	1
yaralamişti	yaralamıştı	1
findan	fından	1
kuzin	kızın	1
kadarcik	kadarcık	1
yapilmamişti	yapılmamıştı	1
uzaklaşti	uzaklaştı	1
Tarikati’ne	Tarikatı’ne	1
bağişlanmasi	bağışlanması	1
Ayakkabilarina	Ayakkabılarına	1
ayakkabilarla	ayakkabılarla	1
yapıştirmak	yapıştırmak	1
kamçıliyorlar	kamçılıyorlar	1
Tövbekârlarin	Tövbekârların	1
çikarilmışa	çıkarılmışa	1
kamçilanan	kamçılanan	1
islanmişti	ıslanmıştı	1
siçrıyordu	sıçrıyordu	1
korkarcasina	korkarcasına	1
koşuyorlardi	koşuyorlardı	1
kapildiklari	kapıldıkları	1
apaçıkti	apaçıktı	1
Hassa’nin	Hassa’nın	1
kaçırmamasi	kaçırmaması	1
araştirmama	araştırmama	1
elyazmalari	elyazmaları	1
anlati	anlatı	1
eşyasindan	eşyasından	1
yandiği	yandığı	1
abartilmamiştir	abartılmamıştır	1
Kabzalarinda	Kabzalarında	1
kinlari	kinları	1
facsimilei	facsımılei	1
Kumaşlarin	Kumaşların	1
yapilmamasi	yapılmaması	1
alim	alım	1
yüzyilina	yüzyılına	1
Palaeologi	Palaeologı	1
taplari	tapları	1
barindirmasi	barındırması	1
planlanmiş	planlanmış	1
Amerikalilarla	Amerikalılarla	1
sarayla	sırayla	1
burnu	bunu	1
tavanlari	tavanları	1
babşişlerini	babşışlerini	1
zarfli	zarflı	1
dolaştiğim	dolaştığım	1
otlarin	otların	1
çalilarin	çalıların	1
yukarilarini	yukarılarını	1
kivrimlarini	kıvrımlarını	1
Yildiz’da	Yıldız’da	1
inzivasini	inzivasını	1
tarhlarini	tarhlarını	1
biraktiklarinda	bıraktıklarında	1
Yangindan	Yangından	1
hanimlarina	hanımların	1
yaşl	yaşı	1
ağirlaniyordu	ağırlanıyordu	1
çıkarirsa	çıkarına	1
çikinti	çıkıntı	1
yikanirdi	yıkanırdı	1
kâğitlarini	kağıtlarını	1
çağrişimlarıyla	çağrışımlarıyla	1
toplanip	toplanıp	1
odasi	odası	1
kaldirilarak	kaldırılarak	1
Hipodrom’daki	Hipodrom’dakı	1
avlularina	avlularına	1
sayilmazmiş	sayılmazmış	1
şareti	sareti	1
ediimi	ediımı	1
çıkarildiği	çıkarıldığı	1
parmağini	parmağını	1
mantiğini	mantığını	1
haşmetmeaplarina	haşmetmeaplarına	1
bakmazdi	bakmazdı	1
yatağana	yatağına	1
anitsaldir	anıtsaldır	1
karşilaşıyorsunuz	karşılaşıyorsunuz	1
sanmiştiniz	sanmıştınız	1
camdan	candan	1
biyıkli	bıyıklı	1
yarattiğina	yarattığına	1
Allıkli	Allikli	1
tabutlarinda	tabutlarında	1
Kizlar	Kızlar	1
Şatafatli	Şatafatlı	1
sarilmış	sarılmış	1
silahi	silahı	1
mum	müm	1
saflari	safları	1
toplantisina	toplantısına	1
Ağasi!	Ağası!	1
kumaşlarin	kumaşların	1
tokalari	tokaları	1
firavunlarina	firavunlarına	1
yamaği	yamagı	1
parçalanmasini	parçalanmasını	1
kacaği	kaçağı	1
yakiciyi	yakıcıyı	1
okurlarimin	okurlarımın	1
çağiriyorum	çağırıyorum	1
Sadrazamin	Sadrazamın	1
padişahininki	padişahınınkı	1
borazanli	borazanlı	1
şehinşahi	şehinşahı	1
nişanlarinin	nişanlarının	1
pahasini	pahasını	1
Atika’yi	Atika’yı	1
Civarindaki	Civarındaki	1
ayniliği	ayrılığı	1
Ormanlari	Ormanları	1
megul	mesul	1
ormanin	ormanın	1
mekânlari	mekanları	1
kalintilara	kalıntılara	1
biktiysa	bıktıysa	1
başyapiti	başyapıtı	1
cilalanmiş	cilalanmış	1
parmakliklar	parmaklıklar	1
sultanlarindan	sultanlarından	1
korudaki	korudakı	1
avciların	avcıların	1
memurlariyla	memurlarıyla	1
Şam’inkinden	Şam’ınkınden	1
yaptirilan	yaptırılan	1
alimli	ılımlı	1
tasarimlari	tasarımları	1
cafcafli	cafcaflı	1
dağitilmiyor	dağıtılmıyor	1
taşiyicilari	taşıyıcıları	1
patikalari	patikaları	1
damlasini	damlasını	1
ihtimami	ihtimamı	1
doruklarindan	doruklarından	1
panoramanin	panoramanın	1
saraylarindan	saraylarından	1
sigaranizi	sigaranızı	1
bikmiyor	bıkmıyor	1
çıktiğimizda	çıktığımızda	1
Chrysopolis’in	Chrysopolıs’ın	1
yakınindan	yakınından	1
kervanlariyla	kervanlarıyla	1
Konstaninus	Konstanınus	1
mezarliklarin	mezarlıkların	1
mezarliğiyla	mezarlığıyla	1
Kiyisina	Kıyısına	1
çiktiğinizda	çıktığınızda	1
attiğinizda	attığınızda	1
şurasini	şurasını	1
burasini	burasını	1
yazilarin	yazıların	1
mezarliğini	mezarlığını	1
açıkliklara	açıklıklara	1
taşimaktan	taşımaktan	1
yorulmuçasina	yorulmuçasına	1
ağirliklariyla	ağırlıklarıyla	1
uzaniyorlar	uzanıyorlar	1
taşıni	taşını	1
Sariğindan	Sarığından	1
papazinki	papazınkı	1
Sariklardan	Sarıklardan	1
olacaklarini	olacaklarını	1
dümelerine	dumelerine	1
parmaklikla	parmaklıkla	1
taçlanmiş	taçlanmış	1
dallarin	dalların	1
kapılirdim	kapılırdım	1
inançlilarin	inançlıların	1
korunmasinin	korunmasının	1
Buralar	Bunlar	1
Firtina	Fırtına	1
kasip	kasıp	1
ormanlarina	ormanların	1
açmi	için	1
donatilmişlar	donatılmışlar	1
kumtaşlari	kumtaşları	1
huzursuzluklari	huzursuzlukları	1
kapilmiyor	kapılmıyor	1
çirpinmalari	çırpınmaları	1
vücutlarinin	vücutlarının	1
koşullarina	koşullarına	1
sora	son	1
halklarinkinden	halklarınkınden	1
cilasiz	cilasız	1
şaliyla	salıyla	1
varildiğinda	varıldığında	1
hizasinda	hizasında	1
açilamaz	açılamaz	1
sağliklarinda	sağlıklarında	1
yaptirdiklari	yaptırdıkları	1
nakşlandiği	nakşlandığı	1
şallariyla	şallarıyla	1
sey	şey	1
açmışti	açmıştı	1
Ağlamayi	Ağlamayı	1
yakiştirmadiği	yakıştırmadığı	1
arinmişliğinin	arınmışlığının	1
Mezarin	Mezarın	1
alkanliğinda	alkanlığında	1
Sariklar	Sarıklar	1
putkiricilar	putkırıcılar	1
koparilmiştir	koparılmıştır	1
zanaatini	zanaatını	1
hokkasi	hokkası	1
uğraşini	uğraşını	1
Kuşlari	Kuşları	1
çarkilarini	çarkılarını	1
civiltilarini	cıvıltılarını	1
ayartir	ayartır	1
Araliklarla	Aralıklarla	1
surlardir	surlardır	1
Surlarin	Surların	1
sağlamiştır	sağlamıştır	1
kaldirilmiştir	kaldırılmıştır	1
Ikincisi	İkincisi	1
sağlamiştir	sağlamıştır	1
birakilmiştir	bırakılmıştır	1
yapilmamış	yapılmamış	1
sulandiği	sulandığı	1
kirilganliğina	kırılganlığına	1
kiracilarinin	kiracılarının	1
kalmalarinin	kalmalarının	1
tarlalarini	tarlalarını	1
kapiyı	kapıyı	1
Meydani’nda	Meydanı’nda	1
yas	yaş	1
doldurmasi	doldurması	1
Yanyali	Yanyalı	1
mezarliğin	mezarlığın	1
karanliğindaki	karanlığındaki	1
başsiz	başsız	1
eşkiyaydi	eşkıyaydı	1
masinin	masının	1
asiydi	işiydi	1
Yakalanmiş	Yakalanmış	1
birakilmişti	bırakılmıştı	1
Paşasi	Paşası	1
dağitti	dağıttı	1
yanki	yankı	1
ocağina	ocağına	1
Tuhaftir	Tuhaftır	1
eşkiyayi	eşkıyayı	1
sağlayacaklari	sağlayacakları	1
haçlarini	haçlarını	1
tavra	tavrı	1
Kiyilari	Kıyıları	1
tanitim	tanıtım	1
satirlari	satırları	1
Yolculuklarinda	Yolculuklarında	1
yakınlarinda	yakınlarında	1
atif	atıf	1
başarmi	basarmı	1
kucakladiği	kucakladığı	1
toprakti	topraktı	1
gruplarina	gruplarına	1
Çayirlarin	Çayırların	1
safliğiyla	saflığıyla	1
yansitir	yansıtır	1
Yunanlilardan	Yunanlılardan	1
karışımi	karışımı	1
Byron’in	Byron’ın	1
basiz	başız	1
zayiflikla	zayıflıkla	1
Clay’in	Clay’ın	1
yakinındaki	yakınındaki	1
yaptiklaryla	yaptıklaryla	1
mezariyla	mezarıyla	1
taşinmiş	taşınmış	1
uğrayacaği	uğrayacağı	1
sağlanir	sağlanır	1
Odasinin	Odasının	1
ayirir	ayırır	1
karisıyla	karısıyla	1
karşisina	karşısına	1
yaralanir	yaralanır	1
baçsiz	bacsız	1
aranip	aranıp	1
birakmakla	bırakmakla	1
anlaticisinin	anlatıcısının	1
abartilariyla	abartılarıyla	1
kivrak	kıvrak	1
siğınan	sığınan	1
ağirladiğinda	ağırladığında	1
sicağini	sıcağını	1
çubuklarinin	çubuklarının	1
karpuzlarinin	karpuzlarının	1
kafalarindaki	kafalarındaki	1
omuzlarindaki	omuzlarındaki	1
siriklarla	sırıklarla	1
sariğiyla	sarığıyla	1
karşıliğında	karşılığında	1
katmandaki	katmandakı	1
hadimağalari	hadımağaları	1
kayisi	kayısı	1
tinlamasi	tınlaması	1
Parildayan	Parıldayan	1
işil	ışıl	1
isiği	ışığı	1
Asya’ninkilere	Asya’nınkılere	1
gazla	gizli	1
vals	vali	1
tilsimlarini	tılsımlarını	1
tatliliğinin	tatlılığının	1
ferahliğinin	ferahlığının	1
Garpli	Garplı	1
aydinlatilmı	aydınlatılmı	1
salonlarinin	salonlarının	1
fundalik	fundalık	1
ağaçlikli	ağaçlıklı	1
arayışindaki	arayışındaki	1
banımina	banimina	1
şampanyali	şampanyalı	1
aşamasi	aşaması	1
çanli	canlı	1
onuru	onun	1
yalinliğa	yalınlığa	1
azaltildiğini	azaltıldığını	1
YEN	YENİ	1
yapilsin	yapılsın	1
şâni	sani	1
Arma	Ama	1
Mutlak'in	Mutlak'ın	1
başarilmiş	başarılmış	1
Kilici	Kılıcı	1
Taçlarin	Taçların	1
Han’iz	Han’ız	1
ayırir	ayırır	1
Hiristiyan’dir	Hıristiyan’dır	1
hatrlatir	hatrlatır	1
vardirir	vardırır	1
rastladiğim	rastladığım	1
kadisi	kadısı	1
talimatindan	talimatından	1
diyagramini	diyagramını	1
ağırlik	ağırlık	1
sûru	sürü	1
Paşm	Pan	1
Israfilin	İsrafılın	1
anlamlari	anlamları	1
Hair	Hür	1
Başliği	Başlığı	1
yalindir	yalındır	1
şul	sul	1
demokrattir	demokrattır	1
Anayasasi	Anayasası	1
kalmştir	kalmıştır	1
olmayışi	olmayışı	1
âyandan	ayından	1
bohçasidir	bohçasıdır	1
bulunmayiı	bulunmayıı	1
unvanidir	unvanıdır	1
attıklarini	attıklarını	1
alikoymuşlardir	alıkoymuşlardır	1
Ağırbali	Ağırbalı	1
yaratilıa	yaratılıa	1
tanitilacak	tanıtılacak	1
Almanach’inin	Almanach’ının	1
sayfalarinın	sayfalarının	1
unvanlariyla	unvanlarıyla	1
tanitmasi	tanıtması	1
küstahliğina	küstahlığına	1
komutanina	komutanına	1
subayina	subayına	1
Vass	Vasi	1
kalacağini	kalacağını	1
kalamadiğimizin	kalamadığımızın	1
ayrintilidir	ayrıntılıdır	1
haşmetmeaplari	haşmetmeapları	1
uzatilmiş	uzatılmış	1
aksiriklari	aksırıkları	1
başağini	başağını	1
parmakliğa	parmaklığa	1
yaylarina	yaylarına	1
unvana	unvanı	1
yazişmalarda	yazışmalarda	1
soylularin	soyluların	1
unvandi	unvandı	1
siniflara	sınıflara	1
Saniyorum	Sanıyorum	1
Nazir1	Nazırı	1
Cenaplari	Cenapları	1
biktirici	bıktırıcı	1
yayginlaşti	yaygınlaştı	1
duymazdi	duymazdı	1
Countdouriotti’yi	Countdourıottı’yı	1
kâtiplerine	katiplerine	1
kazandirabilirdi	kazandırabilirdi	1
Theodora’nin	Theodora’nın	1
alikoyacaklarini	alıkoyacaklarını	1
kullanacaklarini	kullanacaklarını	1
doğmamiş	doğmamış	1
ayrimlarinin	ayrımlarının	1
Britanyali	Britanyalı	1
şatolari	şatoları	1
Papaliği	Papalığı	1
tanışmanin	tarımının	1
Polonyali	Polonyalı	1
Sirp	Sırp	1
Ortis	Örtü	1
hatirlamakti	hatırlamaktı	1
çalştim	çalştım	1
kapsamliydi	kapsamlıydı	1
Jarasynski	Jarasynskı	1
Bakitch	Bakıtch	1
tavirli	tavırlı	1
Zugasti	Zugastı	1
anilardan	anılardan	1
soyadlarina	soyadlarına	1
rastladiğinizda	rastladığınızda	1
unutmayalim!	unutmayalım!	1
animsadiğinda	anımsadığında	1
piriltili	pırıltılı	1
yazarinı	yazarını	1
Çağ’in	Çağ’ın	1
kurallarinin	kurallarının	1
biktirmişti	bıktırmıştı	1
ayinin	ayının	1
bunaltici	bunaltıcı	1
vardim	vardım	1
alinmak	alınmak	1
kisaltilmamş	kısaltılmamş	1
alişmışızdir	alışmışızdır	1
sirasindaydi!	sırasındaydı!	1
Kaşlarimdan	Kaşlarımdan	1
kuruladim	kuruladım	1
sirami	şirin	1
Kaydini	Kaydını	1
tirmanmaktaydi	tırmanmaktaydı	1
çatilmiş	çatılmış	1
kaşlarimin	kaşlarımın	1
alikoyacağim!	alıkoyacağım!	1
başlamiştim	başlamıştım	1
kaydini	kaydını	1
firtinalari	fırtınaları	1
huzursuzlanip	huzursuzlanıp	1
avantajini	avantajını	1
yaptirirken	yaptırırken	1
kalmayacağini	kalmayacağını	1
boşalmaktaydi	boşalmaktaydı	1
Alinmaz	Alınmaz	1
yapmaktaydi	yapmaktaydı	1
Ekselanslari	Ekselansları	1
bakmaksizin	bakmaksızın	1
siramin	sıramın	1
Babiâli’yle	Babıali’yle	1
Nazirla	Nazırla	1
oranin	oranın	1
kaşlarimi	kaşlarını	1
Hanliği	Hanlığı	1
bağimlı	bağımlı	1
altmş	altın	1
çatkin	çatkın	1
altinlarina	altınlarına	1
Antlaşmasi’yla	Antlaşması’yla	1
bulunanlarin	bulunanların	1
antlamadir	antlamadır	1
bulunmadik	bulunmadık	1
danışılmadi	danışılmadı	1
krallikti	krallıktı	1
olmayalim	olmayalım	1
firsatlar	fırsatlar	1
bakanina	bakanına	1
kazanda	kazandı	1
başardiği	başardığı	1
imzalanmiş	imzalanmış	1
dişişleri	dışişleri	1
ast	ait	1
kullanınabildiği	kullanınabıldığı	1
maskaralik!	maskaralık!	1
Anayasamiza	Anayasamıza	1
onaylamamiz	onaylamamız	1
sonuçlandirmak	sonuçlandırmak	1
iktidarsizdir	iktidarsızdır	1
aşkindır	aşkındır	1
onaylanmıştir	onaylanmıştır	1
antlamalari	antlamaları	1
yurttaşliğa	yurttaşlığa	1
Çağimizın	Çağımızın	1
kayirıci	kayırıcı	1
bakanimiz	bakanımız	1
tamamlandilar	tamamlandılar	1
sağlandiğinda	sağlandığında	1
maaşli	maaşlı	1
tanidiği	tanıdığı	1
makamlarin	makamların	1
Bakanliğr’ni	Bakanlığr’nı	1
Diişleri	Dıışleri	1
hatirlayan	hatırlayan	1
atmadilar	atmadılar	1
aşağilayici	aşağılayıcı	1
ayrimcilik	ayrımcılık	1
olağandişı	olağandışı	1
olu	ölü	1
çıkilirsa	çıkılırsa	1
Başkanindan	Başkanından	1
makamin	makamın	1
ayridir	ayrıdır	1
anahtari	anahtarı	1
akrabalari	akrabaları	1
adlarinin	adlarının	1
kurduklarini	kurduklarını	1
Israil’de	İsrail’de	1
Boggsvilleli	Boggsvılleli	1
karştirır	karstırır	1
kitaplarindaki	kitaplarındaki	1
kilmiştir	kılmıştır	1
kisaltma	kısaltma	1
hisarlarin	hisarların	1
istihkâmidir	istihkâmıdır	1
aydinlatilmış	aydınlatılmış	1
Kadilardan	Kadılardan	1
Emerson’in	Emerson’ın	1
çikarsak	çıkarmak	1
Yaratan’in	Yaratan’ın	1
yapimcisiydi	yapımcısıydı	1
zanaatin	zanaatın	1
çiraği	çırağı	1
mekanizmalarini	mekanizmalarını	1
başkumandani	başkumandanı	1
sali	salı	1
adlandirilmaya	adlandırılmaya	1
konumlarina	konumlarına	1
çairler	cairler	1
okuyucularimin	okuyucularımın	1
Şarklinin	Şarklının	1
Yumuşacik	Yumuşacık	1
tanimlamasi	tanımlaması	1
çıkilmaz	çıkılmaz	1
Yilbaşı	Yılbaşı	1
yaratirken	yaratırken	1
kafamizi	kafamızı	1
kariştirir	karıştırır	1
argümani	argümanı	1
Greguar’in	Greguar’ın	1
kayinbiraderi	kayınbiraderi	1
sadikti	sadıktı	1
aralarndaki	aralarndakı	1
aylarin	ayların	1
kisadir	kısadır	1
kayıkçilar	kayıkçılar	1
susamalarina	susamalarına	1
yorulmalarina	yorulmalarına	1
Çubuklarini	Çubuklarını	1
Yildönuinü	Yıldönümü	1
Batil	Batıl	1
Karşılikli	Karşılıklı	1
dağitma	dağıtma	1
tabakasina	tabakasına	1
taşımiyordu	taşımıyordu	1
Yilbaı	Yılbaı	1
payima	payına	1
basilmış	basılmış	1
etmemin	etmenin	1
ayricalikla	ayrıcalıklı	1
kalmadiği	kalmadığı	1
ziyaretimde	ziyaretinde	1
niani	mani	1
tarafima	tarafına	1
sakn	sakin	1
kutlamalarini	kutlamalarını	1
anisini	anısını	1
ilikim	ılıkım	1
uzaktirlar	uzaktırlar	1
geceyarisindan	geceyarısından	1
dakikanin	dakikanın	1
sirtlarindan	sırtlarından	1
Yil’nin	Yıl’nın	1
Yilin	Yılın	1
devami	devamı	1
Şarayda	Sarayda	1
aydinlatiliyor	aydınlatılıyor	1
atinın	atının	1
Içlerinde	İçlerinde	1
Ileri	İleri	1
Selamlik’ta	Selamlık’ta	1
hayirseverlerince	hayırseverlerince	1
okunmasindan	okunmasından	1
Sirada	Sırada	1
Deum	Den	1
ükran	ikram	1
katilacaklarini	katılacaklarını	1
selamlanmasina	selamlanmasına	1
hükümranlarin	hükümranların	1
Katilan	Katılan	1
yaklaştiğinin	yaklaştığının	1
izlenimim	izlenimini	1
ayrilsa	ayrılsa	1
Grouich’in	Grouıch’ın	1
yazgisi	yazgısı	1
bayramlari	bayramları	1
Ramazan’1	Ramazan’ı	1
günbatimina	günbatımına	1
günbatimindan	günbatımından	1
kutlamanin	kutlamanın	1
başlangicidir	başlangıcıdır	1
bayramin	bayramın	1
atişlari	atışları	1
siniflarin	sınıfların	1
Sabahin	Sabahın	1
Ramazan’in	Ramazan’ın	1
başlamasindan	başlamasından	1
Kizginliklar	Kızgınlıklar	1
hazimsizliklar	hazımsızlıklar	1
curcunali	curcunalı	1
canlilikla	canlılıkla	1
başlatilir	başlatılır	1
sokaklardadir	sokaklardadır	1
sandiğindaki	sandığındaki	1
Sariğinin	Sarığının	1
muslini	müslini	1
kuşanir	kuşanır	1
selamlaşirlar	selamlaşırlar	1
Martilar	Martılar	1
Yabancilarin	Yabancıların	1
toplanirlardi	toplanırlardı	1
açildiğinda	açıldığında	1
çinar	çınar	1
dururlardi	dururlardı	1
kuşamin	kişinin	1
oynakliği	oynaklığı	1
ihtişaminda	ihtişamında	1
Ind’in	İnd’in	1
batişına	batısına	1
almş	almış	1
hatasi	hatası	1
kaynaklanyordu	kaynaklanıyordu	1
rakamlari	rakamları	1
astronomlarindan	astronomlarından	1
hatasindan	hatasından	1
yararlanmamalari	yararlanmamaları	1
burçlariyla	burçlarıyla	1
kadisinin	kadısının	1
yapiti	yapıtı	1
Kayip	Kayıp	1
Lost’inda	Lost’ında	1
atifla	atıfla	1
Kantlari	Kanıtları	1
Tanik	Tanık	1
kanitlarlar	kanıtlarlar	1
ispatlaniyorsa	ispatlanıyorsa	1
memurlaridir	memurlarıdır	1
kalemim	kalenin	1
çikmakta	çıkmakta	1
Hizli	Hızlı	1
ulaştirabilirler	ulaştırabilirler	1
koparilir!	koparılır!	1
buharlilar	buharlılar	1
Taniklardan	Tanıklardan	1
sirtindadir	sırtındadır	1
çalimaktadir	çalımaktadır	1
yaklaşiyordu	yaklaşıyordu	1
yakındi	yakındı	1
rahatiyla	rahatıyla	1
çatmalarin	çatmaların	1
ayricaliğindan	ayrıcalığından	1
kalmiştık	kalmıştık	1
atişı	atışı	1
sabirsizlikla	sabırsızlıkla	1
zorundayiz	zorundayız	1
randevularimiz	randevularımız	1
olunacakti	olunacaktı	1
atilmadan	atılmadan	1
Büyükada’dayiz	Büyükada’dayız	1
karşiklik	karşıklık	1
Ekselanslarina	Ekselanslarına	1
Yarinki	Yarınki	1
Sarayina	Sarayına	1
{Marmara	Marmara	1
Propontis’i	Propontıs’ı	1
yildizlarinin	yıldızlarının	1
Zamaninda	Zamanında	1
Dostlarimizla	Dostlarımızla	1
çikiyor!	çıkıyor!	1
Saray’nin	Saray’nın	1
Ardinda	Ardında	1
karşilama	karşılama	1
Yankilari	Yankıları	1
yılin	yılın	1
ağirbaşliliğiyla	ağırbaşlılığıyla	1
selamlamalari	selamlamaları	1
kavrayişınin	kavrayışının	1
alişmışizdir	alışmışızdır	1
ihtiamini	ihtiamını	1
bakiyor	bakıyor	1
hazirlanmı	hazırlanmı	1
Scott’in	Scott’ın	1
yakinda	yakında	1
haziriz	hazırız	1
kaldiriliyor	kaldırılıyor	1
Padişahim	Padişahın	1
bağıriyor	bağırıyor	1
Dışaridaki	Dışarıdaki	1
kalabaliklar	kalabalıklar	1
Dudaklari	Dudakları	1
ayricalik	ayrıcalık	1
Marşı’ni	Marşı’nı	1
haykiryorlar	haykıryorlar	1
çalkalaniyor	çalkalanıyor	1
sağindan	sağından	1
Alinlarinı	Alınlarını	1
kolçağindaki	kolçağındakı	1
alinlariyla	alınlarıyla	1
kargaşasi	kargaşası	1
olacaklari	olacakları	1
yakinimizda	yakınımızda	1
fisildiyoruz	fısıldıyoruz	1
yanitlyor	yanıtlyor	1
katilanlardan	katılanlardan	1
sariğinin	sarığının	1
hatirlamak	hatırlamak	1
odalarina	odalarına	1
yanmadan	yanından	1
Bayramlari	Bayramları	1
animsaticisi	anımsatıcısı	1
dişlamayan	dışlamayan	1
tercümanlarimiz	tercümanlarımız	1
saygilarimizi	saygılarımızı	1
sunmamiza	sunmamıza	1
Bayrami	Bayramı	1
atışlari	atışları	1
koyunun	köyünün	1
adaği	adası	1
başlangicini	başlangıcını	1
Mezarliklarda	Mezarlıklarda	1
kuyruklari	kuyrukları	1
koçlarin	koçların	1
ayna	aynı	1
yapildiktan	yapıldıktan	1
çikarilmadan	çıkarılmadan	1
yikaniyor	yıkanıyor	1
Boynuzlari	Boynuzları	1
kaplaniyor	kaplanıyor	1
Alinlarina	Alınlarına	1
koçlarinın	koçlarının	1
tiraşlanmiş	tıraşlanmış	1
Namazi	Namazı	1
vardiği	vardığı	1
sarayinın	sarayının	1
teşrifatçılari	teşrifatçıları	1
Marşi’ni	Marşı’nı	1
Dışaridakiler	Dışarıdakiler	1
ulemasinin	ulemasının	1
tilavetini	tılavetini	1
Ahir’in	Ahır’ın	1
atlarina	atlarına	1
ağalariyla	ağalarıyla	1
olamiyor	olamıyor	1
işıltili	ışıltılı	1
endamin	endamın	1
odaliğin	odalığın	1
parlamasina	parlamasına	1
başarmiş	başarmış	1
Vükelanin	Vükelanın	1
davrandi	davrandı	1
dağitilmasinin	dağıtılmasının	1
savaşmayi	savaşmayı	1
danışmanlarindan	danışmanlarından	1
kinina	kınına	1
sokacağini	sokacağını	1
karitiracakti	karitiracaktı	1
sakinganliğinin	sakınganlığının	1
sakinganliği	sakınganlığı	1
dışaridan	dışarıdan	1
farkliydi	farklıydı	1
numarasi	numarası	1
hatlari	hatları	1
basamakli	basamaklı	1
malinizi	malınızı	1
Yanginlarin	Yangınların	1
sikabileceğiniz	sıkabileceğiniz	1
yararlandiği	yararlandığı	1
tarzinin	tarzının	1
ayrildiğimdan	ayrıldığımdan	1
anlatiliyor	anlatılıyor	1
paravananin	paravananın	1
hastasinın	hastasının	1
haremağalarindan	haremağalarından	1
koşullarinın	koşullarının	1
hastaliğı	hastalığı	1
taninmasini	tanınmasını	1
Akillica	Akıllıca	1
hifzisihha	hıfzısıhha	1
tilan	tılan	1
dolaştirilir	dolaştırılır	1
pervazina	pervazına	1
yabanarisi	yabanarısı	1
viziltisiyla	vızıltısıyla	1
sabirsizlanır	sabırsızlanır	1
ihtiyatini	ihtiyatını	1
kalkmamiştir	kalkmamıştır	1
dudaklari	dudakları	1
çıkarir	çıkarır	1
davranmadiğı	davranmadığı	1
hastasini	hastasını	1
odaliğın	odalığın	1
kuşaminda	kısmında	1
kinar	kınar	1
Şarkliliği	Şarklılığı	1
kurmalarina	kurmalarına	1
gerdanliklari	gerdanlıkları	1
parmaklarini	parmaklarını	1
kina	kimi	1
kalkmiş	kalkmış	1
misvak	mişvak	1
kilina	kılına	1
Birazcik!	Birazcık!	1
boyamiyor	boyamıyor	1
olayindan	olayından	1
kadinı	kadını	1
kuşamda	kısımda	1
kaşlarini	kaşlarını	1
burnun	bunun	1
farkliliklar	farklılıklar	1
âdetti	adetti	1
şakağin	şakağın	1
barbarcadir	barbarcadır	1
Zamanin	Zamanın	1
yaşaminda	yaşamında	1
çağrilan	çağrılan	1
hanimefendilerin	hanımefendilerin	1
istihdamin	istihdamın	1
yasaklandiği	yasaklandığı	1
buluşmalari	buluşmaları	1
çingirtisindan	çıngırtısından	1
kemanin	kemanın	1
notalarindan	notalarından	1
tikirtisindan	tıkırtısından	1
duyulmadiği	duyulmadığı	1
aliciliktan	alıcılıktan	1
alkanliklarini	alkanlıklarını	1
çalşiyormuçasina	çalşıyormuçasına	1
kiyafetin	kıyafetin	1
aşılanmasi	aşılanması	1
kiliğiyla	kılığıyla	1
Sanatçinin	Sanatçının	1
sanatçınin	sanatçının	1
hanimefendisinin	hanımefendisinin	1
kilmişa	kılmışa	1
onaylamadiği	onaylamadığı	1
karim	Kırım	1
eşyasini	eşyasını	1
modasina	modasına	1
şalvarlari	şalvarları	1
faralari	faraları	1
takunyalari	takunyaları	1
murassadir	murassadır	1
sanatsalliktan	sanatsallıktan	1
şapkacinin	şapkacının	1
okurlarimın	okurlarımın	1
dolama	doları	1
miza	Rıza	1
yalindır	yalındır	1
Altindaki	Altındaki	1
Ince	İnce	1
Alinda	Alındı	1
kiliğini	kılıcını	1
başliktır	başlıktır	1
sayilmazsa	sayılmazsa	1
yayginlaştiği	yaygınlaştığı	1
giyime	giyme	1
ihtirasinin	ihtirasının	1
adlandirilanlari	adlandırılanları	1
nakişlanirdi	nakışlanırdı	1
kabariktir	kabarıktır	1
Yapildiklari	Yapıldıkları	1
kumaşlardir	kumaşlardır	1
kisaltilmiş	kısaltılmış	1
halilarina	halılarına	1
hanimlariyla	hanımlarıyla	1
hoşlandiklari	hoşlandıkları	1
hasredip	haşredip	1
pruvalari	pruvaları	1
kaplamalariyla	kaplamalarıyla	1
mallariyla	mallarıyla	1
iftiraci	iftiracı	1
dii	du	1
hanimlara	hanımlara	1
ayrilşinin	ayrılsının	1
dünyadadirlar	dünyadadırlar	1
arabasidir	arabasıdır	1
ovalarindandir	ovalarındandır	1
hayvanlardir	hayvanlardır	1
kapanmişlardir	kapanmışlardır	1
yastiklar	yastıklar	1
parlatilir	parlatılır	1
Kapici	Kapıcı	1
birakmaz	bırakmaz	1
gardroplarini	gardroplarını	1
kiyafetten	kıyafetten	1
ağirdirlar	ağırdırlar	1
selamliğa	selamlığa	1
dalgasinda	dalgasında	1
çirpintilar	çırpıntılar	1
iskarmozlarin	iskarmozların	1
Mağarasindan	Mağarasından	1
şiğin	sığın	1
kitabini	kitabını	1
yayımladiğı	yayımladığı	1
yazilmı	yazılmı	1
haniminın	hanımının	1
çikarmakla	çıkarmakla	1
kizlarindan	kızlarından	1
dokuzundadir	dokuzundadır	1
konuşulmasinin	konuşulmasının	1
yuvalarinda	yuvalarında	1
çırpindiran	çırpındıran	1
yapilmasinda	yapılmasında	1
satrapliğa	satraplığa	1
pahalari	pahaları	1
taamlarinda	taamlarında	1
Padiahin	Padiahın	1
selamliğini	selamlığını	1
Istanbuldaki	İstanbuldakı	1
tarsa	tama	1
payıni	payını	1
sarilmiştir	sarılmıştır	1
bağiyla	bağıyla	1
sanatçimiz	sanatçımız	1
Uyruklarinin	Uyruklarının	1
bildircin	bıldırcın	1
dışariya	dışarıya	1
kumandasi	kumandası	1
dalginca	dalgınca	1
Kontrbasçi	Kontrbasçı	1
mizacinda	mizacında	1
tiyatrolarindaki	tiyatrolarındakı	1
omuzlarini	omuzlarını	1
isimde	işinde	1
raksi	raksı	1
yaptirmasi	yaptırması	1
boyaci	boyacı	1
Hukukçularin	Hukukçuların	1
taçlandiran	taçlandıran	1
bahçivanin	bahçıvanın	1
yakıkli	yakıklı	1
geçmii	seçimi	1
ortalarina	ortalarına	1
uyarlamasi	uyarlaması	1
oynanmasinin	oynanmasının	1
tüccardir	tüccardır	1
Aci	Acı	1
tuhaftir	tuhaftır	1
dişıdir	dışıdır	1
hazirliklarda	hazırlıklarda	1
kaplanir	kaplanır	1
dramamizin	dramamızın	1
karşıtlikları	karşıtlıkları	1
tuhaflikları	tuhaflıkları	1
ihtişamindan	ihtişamından	1
Varlikh	Varlıklı	1
ihtiyaci	ihtiyacı	1
akrabalariyla	akrabalarıyla	1
ayniyken	aynıyken	1
çocuklarininki	çocuklarınınkı	1
üniformasindan	üniformasından	1
sikildiğinda	sıkıldığında	1
mangallarinin	mangallarının	1
karşilanmayan	karşılanmayan	1
teçhizati	teçhizatı	1
saz	siz	1
yanginlar	yangınlar	1
tur	tür	1
Selçuklulari	Selçukluları	1
rihtim	rıhtım	1
davranilmaz	davranılmaz	1
arabalarinda	arabalarında	1
kayitsizca	kayıtsızca	1
sikicidir	sıkıcıdır	1
kinamalarin	kınamaların	1
yaşantilari	yaşantıları	1
sikintili	sıkıntılı	1
görülebiliyorlarmiş	görülebiliyorlarmış	1
biliyorlarmiş	biliyorlarmış	1
ağasindan	ağasından	1
alikanliğina	alikanlığına	1
rihtimin	rıhtımın	1
yayalarina	yayalarına	1
Amerikanci!	Amerikancı!	1
ekliyorlarmiş	ekliyorlarmış	1
Seker	Şeker	1
kışkırtici	kışkırtıcı	1
selamlayışıni	selamlayışını	1
celladi	celladı	1
doğalari	doğaları	1
bahş	bahs	1
Payitahtin	Payitahtın	1
yikanmanin	yıkanmanın	1
hatirlyorum	hatırlyorum	1
tavirlarina	tavırlarına	1
havasindaydi	havasındaydı	1
Kocalari	Kocaları	1
sarşın	samimi	1
bulutlarina	bulutlarına	1
sorulmaktaydi	sorulmaktaydı	1
ıltilarini	iltilarını	1
Incecik	İncecik	1
sütbeyazi	sütbeyazı	1
bayağiliktan	bayağılıktan	1
entrikacinin	entrikacının	1
ayibini	ayıbını	1
yakışikli	yakışıklı	1
aşiklarini	aşıklarını	1
çuvallarin	çuvalların	1
boğulduklarina	boğulduklarına	1
namli	manlı	1
kaldirir	kaldırır	1
dolaşmayi	dolaşmayı	1
iitir	ııtır	1
ayağinin	ayağının	1
romans	romanı	1
yaşadiğı	yaşadığı	1
şarkisinin	şarkısının	1
şınlandiği	sinlandığı	1
yakişıkli	yakışıklı	1
hayrani	hayranı	1
olağandişi	olağandışı	1
şapkacida	şapkacıda	1
ayarlandiği	ayarlandığı	1
bilinçaltindan	bilinçaltından	1
Izzet	İzzet	1
haylazliktan	haylazlıktan	1
Kuralin	Kuralın	1
kanitlayamayacak	kanıtlayamayacak	1
vakasidir	vakasıdır	1
kullanilmasina	kullanılmasına	1
ayaği	ayağı	1
hazmi	hazin	1
Mizahin	Mizahın	1
şaşmamali	şaşmamalı	1
kaydirilan	kaydırılan	1
tikitiran	tıkıtıran	1
hastaliklar	hastalıklar	1
hesabi	hesabı	1
kararinda	kararında	1
dostlaridir	dostlarıdır	1
Aldiğim	Aldığım	1
kullanimini	kullanımını	1
islahini	ıslahını	1
anlatilarindan	anlatılarından	1
çalştiklari	çalştıkları	1
bakimlarindan	bakımlarından	1
düçünceleri	ducünceleri	1
hamamlari	hamamları	1
mizaçlarini	mizaçlarını	1
sinirlamayla	sınırlamayla	1
kazanirlar	kazanırlar	1
azinin	azının	1
karsi	karşı	1
gidersek	gidermek	1
Hsu	Hü	1
çalşalim	çalşalım	1
Choa’nin	Choa’nın	1
Kuang’in	Kuang’ın	1
ayarlamiştir	ayarlamıştır	1
tipkr	tıpkr	1
yaşlarindan	yaşlarından	1
Asuri	Aşırı	1
almişlardi	almışlardı	1
savunmasi	savunması	1
imparatorluklarindan	imparatorluklarından	1
bulunmadiğina	bulunmadığına	1
karisiyla	karısıyla	1
sarip	sarıp	1
sarmalanmitir	sarmalanmıtır	1
Ipek	İpek	1
arkadalari	arkadaları	1
başliğın	başlığın	1
siniflarca	sınıflarca	1
kinanın	kınanın	1
Simalari	Simaları	1
amaçsiz	amaçsız	1
Karisini	Karısını	1
selamliktaki	selamlıktakı	1
çıkınıni	çıkınını	1
halayiğinı	halayığını	1
Kocasinda	Kocasında	1
yaratmaksizin	yaratmaksızın	1
arkadaşinda	arkadaşında	1
taır	tür	1
Iyice	İyice	1
muhafizla	muhafızla	1
varliklilarin	varlıklıların	1
sinifidir	sınıfıdır	1
Entrikalardaki	Entrikalardakı	1
eyanin	eyanın	1
elemanidir	elemanıdır	1
yaptirir	yaptırır	1
kalmaksizin	kalmaksızın	1
kolaylaştirır	kolaylaştırır	1
günahtir	günahtır	1
kurnazlikta	kurnazlıkta	1
yozlaşmiz	yozlaşmız	1
Ağasi	Ağası	1
karşilanır	karşılanır	1
Makaminin	Makamının	1
asadir	işidir	1
ağaliği	ağalığı	1
makamdir	makamdır	1
nazirlarla	nazırlarla	1
şatafatlidir	şatafatlıdır	1
selamlandiğini	selamlandığını	1
parildamaktadir	parıldamaktadır	1
tanriymişçasina	tanrıymışçasına	1
çobanlarınkine	çobanlarınkıne	1
Hafiz	Hafız	1
yapilı	yapılı	1
kafali	kafalı	1
yariküremize	yarıküremize	1
hoşlanmazdi	hoşlanmazdı	1
fedakârliktan	fedakarlıktan	1
kaçinmazlar	kaçınmazlar	1
uyandiracak	uyandıracak	1
edenin	ederim	1
hamallari	hamalları	1
uygarliğina	uygarlığına	1
Incil’de	İncil’de	1
Biçaktan	Bıçaktan	1
cansiz	cansız	1
makaminin	makamının	1
atana	Atina	1
lokantalarinda	lokantalarında	1
yaratiklardan	yaratıklardan	1
bacaklidir	bacaklıdır	1
klapasi	klapası	1
suaygiri	suaygırı	1
kamçısini	kamçısını	1
Ayaklarinda	Ayaklarında	1
tanrilarinkine	tanrılarınkıne	1
soyguncununkine	soyguncununkıne	1
mizaçlarinın	mizaçlarının	1
yabanilliği	yabanıllığı	1
dişaridaki	dışarıdaki	1
tavirlariyla	tavırlarıyla	1
grubundanmiş	grubundanmış	1
gülyağindan	gülyağından	1
muhafizları	muhafızları	1
tatliliğina	tatlılığına	1
şaşilacak	şaşılacak	1
Adsiz	Adsız	1
birakilmişlardir	bırakılmışlardır	1
çikaranlarin	çıkaranların	1
gardiyanlari	gardiyanları	1
tutkulari	tutkuları	1
akillarini	akıllarını	1
sakatlaniyor	sakatlanıyor	1
bahçivanlari	bahçıvanları	1
anilirlar!	anılırlar!	1
insanliktan	insanlıktan	1
intikamlarini	intikamlarını	1
yakalandiklarinda	yakalandıklarında	1
aşağilanma	aşağılanma	1
pasaji	pasajı	1
sikarak	sıkarak	1
çikiyordum	çıkıyordum	1
çikmamalari	çıkmamaları	1
alacakaranlikta	alacakaranlıkta	1
duraksadi	duraksadı	1
avuçlarinin	avuçlarının	1
devasini	devasını	1
yanitlamaya	yanıtlamaya	1
karçisinda	karçısında	1
sarsilmamasi	sarsılmaması	1
bağlaminda	bağlamında	1
yozlaşmasinin	yozlaşmasının	1
Insanın	İnsanın	1
Yaraticilarinin	Yaratıcılarının	1
dişıliği	dışılığı	1
çayırlarin	çayırların	1
sinftan	sınftan	1
kadinları	kadınları	1
hayranlikla	hayranlıkla	1
canlisidirlar	canlısıdırlar	1
gruplarini	gruplarını	1
kopmuşlardir	kopmuşlardır	1
Yaşamlari	Yaşamları	1
uğraşlari	uğraşları	1
bandi	bindi	1
anlaşilir	anlaşılır	1
saticilarin	satıcıların	1
başlicasi	başlıcası	1
ağirlamaya	ağırlamaya	1
Varliklica	Varlıklıca	1
kadinsa	kadınsa	1
kâhyasi	kâhyası	1
alnindaki	alnındaki	1
çikarmazsa	çıkarmazsa	1
oturmayacaği	oturmayacağı	1
yaşmağin	yaşmağın	1
katlanmasi	katlanması	1
aşıriya	aşırıya	1
yaşlilarin	yaşlıların	1
katlanacaği	katlanacağı	1
alaylari	alayları	1
toplantilari	toplantıları	1
pazarlardadirlar	pazarlardadırlar	1
vapurdadirlar	vapurdadırlar	1
duyarsiniz	duyarsınız	1
kuşatilmış	kuşatılmış	1
karmakarişik	karmakarışık	1
paşalik	paşalık	1
taşkin	taşkın	1
şapkacisinda	şapkacısında	1
baliğini	balığını	1
Maltalidan	Maltalıdan	1
Dalmaçyali’nin	Dalmaçyalı’nın	1
eczaciya	eczacıya	1
yaptiracaği	yaptıracağı	1
mparatorluğu	imparatorluğu	1
Hamlin’in	Hanım’ın	1
itikadina	itikadına	1
latilan	latılan	1
kadinlarimizdan	kadınlarımızdan	1
yadsidiğini	yadsıdığını	1
taçlandiracak	taçlandıracak	1
katinin	katının	1
Şark’ina	Şark’ına	1
yazgisina	yazgısına	1
katilmayacaklari	katılmayacakları	1
dişlanmamişlardir	dışlanmamışlardır	1
dindardirlar	dindardırlar	1
mütevaziliğinda	mütevazılığında	1
inzivanin	inzivanın	1
saraylarina	saraylarına	1
hanimefendilere	hanımefendilere	1
iltifatlarin	iltifatların	1
sunular	şunlar	1
tavuklariyla	tavuklarıyla	1
inandiracaği	inandıracağı	1
adamdi!	adamdı!	1
Dayanilir	Dayanılır	1
iftiracilarin	iftiracıların	1
varsayin!	varsayın!	1
pazarlarinda	pazarlarında	1
meraklilarin	meraklıların	1
bakşlarina	bakşlarına	1
birakilmazlardi	bırakılmazlardı	1
yumuşatti	yumuşattı	1
tanitiklarim	tanıtıklarım	1
aşağilaniyorlar	aşağılanıyorlar	1
aniliyorlar	anılıyorlar	1
istilasindan	istilasından	1
toplananlarin	toplananların	1
taşımiş	taşımış	1
Fiyatlari	Fiyatları	1
unvanıni	unvanını	1
farki	farkı	1
ayricaliklari	ayrıcalıkları	1
satilma	satılma	1
satiliyorlar	satılıyorlar	1
kadm	kadın	1
alirlardi	alırlardı	1
Ikbal	İkbal	1
doğuranlari	doğuranları	1
kurtulurlardi	kurtulurlardı	1
kaldirilirlar	kaldırılırlar	1
altindadirlar	altındadırlar	1
kapatilmiş	kapatılmış	1
Kapilar	Kapılar	1
paşalarin	paşaların	1
babanin	babanın	1
alkanliklarin	alkanlıkların	1
kaldirilp	kaldırılp	1
yazgiya	yazgıya	1
mirasindan	mirasından	1
Aracilar	Aracılar	1
olmadiğidir	olmadığıdır	1
aracilardan	aracılardan	1
simsarlardir	simsarlardır	1
yaşinin	yaşının	1
ayrintilar	ayrıntılar	1
sarişınsa	sarışınsa	1
satiminda	satımında	1
Amca’nin	Amca’nın	1
koşmaktadir	koşmaktadır	1
çalişmasinin	çalışmasının	1
vefasi	vefası	1
kaynağidir	kaynağıdır	1
tüccarlarinin	tüccarlarının	1
atanmasini	atanmasını	1
rahatlamasi	rahatlaması	1
Amerika’dakinden	Amerika’dakınden	1
Afrikalnin	Afrikalnın	1
tutulmaktir	tutulmaktır	1
bayildiği	bayıldığı	1
kullanimina	kullanımına	1
dayandiğini	dayandığını	1
boyunu	boyun	1
alkanlik	alkanlık	1
sarmalanmiştir	sarmalanmıştır	1
Kundağin	Kundağın	1
dolaşımi	dolaşımı	1
sarmalanir	sarmalanır	1
sarilir!	sarılır!	1
ferahlatilir	ferahlatılır	1
kem	ken	1
donatilan	donatılan	1
sinirindan	sınırından	1
firsatlari	fırsatları	1
firsatta	fırsatta	1
halalar	halılar	1
kutsaldir	kutsaldır	1
refahini	refahını	1
dayilar	dayılar	1
sinirlidir	sınırlıdır	1
varlikliysa	varlıklıysa	1
kadinlarindan	kadınlarından	1
bakimiyla	bakımıyla	1
sorurmlu	sorumlu	1
yardimcıya	yardımcıya	1
aydinlanmış	aydınlanmış	1
atmasi	atması	1
olanlarinın	olanlarının	1
mayalandirmayi	mayalandırmayı	1
bakicinin	bakıcının	1
batmasina	batmasına	1
imanindan	imanından	1
imansizla	imansızla	1
lalayi	lalayı	1
siyırabilirler	sıyırabilirler	1
dumani	dumanı	1
odaliklar	odalıklar	1
tatlinin	tatlının	1
Ipekli	İpekli	1
gâvurlarin	gavurların	1
sarşinin	sarsının	1
bakmiş	bakmış	1
hatirlayamyorum	hatırlayamıyorum	1
altinin	altının	1
Simalarini	Simalarını	1
Alşıldiği	Alşildiği	1
arasindaydilar	arasındaydılar	1
selamindan	selamından	1
karşısindakinden	karşısındakinden	1
alnina	alnına	1
Anamiz	Anamız	1
alnimdaki	alnımdaki	1
akilla	akılla	1
selamliyorum!	selamlıyorum!	1
şaşırdim	şaşırdım	1
yaşmaklarini	yaşmaklarını	1
duymuşlardi	duymuşlardı	1
rastladim	rastladım	1
yapımcisi	yapımcısı	1
duasini	duasını	1
ini	ını	1
kukulandi	kukulandı	1
Kavasimiz	Kavasımız	1
okumasini	okumasını	1
kanidan	kanıdan	1
karşilaşırsak	karşılaşırsak	1
kizı	kızı	1
Avrupallarin	Avrupalların	1
Avrupalinın	Avrupalının	1
kisalari	kısaları	1
Kitabi	Kitabı	1
uyarladiğr	uyarladığr	1
Kadinların	Kadınların	1
kuşamlariyla	kuşamlarıyla	1
başliktir	başlıktır	1
hizmetkârinin	hizmetkarının	1
yağdirmaya	yağdırmaya	1
kışkirtiyor	kışkırtıyor	1
küstahliğı	küstahlığı	1
haykıracaktir	haykıracaktır	1
bulmasi	bulması	1
sapacaklardir	sapacaklardır	1
okşanmalari	okşanmaları	1
bikar	bıkar	1
kitirdatiyor	kıtırdatıyor	1
düşmanlariyla	düşmanlarıyla	1
Masal	Nasıl	1
düşmanlarin	düşmanların	1
orantili	orantılı	1
kizdir	kızdır	1
bozkirin	bozkırın	1
anlatilarda	anlatılarda	1
kundakçılik	kundakçılık	1
yatağaniyla	yatağanıyla	1
sayisiyla	sayısıyla	1
etkilemi	etkileri	1
şaşmamamiz	şaşmamamız	1
Şaşmamiz	Şaşmamız	1
irtibatinda	irtibatında	1
uzanip	uzanıp	1
zamanlardir	zamanlardır	1
hizmetkârlarinkine	hizmetkarlarınkıne	1
yaklaştiğinda	yaklaştığında	1
çocuklariyla	çocuklarıyla	1
anilırlar	anılırlar	1
Karim	Kırım	1
karilarim	karılarım	1
irtibati	irtibatı	1
Fransizlardan	Fransızlardan	1
babasidır	babasıdır	1
kişkirtma	kışkırtma	1
karişmadiği	karışmadığı	1
dişariyla	dışarıyla	1
kibardirlar	kibardırlar	1
kibarliklarinda	kibarlıklarında	1
ağırbali	ağırbalı	1
lalasina	lalasına	1
ulaşincaya	ulaşıncaya	1
kayişi	kayısı	1
asilacaktir	asılacaktır	1
siğacaği	sığacağı	1
hocasiyla	hocasıyla	1
başlayacaği	başlayacağı	1
kararlaştirilir	kararlaştırılır	1
hatirlanacak	hatırlanacak	1
demirkıri	demirkırı	1
sandiktaki	sandıktaki	1
bayramlik	bayramlık	1
hocasinin	hocasının	1
yarimadanin	yarımadanın	1
yilla	yılla	1
rinda	rında	1
yaşini	yaşını	1
Kiyafetin	Kıyafetin	1
kiza	kıza	1
yapilmişsa	yapılmışsa	1
kaplidır	kaplıdır	1
anlaşilmiştir	anlaşılmıştır	1
Kuran’i	Kuran’ı	1
olmalidirlar	olmalıdırlar	1
sağlanmadiğindandir	sağlanmadığındandır	1
Yolcularina	Yolcuların	1
sibyan	sıbyan	1
yanaşmadiğini	yanaşmadığını	1
bayrağina	bayrağına	1
rihtimdaki	rıhtımdaki	1
müştemilatinda	müştemilatında	1
taninmamiş	tanınmamış	1
öğrenmi	öğrenim	1
çaşkinliği	caskınlığı	1
fonograflarindan	fonograflarından	1
yaprağindan	yaprağından	1
gicirtili	gıcırtılı	1
ulaşmayi	ulaşmayı	1
Ekselanslari!	Ekselansları!	1
açıklamasini	açıklamasını	1
insansiniz	insansınız	1
alişilmı	alışılmı	1
sahasi	sahası	1
mizacimin	mizacımın	1
duyduklarindan	duyduklarından	1
şaşkinliğini	şaşkınlığını	1
olmayana	olmayan	1
ahfadiydi	ahfadıydı	1
kadiniyla	kadınıyla	1
konuşmadiğım	konuşmadığım	1
yalinliktan	yalınlıktan	1
yavrulariyla	yavrularıyla	1
civildayan	cıvıldayan	1
yankisi	yankısı	1
yavrularina	yavrularına	1
oğlanlari	oğlanları	1
yaramazliklara	yaramazlıklara	1
divanlarin	divanların	1
duvardadir	duvardadır	1
kiyilarin	kıyılarını	1
kakofoni	kakofonı	1
tahtalari	tahtaları	1
kitabindan	kitabından	1
aldiğimizdan	aldığımızdan	1
tibbiye	tıbbiye	1
tedrisatin	tedrisatın	1
alinabilecek	alınabilecek	1
anasidir	anasıdır	1
Izleyici	İzleyici	1
akillarda	akıllarda	1
başarisizlikla	başarısızlıkla	1
sonuçlanmışti	sonuçlanmıştı	1
hükümranliğındadir	hükümranlığındadır	1
Iptidailerdeki	İptidailerdeki	1
müfredati	müfredatı	1
hifzi	hıfzı	1
yazdirmak	yazdırmak	1
karşılayabilmeleri	karşılayabılmeleri	1
tapinaklarinda	tapınaklarında	1
dolaştiğimiz	dolaştığımız	1
uğultulari	uğultuları	1
vizirtisi	vızırtısı	1
patirtiya	patırtıya	1
okumalari	okumaları	1
müfredatinda	müfredatında	1
sanatini	sanatını	1
açilmak	açılmak	1
mektuplarin	mektupların	1
yazisıyla	yazısıyla	1
Hifzisihha	Hıfzısıhha	1
kasit	kasıt	1
ediliyorlardiında	ediliyorlardıında	1
meşgalaleleri	mesgalaleleri	1
aliştirmalari	alıştırmaları	1
imlalari	imlaları	1
Kalitsal	Kalıtsal	1
başhyor	başlıyor	1
başladiktan	başladıktan	1
hizmetkârlarin	hizmetkarların	1
tavırlariyla	tavırlarıyla	1
alkanhiklardan	alkanhıklardan	1
dezavantajlariyla	dezavantajlarıyla	1
donanimli	donanımlı	1
rundayim	rundayım	1
hikâyecileri	hikayecileri	1
harikalarini	harikalarını	1
illüstrasyonlarina	illüstrasyonlarına	1
Hindistanli	Hindistanlı	1
kararliydim	kararlıydım	1
Kanadi	Kanadı	1
kurumlarinı	kurumlarını	1
yaşantisinin	yaşantısının	1
uygulamalarini	uygulamalarını	1
boyutlariyla	boyutlarıyla	1
toprağindan	toprağından	1
uygulandiğı	uygulandığı	1
âdetlerinden	adetlerinden	1
araştirilamaz	araştırılamaz	1
katmanli	katmanlı	1
oluşturmasina	oluşturmasına	1
Ayrintili	Ayrıntılı	1
anlamamiz	anlamamız	1
çıkamazlardi	çıkamazlardı	1
berraklaştirmak	berraklaştırmak	1
biraktiğimizda	bıraktığımızda	1
kitasinda	kıtasında	1
Şia’y1	Sia’y1	1
addir	addır	1
sayinin	sayının	1
tamamlanmasi	tamamlanması	1
hisimlik	hısımlık	1
imansizliktir	imansızlıktır	1
bağlayici	bağlayıcı	1
sağliğinin	sağlığının	1
büyükbabanin	büyükbabanın	1
sinirlayalim	sınırlayalım	1
tarar	tamir	1
ahbaplarini	ahbaplarını	1
amacinin	amacının	1
arayışinda	arayışında	1
tasarisi	tasarısı	1
olmaliydi	olmalıydı	1
yazmişti	yazmıştı	1
onaylanirsa	onaylanırsa	1
Ütopya’sini	Ütopya’sını	1
alinirken	alınırken	1
Ütopyalilara	Ütopyalılara	1
Ütopyalilar	Ütopyalılar	1
ihmalkârliğin	ihmalkarlığın	1
zimni	zımni	1
aşçılari	aşçıları	1
hazirlarlar	hazırlarlar	1
pariltinin	parıltının	1
Newport’taki	Newport’takı	1
karşılaştiği	karşılaştığı	1
ulaşmıştir	ulaşmıştır	1
adayina	adayına	1
sigaralarin	sigaraların	1
kiriıklari	kırııkları	1
Akli	Aklı	1
fasli	faslı	1
kismina	kısmına	1
çikarilir	çıkarılır	1
adayinin	adayının	1
oturmanin	oturmanın	1
vasiflari	vasıfları	1
araştirilir	araştırılır	1
sarilan	sarılan	1
alayiyla	alayıyla	1
Zenobia’nin	Zenobia’nın	1
bayildiğini	bayıldığını	1
hanima	hanıma	1
adayini	adayını	1
kizkardeşlik	kızkardeşlik	1
adayimiz	adayımız	1
kadinliğin	kadınlığın	1
Kırıkliklar	Kırıklıklar	1
uğratilmış	uğratılmış	1
Grae	Ğine	1
Adlari	Adları	1
Yeralti	Yeraltı	1
yilanlardan	yılanlardan	1
canavarlardi	canavarlardı	1
yaratiklardi	yaratıklardı	1
Dünyasi’nin	Dünyası’nın	1
Gorgonlar’in	Gorgonlar’ın	1
muhafizlariydilar	muhafızlarıydılar	1
koruyorlardi	koruyorlardı	1
kalkaninın	kalkanının	1
denetliyorlardi	denetliyorlardı	1
kurna	kurma	1
Kurna	Kurma	1
kurnanin	kurmanın	1
yikar	yıkar	1
başkalarina	başkalarına	1
Yikanma	Yıkanma	1
Amerikalilarinkinden	Amerikalılarınkınden	1
odadir	odadır	1
kaplanmiştir	kaplanmıştır	1
Yikanacak	Yıkanacak	1
sabunlayip	sabunlayıp	1
şakaciliğina	şakacılığına	1
siçrattiklari	sıçrattıkları	1
islanarak	ıslanarak	1
uzanirlar	uzanırlar	1
sefalarinda	sefalarında	1
oluur	olur	1
simden	sinden	1
kucağini	kucağını	1
başparmağiyla	başparmağıyla	1
lokmayi	lokmayı	1
daldirirlar	daldırırlar	1
olgun	olsun	1
Duyulari	Duyulan	1
Callidore’un	Callıdore’un	1
salkimlarini	salkımlarını	1
akitan	akıtan	1
selamlandiği	selamlandığı	1
limonatadir!	limonatadır!	1
ihtiyatsiz	ihtiyatsız	1
kocasini	kocasını	1
danişana	danışma	1
Oğlanin	Oğlanın	1
Izlenimlerini	İzlenimlerini	1
atmaktadir	atmaktadır	1
toplanmaktir	toplanmaktır	1
oğlanin	oğlanın	1
şaşırir!	şaşırır!	1
Iade	İade	1
kocasinin	kocasının	1
cevabini	cevabını	1
konuacağina	konuacağına	1
ferahlik	ferahlık	1
aktardiği	aktardığı	1
delikanlinin	delikanlının	1
yapilsa	yapılsa	1
kaçamaktir	kaçamaktır	1
leylaği	leylağı	1
frsati	frsatı	1
kizinın	kızının	1
nikâhi	nikahı	1
anlatilmiştir	anlatılmıştır	1
Damadin	Damadın	1
armağanlarin	armağanların	1
karisini	karısını	1
şartlarinda	şartlarında	1
eşyasidir	eşyasıdır	1
Kafalari	Kafaları	1
toplandiğı	toplandığı	1
kadinlardir	kadınlardır	1
Afrikalilarimiz	Afrikalılarımız	1
yikınti	yıkıntı	1
tapnaklari	tapnakları	1
yuvasinda	yuvasında	1
kikirdayan	kıkırdayan	1
kiliklarla	kılıklarla	1
babasiyla	babasıyla	1
nikâhin	nikâhın	1
kizinin	kızının	1
tamamlanmasinda	tamamlanmasında	1
kaçinmaya	kaçınmaya	1
büyükbabalarinın	büyükbabalarının	1
Işini	İşini	1
yasaklanmıştir	yasaklanmıştır	1
sivisinin	sıvısının	1
miktariyla	miktarıyla	1
tamamlamadiği	tamamlamadığı	1
bozulmasi	bozulması	1
Kocasinin	Kocasının	1
yasaklanir	yasaklanır	1
kuraldir	kuraldır	1
boşamasinin	boşamasının	1
tamamlanmadiği	tamamlanmadığı	1
tamamlamiışsa	tamamlamıışsa	1
karilarindan	karılarından	1
boşamadiği	boşamadığı	1
imzalamasinin	imzalamasının	1
haklarima	haklarına	1
hakkimdir	hakkımdır	1
çıkayim!	çıkayım!	1
kadilara	kadılara	1
fasil	fasıl	1
çikarmasi	çıkarması	1
Hokkabazlik	Hokkabazlık	1
karmadiği	karmadığı	1
oyalanmalarin	oyalanmaların	1
toplanmalarinin	toplanmalarının	1
kenarina	kenarına	1
balar	bilir	1
yaşayacaği	yaşayacağı	1
elmaslarinin	elmaslarının	1
bakışlariyla	bakışlarıyla	1
donandiği	donandığı	1
kivrimlarina	kıvrımlarına	1
saçlarinin	saçlarının	1
sağlayalim	sağlayalım	1
hazirlanmiştir	hazırlanmıştır	1
alişılmış	alışılmış	1
yorganlarini	yorganlarını	1
sabahliklari	sabahlıkları	1
esanslari	esansları	1
mobilyasina	mobilyasına	1
isinmak	ısınmak	1
bakirdandır	bakırdandır	1
işıltilari	ışıltıları	1
Ortasinda	Ortasında	1
onurlandirilan	onurlandırılan	1
ahşabi	ahşabı	1
alayin	alayın	1
damada	damadı	1
karşılaştiracak	karşılaştıracak	1
yaldizlanmiş	yaldızlanmış	1
makyaji	makyajı	1
Meissonier’e	Meissonıer’e	1
mecazlari	mecazları	1
Hafiz’dan	Hafız’dan	1
karşılaştirir	karşılaştırır	1
yumağina	yumağına	1
ghadi	ghadı	1
salkimina	salkımına	1
çirpinircasina	çırpınırcasına	1
sayilirlar	sayılırlar	1
kaldirip	kaldırıp	1
halinın	halinin	1
kalabaliğa	kalabalığa	1
yaşmaklari	yaşmakları	1
kizarmış	kızarmış	1
iltifatlarini	iltifatlarını	1
dalmiştir	dalmıştır	1
tutmaktadirlar	tutmaktadırlar	1
miriltilari	mırıltıları	1
yanağin	yangın	1
yıldizlar	yıldızlar	1
Alnin	Anın	1
yazarinkinden	yazarınkınden	1
nakişlari	nakışları	1
taşlariyla	taşlarıyla	1
iıldayan	ııldayan	1
doğalliğindan	doğallığından	1
kuşaminin	kısmının	1
kaplamaktadir	kaplamaktadır	1
takilmıştir	takılmıştır	1
ferahlayinca	ferahlayınca	1
Teşrifatçi	Teşrifatçı	1
siralari	sıraları	1
tanimadiği	tanımadığı	1
sağlandiği	sağlandığı	1
kaçmasi	kaçması	1
alayci	alaycı	1
suçlamasi	suçlaması	1
Günbatiminin	Günbatımının	1
varsayilan	varsayılan	1
akrabalarindan	akrabalarından	1
çalıştikça	çalıştıkça	1
basbayaği	basbayağı	1
sinirsizca	sınırsızca	1
odaliklara	odalıklara	1
ein	en	1
aşmadikça	asmadıkça	1
itirazina	itirazına	1
Miktari	Miktarı	1
Dolayısiyla	Dolayısıyla	1
alişmiş	alışmış	1
olaylarinın	olaylarının	1
ons	on	1
rizkini	rızkını	1
kaçinır	kaçınır	1
miktardir	miktardır	1
meblağdi	meblağdı	1
firladiği	fırladığı	1
tutari	tutarı	1
pahasi	pahası	1
boşanirsa	boşanırsa	1
kanitlanana	kanıtlanana	1
kanitlamayi	kanıtlamayı	1
başaramamasi	başaramaması	1
ayırdiği	ayırdığı	1
kaynağinı	kaynağını	1
kadarina	kadarını	1
alinmamiş	alınmamış	1
odaliklari	odalıkları	1
katiliğı	katılığı	1
abartilmaktadır	abartılmaktadır	1
akittir	akıttır	1
çağirtabilir	çağırtabilir	1
slami	ilanı	1
asilsiz	asılsız	1
masalindaki	masalındaki	1
inanmayi	inanmayı	1
kocalarina	kocalarına	1
kocalarin	kocaların	1
tartişılan	tartışılan	1
Esma	Esna	1
vurgulanmaksizin	vurgulanmaksızın	1
büyükbabasinin	büyükbabasının	1
sayginliğiyla	saygınlığıyla	1
anladiğim	anladığım	1
davraniyor	davranıyor	1
ocağınin	ocağının	1
karşılaştirilamayacak	karşılaştırılamayacak	1
yaratilışindan	yaratılışından	1
zenanasi*	zenanası*	1
bozulmadikça	bozulmadıkça	1
Zenana	Zemini	1
Hakki	Hakkı	1
açıllarinin	acillarının	1
bayramimiz	bayramımız	1
kutlanmiyor	kutlanmıyor	1
kaçınilmamasina	kaçınılmamasına	1
çaliyordu	çalıyordu	1
yansiyan	yansıyan	1
USS	İŞİ	1
CSS	CU	1
aydinlatilmişti	aydınlatılmıştı	1
şıklariyla	şıklarıyla	1
iklandirmalari	iklandırmaları	1
şehrayin	şehrâyin	1
uğrattiği	uğrattığı	1
tap	tıp	1
uygulamali	uygulamalı	1
hizina	hızını	1
atmışt!	atmıştı	1
iltifatina	iltifatına	1
simyayi	simyayı	1
patlayicilari	patlayıcıları	1
soyutlamalari	soyutlamaları	1
sikşıyor	sıkşıyor	1
Bati’yla	Batı’yla	1
Açıkçasi	Açıkçası	1
Puck’in	Puck’ın	1
konuşmasina	konuşmasına	1
onurlandiran	onurlandıran	1
mürettebatina	mürettebatına	1
ayrilabileceği	ayrılabileceği	1
unutmamişt	unutmamışt	1
rihtimindan	rıhtımından	1
ayrilirlarken	ayrılırlarken	1
marşımizi	marşımızı	1
haykirışlarla	haykırışlarla	1
Aşıri	Aşırı	1
tarafgir	tarafgır	1
subaylarimiza	subaylarımıza	1
hafizalardan	hafızalardan	1
kurulmasiyla	kurulmasıyla	1
Bakanliği’ndan	Bakanlığı’ndan	1
ahbapliklarin	ahbaplıkların	1
haftasinin	haftasının	1
Kutsanmişlik	Kutsanmışlık	1
Adalari’nda	Adaları’nda	1
başardiğini	başardığını	1
yurtdişinda	yurtdışında	1
alntinin	alntının	1
kazandiryor	kazandıryor	1
yardimseverliğine	yardımseverliğine	1
yardimseverlik	yardımseverlik	1
aşildi	asıldı	1
Başarisini	Başarısını	1
Büyükbabasi	Büyükbabası	1
kasabasinin	kasabasının	1
almıti	alıntı	1
soy	söy	1
Amerikalidan	Amerikalıdan	1
kaçinmadi	kaçınmadı	1
fabrikasiyla	fabrikasıyla	1
Yardimcisi’nin	Yardımcısı’nın	1
Kizilderiliden	Kızılderiliden	1
anlaşmasina	anlaşmasına	1
babalarinindir	babalarınındır	1
Yazilari	Yazıları	1
anmamiz	anmamız	1
kalanlariysa	kalanlarıysa	1
adadi	adadı	1
mamişti	mamıştı	1
ferahliklari	ferahlıkları	1
yardimcilaridir	yardımcılarıdır	1
kullanilamazdi	kullanılamazdı	1
yapilanlarin	yapılanların	1
tanimadiklari	tanımadıkları	1
anlatmiştir	anlatmıştır	1
beratini	beratını	1
konaklarini	konaklarını	1
toplariyla	toplarıyla	1
sonla	sona	1
sularindayken	sularındayken	1
yaratmayi	yaratmayı	1
tanimlamada	tanımlamada	1
Kayit	Kayıt	1
yllarinda	yllarında	1
Isimleri	İsimleri	1
bandolariyla	bandolarıyla	1
hocalarin	hocaların	1
Hocalarin	Hocaların	1
Konuşmanin	Konuşmanın	1
kaçmiş	kaçmış	1
alşılmami	alşilmamı	1
toplamiştir	toplamıştır	1
aşinaliğiyla	aşinalığıyla	1
mezunlarin	mezunların	1
delikanlilarin	delikanlıların	1
konuşmalarina	konuşmalarına	1
tufanlari	tufanları	1
belagatini	belagatını	1
konuşanlarin	konuşanların	1
aktarilamayan	aktarılamayan	1
aniştirmalarindan	anıştırmalarından	1
çağrişımlarindan	çağrışımlarından	1
ovasi	ovası	1
şurasi	şurası	1
amaçlarin	amaçlarını	1
yaraticisi	yaratıcısı	1
annus	inmiş	1
Ilion’un	İlion’un	1
yakinliğindan	yakınlığından	1
Iyiliğin	İyiliğin	1
dindarliğin	dindarlığın	1
dağindan	dağından	1
manzarasindan	manzarasından	1
çuradaki	curadakı	1
kiliçsiz	kılıçsız	1
duramadiği	duramadığı	1
hayirseverliğinin	hayırseverliğinin	1
sulamasiyla	sulamasıyla	1
bayrağiyla	bayrağıyla	1
insanlikla	insanlıkla	1
umudundayim	umudundayım	1
yurttaşlarimizin	yurttaşlarımızın	1
kalmişliği	kalmışlığı	1
yildizla	yıldızla	1
bayrağımiz	bayrağımız	1
kaynaklarina	kaynaklarına	1
Şarkl	Şarki	1
misiri	mısırı	1
baharatlari	baharatları	1
olgularina	olgularına	1
payitahtina	payitahtına	1
karşılaştirilabilecek	karşılaştırılabilecek	1
Ingilizce’dir	İngilizce’dir	1
zeytinyağini	zeytinyağını	1
lambalarinizin	lambalarınızın	1
aritilmiş	arıtılmış	1
yayilimi	yayılımı	1
Ivan	İvan	1
Boyaciyan	Boyacıyan	1
Adapazarli	Adapazarlı	1
Talasli	Talaslı	1
Güllabi	Güllabı	1
Sbumlali	Sbumlalı	1
Kardjieff	Kardjıeff	1
sef	şef	1
Manastirli	Manastırlı	1
Mishaicoff	Mishaıcoff	1
Pandermali	Pandermalı	1
Galatzli	Galatzlı	1
Zaghrali	Zaghralı	1
Muhafazasi	Muhafazası	1
Koşullarin	Koşulların	1
Isimlerden	İsimlerden	1
konularidir	konularıdır	1
Doğa’nin	Doğa’nın	1
tartışildi	tartışıldı	1
âlimlerden	alimlerden	1
çiktiğina	çıktığına	1
yaçamlarini	yaçamlarını	1
kismetlerinin	kısmetlerinin	1
aliştirmalarin	alıştırmaların	1
vurgulaniyordu	vurgulanıyordu	1
Kuşatmanin	Kuşatmanın	1
Atinal’nin	Atinal’nın	1
kuşatmasina	kuşatmasına	1
pasajlarindan	pasajlarından	1
Atinalilari	Atinalıları	1
koşmalari	koşmaları	1
uyarmadi	uyarmadı	1
oğullarinı	oğullarını	1
almşlardi	almışlardı	1
noktasindan	noktasından	1
yıldizdan	yıldızdan	1
armasi	arması	1
kullaniyorlardi	kullanıyorlardı	1
ıkli	ıklı	1
çiktiğim	çıktığım	1
Rumelihisari	Rumelihisarı	1
zindandi	zindandı	1
alanimiz	alanımız	1
haftadadir	haftadadır	1
subaylarimiz	subaylarımız	1
başarisiyla	başarısıyla	1
onurlandiriyorlar	onurlandırıyorlar	1
Kompozisyonlarin	Kompozisyonların	1
değiik	değiık	1
sabaliğina	sabalığına	1
kompozisyonlarinin	kompozisyonlarının	1
başliklarindan	başlıklarından	1
Aroosiag	Aroosıag	1
Serapian	Serapıan	1
Dugmedjieva	Düğmedjieva	1
Aghlaganian	Aghlaganıan	1
Besharian	Besharıan	1
Kiatibian	Kıatıbıan	1
Tomnie	Tomnıe	1
Yazmadjian	Yazmadjıan	1
Balukdjia	Balukdjıa	1
Yüzyılin	Yüzyılın	1
iğini	işini	1
Kadin’i	Kadın’ı	1
şıldiyorlardi	sildiyorlardı	1
şarkisiyla	şarkısıyla	1
kâhince	kahince	1
konsoloslari	konsolosları	1
soyutlanmiş	soyutlanmış	1
yakinanlar	yakınanlar	1
şikâyetlerimiz	şikayetlerimiz	1
protestolarini	protestolarını	1
kukulaniyorum	kukulanıyorum	1
yobazliği	yobazlığı	1
alintilamak	alıntılamak	1
tutumlarindan	tutumlarından	1
Nazirlarin	Nazırların	1
etkilense	etkileme	1
techiz	teçhiz	1
fermanlari	fermanları	1
Nuseyriye	Nuseyrîye	1
başariyorlar	başarıyorlar	1
Kit	Kıt	1
Müslüman’1	Müslüman’ı	1
yapilarinin	yapılarının	1
paçavralariyla	paçavralarıyla	1
birakilacaği	bırakılacağı	1
kaygisinin	kaygısının	1
artacaği	artacağı	1
dragomanimizin	dragomanımızın	1
çabalarima	çabalarına	1
şükranlarimi	şükranlarımı	1
Uygarlik	Uygarlık	1
sinanabilir	sinanabılır	1
aktaracağim!	aktaracağım!	1
nişanli	nişanlı	1
again	açan	1
uzmani	uzmanı	1
kalkti	kalktı	1
ğimda	sında	1
Hastalik	Hastalık	1
çalişmişti	çalışmıştı	1
sağlikta	sağlıkta	1
muhafizim	muhafızım	1
Atinali	Atinalı	1
Sirpça	Sırpça	1
Bulgarcayi	Bulgarcayı	1
Ingilizce’yi	İngilizce’yi	1
çabalarimi	çabalarını	1
uşağinizla	uşağınızla	1
hizmetkârlarimın	hizmetkarlarımın	1
kalirdi	kalırdı	1
Manastiri’na	Manastırı’na	1
Fransizcam	Fransızcam	1
tazminatinin	tazminatının	1
ihtiyatima	ihtiyatıma	1
çaliani	çalıanı	1
çalşanimdi	çalşanımdı	1
çamlik	çamlık	1
Ingilizce’deki	İngilizce’deki	1
tekrarliyor	tekrarlıyor	1
iitince	ııtınce	1
donakaliyor	donakalıyor	1
çabaliyor	çabalıyor	1
açikliyorum	açıklıyorum	1
kullanişlidir	kullanışlıdır	1
dams	dans	1
zindikça	zındıkça	1
siralayarak	sıralayarak	1
Ilginçtir	İlginçtir	1
cesaretimi	cesaretini	1
başaramadim	başaramadım	1
kirmişti	kırmıştı	1
ayrildi!	ayrıldı!	1
amaci!	amacı!	1
rihtiminin	rıhtımının	1
gözyaşlarini	gözyaşlarını	1
zorluklari	zorlukları	1
Fransizca'siyla	Fransızca'sıyla	1
anlamadiği	anlamadığı	1
Ingilizcesi	İngilizcesi	1
yazmi	yazın	1
fablindan	fablından	1
mumyalanmiş	mumyalanmış	1
une	ne	1
Inglisch	İnglisch	1
reverai	reveraı	1
dis	dış	1
plaise	plaıse	1
reconnaissant	reconnaıssant	1
sağlinizi	sağlınızı	1
Sanırim	Sanırım	1
kağat	kağıt	1
Ingli	Misli	1
sağliğiniza	sağlığınıza	1
duaciyim	duacıyım	1
arsaniz	arsanız	1
hizmetkâriniz	hizmetkarınız	1
kavastir	kavastır	1
karşıliklidir	karşılıklıdır	1
sağliğimiz	sağlığımız	1
ekselanslarindan	ekselanslarından	1
sağliklarinin	sağlıklarının	1
şansina	şansına	1
yazarlarina	yazarların	1
Elverisiz	Elverişiz	1
okuyucularimdan	okuyucularımdan	1
ayriliği	ayrılığı	1
yilan	yılan	1
Tybalt’in	Tybalt’ın	1
sandiğinda	sandığında	1
çelşkiler	celşkiler	1
mağarasindaki	mağarasındaki	1
yaklaştiğina	yaklaştığını	1
Ağırbaşli	Ağırbaşlı	1
yüzyilinin	yüzyılının	1
bulacağina	bulacağına	1
yaraticiliktan	yaratıcılıktan	1
yanildiklari	yanıldıkları	1
çocuklarinı	çocuklarını	1
Balikçı	Balıkçı	1
şarisini	sarışını	1
abartisina	abartısına	1
Yapraklarıni	Yapraklarını	1
ağırliğina	ağırlığına	1
soramazsiniz	soramazsınız	1
çarpitmadir	çarpıtmadır	1
Grenada’nin	Grenada’nın	1
abartisidir	abartısıdır	1
atilamaz	atılamaz	1
şaraplariyla	şaraplarıyla	1
yaktiran	yaktıran	1
açiklanabilecek	açıklanabilecek	1
iftiradir	iftiradır	1
yasaklanmiş	yasaklanmış	1
Boynuz’daki	Boynuz’dakı	1
kayikçisina	kayıkçısına	1
kalkştiğınu	kalkştığınu	1
diğini	dığını	1
orucunu	orucun	1
batmasi	batması	1
karşıtlik	karşıtlık	1
yanlilik	yanlılık	1
karişimi	karışımı	1
kanatlarinin	kanatlarının	1
tomurcuklanişıni	tomurcuklanışını	1
yozlaşmadiysa	yozlaşmadıysa	1
ayriliğini	ayrılığını	1
Ithal	İthal	1
ederi	eden	1
aritilmıhik	arıtılmıhık	1
şaretidir	saretidir	1
kiyamet	kıyamet	1
aranir	aranır	1
Elmanin	Elmanın	1
anlamiş	anlamış	1
kazanci	kazancı	1
elmanin	elmanın	1
elmayi	elmayı	1
onlardi	onlardı	1
Amerikalinın	Amerikalının	1
unutmamasi	unutmaması	1
yağmaciliğı	yağmacılığı	1
ikonoklazmina	ikonoklazmına	1
tapinaklarin	tapınakların	1
kalintilarini	kalıntılarını	1
yikimin	yıkımın	1
anlatilacaktir	anlatılacaktır	1
adanmamiş	adanmamış	1
Aleksandr’in	Aleksandr’ın	1
modaydi	modaydı	1
çıkarlarindan	çıkarlarından	1
paylaşmasina	paylaşmasına	1
basininın	basınının	1
alinmaz	alınmaz	1
varliğa	varlığı	1
alinırsa	alınırsa	1
tapimcilari*	tapimciları*	1
manivelasidir	manivelasıdır	1
yakarişında	yakarışında	1
ili	ııı	1
yorumlattiktan	yorumlattıktan	1
ovasina	ovasına	1
nümunesi	numunesi	1
anayasalarina	anayasalarına	1
Dostlarimdan	Dostlarından	1
parçalarini	parçalarını	1
asirdir	asırdır	1
Avusturyal’nin	Avusturyal’nın	1
bayraklarini	bayraklarını	1
istiyorsaniz	istiyorsanız	1
doğasinda	doğasında	1
yozlaştiği	yozlaştığı	1
zayifliktan	zayıflıktan	1
numaradir	numaradır	1
önyargilardan	önyargılardan	1
hizini	hızını	1
Sarayl’nın	Sarayı’nın	1
hakla	haklı	1
katilmayi	katılmayı	1
tanimlayanlar	tanımlayanlar	1
kayiklarin	kayıkların	1
saçmaliklardan	saçmalıklardan	1
kayiğı	kayığı	1
Topraklarini	Topraklarını	1
çıkarlarina	çıkarlarına	1
kinama	kınama	1
zayiflik	zayıflık	1
zorbaliğa	zorbalığa	1
konsoloslarinin	konsoloslarının	1
Yunanistan’1	Yunanistan’ı	1
uyandirdiğı	uyandırdığı	1
yargilarsak	yargılarsak	1
soğukkanlilik	soğukkanlılık	1
iitmiştim	ııtmıştım	1
gicirtilar	gıcırtılar	1
çatirtilarla	çatırtılarla	1
sarsilan	sarsılan	1
brakiyorum	brakıyorum	1
rüzgârlari	rüzgarları	1
falini	falını	1
okumali	okumalı	1
uzlaştirmali	uzlaştırmalı	1
kullanilmişti	kullanılmıştı	1
sirça	sırça	1
anlaılmasi	anlaılması	1
olmamasindan	olmamasından	1
sayginlikta	saygınlıkta	1
şimanliği	simanlığı	1
England’in	England’ın	1
nilıyor	nılıyor	1
taşimiyor	taşımıyor	1
tavirlarinda	tavırlarında	1
aktarilabilir	aktarılabilir	1
düşmanlarina	düşmanlarına	1
kiyafetle	kıyafetle	1
Paşalarin	Paşaların	1
Eöthen’in	Eothen’in	1
karşilaşmasiyla	karşılaşmasıyla	1
Iskoçya’nin	İskoçya’nın	1
Paşaliğinın	Paşalığının	1
Paşasinin	Paşasının	1
aşmiştir!	aşmıştır!	1
koruyacağina	koruyacağına	1
buharla	buharlı	1
uygarliğinın	uygarlığının	1
anlamişa	anlamışa	1
uyardiğini	uyardığını	1
yaratilmasini	yaratılmasını	1
Ingiliz’i	İngiliz’i	1
uşaklari	uşakları	1
yalanlarin	yalanların	1
dokuyuculari	dokuyucuları	1
mükâlemesine	mükalemesine	1
analari	anıları	1
kapilarina	kapılarına	1
bahtiyardir!	bahtiyardır!	1
irmağinda	ırmağında	1
kaydirsin!	kaydırsın!	1
ulatirmaya	ulatırmaya	1
atimi	atımı	1
siniftir	sınıftır	1
yardimcidir	yardımcıdır	1
azaldiği	azaldığı	1
bozmasini	bozmasını	1
dşindaki	dşındakı	1
Müslüman’dir	Müslüman’dır	1
sayfalarinda	sayfalarında	1
Kuran’n	Kuran’ın	1
anlatim	anlatım	1
yapmanin	yapmanın	1
önyargiyla	önyargıyla	1
toplumdişı	toplumdışı	1
almişsa	almışsa	1
basmiştir	basmıştır	1
Tahsilati	Tahsilatı	1
Eşkiyalik	Eşkıyalık	1
Akrabalari	Akrabaları	1
itibariyla	itibarıyla	1
Kolaylikla	Kolaylıkla	1
koyunlari	koyunları	1
kiyafetlerinin	kıyafetlerinin	1
kumaşlarinda	kumaşlarında	1
kullanişli	kullanışlı	1
tezgâhinda	tezgahında	1
ustalarinın	ustalarının	1
Esanslarin	Esansların	1
Kökboyasi	Kökboyası	1
çoğaltilir	çoğaltılır	1
kârlidir	kârlıdır	1
palamutlari	palamutları	1
saldiği	saldığı	1
ağirhiğini	ağırhığını	1
caydirmasini	caydırmasını	1
tarima	tarıma	1
Tarimsal	Tarımsal	1
saban	şaban	1
adlandırilabilecek	adlandırılabilecek	1
kullandirma	kullandırma	1
kullanilmadiğindan	kullanılmadığından	1
harmani	harman	1
zeytinyaği	zeytinyağı	1
yağlari	yaşları	1
mazi	Nazi	1
sarraciye	sarraçıye	1
gülyaği	gülyağı	1
konforlari	konforları	1
teraslari	terasları	1
yatiyor!	yatıyor!	1
tahilın	tahılın	1
kaçinilmak	kaçınılmak	1
savmaci	savmacı	1
siradağlardaki	sıradağlardakı	1
ovalarini	ovalarını	1
akill	akıll	1
salindiğinda	salındığında	1
çalima	çalıma	1
firinlar	fırınlar	1
refahuni	refahunı	1
günesiz	güneşiz	1
sizacak	sızacak	1
günişiğina	günışığına	1
Çalşabilir	Çalşabılır	1
kiralanmiş	kiralanmış	1
araştirmasini	araştırmasını	1
boşluklari	boşlukları	1
irmaklarinin	ırmaklarının	1
kumlarinda	kumlarında	1
faydalarini	faydalarını	1
çıkaracaktir	çıkaracaktır	1
çikaracaktir	çıkaracaktır	1
Medain	Medaın	1
kuraldi	kırıldı	1
birakiliyor	bırakılıyor	1
birakilsa	bırakılsa	1
kuşaklik	kuşaklık	1
gidenin	giderim	1
topraklarinın	topraklarının	1
anlaşilabilir	anlaşılabilir	1
yaşiyorlar	yaşıyorlar	1
alinmaksizin	alınmaksızın	1
hesaplanir	hesaplanır	1
başvurulmaksizin	başvurulmaksızın	1
ambarlari	ambarları	1
anlatiminda	anlatımında	1
lejyonlari	lejyonları	1
tutulmamasi	tutulmaması	1
yapilmasinin	yapılmasının	1
memurlarina	memurlarına	1
siklikta	sıklıkta	1
kanıti	kanıtı	1
soymasi	soyması	1
yapmasiydi	yapmasıydı	1
haksizca	haksızca	1
suçluyorlardi	suçluyorlardı	1
Memurlarina	Memurlarına	1
kisiden	kişiden	1
karşilaşir	karşılaşır	1
hanedanlarina	hanedanlarına	1
Kaçakçilik	Kaçakçılık	1
sinirimizdaki	sınırımızdaki	1
kaçakçilik	kaçakçılık	1
bulunmuşlardir	bulunmuşlardır	1
çirket	cirket	1
kaçakçıliğa	kaçakçılığa	1
koruyamiyor	koruyamıyor	1
açmamasi	açmaması	1
kuşağinda	kuşağında	1
kolcularin	kolcuların	1
saptadiklarini	saptadıklarını	1
anlayişlari	anlayışları	1
ayaklaniveriyor	ayaklanıveriyor	1
eşkiyaliğa	eşkıyalığa	1
Fransali	Fransalı	1
adlandirdiklarimizi	adlandırdıklarımızı	1
Tartarus’taki	Tartarus’takı	1
yurtlarina	yurtlarına	1
Tur	Tür	1
koman	konan	1
saptanmiş	saptanmış	1
yayci	yaycı	1
esirlerini	esirlerin	1
almalarina	almalarına	1
anlatilar	anlatılır	1
eşkryaliği	eskryalığı	1
ekıyalik	ekiyalık	1
Eşkiyalarin	Eşkıyaların	1
duyurulmalarina	duyurulmalarına	1
parmaklarinın	parmaklarının	1
Makedonya’yi	Makedonya’yı	1
saçiyordu	saçıyordu	1
kaldirildiğina	kaldırıldığına	1
eşkiyasinin	eşkıyasının	1
arkadaşliği	arkadaşlığı	1
eşkiyalarin	eşkıyaların	1
Tazminati	Tazminatı	1
tüccarsiniz	tüccarsınız	1
ekiyalarinki	ekiyalarınkı	1
zaafiniza	zaafınıza	1
noktanin	noktanın	1
bastiğim	bastığım	1
uyarildiğim	uyarıldığım	1
eşkiyalarinin	eşkıyalarının	1
uğratmiştir	uğratmıştır	1
acimasizlik	acımasızlık	1
karışmiştir	karışmıştır	1
haydutlariyla	haydutlarıyla	1
dağlilardır	dağlılardır	1
Kanlarina	Kanlarına	1
karadirlar	karadırlar	1
almanizin	almanızın	1
eşkiyanin	eşkıyanın	1
almazsaniz	almazsanız	1
olmanizdir	olmanızdır	1
baskinlariyla	baskınlarıyla	1
hatirlanan	hatırlarım	1
Dumas’nin	Dumas’nın	1
raporlarinda	raporlarında	1
hasilat	hasılat	1
aydinlatilmamiş	aydınlatılmamış	1
mutasarrifliğinda	mutasarrıflığında	1
yakalanmışti	yakalanmıştı	1
uğramilardi	uğramılardı	1
taşinmasina	taşınmasına	1
vicdansizlar	vicdansızlar	1
kaçırilir	kaçırılır	1
eşkiyalari	eşkıyaları	1
başarisizdir	başarısızdır	1
birakilmalari	bırakılmaları	1
yağmalanir	yağmalanır	1
zorbalik	zorbalık	1
Başibozuk	Başıbozuk	1
hirpani	hırpani	1
ayaktakimi	ayaktakımı	1
Okurlarim	Okurlarım	1
dağitilmasi	dağıtılması	1
kulağima	kulağıma	1
iktidarini	iktidarını	1
Antlaşmasi’ni	Antlaşması’nı	1
kit	kıt	1
yaşiyordu	yaşıyordu	1
Ayl’si	Ayl’sı	1
Kapisi’ndan	Kapısı’ndan	1
zayifliğini	zayıflığını	1
iflasini	iflasını	1
koyacakti	koyacaktı	1
sinirda	sınırda	1
hazirdi	hazırdı	1
kirsalinda	kırsalında	1
ayrilmi	ayrılmı	1
isyanci	isyancı	1
sinirinda	sınırında	1
hattinda	hattında	1
karargâhlari	karargâhları	1
çağıni	cağını	1
yapilamazdi	yapılamazdı	1
borsalarinda	borsalarında	1
karşılayabilmiş	karşılayabılmış	1
çağindakine	çağındakine	1
toplamişti	toplamıştı	1
çağirmışti	çağırmıştı	1
dayatilmış	dayatılmış	1
ihtiyaca	ihtiyacı	1
alacaklilarinin	alacaklılarının	1
karşıladi	karşıladı	1
antlaşmalari	antlaşmaları	1
imzalanirsa	imzalanırsa	1
artiracaktir	artıracaktır	1
tarimla	tarımla	1
yasaklamadi	yasaklandı	1
hesaplamasina	hesaplamasına	1
akiından	akıından	1
akişini	akışını	1
çalıştiğim	çalıştığım	1
tutamak	tutmak	1
başlangica	başlangıcı	1
aşılmi	asılmı	1
kontratlarina	kontratlarına	1
uymadiği	uymadığı	1
alacaklilarina	alacaklılarına	1
yumuşatip	yumuşatıp	1
yumuşatmadiğini	yumuşatmadığını	1
kumandanlarin	kumandanların	1
ngiltere’yi	İngiltere’yi	1
kişkirtmada	kışkırtmada	1
sağlanmıştir	sağlanmıştır	1
savsaklamaciliktan	savsaklamacılıktan	1
suçlarinin	suçlarının	1
suçlarindan	suçlarından	1
Antlaşmasi’na	Antlaşması’na	1
Paşa’yi	Paşa’yı	1
inkârin	imkanını	1
ardi	ardı	1
taniyanlara	tanıyanlara	1
davrandiysa	davrandıysa	1
imtiyazlarin	imtiyazların	1
islahata	ıslahata	1
atilmayi	atılmayı	1
kalmışliğı	kalmışlığı	1
baskisiyla	baskısıyla	1
Aydinlanmiş	Aydınlanmış	1
istibdadi	istibdadı	1
sadrazamdi	sadrazamdı	1
yanilsamalarini	yanılsamalarını	1
kuramlari	kuramları	1
karştirilinca	karstırılınca	1
uzaklaştirildi	uzaklaştırıldı	1
duyulmadi	duyulmadı	1
şartlarini	şartlarını	1
dayatilan	dayatılan	1
Hristiyanin	Hristiyanın	1
olmamişti	olmamıştı	1
meydanlarinda	meydanlarında	1
çekimek	çekmek	1
taçlandırdiği	taçlandırdığı	1
konulmamişsa	konulmamışsa	1
tarlalarinda	tarlalarında	1
olaylarinin	olaylarının	1
mukadderati	mukadderatı	1
uymadiğini	uymadığını	1
islahina	ıslahına	1
Itibari	İtibarı	1
Imparatorluğunda	İmparatorluğunda	1
çıkmamiştir	çıkmamıştır	1
yoğunlaşmıştir	yoğunlaşmıştır	1
uyandirilmayi	uyandırılmayı	1
düşmaniyla	düşmanıyla	1
dermansizliğa	dermansızlığa	1
kisaltan	kısaltan	1
kalkindıran	kalkındıran	1
demiryollarini	demiryollarını	1
yararlidir	yararlıdır	1
kisaliği	kişiliği	1
halkinı	halkını	1
Kilikya’dadir	Kilikya’dadır	1
yoksullaştirdi	yoksullaştırdı	1
Assurbanipal	Assurbanıpal	1
Incil'deyse	İncil'deyse	1
bulunmadiğı	bulunmadığı	1
Iskenderiye’yle	İskenderiye’yle	1
Izmit’e	İzmit’e	1
yakındir	yakındır	1
Kalkedon’daki	Kalkedon’dakı	1
Izmit’teki	İzmit’teki	1
Nikomedia’nin	Nikomedia’nın	1
batakliğin	bataklığın	1
Aydin	Aydın	1
Toprağin	Toprağın	1
kazandirir	kazandırır	1
dolaşim	dolaşım	1
uzatilmaya	uzatılmaya	1
baçliyor	baclıyor	1
açiliı	acılıı	1
Kilikya’nin	Kilikya’nın	1
Iskenderiye’yi	İskenderiye’yi	1
biraktiğindan	bıraktığından	1
vatandaşıyim	vatandaşıyım	1
açilmi	acilmi	1
ulaştirma	ulaştırma	1
Moğolistan’in	Moğolistan’ın	1
uzanmasi	uzanması	1
Kizildeniz’le	Kızıldeniz’le	1
kazanilmiş	kazanılmış	1
kanalin	kanalın	1
başlatilmiştir	başlatılmıştır	1
bağlana	bağları	1
bağlantisiyla	bağlantısıyla	1
çikilmasa	çıkılmasa	1
Kafkaslar’in	Kafkaslar’ın	1
durağiyla	durağıyla	1
topraklariyla	topraklarıyla	1
kiskanmasaydi	kıskanmasaydı	1
Şaşırip	Şaşırıp	1
karşilaştiğindan	karşılaştığından	1
insanlarimizin	insanlarımızın	1
ulaşmalari	ulaşmaları	1
planim	planın	1
açıkti	açıktı	1
taşımaciliğinın	taşımacılığının	1
Adanin	Adanın	1
kiraladilar	kiraladılar	1
irtibatini	irtibatını	1
istasyonlarini	istasyonlarını	1
firsatlariyla	fırsatlarıyla	1
ulaşmiştir	ulaşmıştır	1
enlemi	Ermeni	1
uzatilirsa	uzatılırsa	1
varacaktir	varacaktır	1
kirkinci	kırkıncı	1
Kanali’ni	Kanalı’nı	1
birakırsak	bırakırsak	1
kucaklaşabilirdi	kucaklaşabılırdı	1
çarşılariyla	çarşılarıyla	1
farklilaşmasiyla	farklılaşmasıyla	1
çıkarilmş	çıkarılmış	1
Başlangi	Başlangı	1
yurttaşlarinın	yurttaşlarının	1
Itirazlar	İtirazlar	1
sinirini	sınırını	1
Kurulmasi	Kurulması	1
Diyarbakir	Diyarbakır	1
islahat	ıslahat	1
adimlari	adımları	1
uygulanmasina	uygulanmasına	1
Sayisiz	Sayısız	1
yapilmamiş	yapılmamış	1
maaşlarini	maaşlarını	1
Mezopotamya’nin	Mezopotamya’nın	1
kalkinmayla	kalkınmayla	1
artiracak	artıracak	1
teminatlari	teminatları	1
hasimlari	hasımları	1
konvoylarini	konvoylarını	1
kovalandiğı	kovalandığı	1
planlarina	planlarına	1
yapmalarindan	yapmalarından	1
Adapazari	Adapazarı	1
harcadiği	harcadığı	1
hatlariyla	hatlarıyla	1
kazandrmasin	kazandrmasın	1
boğazlarina	boğazlarına	1
Izmit’ten	İzmit’ten	1
hattin	hattın	1
tamamlanabilecek	tamamlanabılecek	1
demiryollarindan	demiryollarından	1
nafia	nafıa	1
harcamayi	harcamayı	1
duraksiyorlardi	duraksıyorlardı	1
yayimlanmasina	yayımlanmasına	1
haritalarin	haritaların	1
tartimalar	tartımalar	1
Alman’in	Alman’ın	1
Londrali	Londralı	1
sermayedarlarin	sermayedarların	1
Diyarbakir’a	Diyarbakır’a	1
planlaniyordu	planlanıyordu	1
kalirsa	kalırsa	1
sinirina	sınırına	1
hattiyla	hattıyla	1
Diyarbakir'dan	Diyarbakır'dan	1
sermayedarlarinin	sermayedarlarının	1
tasari	tasarı	1
tasarladiği	tasarladığı	1
güzergâhi	güzergahı	1
paylari	payları	1
hizlilik	hızlılık	1
uçlarini	uçlarını	1
yaklaştiracak	yaklaştıracak	1
açılmasi	açılması	1
hatlarin	hatların	1
kuruluşlarinca	kuruluşlarınca	1
kanitlamıştir	kanıtlamıştır	1
karşmamiştir	karsmamıştır	1
sunmadilar	sunmadılar	1
Avusturya’ninkinin	Avusturya’nınkının	1
Sark	Şark	1
başkalaşimlari	başkalaşımları	1
yazimina	yazımına	1
stanbul’daki	stanbul’dakı	1
Sancaği’dir	Sancağı’dır	1
şartlariyla	şartlarıyla	1
hanedanindan	hanedanından	1
irtibattaydi	irtibattaydı	1
çikarilabilecek	çıkarılabilecek	1
antlaşmasiyla	antlaşmasıyla	1
çalinmaya	çalınmaya	1
Trablusgarp’inki	Trablusgarp’ınkı	1
saydiklarim	saydıklarım	1
Inancinin	İnancının	1
zayiflamış	zayıflamış	1
tartişmaksizin	tartışmaksızın	1
hükümranliğında	hükümranlığında	1
yakınlarindaki	yakınlarındaki	1
mparatorluğu'nu	İmparatorluğu'nu	1
çalişacak	çalışacak	1
dayanaği	dayanağı	1
Sayilarini	Sayılarını	1
Fortnigbtly	Fortnıgbtly	1
hacilarla	hacılarla	1
araştirmada	araştırmada	1
inananlari	inananları	1
yaklaşmayi	yaklaşmayı	1
muazzamliğini	muazzamlığını	1
unutmamamiz	unutmamamız	1
kıyılarini	kıyılarını	1
Boğazi’ndan	Boğazı’ndan	1
uykudadir	uykudadır	1
patlamali	patlamalı	1
desteklense	destekleme	1
Fransa’si	Fransa’sı	1
başlatmasi	başlatması	1
Payitahtinin	Payitahtının	1
yapilacaği	yapılacağı	1
artmi	Artin	1
yapilacağindan	yapılacağından	1
yarisina	yarısına	1
heyecani	heyecanı	1
çıkiıni	çıkıını	1
mparatorluğun	imparatorluğun	1
Üniformalarinin	Üniformalarının	1
şildiyor	sildiyor	1
canlanmiçasina	canlanmıçasına	1
kargaşanin	kargaşanın	1
telaşina	telaşına	1
Tarafsiz	Tarafsız	1
Yazişmalari	Yazışmaları	1
yazişmasi	yazışması	1
taştiği	taştığı	1
sinirındaki	sınırındaki	1
pervasizliği	pervasızlığı	1
çöhretiyle	çohretiyle	1
birakilarak	bırakılarak	1
hoşlanmiyorlar	hoşlanmıyorlar	1
kurtarilacaksa	kurtarılacaksa	1
karştiriyor	karstırıyor	1
Antlaşmasinda	Antlaşmasında	1
iyorlar	ıyorlar	1
komşularimın	komşularımın	1
Motorbotlari	Motorbotları	1
uyuşmazliktan	uyuşmazlıktan	1
kurulmali	kurulmalı	1
Antlaşmasi’nda	Antlaşması’nda	1
Siniri	Sınırı	1
sinirinin	sınırının	1
sinirlarda	sınırlarda	1
ulaşmali	ulaşmalı	1
Asi	İşi	1
hasim	Haşim	1
operasyonlarinin	operasyonlarının	1
toplanmaktadir	toplanmaktadır	1
siralanmıştir	sıralanmıştır	1
Hakli	Haklı	1
davranmaktadir	davranmaktadır	1
ummaktadir	ummaktadır	1
harcamaktadir	harcamaktadır	1
Romanya’nin	Romanya’nın	1
kraliyla	kralıyla	1
azaltacağini	azaltacağını	1
semalarindaki	semalarındaki	1
tutulmasi	tutulması	1
Sirbistan’in	Sırbistan’ın	1
haklarina	haklarına	1
amaçlamaktadir	amaçlamaktadır	1
ihtirastir	ihtirastır	1
miktarina	miktarına	1
antlaşmalarin	antlaşmaların	1
hâkimiyetler	hakimiyetler	1
kaynaştiği	kaynaştığı	1
Imzaci	Mizacı	1
varip	varıp	1
yanuti	yanıtı	1
Başkani’dir	Başkanı’dır	1
varmadiklarini	varmadıklarını	1
çağirdiği	çağırdığı	1
çikari	çıkarı	1
sikintida	sıkıntıda	1
kaçirmiyorum	kaçırmıyorum	1
dayandiğindan	dayandığından	1
Antlaşmanin	Antlaşmanın	1
katilimci	katılımcı	1
kutlamiti	kutlamıtı	1
lafzina	lafzına	1
sinırlarini	sınırlarını	1
savunacağini	savunacağını	1
yapim	yapım	1
Sirbistan’dan	Sırbistan’dan	1
bağlanmasini	bağlanmasını	1
inşasina	inşasına	1
yikilmasini	yıkılmasını	1
sayilmasiyla	sayılmasıyla	1
atomlarina	atomlarına	1
çatışmanin	çatışmanın	1
hazırlik	hazırlık	1
Börse	Borne	1
uyanmi	uyanmı	1
notasıni	notasını	1
kabartiyor	kabartıyor	1
Yarmadasi	Yarmadası	1
Trakya’nun	Trakya’nın	1
yipranmış	yıpranmış	1
çatşma	çatma	1
yaşamiştir	yaşamıştır	1
bakinca	bakınca	1
noktalarinda	noktalarında	1
almışlardir	almışlardır	1
Halklari	Halkları	1
kazandilar	kazandılar	1
tekrarini	tekrarını	1
karişikliklari	karışıklıkları	1
kralliğın	krallığın	1
Garplidir	Garplıdır	1
uzaksinizdir	uzaksınızdır	1
kiyafetlerini	kıyafetlerini	1
atlarini	atlarını	1
canlilik	canlılık	1
Yehularin	Yehuların	1
takırtili	takırtılı	1
barişın	barışın	1
Boğdan’in	Boğdan’ın	1
Antlamasi	Antlaması	1
süzereni	suzereni	1
Karpatlar’in	Karpatlar’ın	1
bakimli	bakımlı	1
Romanya’yi	Romanya’yı	1
Avrupasi	Avrupası	1
Ossa'sinda	Ossa'sında	1
siradışi	sıradışı	1
atsin	atsın	1
Nimi	Nin	1
tariminin	tarımının	1
kurtarilmiştir	kurtarılmıştır	1
kurtulmasinin	kurtulmasının	1
kokulariyla	kokularıyla	1
rayihalandiği	rayihalandığı	1
ulaşacaktir	ulaşacaktır	1
atarin	atarın	1
sancağinda	sancağında	1
Havzasi	Havzası	1
mintikasindadir	mıntıkasındadır	1
yaziliı	yazılıı	1
stenografimize	stenografımıze	1
damitimi	damıtımı	1
çinlarken	çınlarken	1
sakinilmamiştir	sakinilmamıştır	1
Himalayalar’in	Himalayalar’ın	1
çarkisinda	çarkısında	1
diyarlari	diyarları	1
esansina	esansına	1
canliliğa	canlılığa	1
kirlarinda	kırlarında	1
ormanlariyla	ormanlarıyla	1
damitilan	damıtılan	1
yarşabildiği	yarşabıldığı	1
yarimadasi	yarımadası	1
ihtiraslarindan	ihtiraslarından	1
çarpişmalarla	çarpışmalarla	1
arenasi	arenası	1
yaniltici	yanıltıcı	1
Anlatilan	Anlatılan	1
toplantilar	toplantılar	1
toplantilarda	toplantılarda	1
devamini	devamını	1
bariın	birini	1
bozulmamasi	bozulmaması	1
sonuçlanmasi	sonuçlanması	1
sinira	sınıra	1
hummali	hummalı	1
yarimadayi	yarımadayı	1
rkinin	rkının	1
artirmayacak	artırmayacak	1
sayginliğina	saygınlığını	1
kiskandiği	kıskandığı	1
paylaşılmasinda	paylaşılmasında	1
dalmi	daimi	1
çabalarinda	çabalarında	1
birakmayi	bırakmayı	1
kopardilar	kopardılar	1
canlandirmaya	canlandırmaya	1
çari	çarı	1
duruçu	düncü	1
Fransizlara	Fransızlara	1
koruyamadilar	koruyamadılar	1
ihracini	ihracını	1
yapacağimiz	yapacağımız	1
yasakliyor	yasaklıyor	1
pazarimizi	pazarımızı	1
itirazimiz	itirazımız	1
yazmiştim	yazmıştım	1
karşılanmışti	karşılanmıştı	1
kalkmalari	kalkmaları	1
yaratmasindan	yaratmasından	1
ayrildiğıni	ayrıldığını	1
çüpheleniyor	cupheleniyor	1
Avusturya’ninki	Avusturya’nınkı	1
Anliyorum	Anlıyorum	1
Balkanlar’1	Balkanlar’ı	1
ihtilaflari	ihtilafları	1
yanitlanabilecek	yanıtlanabılecek	1
aşarini	asarını	1
barindikları	barındıkları	1
barbarliktan	barbarlıktan	1
ihtiyatindan	ihtiyatından	1
kumandanidir	kumandanıdır	1
Sabirsiz	Sabırsız	1
saklandiği	saklandığı	1
buluşmasinda	buluşmasında	1
davranmışlardir	davranmışlardır	1
dağityor	dağıtyor	1
konferansi	konferansı	1
Antlaşmasi’ninkinden	Antlaşması’nınkınden	1
Muazzama’daki	Muazzama’dakı	1
korunmasinda	korunmasında	1
kapsayabilecek	kapsayabılecek	1
Notasi	Notası	1
toplanmişlardi	toplanmışlardı	1
varilamadiği	varılamadığı	1
varilmiş	varılmış	1
kuruntulariyla	kuruntularıyla	1
yararlanmasi	yararlanması	1
yakışir	yakışır	1
yarimadasina	yarımadasına	1
hazirdir!	hazırdır!	1
kiyılardaki	kıyılardaki	1
kisitlayici	kısıtlayıcı	1
palamarlari	palamarları	1
koparmamiştir	koparmamıştır	1
savsaklayabilir	savsaklayabılır	1
notalari	notaları	1
taşımasi	taşıması	1
dönümüş	dönmüş	1
toplamaktadir	toplamaktadır	1
Makedonya’daymiş	Makedonya’daymış	1
ayaklanmasindan	ayaklanmasından	1
karşmış	karnını	1
karişımlari	karışımları	1
önyargilari	önyargıları	1
parlamadiği	parlamadığı	1
yarimadasının	yarımadasının	1
Tarafli	Taraflı	1
hesaplarina	hesaplarına	1
Kizi	Kızı	1
kalmazdi	kalmazdı	1
konaklarinda	konaklarında	1
davranmamiza	davranmamıza	1
arkasi	arkası	1
kurtaricilari	kurtarıcıları	1
salik	salık	1
tanimlayan	tanımlayan	1
konfederasyona	konfederasyon	1
bağimsizliğı	bağımsızlığı	1
dünyasindaki	dünyasındaki	1
artirirdi	artırırdı	1
hasmidır	hasmıdır	1
Sirplar	Sırplar	1
yazgisini	yazgısını	1
Uşağim	Uşağım	1
irktandır	ırktandır	1
zayifliğinin	zayıflığının	1
istikrarinin	istikrarının	1
adalarindaki	adalarındaki	1
azdirlar	azdırlar	1
çikardi!	çıkardı!	1
pazarlarinin	pazarlarının	1
tamamlandiği	tamamlandığı	1
bağliliklarina	bağlılıklarını	1
krallik	krallık	1
kaygisiz	kaygısız	1
insanlarindan	insanlarından	1
bakilacak	bakılacak	1
yumuşatilmiş	yumuşatılmış	1
itibarsiz	itibarsız	1
entrikalarindan	entrikalarından	1
hoşlanmiyor	hoşlanmıyor	1
hayirseverliklerinin	hayırseverliklerinin	1
tapiyor	tapıyor	1
tattim	tattım	1
hanimefendiye	hanımefendiye	1
şapkami	şapkamı	1
hatirlamadan	hatırlamadan	1
ovalarina	ovalarına	1
siradaki	sıradaki	1
arilar	anılar	1
biraktik	bıraktık	1
Parian	Panin	1
çağrilmiş	çağrılmış	1
ayrildiğımiz	ayrıldığımız	1
kahvaltinin	kahvaltının	1
harikalari	harikaları	1
kilavuzluğuna	kılavuzluğuna	1
harikalarimizin	harikalarımızın	1
yaptiğıyla	yaptığıyla	1
taşlarini	taşlarını	1
Tapinaği’nin	Tapınağı’nın	1
çağrildik	çağrıldık	1
Atena’nin	Atena’nın	1
molozlarinin	molozlarının	1
esiz	eşiz	1
boyaliydi	boyalıydı	1
canliliklariyla	canlılıklarıyla	1
mezarlarindan	mezarlarından	1
kurtarildilar	kurtarıldılar	1
imzali	imzalı	1
açıkliyor	açıklıyor	1
fotoğraflandirma	fotoğraflandırma	1
karşılaşilmasi	karşılaşılması	1
firtinali	fırtınalı	1
ihtilafinın	ihtilafının	1
alikonulmasi	alıkonulması	1
çatişmalarinda	çatışmalarında	1
soydaşlarinin	soydaşlarının	1
yüzyilinkiyle	yüzyılınkıyle	1
anlaşamadiği	anlaşamadığı	1
tabiatinin	tabiatının	1
ihtirasini	ihtirasını	1
yakilip	yakılıp	1
yıkilan	yıkılan	1
kaynaşmişlardir	kaynaşmışlardır	1
kuşattilar	kuşattılar	1
Bizans’i	Bizans’ı	1
komşularinın	komşularının	1
kiyaslanabilecek	kıyaslanabilecek	1
Bulgaristan’n	Bulgaristan’ın	1
karşımiyla	karşımıyla	1
yozlaştirilmadan	yozlaştırılmadan	1
araciydi	aracıydı	1
şarkilarla	şarkılarla	1
zekâsini	zekasını	1
olacaksiniz	olacaksınız	1
pes	peş	1
yaklaştiran	yaklaştıran	1
şıği	sığı	1
sağlasin	sağlasın	1
oluşturulmali	oluşturulmalı	1
sarsma	samimi	1
diktasi	diktası	1
Tirnova	Tırnova	1
anayasasindan	anayasasından	1
yarattiktan	yarattıktan	1
küstahliklarmndan	küstahlıklarmndan	1
bakanliktan	bakanlıktan	1
zorlandilar	zorlandılar	1
uygulamasinda	uygulamasında	1
Bulgarlarindir	Bulgarlarındır	1
şaırtici	şairtici	1
Sofya’ydi	Sofya’ydı	1
irmağina	irmağına	1
çayırlarindan	çayırlarından	1
sarilmiş	sarılmış	1
sirtlarini	sırtlarını	1
toprağn	toprağın	1
sicaktan	sıcaktan	1
adlandirir	adlandırır	1
ulaşir	ulaşır	1
uğramıştir	uğramıştır	1
Sofya’dir	Sofya’dır	1
vasattir	vasattır	1
çarşilar	çarşılar	1
çikişlara	çıkışlara	1
binasidir	binasıdır	1
ilhakınin	ilhakının	1
kullanilmak	kullanılmak	1
bakmadiği	bakmadığı	1
Ruhbanin	Ruhbanın	1
yolculuklarim	yolculuklarım	1
uyandirilmiş	uyandırılmış	1
bucaksiz	bucaksız	1
tebaanin	tebaanın	1
babasidir!	babasıdır!	1
başındadir!	başındadır!	1
kittir	kıttır	1
dayaniyor	dayanıyor	1
yarimadasindaki	yarımadasındaki	1
harekâtin	harekatın	1
birakmış	bırakmış	1
Ivan’in	İvan’ın	1
yazdirmişti	yazdırmıştı	1
Boğazlar’in	Boğazlar’ın	1
parçalanmasiyla	parçalanmasıyla	1
çarlarin	çarların	1
serinkanlilikla	serinkanlılıkla	1
Kossuthlar’in	Kossuthlar’ın	1
barinağr	barınağr	1
ihtiyatina	ihtiyatına	1
sizmiştir	sızmıştır	1
hazirliyor	hazırlıyor	1
Ruslaştirarak	Ruslaştırarak	1
arilari	anıları	1
Kaulbarlar’in	Kaulbarlar’ın	1
Zankofflar’in	Zankofflar’ın	1
kişkirtmaktaki	kışkırtmaktakı	1
ağire	ağıre	1
adlandirilmıştir	adlandırılmıştır	1
kovanini	kovanını	1
batidaki	batıdaki	1
hatlarini	hatlarını	1
bağlariyla	bağlarıyla	1
yaralandiği	yaralandığı	1
yiğildi	yığıldı	1
kumandadaydi	kumandadaydı	1
bombardimanla	bombardımanla	1
erzakinin	erzakının	1
anlamasiydi	anlamasıydı	1
barindıran	barındıran	1
kiyimdi	kıyımdı	1
harekâtti	harekattı	1
dayaliydi	dayalıydı	1
savaştiği	savaştığı	1
ayrıldi	ayrıldı	1
aradi	aradı	1
ricati	ricatı	1
hüsarlari	hüsarları	1
bağimsizliği	bağımsızlığı	1
Alexandrelar’in	Alexandrelar’ın	1
çakilmış	çakılmış	1
hükümdarliği	hükümdarlığı	1
uyruklarinın	uyruklarının	1
barbarliklar	barbarlıklar	1
Moskovali	Moskovalı	1
uygarlikla	uygarlıkla	1
dayaniyorsa	dayanıyorsa	1
alinıyordu	alınıyordu	1
karşılaştirin!	karşılaştırın!	1
karşılaştiğimi	karşılaştığımı	1
çalşabilir	çalşabılır	1
filozoflarinin	filozoflarının	1
teologlarinin	teologlarının	1
Osman’inki	Osman’ınkı	1
Otokrat’inkinden	Otokrat’ınkınden	1
Konferans’in	Konferans’ın	1
konferansinin	konferansının	1
ulaşmamiş	ulaşmamış	1
hoşlanmiyordu	hoşlanmıyordu	1
Bulgarlari	Bulgarları	1
sikintilardan	sıkıntılardan	1
karamsarim	karamsarım	1
ilanindan	ilanından	1
Kasim’da	Kasım’da	1
çarpışmalarin	çarpışmaların	1
aliriz	alırız	1
şiğında	şısında	1
Vratanitza’ya	Vratanıtza’ya	1
başlangicina	başlangıcına	1
aktardiğina	aktardığına	1
sarilmştir	sarılmştır	1
Münakaşanin	Münakaşanın	1
halkiyla	halkıyla	1
borsalari	borsaları	1
çikışlarin	çıkışların	1
siçramalarla	sıçramalarla	1
sinirlardaki	sınırlardaki	1
ilaciniz	ilacınız	1
romani	romanı	1
yaratmişti	yaratmıştı	1
Alain	Alan	1
René	Remo	1
Gil	Ğil	1
hastalarina	hastaların	1
Disraelionin	Disraelionın	1
basiminda	basımında	1
hacamati	hacamatı	1
mintikasini	mıntıkasını	1
yapilmıştr	yapılmıştr	1
birakilmış	bırakılmış	1
konferansin	konferansın	1
konferansini	konferansını	1
dağilir	dağılır	1
dağilmaz	dağılmaz	1
araştiracaklar	araştıracaklar	1
hazirlayacaklar	hazırlayacaklar	1
olamamiştir	olamamıştır	1
Süzeren’inin	Suzeren’inin	1
başkanidir	başkanıdır	1
ulaştiran	ulaştıran	1
uğramişa	uğramışa	1
aşağilanmadiği	aşağılanmadığı	1
kalkmadiği	kalkmadığı	1
halkınin	halkının	1
İlkbaharin	İlkbaharın	1
yapilabileceği	yapılabileceği	1
kayginın	kaygının	1
yariyor	yanıyor	1
hastaliklari	hastalıkları	1
çatimasi	çatıması	1
düşmanliğin	düşmanlığın	1
yikanmiş	yıkanmış	1
ulaştirilmasi	ulaştırılması	1
konferanslarin	konferansların	1
varilamiyor	varilamıyor	1
tazminatinda	tazminatında	1
yadsiniyor	yadsınıyor	1
kavgacilarin	kavgacıların	1
lamayla	larıyla	1
caydirici	caydırıcı	1
yanlişhklarin	yanlışhkların	1
devasi	devası	1
sinirlanmamiş	sınırlanmamış	1
Antlaşmasinin	Antlaşmasının	1
Rumelihisari’nda	Rumelihisarı’nda	1
kattiği	kattığı	1
mayadir	mayadır	1
syanin	syanın	1
kurulamadiği	kurulamadığı	1
tekrarlamam	tekrarlanan	1
bariştan	barıştan	1
ilhakini	ilhakını	1
Sirbistan’la	Sırbistan’la	1
karşılaştiğr	karşılaştığr	1
kaldiğr	kaldığr	1
kistirilmış	kıstırılmış	1
yaptiklarimdan	yaptıklarından	1
olgunlar	olsunlar	1
atmayi	atmayı	1
tahtim	tahtın	1
Yasa’nin	Yasa’nın	1
karşıtliklar	karşıtlıklar	1
basindan	başından	1
Hakkindaki	Hakkındaki	1
yazilmişti	yazılmıştı	1
askerlikté	askerlikte	1
düçünceli	ducünceli	1
yapida	yapıda	1
canliliği	canlılığı	1
karşisindakinin	karşısındakinin	1
varliğryla	varlığryla	1
karştirmayan	karstırmayan	1
kapilacak	kapılacak	1
anlaşiliyor	anlaşılıyor	1
kazanmasinin	kazanmasının	1
kazandi!	kazandı!	1
yayimlamiştir	yayımlamıştır	1
hükümranliğina	hükümranlığına	1
Slivnitza’daki	Slivnitza’dakı	1
anlatilardan	anlatılardan	1
mayi	mayı	1
yatıştirmaya	yatıştırmaya	1
şaşirdi	şaşırdı	1
ulaşılamadi	ulaşılamadı	1
bastirmasinin	bastırmasının	1
papazinin	papazının	1
étmediği	etmediği	1
tahtinın	tahtının	1
farkindaydi	farkındaydı	1
boğazlaşmasindaki	boğazlaşmasındakı	1
odamin	odanın	1
daldi	daldı	1
Ihanete	İhanete	1
haykirdi	haykırdı	1
Karanlik	Karanlık	1
kanadina	kanadına	1
bakişi	bakışı	1
çalişmiştim	çalışmıştım	1
uyandiğmda	uyandığmda	1
dalmiştim	dalmıştım	1
hizmetkârim	hizmetkârım	1
uğradiniz	uğradınız	1
kaçıniz!	kaçınız!	1
firladim	fırladım	1
tabancami	tabancamı	1
kaçıniz	kaçınız	1
uzanirken	uzanırken	1
burnumun	burnunun	1
kaçmanin	kaçmanın	1
iğından	ığından	1
etrafinin	etrafının	1
asayisi	asayişi	1
başarisizliğin	başarısızlığın	1
kapanina	kapanına	1
kisilmişti	kısılmıştı	1
dönüerek	dönerek	1
kirıkliğina	kırıklığına	1
uğratti	uğrattı	1
kapanini	kapanını	1
zorlayacağini	zorlayacağını	1
makaminı	makamını	1
araca	aracı	1
Altincis	Altıncıs	1
kazdiğı	kazdığı	1
Sinirda	Sınırda	1
Bağimsizliğini	Bağımsızlığını	1
sorumluluklari	sorumlulukları	1
yapmasinin	yapmasının	1
deyin	deyim	1
tasarlanmiş	tasarlanmış	1
kırıkliğindan	kırıklığından	1
adlandirin	adlandırın	1
alkanliklara	alkanlıklara	1
talimatlari	talimatları	1
ulaştim	ulaştım	1
başarilabilecek	başarılabilecek	1
çatişan	çatışan	1
tasarilari	tasarıları	1
alikoymadiği	alıkoymadığı	1
sebatini	sebatını	1
kirmayi	kırmayı	1
saldirilardan	saldırılardan	1
barşi	barşı	1
unutmamitir	unutmamıtır	1
Avusturyalilaşmamiş	Avusturyalılaşmamış	1
pariltisiyla	parıltısıyla	1
ağirbaşliliğini	ağırbaşlılığını	1
rahatlamasina	rahatlamasına	1
sanatlarina	sanatlarına	1
dayanmanin	dayanmanın	1
Kistağina	Kıstağına	1
tarafsizlaştirma	tarafsızlaştırma	1
mühimmati	mühimmatı	1
kapılarinda	kapılarında	1
Herat’taki	Herat’takı	1
sinirlardan	sınırlardan	1
çıkariliyor	çıkarılıyor	1
Asya’nn	Asya’nın	1
hükümdarlarinca	hükümdarlarınca	1
silmedi	sürmedi	1
ihtirasli	ihtiraslı	1
kitasal	kıtasal	1
programin	programın	1
verse	verme	1
danişmanlari	danışmanları	1
yarimadasinda	yarımadasında	1
oynanmasina	oynanmasına	1
yaşayanlarin	yaşayanların	1
hükümranliğ	hükümranlığ	1
kilicinı	kılıcını	1
Bosna’yi	Bosna’yı	1
tacina	tacına	1
korumadi	korumadı	1
kariş	karış	1
fasiladan	fasıladan	1
taradiktan	taradıktan	1
Ferdinand’dir	Ferdinand’dır	1
diyarlarindan	diyarlarından	1
oynadiğina	oynadığını	1
Ferdinand’in	Ferdinand’ın	1
Almanak’inin	Almanak’ının	1
boyutlarini	boyutlarını	1
Soyağacinin	Soyağacının	1
kanbağini	kanbağını	1
Dom	Don	1
Büyükbabasinin	Büyükbabasının	1
iddialarini	iddialarını	1
Nemours	Memoirs	1
tahtindaki	tahtındaki	1
Orleansli	Orleanslı	1
Isabella’nin	Isabella’nın	1
Lousia’nin	Lousia’nın	1
kocasidir	kocasıdır	1
Imparatoriçesi’nin	İmparatoriçesi’nin	1
Bavyerali	Bavyeralı	1
kayinbiraderleri	kayınbiraderleri	1
Avusturya’yi	Avusturya’yı	1
kariştirici	karıştırıcı	1
siralanişina	sıralanışına	1
tamamlanmasina	tamamlanmasına	1
yanlisinin	yanlısının	1
Antlaşmasina	Antlaşmasına	1
kararliliğini	kararlılığını	1
Grévy’nin	Grevy’nin	1
cordialede	cordıalede	1
kiskançliklari	kıskançlıkları	1
çarpişmalariyla	çarpışmalarıyla	1
théâthrein	theâthrein	1
planlariyla	planlarıyla	1
kışkirtmaya	kışkırtmaya	1
küstahlikla	küstahlıkla	1
başarisizliğini	başarısızlığını	1
genile	gemile	1
yanitlansin	yanıtlansın	1
ihtiraslarinin	ihtiraslarının	1
tahtasindaki	tahtasındaki	1
kuşağimiz	kuşağımız	1
insancilliklari	insancıllıkları	1
ustasi	ustası	1
adimin	adımın	1
sabirsizlik	sabırsızlık	1
adlandirilmiyor	adlandırılmıyor	1
kurnazliklarina	kurnazlıklarına	1
kullanmasina	kullanmasına	1
toplantisinda	toplantısında	1
mazbatasi	mazbatası	1
onaylanmadiğiydi	onaylanmadığıydı	1
facultatif	facultatıf	1
pazarliklarla	pazarlıklarla	1
duyulmasini	duyulmasını	1
halklarini	halklarını	1
karişıkliklarin	karışıklıkların	1
uzmanlari	uzmanları	1
hatlarinda	hatlarında	1
devamina	devamına	1
yildizlarina	yıldızlarına	1
okunamiyor	okunamıyor	1
hizlandirilan	hızlandırılan	1
çıkilan	çıkılan	1
Halkinin	Halkının	1
unsurlarin	unsurların	1
karanliğindan	karanlığından	1
sanatlarinda	sanatlarında	1
kiisel	kıısel	1
koçullari	koçulları	1
vicdanini	vicdanını	1
çikarlarina	çıkarlarına	1
Milletinizin	Milletimizin	1
yazgilarini	yazgılarını	1
Ahirkapı	Ahırkapı	1
kamarasi	kamarası	1
Asurbanipal	Asurbanıpal	1
Sefi	Şefi	1
alay1	alayı	1
Çirağan	Çırağan	1
Eczaci	Eczacı	1
locasi	locası	1
Galyalilar	Galyalılar	1
lman	man	1
Kamarasi	Kamarası	1
Iustanius	Iuştanıus	1
yazitlar	yazıtlar	1
karişiklik	karışıklık	1
Kursal	Kırsal	1
Kumkapi	Kumkapı	1
Lavosier	Lavosıer	1
Mandarin	Mandanın	1
nuni	Nuri	1
leyman’in	leyman’ın	1
Sancaği	Sancağı	1
Novorossisk	Novorossısk	1
Pazari	Pazarı	1
Riga	Rica	1
Euxinus	Euxınus	1
Propontis	Propontıs	1
Sefiseriatim	Şefiseriatım	1
Serrit	Şerrit	1
mud	müd	1
Meydani	Meydanı	1
kitası	kıtası	1
kumpanyasi	kumpanyası	1
casuslari	casusları	1
Yenikapi	Yenikapı	1
diplomati	diplomatı	1
sifatryla	sıfatryla	1
komçulariyla	komçularıyla	1
tanikliklarryla	tanıklıklarryla	1
çarşi	çarşı	1
arabacilar	arabacılar	1
hayranliği	hayranlığı	1
hiziyla	hızıyla	1
anilarina	anılarına	1
yayımlanmaktadir	yayımlanmaktadır	1
Imparatorluğu'nda	İmparatorluğu'nda	1
diplomatti	diplomattı	1
yayinianan	yayınıanan	1
başkaniydi	başkanıydı	1
