original	corrected	count
Basmacilar	Basmacılar	26
Anlaşmasi'nin	Anlaşması'nın	13
Basmacilar'a	Basmacılar'a	13
Basmacilar'in	Basmacılar'ın	13
macerasinin	macerasının	10
Nâfiz	Nafiz	9
Ittihadçilar'a	İttihadçılar'a	8
yeraliyor	yeralıyor	8
Livâyü'l	Livayü'l	8
Basmacilik	Basmacılık	8
yazdiklarindan	yazdıklarından	7
macerasini	macerasını	7
Ittihadçilar'1	İttihadçılar'1	7
Kumandanliğr'na	Kumandanlığr'na	7
aldiğl	aldığl	7
Buharalilar	Buharalılar	7
Kâbil'e	Kabil'e	7
Lâkaylar'in	Lakaylar'ın	7
Basmacilar'dan	Basmacılar'dan	7
yazacakti	yazacaktı	6
olmadiğ	olmadıg	6
hanlik	hanlık	6
Buhara'yi	Buhara'yı	6
Basmacilar'1	Basmacılar'1	6
anlattiğl	anlattığl	5
yayinladiğl	yayınladığl	5
Âbideryâ	Abıderya	5
Bâbiâlîyi	Babıaliyi	5
yazdiklarinin	yazdıklarının	5
yayinlayacağim	yayınlayacağım	5
macerasina	macerasına	5
mektuplarinin	mektuplarının	5
Fransizlar'in	Fransızlar'ın	5
ayrildiklari	ayrıldıkları	5
temaslarinin	temaslarının	5
Kurultayi'na	Kurultayı'na	5
hatiralarinin	hatıralarının	5
yazilanlar	yazılanlar	5
hanliklarin	hanlıkların	5
igali	ığalı	5
Afganistan'in	Afganistan'ın	5
Emîri'nin	Emiri'nin	5
yazdiğ	yazdıg	5
Âdemiyyet	Ademiyyet	5
Inan'in	İnan'ın	4
yazacaktir	yazacaktır	4
faciasinin	faciasının	4
başladiğl	başladığl	4
umumîsi	umumisi	4
mezarliğina	mezarlığına	4
kasabasina	kasabasına	4
Manastir'daki	Manastır'dakı	4
Müslümanlar'in	Müslümanlar'ın	4
başlattiğl	başlattığl	4
mektuplarindan	mektuplarından	4
beybabaciğim!	beybabacığım!	4
Anlaşmasi'ni	Anlaşması'nı	4
Humann'in	Humann'ın	4
Tarziter	Tarzıter	4
Aralik'inda	Aralık'ında	4
Umumîsi	Umumisi	4
Genelkurmay'in	Genelkurmay'ın	4
yayinlanmasi	yayınlanması	4
temaslarin	temasların	4
Allahaşkina	Allahaşkına	4
Ittihadçilar'dan	İttihadçılar'dan	4
Kurultay'in	Kurultay'ın	4
yollamiş	yollamış	4
slogani	sloganı	4
noktalandi	noktalandı	4
Yunanlilar'in	Yunanlılar'ın	4
kâhyasi	kâhyası	4
hazirliklarin	hazırlıkların	4
soyadini	soyadını	4
Emîr'in	Emir'in	4
Karahan'in	Karahan'ın	4
Müslimîn	Müslimin	4
kumandanlarindan	kumandanlarından	4
tâmîmine	tamimine	4
âhiresine	ahıresine	4
başlikl	başlıkl	4
basmacilari	basmacıları	4
tuhaftir	tuhaftır	3
veliahdi	veliahdı	3
yazdiklarinda	yazdıklarında	3
kâğitlara	kağıtlara	3
Hanliklari	Hanlıkları	3
Andican'in	Andican'ın	3
ayrintil	ayrıntıl	3
haniminin	hanımının	3
Limani'na	Limanı'na	3
Ittihadçılar'a	İttihadçılar'a	3
Ittihadcilar'a	İttihadçılar'a	3
teşkilâtlari	teşkilatları	3
yeraldiği	yeraldığı	3
Abdülâziz’in	Abdülaziz’in	3
yayinladiklari	yayınladıkları	3
veryansin	veryansın	3
huzursuzluklarin	huzursuzlukların	3
mektuplarina	mektuplarına	3
Mediha'nin	Mediha'nın	3
katilmadi	katılmadı	3
çikartilmasinin	çıkartılmasının	3
Paşa'si	Paşa'sı	3
duyulmasi	duyulması	3
vatandaşlarimiz	vatandaşlarımız	3
ilhamini	ilhamını	3
Harekâti'nda	Harekatı'nda	3
âkibetini	akıbetini	3
baskinindan	baskınından	3
vardiğiniz	vardığınız	3
igaline	ığalıne	3
baskindan	baskından	3
hatirlarina	hatırlarına	3
ilâveten	ilaveten	3
tutulmamasi	tutulmaması	3
mağlûbiyete	mağlubiyete	3
Mahsusa'nin	Mahsusa'nın	3
başlatmayi	başlatmayı	3
varmasindan	varmasından	3
mânâsina	manasına	3
kapağina	kapağına	3
giyabinda	gıyabında	3
Turancilik	Turancılık	3
inanmadiğini	inanmadığını	3
Panislâmist	Panislamist	3
taşimiş	taşımış	3
iddialarin	iddiaların	3
teşkilâtimizi	teşkilatımızı	3
Ocak'inin	Ocak'ının	3
vardi!	vardı!	3
Ukraynali	Ukraynalı	3
Bryant'in	Bryant'ın	3
rüfekasinin	rüfekasının	3
Basmacilar’a	Basmacılar’a	3
Bartinli	Bartınlı	3
erâcif	eracif	3
Umumînin	Umuminin	3
lâzimi	lazımı	3
Gaspirali	Gaspıralı	3
evrakindan	evrakından	3
Mangit	Mangıt	3
vatandaşliğina	vatandaşlığına	3
Hazar'in	Hazar'ın	3
Kâbil'de	Kabil'de	3
Islâm'daki	İslam'dakı	3
Emîri'ne	Emiri'ne	3
Burdalik	Burdalık	3
Lâkaylar’in	Lakaylar’ın	3
çaliştiğl	çalıştığl	3
Ordulari'nin	Orduları'nın	3
Basmnaci	Basmnacı	3
vakiflara	vakıflara	3
Kâfirun'daki	Kâfirun'dakı	3
Afganlilar	Afganlılar	3
Tacikistan'in	Tacikistan'ın	3
kaldiğ	kaldığ	3
Hakk'in	Hakk'ın	3
teşkilâtimiz	teşkilatımız	3
efrâdindan	efradından	3
zâhiren	zahiren	3
Arnavutlar'in	Arnavutlar'ın	3
bacağini	bacağını	3
delâletiyle	delaletiyle	3
payinin	payının	3
hatiralarda	hatıralarda	3
Cedidî	Cedidi	3
Basmaculik	Basmaculık	3
Nizâmi	Nizami	3
kapağin	kapağın	2
siğmiş	sığmış	2
mağlûbiyetle	mağlubiyetle	2
evrakina	evrakına	2
dolandirmadan	dolandırmadan	2
mağlûbiyet	mağlubiyet	2
sahsiyenizin	şahsiyenizin	2
iktidariniza	iktidarınıza	2
noksanlarinizi	noksanlarınızı	2
tatsizlik	tatsızlık	2
saklamiyordu	saklamıyordu	2
çikartilamamiş	çıkartılamamış	2
mağlûbiyetten	mağlubiyetten	2
şartti!	şarttı!	2
karşilaşmak	karşılaşmak	2
ağizlarina	ağızlarına	2
simasi	siması	2
yorumlarin	yorumların	2
bulunamadi!	bulunamadı!	2
vasiflari	vasıfları	2
maceranin	maceranın	2
aldiklarindan	aldıklarından	2
hanimina	hanımına	2
kopyalarini	kopyalarını	2
evrakinin	evrakının	2
ağlarina	ağlarına	2
Boyaciköy	Boyacıköy	2
sabahinda	sabahında	2
Ittihadçilik	İttihadcılık	2
istifasindan	istifasından	2
çikartmayi	çıkartmayı	2
ayrilmalari	ayrılmaları	2
bulunmalarini	bulunmalarını	2
çikabilen	çıkabilen	2
Kosova'nin	Kosova'nın	2
telgrafçinin	telgrafçının	2
daldiklari	daldıkları	2
hocasinin	hocasının	2
kit'alari	kıt'aları	2
yaşit	yaşıt	2
sultandir	sultandır	2
başkaldirmasi	başkaldırması	2
hanedanlarini	hanedanlarını	2
konağini	konağını	2
yaylim	yaylım	2
karanliktadir	karanlıktadır	2
acilarla	acılarla	2
iddiasinin	iddiasının	2
Kibris'1	Kıbrıs'1	2
başarilardan	başarılardan	2
sikintilarin	sıkıntıların	2
iktidarsiz	iktidarsız	2
miralayin	miralayın	2
yazildiğ	yazıldığ	2
yalmz	yalnız	2
âkibetinde	akıbetinde	2
dağitir	dağıtır	2
zâlimenin	zalimenin	2
kullanacakti	kullanacaktı	2
ayliği	aylığı	2
okuyamadim	okuyamadım	2
Kâmil'e	Kamil'e	2
Makedonya'dir	Makedonya'dır	2
şâhânenin	şahanenin	2
teşkilâtlarin	teşkilatların	2
teşkîliyle	teşkiliyle	2
uyandirmay	uyandırmay	2
inkisamdan	inkısamdan	2
Esâsisi'nin	Esasisi'nin	2
zâlimeyi	zalimeyi	2
hâhiş	hahiş	2
etrâfindekiler	etrafındekiler	2
parolasinin	parolasının	2
ikmâlini	ikmalini	2
intisabindan	intisabından	2
lâzimîne	lazimine	2
kurtulacağina	kurtulacağına	2
Nikola'nin	Nikola'nın	2
buluşmalarinin	buluşmalarının	2
dağilmasini	dağılmasını	2
vardiklarini	vardıklarını	2
aldig	aldıg	2
atilmasina	atılmasına	2
kişladan	kışladan	2
açinca	açınca	2
itimadim	itimadım	2
matlabimizin	matlabımızın	2
yikiliş	yıkılış	2
uğradiğimiz	uğradığımız	2
bastirilmasindan	bastırılmasından	2
albayliğa	albaylığa	2
baskilarin	baskıların	2
sikintilarla	sıkıntılarla	2
villasinda	villasında	2
villasi	villası	2
andirir	andırır	2
nişanlilik	nişanlılık	2
hazirlattiği	hazırlattığı	2
elyazisi	elyazısı	2
anlaşildiğ	anlaşıldığ	2
basilmasi	basılması	2
serseriyâne	serseriyane	2
yarbayliğa	yarbaylığa	2
çikti!	çıktı!	2
imzalanmasindan	imzalanmasından	2
vatanimi	vatanımı	2
aldiğ	aldığ	2
yazdiklar	yazdıklar	2
ahlâksiz	ahlaksız	2
Ittihadçılar'dan	İttihadçılar'dan	2
mirlivaliğa	mirlivalığa	2
nikâhinda	nikahında	2
Italyanlar'in	İtalyanlar'ın	2
anlatacakti	anlatacaktı	2
Ihtilâli'nin	İhtilali'nin	2
imzalayabilmesi	imzalayabılmesi	2
imzalandiğini	imzalandığını	2
malûmatinin	malumatının	2
anlatmasi	anlatması	2
munfasila	munfasıla	2
istidadi	istidadı	2
anlatamadim	anlatamadım	2
Mart'in	Mart'ın	2
yeraldi	yeraldı	2
bastirilmasinin	bastırılmasının	2
kumandanliktan	kumandanlıktan	2
yayinladiğ	yayınladığ	2
gözyaşlarini	gözyaşlarını	2
aldiğimizi	aldığımızı	2
umursamazlik	umursamazlık	2
teâlîsine	tealisine	2
localarinin	localarının	2
fetvasi	fetvası	2
hükümdarina	hükümdarına	2
olamayinca	olamayınca	2
silâhl	silahl	2
Turanci	Turancı	2
istifasinin	istifasının	2
ayrildiğ	ayrıldığ	2
kiraladi	kiraladı	2
kazasinin	kazasının	2
Mayis'in	Mayıs'ın	2
tedârikine	tedarikine	2
kaldiğl	kaldığl	2
Ittihadçılar'1	İttihadçılar'1	2
sağlayanlarin	sağlayanların	2
kapatilan	kapatılan	2
silâhlarina	silahlarına	2
macerali	maceralı	2
Malessa'nin	Malessa'nın	2
aldirmak	aldırmak	2
yapiştirmiştir	yapıştırmıştır	2
hoşlanmadiğini	hoşlanmadığını	2
aylikti	aylıktı	2
Kasim'indan	Kasım'ından	2
hayir!	hayır!	2
hatirlatmaktadir	hatırlatmaktadır	2
yalidan	yalıdan	2
Nâtik	Natık	2
sorgulandiktan	sorgulandıktan	2
yazdiklarimi	yazdıklarımı	2
Yildiz'a	Yıldız'a	2
Yavrularimizi	Yavrularımızı	2
kaçmadin	kaçmadın	2
yazmami	yazmamı	2
günahim	günahım	2
çikartmişti	çıkartmıştı	2
teşkilâtlara	teşkilatlara	2
gözardi	gözardı	2
Kurultay’in	Kurultay’ın	2
Ittihadi'nin	İttihadı'nın	2
localarindan	localarından	2
katildiğl	katıldığl	2
duyduklarini	duyduklarını	2
baskilardan	baskılardan	2
temaslarindan	temaslarından	2
bozulmasindan	bozulmasından	2
çalişsaydim	çalışsaydım	2
aldirmazdim	aldırmazdım	2
kildim	kıldım	2
kiliyorum	kılıyorum	2
çaliti	çalıtı	2
kurşunlari	kurşunları	2
Kâmil'den	Kamil'den	2
acidim	acıdım	2
Ittihâdi'nin	İttihadı'nın	2
Başkanliğr'na	Başkanlığr'na	2
başlandiğini	başlandığını	2
rüfekasi	rüfekası	2
açtirmak	açtırmak	2
Başkirdistan	Başkırdistan	2
bulmadiklarini	bulmadıklarını	2
sikilan	sıkılan	2
kahramanlarindan	kahramanlarından	2
Ittihadçi'nin	İttihadçı'nın	2
Melkumyan'in	Melkumyan'ın	2
bağimsizliğl	bağımsızlığl	2
gayrimüsaittir	gayrımüsaittir	2
vatanina	vatanına	2
Ingilizce'yi	İngilizce'yi	2
anlatacaktir	anlatacaktır	2
çikarildiğini	çıkarıldığını	2
rüfekasini	rüfekasını	2
helvaci	helvacı	2
ruyalarinin	ruyalarının	2
yazdiklarina	yazdıklarına	2
selâmetine	selametine	2
yazişmalarinin	yazışmalarının	2
bikkinlik	bıkkınlık	2
Nisan'inin	Nisan'ının	2
katilanlara	katılanlara	2
kitaplarindan	kitaplarından	2
çıktiğ	çıktığ	2
karşimdaki	karşımdaki	2
sarfinazar	sarfınazar	2
bağirlarina	bağırlarına	2
şarkîyyeyi	şarkiyyeyi	2
yapacakmişim	yapacakmışım	2
yakiniyordu	yakınıyordu	2
Paça'nin	Paça'nın	2
tedâbiri	tedabiri	2
toplandiktan	toplandıktan	2
yaptiririz	yaptırırız	2
çalişacağimi	çalışacağımı	2
Müslümanlari'ndan	Müslümanları'ndan	2
nüfuzlari	nüfuzları	2
ihtiyâten	ihtiyaten	2
teşkilâtlar	teşkilatlar	2
olamayacağina	olamayacağına	2
inkilâbl	inkılabl	2
Râik	Raik	2
hazirladiğim	hazırladığım	2
bastirmasinin	bastırmasının	2
macerasindan	macerasından	2
Adasi'ndan	Adası'ndan	2
imparatorluklarin	imparatorlukların	2
kavgalarinin	kavgalarının	2
Hanliğl	Hanlığl	2
hanliklar	hanlıklar	2
Hanliğl'na	Hanlığl'na	2
uğrami	uğramı	2
operasyonlarin	operasyonların	2
dağilmişlardi	dağılmışlardı	2
maksatli	maksatlı	2
Emîrliği	Emirliği	2
yaşandiğ	yaşandığ	2
Asya'yi	Asya'yı	2
oralarin	oraların	2
hacilar	hacılar	2
aşağilamak	aşağılamak	2
başlamasinin	başlamasının	2
Şûralari	Şûraları	2
cumhurbaşkanliğina	cumhurbaşkanlığına	2
Lâkaylar'ina	Lakaylar'ına	2
Kâbil'deki	Kabil'deki	2
Mektuplarindan	Mektuplarından	2
farklarin	farkların	2
yavrularim	yavrularım	2
Aldanmayalim	Aldanmayalım	2
Müslümanlar’in	Müslümanlar’ın	2
şaşkinliktan	şaşkınlıktan	2
Başkirt	Başkırt	2
karişmasi	karışması	2
kiyametler	kıyametler	2
Kirgizistan'i	Kırgızistan'ı	2
âlînizin	alinizin	2
buluşmasinin	buluşmasının	2
lâzimsa	lazımsa	2
imkâninin	imkanının	2
Velidînin	Velidinin	2
Buharali	Buharalı	2
çalişmalarla	çalışmalarla	2
yapti!	yaptı!	2
artmaktadir	artmaktadır	2
vesâire	vesaire	2
yağmaciliktan	yağmacılıktan	2
niyâbeten	niyabeten	2
birakilmasindan	bırakılmasından	2
Kurumu'ndadir	Kurumu'ndadır	2
Kirgizistan'in	Kırgızistan'ın	2
Anlaşmasi'na	Anlaşması'na	2
vefatinin	vefatının	2
altinlar	altınlar	2
Karabağli	Karabağlı	2
bahtiyarim	bahtiyarım	2
kalmayalim	kalmayalım	2
yatağima	yatağıma	2
yardimlarina	yardımlarına	2
Hüdâ'nin	Hüda'nın	2
çikarta	çıkarta	2
Kâfirnihan	Kafirnihan	2
topladilar	topladılar	2
Garim'a	Garım'a	2
nâmindaki	namındaki	2
naaşi	naaşı	2
dağdağali	dağdağalı	2
pinardan	pınardan	2
yakinlarindan	yakınlarından	2
Afganistan’in	Afganistan’ın	2
yayinlarken	yayınlarken	2
arkadaşimizdi	arkadaşımızdı	2
boylarina	boylarına	2
Ulunay'in	Ulunay'ın	2
başliğl	başlığl	2
iltifati	iltifatı	2
vatanima	vatanıma	2
Umumîlik'in	Umumilik'in	2
civarini	civarını	2
kita'ât	kıta'ât	2
alinmakta	alınmakta	2
Kirçova	Kırçova	2
mütemâdi	mütemadi	2
izhâr	izhar	2
maksatlarinin	maksatlarının	2
kazâsinin	kazasının	2
Tâhir	Tahir	2
mûcebince	mucebince	2
iTakibiye	itakıbıye	2
ibtidâsinda	ibtidasında	2
vesâir	vesair	2
intizâren	intizaren	2
vuranin	vuranın	2
ibrâz	ibraz	2
kaçirdiğindan	kaçırdığından	2
îzâmi	izamı	2
hatirma	hatırma	2
Tikve	Tıkve	2
idâresinin	idaresinin	2
nezâretinde	nezaretinde	2
tedârik	tedarik	2
ağalari	ağaları	2
Demirkapi	Demirkapı	2
rüesâsindan	rüesasından	2
turafindan	turafından	2
kirkbeşinci	kırkbeşinci	2
sâniyesi	saniyesi	2
vicâhen	vicahen	2
zangir	zangır	2
bulmadim	bulmadım	2
yaziyorsunuz	yazıyorsunuz	2
takayi	takayı	2
Fransizlar'a	Fransızlar'a	2
anlamadiğim	anlamadığım	2
hâzirasi	hazırası	2
zâbitlerinin	zabitlerinin	2
Islâmiye'nin	İslamiye'nin	2
Basmacilari	Basmacıları	2
zarurîdir	zaruridir	2
âlînize	alinize	2
yazilmi	yazılmı	2
yazilmı	yazılmı	2
rihtimindan	rıhtımından	2
ânini	anını	2
Islâmiyye	İslamiyye	2
Ittihadçu'nun	İttihadçu'nun	2
komitalarinin	komitalarının	2
Sandiğl'na	Sandığl'na	2
Feryadim	Feryadım	2
yapmadiğim	yapmadığım	2
Ocak'indaki	Ocak'ındakı	2
hatiralarin	hatıraların	2
Duvari'na	Duvarı'na	2
Hatiratim	Hatıratım	2
kiyamcilara	kıyamcılara	2
baskinc	baskınc	2
ağirlikl	ağırlıkl	2
Hanliğl'nin	Hanlığl'nın	2
Cedidîler'in	Cedidiler'in	2
Isfendiyer	İsfendiyer	2
Cedidîler	Cedidiler	2
Basmaciliğin	Basmacılığın	2
Idil'in	İdil'in	2
Idil	İdil	2
ortalari	ortaları	2
Bleda'nin	Bleda'nın	2
olacaklan	olacakları	1
PAŞANI	PAŞAM	1
Pasa'mn	Paşa'nın	1
tasarmi	tasarmı	1
Basim	Basım	1
Baski	Baskı	1
Spiridonovic	Spiridonovıc	1
yapmuştir	yapmıştır	1
Paşa'nun	Paşa'nın	1
Islâm	İslam	1
Emîr	Emr	1
Han'in	Han'ın	1
Eroğan'dadir	Eroğan'dadır	1
çapanli	çapanlı	1
imzasi	imzası	1
sirtin	sırtın	1
lâtin	latin	1
yeralmaktadir	yeralmaktadır	1
ksmı	kimi	1
olmaksizn	olmaksızın	1
satş	satı	1
alntilar	alıntılar	1
fotoğraflarn	fotoğrafları	1
yaynlarda	yayınlarda	1
kullanulmasi	kullanılması	1
hüknün	hükmün	1
dişindadır	dışındadır	1
academnic	açademnic	1
ISTIKLAL	İSTİKLAL	1
BEYOGLU	BEYOĞLU	1
ICINDEKILER	İÇİNDEKİLER	1
Sobanin	Sobanın	1
kizillaşan	kızıllaşan	1
kiliciyla	kılıcıyla	1
hirs	hırs	1
maceradir	maceradır	1
Asya'nin	Asya'nın	1
yaşadiklarini	yaşadıklarını	1
Maceranin	Maceranın	1
noktalamasina	noktalamasına	1
yansitarak	yansıtarak	1
kaynağl	kaynağı	1
yazdiğl	yazdığı	1
hissiyatini	hissiyatını	1
mektuplaridir	mektuplarıdır	1
yayinlanmamiş	yayınlanmamış	1
rûhum	ruhun	1
çikacağ	çıkacağ	1
yayinlanmamış	yayınlanmamış	1
anlattim	anlattım	1
yaçamis	yaçamıs	1
ayrintilaryla	ayrıntılaryla	1
anlatilmişti	anlatılmıştı	1
Yayınlayacağim	Yayınlayacağım	1
yayinlandi	yayınlandı	1
Paşa'yl	Paşa'yı	1
hazirlanmış	hazırlanmış	1
Ittihad	İttihad	1
evrakin	evrakın	1
Olamamiş	Olamamış	1
Kâzim	Kâzım	1
Ankara'nin	Ankara'nın	1
Istiklâl	İstiklal	1
Erkâni	Erkanı	1
yazişmalarindan	yazışmalarından	1
Basmaci	Basmacı	1
yayinlanmiş	yayınlanmış	1
çalişmalardan	çalışmalardan	1
yararlandim	yararlandım	1
Dağlari'nda	Dağları'nda	1
ınaglup	mağlup	1
aynldılar	ayrıldılar	1
yürünıek	yürümek	1
arkadaşlanndan	arkadaşlarından	1
bazılan	bazıları	1
mağlı1biyet	mağlubiyet	1
rağınen	rağmen	1
hatâ	hatı	1
Savaşi'nda	Savaşı'nda	1
hatalarindan	hatalarından	1
yaptirimlardan	yaptırımlardan	1
yanlişlarin	yanlışların	1
yolaçtiği	yolaçtığı	1
Savaşi'ndan	Savaşı'ndan	1
uğramamişti	uğramamıştı	1
Almanya'nin	Almanya'nın	1
tartişilir	tartışılır	1
kiskanir	kıskanır	1
konumlari	konumları	1
Nâzri	Nazım	1
kiskanmasi	kıskanması	1
basamaklarinin	basamaklarının	1
aralannda	aralarında	1
kullandigi	kullandığı	1
bildigim	bildiğim	1
yalnz	yalnız	1
ahlâkanizin	ahlakanızın	1
vardiğinuz	vardığınuz	1
hirsiniza	hırsınıza	1
Şubat'inda	Şubat'ında	1
Nâziri	Nazırı	1
yaptiğ1	yaptığı	1
hatiralarinda	hatıralarında	1
aldirdiğ	aldırdığ	1
çaliştiğini	çalıştığını	1
âmiri	Amin	1
tanimiştim	tanımıştım	1
zekâsini	zekasını	1
Hanedani'ni	Hanedanı'nı	1
bulunmamiştir	bulunmamıştır	1
tanişikliklarina	tanışıklıklarına	1
umursamadiğindan	umursamadığından	1
karşilikta	karşılıkta	1
hükümdann	hükümdarın	1
adaylan	adayları	1
olıır	olur	1
engellem	engelleri	1
kullanınıştır	kullanmıştır	1
ordulan	orduları	1
gittigi	gittiği	1
asln	Asım	1
bos	boş	1
dunya	dünya	1
şuuraltindaki	şuuraltındakı	1
Isminin	İsminin	1
ilâna	ilan	1
silâhli	silahlı	1
meydanlarindaki	meydanlarındaki	1
çikmasiydi	çıkmasıydı	1
baskilarina	baskılarına	1
basmasina	basmasına	1
imzalattiğl	imzalattığl	1
sağlamasina	sağlamasına	1
yildizi	yıldızı	1
damadi	damadı	1
âtil	atıl	1
asirlarda	asırlarda	1
ayiklami	ayıklamı	1
yaşanmasina	yaşanmasına	1
başarmasi	başarması	1
çalişmanin	çalışmanın	1
yaşamanm	yaşamanın	1
ağirdir	ağırdır	1
aramiza	aramıza	1
imzalanmasi	imzalanması	1
galeyanli	galeyanlı	1
uğrayabileceğim	uğrayabıleceğim	1
çartlari	çartları	1
icabinca	icabınca	1
karişacak	karışacak	1
uzaklaştiğl	uzaklaştığl	1
taşkinliklara	taşkınlıklara	1
Ittihadçi	İttihadçı	1
hâtira	hatıra	1
Isminden	İsminden	1
Sarikamiş	Sarıkamış	1
yarattiğl	yarattığı	1
Sankamış	Sarıkamış	1
hazırlıklannı	hazırlıklarını	1
kısımlannı	kısımlarını	1
duzgun	düzgün	1
kullammak	kullanmak	1
mühin	mühim	1
deriz	deniz	1
alamamustir	alamamustır	1
başkumandanin	başkumandanın	1
yasta	yaşta	1
dâhî	dahı	1
yaratilmiş	yaratılmış	1
nâdirler	nadirler	1
baştadir	baştadır	1
yaratmiştir	yaratmıştır	1
nazarinda	nazarında	1
hirslisidir	hırslısıdır	1
ayirici	ayırıcı	1
mâledip	maledip	1
Ismet	İsmet	1
Inönü'nün	İnönü'nün	1
Inönü	İnönü	1
atilrken	atılrken	1
kurtarayim!	kurtarayım!	1
batacakti	batacaktı	1
aradiğl	aradığı	1
almiştur	almıştır	1
binbaşısi	binbaşısı	1
Manastir'da	Manastır'da	1
kazanmişti	kazanmıştı	1
erkânharbiye	erkanharbıye	1
komitacilar	komitacılar	1
erkâniharp	erkanıharp	1
kahramanliğindan	kahramanlığından	1
münakaşalari	münakaşaları	1
başarilmasini	başarılmasını	1
aliştiğ	alıştığ	1
başanlar	başarılar	1
anyordu	arıyordu	1
hamni	hanım	1
varliginin	varlığının	1
onceleri	önceleri	1
ynzdiklarina	ynzdiklarına	1
yaklaşamamiş	yaklaşamamış	1
yakinliga	yakınlığa	1
yalnizliğa	yalnızlığa	1
ayriliğm	ayrılığm	1
uzadiğinda	uzadığında	1
bulunmamasidir	bulunmamasıdır	1
anlatildiğl	anlatıldığl	1
andirirlar	andırırlar	1
alikanlikla	alikanlıkla	1
kullanilmi	kullanılmı	1
intibai	intibaı	1
çalişmiş	çalışmış	1
tanimiş	tanımış	1
karşisindakini	karşısındakini	1
kapaliliktan	kapalılıktan	1
kalmamaktadir!	kalmamaktadır!	1
durmamacasina	durmamacasına	1
yazdiklari	yazdıkları	1
sirayi	sırayı	1
yazmaktadir	yazmaktadır	1
kapaliliğinin	kapalılığının	1
çikartircasina	çıkartırcasına	1
şairâne	şairane	1
satirlarinda	satırlarında	1
ağdali	ağdalı	1
meramini	meramını	1
Satırlan	Satırları	1
malı1mat	malumat	1
farkmda	farkında	1
anua	ama	1
satirlarimin	satırlarımın	1
tamammi	tamamını	1
yanisira	yanısıra	1
ulma	ilmi	1
bulunnaktadır	bulunmaktadır	1
tamamlamaktadir	tamamlamaktadır	1
diginda	dışında	1
Kital	Kıtal	1
Yasayuki	Yasayukı	1
yazişmalarini	yazışmalarını	1
yayinlamak	yayınlamak	1
aşardi	aşardı	1
muhtaçtir	muhtaçtır	1
yansimamiş	yansımamış	1
taraflarini	taraflarını	1
çikartilabilmesi	çıkartılabılmesi	1
erkânina	erkanına	1
yayinlanmayi	yayınlanmayı	1
çikabilecektir	çıkabilecektir	1
yaknda	yakında	1
yayinlamiş	yayınlamış	1
olduklannı	olduklarını	1
torunlan	torunları	1
kapılannı	kapılarını	1
arkadasi	arkadaşı	1
kozi	közi	1
Eroğan'adir	Eroğan'adır	1
akluna	aklına	1
kullandigum	kullandıgum	1
çikartabilmem	çıkartabilmem	1
aramalarimdan	aramalarımdan	1
Sindi	Şimdi	1
olalim	olalım	1
icelenmiş	içelenmiş	1
CUZ	CÜZ	1
MACARISTAN	MACARİSTAN	1
Bükreg	Bükreş	1
HIVE	HİVE	1
HANLIGI	HANLIĞI	1
Taskent	Taşkent	1
Aksu	Aksi	1
DEVLETI	DEVLETİ	1
lamir	lanır	1
AFGANISTAN	AFGANİSTAN	1
YETI	YETİ	1
NARIN	NARİN	1
sas	şu	1
Kapire	Kapıre	1
Hinaz	Hınaz	1
KURAM	KURAN	1
Kirman	Kırım	1
Cadir	Çadır	1
Debusi	Debusı	1
istihan	iştihan	1
Cizen	Çizen	1
kurgan	kırgın	1
Zämin	Zamin	1
Cagirak	Çağırak	1
Kurgan	Kırgın	1
Yam	Yan	1
Kizilsu	Kızılsu	1
Orgüt	Örgüt	1
HISAR	HİSAR	1
sah	şah	1
Asya'sindan	Asya'sından	1
OTirmix	Otırmıx	1
Kabadiyan	Kabadıyan	1
alandir	alandır	1
Kulm	Kum	1
Matbaasi'nda	Matbaası'nda	1
TlikanO	Tlıkano	1
adamlanmn	adamlarının	1
ayağindan	ayağından	1
Bogaz'a	Boğaz'a	1
bagladi	başladı	1
başkanliğmna	başkanlığmna	1
iiklarini	ııklarını	1
subayi	subayı	1
bagladilar	başladılar	1
yanagildi	yanağıldı	1
aydinlattiği	aydınlattığı	1
olam	olan	1
uzandi	uzandı	1
yanaşti	yanaştı	1
Rihtimda	Rıhtımda	1
yalilardan	yalılardan	1
kadinli	kadınlı	1
taçiyan	tacıyan	1
dakikaliğina	dakikalığına	1
açilmadan	açılmadan	1
Anadoluhisari'na	Anadoluhisarı'na	1
uzanildi	uzanıldı	1
Yatin	Yatın	1
yatin	yatın	1
kaptanina	kaptanın	1
balikçilarin	balıkçıların	1
takilmişti	takılmıştı	1
Ağlarini	Ağlarını	1
attiktan	attıktan	1
sandallari	sandalları	1
balikçilar	balıkçılar	1
gidiyorlardi!	gidiyorlardı!	1
uğraşirken	uğraşırken	1
parçalanmasina	parçalanmasına	1
dolanmamiş	dolanmamış	1
çaliştirmaya	çalıştırmaya	1
kapildilar	kapıldılar	1
çaliştirilabildi	çalıştırılabıldı	1
kirdilar	kırdılar	1
zirhlisi	zırhlısı	1
Istinye	İstinye	1
rihtiminda	rıhtımında	1
sükı1t	sukut	1
arasmda	arasında	1
Sükrü	Şükrü	1
yolculuguna	yolculuğuna	1
Kocamin	Kocamın	1
ayrilmalan	ayrılmalan	1
rihtimdaki	rıhtımdaki	1
vazgecilmisti	vazgeçilmişti	1
sirdaşi	sırdaşı	1
altisinin	altısının	1
Ortakoy'deki	Ortaköy'deki	1
yalisina	yalısına	1
aglamaya	ağlamaya	1
Akintiburnu'ua	Akıntıburnu'ua	1
hiçkirn	hıçkırn	1
Yuldan	Yıldan	1
yapmis	yapmış	1
açilişinda	açılışında	1
açiklamişti	açıklamıştı	1
ağliyorsun	ağlıyorsun	1
Evlâdimi	Evlâdımı	1
binasindaki	binasındaki	1
biraktiklarini	bıraktıklarını	1
kasasinda	kasasında	1
Firkasinin	Fırkasının	1
Ittihadçu	İttihadçı	1
Ittihadçılar	İttihadçılar	1
arkadaşiyla	arkadaşıyla	1
Ittihadçı	İttihadçı	1
ayrilışlarindan	ayrılışlarından	1
näzir	nazır	1
Pasa	Paşa	1
nâzirlarndun	nazırlarndun	1
Trakya'nin	Trakya'nın	1
artmasi	artması	1
giristi	girişti	1
Ingiltaro	İngiltaro	1
cabasia	çabasıa	1
Adasinin	Adasının	1
Imparatorluğu'nu	İmparatorluğu'nu	1
yaçanmasi	yaçanması	1
tutuklayip	tutuklayıp	1
yargilamak	yargılamak	1
saklamamiş	saklanmış	1
Ittihadçılar'in	İttihadçılar'ın	1
yargilamanin	yargılamanın	1
darağacinda	darağacında	1
iktidarindan	iktidarından	1
yargilanmalari	yargılanmaları	1
yazdiklarindatehcir	yazdıklarındatehcir	1
kocasımn	kocasının	1
Paga'nn	Paşa'nın	1
olacagim	olacağım	1
sikiştirilma	sıkıştırılma	1
Paşalar'in	Paşalar'ın	1
Almanya'nm	Almanya'nın	1
kisilere	kişilere	1
Bakanliğl'ndan	Bakanlığl'ndan	1
urasindaki	urasındakı	1
hatirlatiliyor	hatırlatılıyor	1
kapilarinin	kapılarının	1
Baknnlik	Baknnlık	1
kisilerin	kişilerin	1
konuşmalarini	konuşmalarını	1
savas	savaş	1
birakabilecek	bırakabilecek	1
politikasina	politikasına	1
yaptiğl	yaptığı	1
Ittihaçılar'in	İttihaçılar'ın	1
karişmadi	karışmadı	1
ittihadçi	İttihadçı	1
yalisinda	yalısında	1
çalitilar	çalıtılar	1
tamamladi	tamamladı	1
Başkanliği'nda	Başkanlığı'nda	1
arkadaşlarina	arkadaşlarına	1
vefanin	vefanın	1
getiriyorlardi	getiriyorlardı	1
Almanlar'in	Almanlar'ın	1
sallandiği	sallandığı	1
bikmiş	bıkmış	1
Kasum'da	Kasım'da	1
oncesine	öncesine	1
Isviçre'ye	İsviçre'ye	1
yayinlayip	yayınlayıp	1
burakmadigin	burakmadıgın	1
ikametgâhi	ikametgahı	1
Sarayr’ni	Sarayr’nı	1
altindn	altındn	1
Iktidar	İktidar	1
Zita'nin	Zita'nın	1
zorlamalari	zorlamaları	1
Adnsi'nda	Adnsı'nda	1
haklarindan	haklarından	1
Karl'in	Karl'ın	1
Habsburglar'in	Habsburglar'ın	1
vfirisi	vfırısı	1
Macarca'yi	Macarca'yı	1
konuşmaktadirlar	konuşmaktadırlar	1
Manastir'na	Manastır'na	1
Mart'inda	Mart'ında	1
Osmanoğullari	Osmanoğulları	1
ayrilmalarindan	ayrılmalarından	1
aynldığını	ayrıldığını	1
Aralanndaki	Aralarındaki	1
aynlığı	ayrılığı	1
senlik	şenlik	1
cekilip	çekilip	1
tiranltktan	tıranltktan	1
vicdanlarimiza	vicdanlarımıza	1
başkalurina	başkalurına	1
yolcularin	yolcuların	1
kanadinin	kanadının	1
baska	başka	1
atilacak	atılacak	1
Dağlari'nin	Dağları'nın	1
ayriliğ	ayrılığ	1
noktalanmasina	noktalanmasına	1
Kasim'inda	Kasım'ında	1
Kirim'in	Kırım'ın	1
Hanim'in	Hanım'ın	1
kiracisi	kiracısı	1
yaşadiklar	yaşadıklar	1
Kirım'da	Kırım'da	1
asirda	asırda	1
Sarayi'na	Sarayı'na	1
âşik	aşık	1
dlelikanli	dlelikanlı	1
istilâsina	istilasına	1
Kili	Kılı	1
oğullarn	oğulları	1
nikâhlarindan	nikahlarından	1
uğrayinca	uğrayınca	1
etrafindaki	etrafındaki	1
torunlarindan	torunlarından	1
Ruslar’in	Ruslar’ın	1
sâkini	sakini	1
Kirim'da	Kırım'da	1
yaşiyorlardi	yaşıyorlardı	1
hanimiyla	hanımıyla	1
Harnın'dan	Hanım'dan	1
oğullannın	oğullarının	1
başlanndaki	başlarındaki	1
ısran	ısrarı	1
altincisi	altıncısı	1
notlarinin	notlarının	1
ellialtinci	ellialtıncı	1
girebilmisti	girebilmişti	1
calişmakla	çalışmakla	1
muzir	muzır	1
gelmemis	gelmemiş	1
kaymakamlarin	kaymakamların	1
insaninin	insanının	1
Rifki	Rıfkı	1
murahhaslari	murahhasları	1
kasabasini	kasabasını	1
Istanbul'u	İstanbul'u	1
baktiğinizda	baktığımızda	1
zammi	zammı	1
Avrupa'si	Avrupa'sı	1
sütunlari	sütunları	1
subayin	subayın	1
kidem	kıdem	1
Kismî	Kısmı	1
Sütunlarin	Sütunların	1
sütunlariyla	sütunlarıyla	1
Sicak	Sıcak	1
Asir	Asır	1
zamlarini	zamanını	1
sütunlarin	sütunların	1
Bilâd	Bilad	1
asirdan	asırdan	1
hanimlarn	hanımları	1
San'a	Şam'a	1
sinirlarnin	sınırlarını	1
kanin	kanın	1
anlatilmasi	anlatılması	1
topraklardir	topraklardır	1
sardiği	sardığı	1
yoğurmaktadirlar	yoğurmaktadırlar	1
yaynlanan	yayınlanan	1
kurmaylarin	kurmayların	1
hatiralarnda	hatıralarnda	1
askerim	askerin	1
Iran'a	İran'a	1
Hayatimin	Hayatımın	1
Dağistan'a	Dağıstan'a	1
siğmayacak	sığmayacak	1
siğdi	sığdı	1
sinirsizdi	sınırsızdı	1
akişindan	akışından	1
yiğini	yığını	1
âdetâ	adeti	1
dalgali	dalgalı	1
baktiğim	baktığım	1
ihtirasli	ihtiraslı	1
ufuklarina	ufuklarına	1
Cevabl	Cevabı	1
kiyisi	kıyısı	1
Başımi	Basımı	1
Kanali'na	Kanalı'na	1
Zeytindağinin	Zeytindağının	1
Dağlari'na	Dağları'na	1
ustünde	üstünde	1
imparatorlugun	imparatorluğun	1
Korfozi'ne	Körfozı'ne	1
Ciplak	Çıplak	1
Kudus'te	Kudüs'te	1
çiragi	çırağı	1
Zeytindaği'nin	Zeytindağı'nın	1
dolaşiyoruz	dolaşıyoruz	1
anahtar1	anahtarı	1
jandarmanin	jandarmanın	1
Içerisinin	İçerisinin	1
kit'alarda	kıt'alarda	1
Araplar'in	Araplar'ın	1
esvabi	esvabı	1
Arap'tir	Arap'tır	1
Araplaşmami	Araplaşmamı	1
torunlarn	torunları	1
familyalarinin	familyalarının	1
asillarn	asıllarn	1
inntiyazli	ınntıyazlı	1
imtiyazsiz	imtiyazsız	1
âyân	aynı	1
âzâsi	azası	1
Araplaşmi	Araplaşmı	1
toprağinin	toprağının	1
vua	vıı	1
unutmamiş	unutmamış	1
Arapliğin	Araplığın	1
yukarilarina	yukarılarına	1
Ruslar'in	Ruslar'ın	1
sakallari	sakalları	1
saçlan	saçları	1
aynlmış	ayrılmış	1
buralan	buraları	1
Daglari'nin	Dağları'nın	1
hayatint	hayatınt	1
kurçunlari	kurçunları	1
noktaladiği	noktaladığı	1
bozkirlarinda	bozkırlarında	1
şartlarinin	şartlarının	1
anlaşilabilmesi	anlaşılabilmesi	1
bakii	Bakü	1
etkilemis	etkilemiş	1
iktidarl	iktidarı	1
hakknda	hakkında	1
yapilmami	yapılmamı	1
yazilmamiştir	yazılmamıştır	1
ortalarindan	ortalarından	1
çabanin	çabanın	1
dağilmaktan	dağılmaktan	1
bekaasini	bekaasını	1
kayiplari	kayıpları	1
yapisinda	yapısında	1
kaynaklandiği	kaynaklandığı	1
bozulmanin	bozulmanın	1
uydurulmasi	uydurulması	1
hatirlara	hatırlara	1
ortalanndan	ortalarından	1
aynlıp	ayrılıp	1
gaynmüslim	gayrimüslim	1
olduklarn	oldukları	1
savasi	savaşı	1
tamamn	tamamını	1
vatani	vatanı	1
şanssizliklari	şanssızlıkları	1
olmamalari	olmamaları	1
vârolmamiş	varolmamış	1
yaşamişlardi	yaşamışlardı	1
barindirmiyordu	barındırmıyordu	1
kavgalarin	kavgaların	1
teb’anin	teb’anın	1
teb'anin	teb'anın	1
işbaşina	işbaşına	1
başkaldirişi	başkaldırısı	1
kavramlari	kavramları	1
Fetah	Fetih	1
Irakli	Iraklı	1
bağimsizlikla	bağımsızlıkla	1
Isyani'na	İsyanı'na	1
başkaldirilari	başkaldırıları	1
Misir'da	Mısır'da	1
Kavalali	Kavalalı	1
Misir'1	Mısır'ı	1
Hidiv	Hıdiv	1
verildigi	verildiği	1
pervasizca	pervasızca	1
ardundan	ardından	1
Paşa'yi	Paşa'yı	1
Nâzirn	Nazırı	1
Paşa'y1	Paşa'yı	1
yakalandi	yakalandı	1
Murad'in	Murad'ın	1
âkabetinin	akabetinin	1
mimarlarindan	mimarlarından	1
rûhiyesini	ruhiyesini	1
arayişina	arayışına	1
anayasanin	anayasanın	1
ilâni	ilanı	1
konularinda	konularında	1
selâmliğina	selamlığına	1
Esîsî'nin	Eşisî'nin	1
meşrutîidareye	meşrutiidareye	1
başlayacağindan	başlayacağından	1
kavuşmasina	kavuşmasına	1
Tîr	Tır	1
Kadinefendi'yi	Kadınefendi'yi	1
başanlı	başarılı	1
iktidannın	iktidarının	1
isyamnin	isyanının	1
tartişilan	tartışılan	1
bastirilmasmin	bastırılmasmın	1
kavramlarnin	kavramlarnın	1
hudutlarinin	hudutlarının	1
karis	karış	1
alt1	altı	1
Nisan'inda	Nisan'ında	1
Ocak'inda	Ocak'ında	1
imzalanacaktir	imzalanacaktır	1
Rusya'nin	Rusya'nın	1
Macaristan'in	Macaristan'ın	1
etrafi	etrafı	1
Sirbistan'a	Sırbistan'a	1
bağimsizliklarni	bağımsızlıklarnı	1
birakiliyor	bırakılıyor	1
Besarabya'nin	Besarabya'nın	1
binbaşi	binbaşı	1
bulunacakti	bulunacaktı	1
tartişmalarinin	tartışmalarının	1
açilişindan	açılışından	1
açilabilecek	açılabilecek	1
açılmasinda	açılmasında	1
Mayis'inda	Mayıs'ında	1
Fransa'nin	Fransa'nın	1
toprağl	toprağı	1
Kayiplar	Kayıplar	1
bağlandiğ1	bağlandığı	1
bağlamasi	başlaması	1
çikmamiza	çıkmamıza	1
Muazzama'nin	Muazzama'nın	1
azalmişt1!41	azalmışt1!41	1
kaşimayi	kurmayı	1
dağilmasi	dağılması	1
yayilmasina	yayılmasına	1
karişmayi	karışmayı	1
kapatmayip	kapatmayıp	1
sayfalannda	sayfalarında	1
dışanya	dışarıya	1
kapitülasyonlann	kapitülasyonların	1
nazırlan	nazırları	1
tutannda	tutarında	1
Düyı1n	Düyun	1
güçsüiz	güçsüz	1
hükümdarn	hükümdarı	1
yakinnda	yakınında	1
bulunmus	bulunmuş	1
ihsânini	ihsanını	1
ayrilmasinin	ayrılmasının	1
cekilen	çekilen	1
arttirmak	arttırmak	1
yapmişlardir	yapmışlardır	1
aşıridan	aşırıdan	1
odaklari	odakları	1
Âbid	Ibid	1
Ismail	İsmail	1
Hâmi	Hani	1
mensur	memur	1
netâyic	netayic	1
Allahin	Allahın	1
alirsa	alırsa	1
şadiği	şadığı	1
uğratilacağina	uğratılacağına	1
yazildiğl	yazıldığl	1
artmasinda	artmasında	1
kapatildiği	kapatıldığı	1
unvâni	unvanı	1
donanmanin	donanmanın	1
mubalif	mübalıf	1
liderligine	liderliğine	1
surmektedir!	sürmektedir!	1
toparlanamamiştur	toparlanamamıştur	1
kalkişmamasi	kalkışmaması	1
çıkıi	çıkıı	1
yakinlama	yakınları	1
yakinlaşmanin	yakınlaşmanın	1
umulmaktadir	umulmaktadır	1
uzaklaştirip	uzaklaştırıp	1
yakinmaktadir	yakınmaktadır	1
hâsse	hisse	1
kudemâ	kıdem	1
ümerâ	mera	1
uyandiriyordu	uyandırıyordu	1
kalacağina	kalacağına	1
karşidir	karşıdır	1
Mâfevkine	Mafevkine	1
yapilamadiğ	yapılamadığ	1
bunamiş	bunamış	1
mâdûnlarini	madunlarını	1
astlarni	astlarnı	1
mahvi	mahvı	1
firkaca	fırkaca	1
mirlivalik	mirlivalık	1
Âkif'i	Akif'i	1
Asya'mn	Asya'nın	1
Afrika'mn	Afrika'nın	1
zamanmda	zamanında	1
bazalari	bazıları	1
lememis	lememiş	1
kurulmuşlardir	kurulmuşlardır	1
hatirlamamiz	hatırlamamız	1
batili	Batılı	1
ayrlikçi	ayrlıkçı	1
tirmandiğ	tırmandığ	1
rüzgârlarinin	rüzgârlarının	1
genisliğindeki	genişliğindeki	1
yazilmasinin	yazılmasının	1
hâsil	hasıl	1
çabasinin	çabasının	1
sikintil	sıkıntıl	1
inanmaktadir	inanmaktadır	1
toplandiğimiz	toplandığımız	1
mutlakanin	mutlakanın	1
fenaliğindan	fenalığından	1
zâlime	zalime	1
Hamidî'ye	Hamidi'ye	1
adimn	adının	1
başmna	basının	1
Süuoi	Suuoı	1
hazirlayacağ	hazırlayacağ	1
bağliliğini	bağlılığını	1
çaktiği	çıktığı	1
Süavi'ye	Suavi'ye	1
tirmanmama	tırmanmama	1
anlaşıldiği	anlaşıldığı	1
sikintilarinin	sıkıntılarının	1
kizkardeşlerinden	kızkardeşlerinden	1
kalabalikti	kalabalıktı	1
yaşiti	yaşıtı	1
çikmaktaydi	çıkmaktaydı	1
kizkardeşi	kızkardeşi	1
Nâzim	Nazım	1
Manastir'a	Manastır'a	1
çapkindi	çapkındı	1
çapkinliktan	çapkınlıktan	1
yaşliliginda	yaşlılığında	1
Dilârâ	Dılarâ	1
Bâis	Büs	1
necâtim	necatım	1
niâmîye	niamîye	1
vasitasi	vasıtası	1
Yazdiklarndan	Yazdıklarndan	1
mektuplannda	mektuplarında	1
Hanıın'a	Hanım'a	1
teşkilâti	teşkilatı	1
suikasti	suikastı	1
olamayacaklardir!	olamayacaklardır!	1
başlarnda	başlandı	1
karşilayamamaktadir	karşılayamamaktadır	1
Hanim'a	Hanım'a	1
masârif	masarıf	1
bidâyetindeki	bidayetindeki	1
Nikodin'e	Nikodın'e	1
Hanimnineme	Hanımnıneme	1
Teşrinsani	Teşrinisani	1
mezunlari	mezunları	1
kumandanligini	kumandanlığını	1
ortalamalari	ortalamaları	1
Sarikamis’taki	Sarıkamış’takı	1
diplomasini	diplomasını	1
Makcdonya'daki	Makcdonya'dakı	1
Kirçova'dan	Kırçova'dan	1
Alayi'nin	Alayı'nın	1
Nizâriye	Nizamiye	1
Bataryasi'na	Bataryası'na	1
eşkiyaliğin	eşkıyalığın	1
gruplarin	grupların	1
eşkiyanin	eşkıyanın	1
kazunmasi	kazunması	1
bastrabilmek	bastrabılmek	1
yaşananlarin	yaşananların	1
Balkanlar'in	Balkanlar'ın	1
Bulgaristan'inin	Bulgaristan'ının	1
Yunanistan'inin	Yunanistan'ının	1
Sirbistan'inin	Sırbistan'ının	1
ağritan	ağrıtan	1
dayanrdi	dayanrdı	1
Ulahlar'in	Ulahlar'ın	1
başkaldir	başkaldır	1
aralarndaki	aralarndakı	1
kavgalardi	kavgalardı	1
kavgalydi	kavgalydı	1
çalişmaktaydi	çalışmaktaydı	1
irkdaşlarinin	ırkdaşlarının	1
Yane	Yine	1
başkaldirnin	başkaldırnın	1
bazilariydi	bazılarıydı	1
Makedonya'nin	Makedonya'nın	1
politikasinin	politikasının	1
Organizatsiya	Organızatsıya	1
maksadi	maksadı	1
isyancilar	isyancılar	1
Mayis'1	Mayıs'1	1
bombalamalari	bombalamaları	1
Guadalquivir	Guadalquıvır	1
batirdilar	batırdılar	1
sikiyönetim	sıkıyönetim	1
ilâninin	ilanının	1
Ilyas	İlyas	1
asirlar	asırlar	1
Başkaldiri	Başkaldırı	1
Kirşova'da	Kırşova'da	1
Sirbistan'in	Sırbistan'ın	1
tutmasi	tutması	1
isyamun	isyanın	1
aynklanmayi	aynklanmayı	1
Komitosi	Komitosı	1
Bulguristan'dan	Bulgurıstan'dan	1
ulaşmiş	ulaşmış	1
kat'a	kat'i	1
amaçlarindan	amaçlarından	1
Avrupasinin	Avrupasının	1
hazirladilar	hazırladılar	1
Mutabakati	Mutabakatı	1
Bâbiâli'nin	Babıali'nin	1
plâni	planı	1
ayaklanmalari	ayaklanmaları	1
çatismalari	çatışmaları	1
isyancilarn	isyancılarn	1
Makedonyadi	Makedonyadı	1
hatirlanir	hatırlanır	1
yaşindadir	yaşındadır	1
Ismini	İsmini	1
basarisi	başarısı	1
karşitlari	karşıtları	1
imzalamamizla	imzalamamızla	1
uğrattiği	uğrattığı	1
yüzbaşiliği	yüzbaşılığı	1
binbaşiliğinda	binbaşılığında	1
yapmniş	yapmnış	1
yazişmalari	yazışmaları	1
plânlarina	planlarına	1
plânlarin	planların	1
alâkali	alakalı	1
raporlarindan	raporlarından	1
yazimalarinin	yazımalarının	1
kumandanliğa	kumandanlığı	1
erin	emin	1
yüzbaşiliğl	yüzbaşılığl	1
arzlari	arzları	1
maaşi	maaşı	1
Kumandanliği'na	Kumandanlığı'na	1
başlarni	başlarnı	1
katinin	katının	1
mikdan	mikdarı	1
Hükı1ıneti'nin	Hükümeti'nin	1
diyorduın	diyordum	1
ayrıntılan	ayrıntıları	1
altmda	altında	1
silahini	silahını	1
yaradan	yandan	1
yikilmiş	yıkılmış	1
ayrlinca	ayrlınca	1
tanitir	tanıtır	1
başlamişlarsa	başlamışlarsa	1
Ihtilali	İhtilali	1
iktidarnin	iktidarın	1
kazanamadi	kazanamadı	1
sikiştirmişlar	sıkıştırmışlar	1
asilma	asılma	1
dayisi	dayısı	1
hükümdarnn	hükümdarın	1
Bursali	Bursalı	1
Nâmi	Mani	1
Ksa	Ku	1
karşitlarn	karşıtlarn	1
Ittihad'in	İttihad'ın	1
kurmus	kurmuş	1
oldugundan	olduğundan	1
teskilâtin	teşkilatın	1
Osmanh	Osmanlı	1
birlestigi	birleştiği	1
Nâzur	Nazır	1
konmammstir	konmammstır	1
kasabasindan	kasabasından	1
yillarna	yıllarna	1
istihzali	istihzalı	1
okudun	okudum	1
Hayatindan	Hayatından	1
açtiğini	açtığını	1
Nâzim'in	Nazım'ın	1
asli	aslı	1
kalmi!	kamu	1
numarali	numaralı	1
başlayacaktir	başlayacaktır	1
ibtidâ	ibtida	1
enteresandir	enteresandır	1
siyasîyâta	siyasiyata	1
karişıyorlar	karışıyorlar	1
katilmasini	katılmasını	1
Kolağasi	Kolağası	1
fikrimde	fikrinde	1
Maaınafıh	Maamafih	1
säbit	sabit	1
olmadigum	olmadığım	1
Gozlerimi	Gözlerimi	1
bağladi	başladı	1
Geldigimiz	Geldiğimiz	1
udim	idim	1
karşidan	karşıdan	1
vatanin	vatanın	1
münderiç	münderic	1
Karşida	Karşıda	1
Nihâyette	Nihayette	1
yemine	yerine	1
Karsimda	Karşımda	1
dolayisiyle	dolayısiyle	1
efrâdi	efradı	1
muîn	nin	1
mîm	nin	1
bağlamami	bağlarını	1
Bağladim	Başladım	1
istirdadina	istirdadına	1
intisabim	intisabım	1
parmağiyla	parmağıyla	1
katilmasi	katılması	1
sonralarn	sonraları	1
tanişmi	tanışmı	1
ayrilmişti!	ayrılmıştı!	1
teşkilâtini	teşkilatını	1
teğınen	teğmen	1
Cariçe	Çariçe	1
Star'in	Star'ın	1
cocuklaridan	çocuklarıdan	1
katti	kattı	1
bayramu	bayram	1
Işçi	İşçi	1
yanlarindaki	yanlarındaki	1
apansiz	apansız	1
buluşmayi	buluşmayı	1
Çari'ndan	Çarı'ndan	1
Mülâkatin	Mülakatın	1
anlaşmişlardi!	anlaşmışlardı!	1
Bâbiâli	Babıali	1
başladiğina	başladığına	1
inaniliyordu	inanılıyordu	1
yayilmasini	yayılmasını	1
politikasini	politikasını	1
biraktiğl	bıraktığı	1
parçalanmasi	parçalanması	1
kurmasini	kurmasını	1
telâşlanmalari	telaşlanmaları	1
varildiğl	varıldığl	1
çikrniş	çıkrnış	1
katilanlari	katılanları	1
tartiştiklarini	tartıştıklarını	1
kavuşturamamiştir	kavuşturamamıştır	1
askaya	askıya	1
anayasayi	anayasayı	1
zorumda	zorunda	1
kalacakt!	kalacaktı	1
mülâkati	mülakatı	1
Ittil'adçilar	İttil'adçılar	1
hizlandiran	hızlandıran	1
başlanmişti	başlanmıştı	1
tahkikati	tahkikatı	1
endise	endişe	1
halk1	halkı	1
tahkikatin	tahkikatın	1
Haziran'inin	Haziran'ının	1
uyandirip	uyandırıp	1
unayasayi	unayasayı	1
ciktilar!	çıktılar!	1
çikartilmasi	çıkartılması	1
makamna	makamına	1
kişla	kışla	1
aramaktaydi	aramaktaydı	1
çağirildiğini	çağırıldığını	1
sandiğindaki	sandığındaki	1
sandiğa	sandığa	1
birakmişti!	bırakmıştı!	1
kâğndi	kaçındı	1
Odamin	Odanın	1
Sirtimdaki	Sırtımdaki	1
parçaladim	parçaladım	1
merhı1mun	merhumun	1
kullanılınasına	kullanılmasına	1
olınuştu	olmuştu	1
meınlekete	memlekete	1
ategli	ateşli	1
mektuplarn	mektupları	1
almaktaydi	almaktaydı	1
tâyin	tayın	1
anlaşiliyordu	anlaşılıyordu	1
hareketimi	hareketini	1
dolay1	dolayı	1
Icrâiye	İcraiye	1
Umumîliği'ne	Umumiliği'ne	1
sâikasiyle	saikasiyle	1
biraktiğimdan	bıraktığımdan	1
darilirlardi	darılırlardı	1
aklinin	aklının	1
yaşamaktaydi	yaşamaktaydı	1
yazdiklarini	yazdıklarını	1
Gayriihtiyarî	Gayriihtiyari	1
etrafimdakilere	etrafımdakilere	1
siktikça	sıktıkça	1
Başladiğun	Başladığım	1
yazmasi	yazması	1
arttiracakti	arttıracaktı	1
kullandi	kullandı	1
Dayl	Dayı	1
silâhlari	silahları	1
hatir	hatır	1
Doyranli	Doyranlı	1
katilmasinin	katılmasının	1
taraftarlarinin	taraftarlarının	1
kaldırmaktaydilar	kaldırmaktaydılar	1
Âtif	Atıf	1
Atif	Atıf	1
Yildiz'1	Yıldız'1	1
konağindan	konağından	1
kaldirdilar	kaldırdılar	1
kaçırilmasi	kaçırılması	1
kaldirma	kaldırma	1
soruşturanlari	soruşturanları	1
hazirliğini	hazırlığını	1
başlattiğinı	başlattığını	1
harekâtini	harekatını	1
vurulmasindan	vurulmasından	1
Hakk1	Hakkı	1
toplanms	toplanmış	1
vâsita	vasıta	1
icâbmda	icabında	1
Binbaşisn	Binbaşısn	1
Hifzi	Hıfzı	1
kaldirilmişti	kaldırılmıştı	1
Ittihadçidir!	İttihadçıdır!	1
Telgraflarin	Telgrafların	1
alişilmış	alışılmış	1
Istekleri	İstekleri	1
konmasini	konmasını	1
alinmişlardi	alınmışlardı	1
pâre	pire	1
toplanildi	toplanıldı	1
Mesrutiyet!	Meşrutiyeti	1
haykirmaktaydi	haykırmaktaydı	1
yanindakilerle	yanındakilerle	1
Hastayl	Hastayı	1
binbaisi	binbaısı	1
ııınıı	unu	1
Paşa'dir	Paşa'dır	1
Savaşlar'nin	Savaşlar'nın	1
Inparatorluğun	İmparatorluğun	1
aratirmalar	aratırmalar	1
yaşadiğl	yaşadığı	1
Dolayisi	Dolayısı	1
ayrintilarna	ayrıntılarna	1
ilânindan	ilanından	1
Savaşi'nin	Savaşı'nın	1
Ayn1	Aynı	1
ayaklanmasinin	ayaklanmasının	1
nişanlandi	nişanlandı	1
sehriyâri	şehriyari	1
katilarak	katılarak	1
saldirmasi	saldırması	1
başkanliğina	başkanlığına	1
Bâbiâlî	Babıali	1
saldirmalari	saldırmaları	1
zayiflamasina	zayıflamasına	1
konferansinda	konferansında	1
kazanmas1	kazanması	1
yazdiran	yazdıran	1
uğradiğ1	uğradığı	1
unvâninin	unvanının	1
anlaşmazliklardan	anlaşmazlıklardan	1
fâtihi	fatihi	1
tik	tık	1
tuggeneral	tuğgeneral	1
bes	beş	1
burinci	birinci	1
yapldi	yapldı	1
Başkanliğr	Başkanlığr	1
Reisligi'ne	Reisliği'ne	1
yaşindaydi!	yaşındaydı!	1
dle	die	1
açıkladi	açıkladı	1
limanlarini	limanlarını	1
zirhlilarin	zırhlıların	1
başlayip	başlayıp	1
Kahramanu	Kahramanı	1
dolaşiyor	dolaşıyor	1
ayrlmasina	ayrlmasına	1
istibdadinin	istibdadının	1
hanimlarnn	hanımların	1
kivrik	kıvrık	1
biyiklar	bıyıklar	1
gicikliyordu	gıcıklıyordu	1
Osmanl1	Osmanlı	1
çikmiştr	çıkmıştr	1
uğrayacaği	uğrayacağı	1
genelkurmayindan	genelkurmayından	1
tanimasinin	tanımasının	1
bağlamasinin	bağlamasının	1
sağlayacaklardi	sağlayacaklardı	1
Maria'nin	Maria'nın	1
Izmir'de	İzmir'de	1
Izmir'e	İzmir'e	1
delikanlilik	delikanlılık	1
merakh	meraklı	1
Gençliginde	Gençliğinde	1
verem	veren	1
havasa	havası	1
anlaşmis	anlaşmış	1
kaziyordu	kazıyordu	1
arkeologlarin	arkeologların	1
çikardr	çıkardr	1
Sunağinı!	Sunağını!	1
Mezarliği'na	Mezarlığı'na	1
sunağin	sunağın	1
kazdi	kızdı	1
Delikanliliğindan	Delikanlılığından	1
kazilara	kazılara	1
donanmasina	donanmasına	1
kapiyi	kapıyı	1
dostlarindandi	dostlarındandı	1
taniyanlar	tanıyanlar	1
katl	katı	1
alayinda	alayında	1
yakinliğin	yakınlığın	1
anlatayim	anlatayım	1
kizkardeşinin	kızkardeşinin	1
Iran'dan	İran'dan	1
Islâmî	İslami	1
kumandanliği	kumandanlığı	1
topladiğ	topladığ	1
bağişladi	bağışladı	1
kapidişari	kapıdışarı	1
yaynlamiş	yaynlamış	1
yayincisi	yayıncısı	1
geliyorlardi	geliyorlardı	1
villânin	villanın	1
tanişmasini	tanışmasını	1
bağlantiyi	bağlantıyı	1
Ittihadgi'mm	İttihadgı'mm	1
gunlük	günlük	1
seklinde	şeklinde	1
öncoki	öncokı	1
sonbaharina	sonbaharına	1
arzularini	arzularını	1
dünyasu	dünyası	1
yanisıra	yanısıra	1
kâğida	kağıda	1
sikintilarini	sıkıntılarını	1
hirslarini	hırslarını	1
aktariyordu	aktarıyordu	1
aynydi!	aynydı!	1
yayinland1	yayınlandı	1
savaçi	savaçı	1
Ittihadçilar'in	İttihadçılar'ın	1
yazmadi	yazmadı	1
konuşmadi	konuşmadı	1
mektuplarinda	mektuplarında	1
hayranliğ	hayranlığ	1
nizamina	nizamına	1
Enyayinlanan	Enyayınlanan	1
muvafik	muvafık	1
vatanimizun	vatanımızın	1
çikarlaria	çıkarlarıa	1
Lâkirdimi	Lakırdımı	1
karışamayacağini	karışamayacağını	1
karişma	karışma	1
Terakkînin	Terakkinin	1
bakişla	bakışla	1
Hâlid’in	Halid’in	1
Iffet	İffet	1
Iffet'in	İffet'in	1
lâzimdi	lazımdı	1
Sultan'in	Sultan'ın	1
Abülmecid'in	Abulmecid'in	1
oğullarindandi	oğullarındandı	1
hanmlarinin	hanmlarının	1
Hanim'dan	Hanım'dan	1
kiz1	kızı	1
Amcasi	Amcası	1
yaşlarina	yaşlarına	1
isyanindan	isyanından	1
nişanlandilar	nişanlandılar	1
Zatimelek	Zatımelek	1
basip	basıp	1
nişanliliğ1	nişanlılığ1	1
nikâhi	nikahı	1
şehriyârî	şehriyari	1
kayitlar	kayıtlar	1
yaynladiği	yayınladığı	1
nişanlisinin	nişanlısının	1
Kadin'in	Kadın'ın	1
sermesi	senesi	1
sart	şart	1
kazandgi	kazandgı	1
gözunde	gözünde	1
bozulmamasi	bozulmaması	1
kişkirtip	kışkırtıp	1
silâhlandirdiğini	silahlandırdığını	1
sayildilar	sayıldılar	1
ulaştirildilar	ulaştırıldılar	1
yolculuklarini	yolculuklarını	1
paçasi	paçası	1
kumandanliğini	kumandanlığını	1
çikartt!	çıkarttı	1
âletlerinin	aletlerinin	1
âdettendi	adettendi	1
Hartum'daki	Hartum'dakı	1
gahsi	şahsi	1
tebeddul	tebeddül	1
goruyorum	görüyorum	1
seklindeki	şeklindeki	1
gunlerde	günlerde	1
edemedigini	edemediğini	1
komutasi	komutası	1
gorevinden	görevinden	1
Uçüncü	Üçüncü	1
Harekâti'na	Harekatı'na	1
aldiğr	aldığr	1
ânî	anı	1
çağirildiğim	çağırıldığım	1
bulunmayişiniz	bulunmayışınız	1
imzalandiğ1	imzalandığı	1
tevâlisini	tevalisini	1
tarîki	tariki	1
istifasi	istifası	1
bakanliklari	bakanlıkları	1
istifasinda	istifasında	1
Karadağ'in	Karadağ'ın	1
ilânini	ilanını	1
ilânlari	ilanları	1
yaçadi	yaçadı	1
başlatmiş	başlatmış	1
binbaşıliktan	binbaşılıktan	1
taraflarindaki	taraflarındaki	1
Bâbialî	Babıali	1
tâkati	takati	1
Libya'yi	Libya'yı	1
uğrayabileceği	uğrayabıleceği	1
durmayinca	durmayınca	1
batmişti	bitmişti	1
girtlağlna	gırtlağlna	1
anavatani	anavatanı	1
sakinleşmis	sakinleşmiş	1
fisildanir	fısıldanır	1
hazirlandiği!	hazırlandığı!	1
çikt!	çıktı	1
basti!	bastı!	1
yazdirip	yazdırıp	1
Baskin	Baskın	1
heyecanlanmamasi	heyecanlanmaması	1
Elhamdülillâh	Elhamdülillah	1
baskinin	baskının	1
vatanini	vatanını	1
Yanimda	Yanımda	1
Pasal	Paul	1
kigiyle	kişiyle	1
ateg	ateş	1
emrim	emrin	1
arkadaşlarimdan	arkadaşlarımdan	1
etrafimda	etrafında	1
bitmisti	bitmişti	1
Işleri	İşleri	1
yarm	yani	1
sefi	şefi	1
olmayacağindan	olmayacağından	1
atiyla	atıyla	1
muhafizlarinin	muhafızlarının	1
doldurduklarini	doldurduklarını	1
durduramadi	durduramadı	1
kismet!	kısmet!	1
yâveriyle	yaveriyle	1
alamadiklarinda	alamadıklarında	1
çalşiyordu	çalşıyordu	1
Teferruati	Teferruatı	1
Vatanimın	Vatanımın	1
kurtardiğumi	kurtardığumı	1
yapacağl	yapacağı	1
alacaği	alacağı	1
çalişiyorum!	çalışıyorum!	1
perişanliği	perişanlığı	1
çıplakliğl	çıplaklığl	1
batmiştir	bitmiştir	1
Nâzir'na	Nazır'na	1
topraklann	toprakların	1
kaynaklann	kaynakların	1
sabahlan	sabahları	1
camm	canım	1
söyleinektedir	söylemektedir	1
lâzumdir!	lazumdır!	1
menbai	menbaı	1
uçikça	uçıkça	1
mebuslarindan	mebuslarından	1
riyâkârâne	riyakarâne	1
sorarsaniz	sorarsanız	1
Nâzir	Nazır	1
Pasa'nin	Paşa'nın	1
birakmamaktadirlar	bırakmamaktadırlar	1
zamparalik	zamparalık	1
fâsik	fasık	1
Ittihadçular’in	İttihadçılar’ın	1
anlatmaktadir	anlatmaktadır	1
baskininin	baskınının	1
olmayacaklari	olmayacakları	1
olamayacaklarini	olamayacaklarını	1
hoşlanmadiklarini	hoşlanmadıklarını	1
kalktiğini	kalktığını	1
olmalarindan	olmalarından	1
pişmandir	pişmandır	1
Paşa'yil	Paşa'yıl	1
başkanimiz	başkanımız	1
isin	işin	1
arasuna	arasına	1
fâtihleri	fatihleri	1
Kirklareli	Kırklareli	1
Kirkkiline	Kırkkiline	1
Bulgarlar'in	Bulgarlar'ın	1
başariyi	başarıyı	1
unvanim	unvanın	1
olacağindan	olacağından	1
Başkumandanliğ	Başkumandanlığ	1
bucağina	bucağına	1
yaydi	yaydı	1
fâtihliği	fatihliği	1
yoldaşlarinin	yoldaşlarının	1
zorlamalarina	zorlamalarına	1
okuyucularin	okuyucuların	1
olmalarni	olmalarnı	1
yarbaydi	yarbaydı	1
tuğgeneralliği	tuğgenerallığı	1
yapilacakti!	yapılacaktı!	1
Nâzirliği'nda	Nazırlığı'nda	1
Mağlûbiyette	Mağlubiyette	1
bağliliğa	bağlılığa	1
dağitilmasinin	dağıtılmasının	1
yaai	yaaı	1
ayrilga	ayrılga	1
yipratiyordu	yıpratıyordu	1
kaldirmişti	kaldırmıştı	1
Hulasa	Hülasa	1
etmis	etmiş	1
şartti	şarttı	1
mekanizmasi	mekanizması	1
vasiflarl	vasıflarl	1
yeralmiştir	yeralmıştır	1
muhafazasinda	muhafazasında	1
aradiğ	aradığ	1
Sarikamis	Sarıkamış	1
kavrayişi	kavrayışı	1
kazanacağini	kazanacağını	1
sanmiştir	sanmıştır	1
uğratmiştir	uğratmıştır	1
hazirhk	hazırlık	1
imparatorluga	imparatorluğa	1
girişilmistir	girişilmiştir	1
savaşidir	savaşıdır	1
Savaa	Savu	1
olunmasi	olunması	1
birseyler	birşeyler	1
umn	nin	1
inanilarak	inanılarak	1
atildiğimz	atıldığımz	1
sonrasmda	sonrasında	1
yaptigi	yaptığı	1
paylaşilmasi	paylaşılması	1
geldigini	geldiğini	1
Ingmnsi'na	İngmnsi'na	1
komisyonlarin	komisyonların	1
Ittihadçılarda	İttihadçılarda	1
kamplaşmanin	kamplaşmanın	1
almasindan	almasından	1
çikartilamayacaktir	çıkartılamayacaktır	1
tahribatin	tahribatın	1
Meselî	Neşeli	1
hayirl	hayırl	1
yazisinda	yazısında	1
müdafaasini	müdafaasını	1
birakiyordu	bırakıyordu	1
kucağina	kucağına	1
atildilar	atıldılar	1
cereyani	cereyanı	1
kalkinma	kalkınma	1
hâdiseler	hadiseler	1
baçlarina	baclarına	1
aktl	aktı	1
Italya'yi	İtalya'yı	1
canlandirmişti	canlandırmıştı	1
oynayamazdi	oynayamazdı	1
ayakbaği	ayakbağı	1
Turk	Türk	1
ittifakina	ittifakına	1
Almanya'nn	Almanya'nın	1
imzaladiğini	imzaladığını	1
kavraminin	kavramının	1
Politikasrnin	Politikasının	1
Imparatorlugu'nu	İmparatorluğu'nu	1
taşinir	taşınır	1
hatirat	hatırat	1
tabiîki	tabiiki	1
oynaimişti	oynaımıştı	1
yayinlaniyor	yayınlanıyor	1
ilhamiyla	ilhamıyla	1
sigaralari	sigaraları	1
cikartilip	çıkartılıp	1
sigaranin	sigaranın	1
reklâmlari	reklamları	1
sağlanamiyordu	sağlanamıyordu	1
telâşlandirmasi	telaşlandırması	1
tutuşacakti	tutuşacaktı	1
Umumî'nin	Nuri'nin	1
anlaşmay1	anlaşmayı	1
katilmamiza	katılmamıza	1
baçlangicini	baclangıcını	1
firkada	fırkada	1
Reşad'in	Reşad'ın	1
Paga'ya	Paşa'ya	1
anlaşmasinin	anlaşmasının	1
yayinlanmmstur	yayınlanmmstur	1
dolayis	dolayıs	1
Anlaşmai'm	Anlaşmaı'm	1
iyor	ıyor	1
anlaşilyor	anlaşılyor	1
mekanizmasinin	mekanizmasının	1
Savaşi'na	Savaşı'na	1
yazdiğini	yazdığını	1
ittifakimiz	ittifakımız	1
ulaştirilmasi	ulaştırılması	1
hatiralarn1	hatıralarn1	1
müzakerati	müzakeratı	1
Sâî	Şu	1
vâkifti	vakıftı	1
müzakeratin	müzakeratın	1
tutulmasinikim	tutulmasınıkım	1
hâtiratimda	hatıratında	1
dermiyanindan	dermiyanından	1
saklanmasina	saklanmasına	1
açiktan	açıktan	1
Sâi	Şu	1
yaziya	yazıya	1
arkasini	arkasını	1
ittifakimiza	ittifakımıza	1
hâtiratumin	hatıratumın	1
sihhat	sıhhat	1
malûmati	malumatı	1
Anlaşmasi'ndan	Anlaşması'ndan	1
alamadiği	alamadığı	1
araştirmalardan	araştırmalardan	1
anlaşmasinda	anlaşmasında	1
Kisaca	Kısaca	1
Veliahdi	Veliahdı	1
gin	ğin	1
kivtlcum	kıvtlcum	1
Asagida	Aşağıda	1
kapildiklari	kapıldıkları	1
dominyonlari	dominyonları	1
açıklarina	açıklarına	1
karasularni	karasularnı	1
savaşina	savaşına	1
yikilmasinin	yıkılmasının	1
kivilcimini	kıvılcımını	1
Kasm'da	Kasım'da	1
erteai	erteaı	1
Artak	Artık	1
atilmisti	atılmıştı	1
AONS	İON	1
Zamamn	Zamanın	1
näzirmna	nazırına	1
hakkanda	hakkında	1
mamistir	mamıştır	1
arsivinde	arşivinde	1
donanmasini	donanmasını	1
saldiridan	saldırıdan	1
sadrazamindan	sadrazamından	1
konumami	konumamı	1
kazanacaktir	kazanacaktır	1
sarayn	sarayın	1
Sarkamiş	Şarkamış	1
harekâtinda	harekatında	1
Kumandani'na	Kumandanı'na	1
icabinda	icabında	1
zamannda	zamanında	1
Boğaz'in	Boğaz'ın	1
Trakya'mn	Trakya'nın	1
payna	payına	1
dügmüs	düşmüş	1
istirak	iştirak	1
karsiliğinda	karşılığında	1
varamamiş	varamamış	1
yeralacaklari	yeralacakları	1
müstnkil	muştnkıl	1
anlaşmişlardi	anlaşmışlardı	1
Kasim’inda	Kasım’ında	1
basladi	başladı	1
yagadiklari	yaşadıkları	1
varilmasina	varılmasına	1
paylaşıliyordu	paylaşılıyordu	1
Akka'yi	Akka'yı	1
Italya'nin	İtalya'nın	1
azliğindan	azlığından	1
yikilmadan	yıkılmadan	1
sikintinin	sıkıntının	1
Misr'daki	Mısr'dakı	1
uma	ma	1
kumdir	kimdir	1
tuyin	tüyin	1
pusulayi	pusulayı	1
sagirdilar	sağırdılar	1
Paşa'dir!	Paşa'dır!	1
Iclerinden	İçlerinden	1
birkaçina	birkaçını	1
sag	sağ	1
kism	kısm	1
çatallaşti	çatallaştı	1
turafin	turafın	1
turnfin	turnfın	1
bastiğini	bastığını	1
kaydiği	kaydığı	1
sehirde	şehirde	1
sağdir	sağdır	1
cev	çev	1
şaşirdilar	şaşırdılar	1
edemiyorlardi	edemiyorlardı	1
surelerini	sürelerini	1
yanlişsiz	yanlışsız	1
okuyamadi	okuyamadı	1
kildiklarini	kıldıklarını	1
anlatamadilar	anlatamadılar	1
şaşirtmişti	şaşırtmıştı	1
mutaassip	mutaassıp	1
şaşkinliğim	şaşkınlığım	1
şilik	şılık	1
vatanimizin	vatanımızın	1
yanlışti	yanlıştı	1
doğduklari	doğdukları	1
kariştiranlar	karıştıranlar	1
kayiplar	kayıplar	1
kurallan	kuralları	1
aralanna	aralarına	1
degiştirilmis	değiştirilmiş	1
sekle	şekle	1
sekifleri	şekifleri	1
yazildiklar	yazıldıklar	1
Savaan	Savun	1
yazişmalarm	yazışmaları	1
cekiyor	çekiyor	1
sikint	sıkınt	1
cevaplarini	cevaplarını	1
yollamalari	yollamaları	1
imlâyi	imlayı	1
kullanila	kullanıla	1
tanitimlardan	tanıtımlardan	1
hatiralarmnda	hatıralarında	1
Yazisi'nin	Yazısı'nın	1
imlây	imlay	1
uyguladiğini	uyguladığını	1
efradindan	efradından	1
uğraştim	uğraştım	1
esasl	esası	1
aydnlar	aydınlar	1
elifbayi	elifbayı	1
itirazima	itirazıma	1
topladim	topladım	1
Sarikamş	Sarıkamış	1
maglûbiyetlerinden	mağlubiyetlerinden	1
harekättir	harekattır	1
Hakki'nn	Hakkı'nn	1
bitirmis	bitirmiş	1
katilm	katılım	1
yamsira	yanısıra	1
eşkiyn	eskiyn	1
bastirilmasinda	bastırılmasında	1
ataselik	ataşelik	1
arkadaşliğinin	arkadaşlığının	1
hisim	hısım	1
Şûrâ	Sıra	1
Savaşı'nin	Savaşı'nın	1
meraklidir	meraklıdır	1
programlarinin	programlarının	1
şahislara	şahıslara	1
Hakkl	Hakkı	1
vefatindan	vefatından	1
kolağasi	kolağası	1
hifzetti	hıfzetti	1
Manasir'a	Manasır'a	1
Sarayi'nda	Sarayı'nda	1
Sarayl	Sarayı	1
başkanliğ1	başkanlığı	1
Aralik'ina	Aralık'ına	1
Selâhadin	Selahadın	1
anlaşmazliğa	anlaşmazlığa	1
Savaşindaki	Savaşındaki	1
müdafaasindaki	müdafaasındaki	1
yakalandiği	yakalandığı	1
naaşinin	naaşının	1
uğraşildi	uğraşıldı	1
Karskapisi'na	Karskapısı'na	1
Tugayi'nin	Tugayı'nın	1
taşimakta	taşımakta	1
Sarkamiş'ta	Şarkamış'ta	1
telgraflarinda	telgraflarında	1
başarisizliğin	başarısızlığın	1
sinirl	sınırı	1
isi	işi	1
isgalinden	işgalinden	1
Kasm	Kasım	1
Paga'nin	Paşa'nın	1
Inrida	Nında	1
Murahhasi	Murahhası	1
mintikada	mıntıkada	1
çuplak	çıplak	1
mintikasinda	mıntıkasında	1
hocasidir	hocasıdır	1
kumandandir	kumandandır	1
uyarilarina	uyarılarına	1
telgrafindaki	telgrafındaki	1
uyarisina	uyarısına	1
sinırl	sınırı	1
Bonapart'in	Bonapart'ın	1
hatirlatmakta	hatırlatmakta	1
çikildiğ	çıkıldığ	1
kazanirsak	kazanmak	1
Islâmlar	İslamlar	1
olacaklardir	olacaklardır	1
maksadimiz	maksadımız	1
başımiz	başımız	1
kurtaracağiz	kurtaracağız	1
şarklilar	şarklılar	1
tedâbirimiz	tedabirimiz	1
ğimsiz	ğımsız	1
kaçaklarnin	kaçaklarnın	1
kaçağin	kaçağın	1
idamini	idamını	1
parçalamaktadir	parçalamaktadır	1
kini	kimi	1
istilayi	istilayı	1
Ilkbaharda	İlkbaharda	1
Kafkasya'yi	Kafkasya'yı	1
ayaklandirmaya	ayaklandırmaya	1
telgrafindan	telgrafından	1
Kumandanliğl’na	Kumandanlığl’na	1
olunmustur	olunmuştur	1
mulkiyeye	mülkiyeye	1
sâmîlerinin	samilerinin	1
bâbdaki	babdaki	1
âcizânem	acizanem	1
urdinda	urdında	1
Iddin	İddin	1
Sult	Suit	1
ates	ateş	1
kalmamasi	kalmaması	1
nikâhindan	nikahından	1
damadinin	damadının	1
damatlari	damatları	1
Istemişti	İstemişti	1
Tanrim	Tanrım	1
Türkistan'in	Türkistan'ın	1
lâyik	layık	1
hâtirasini	hatırasını	1
Tanri'dan	Tanrı'dan	1
Hanedani'nin	Hanedanı'nın	1
zâti	zatı	1
bozkirinda	bozkırında	1
yeralmamasi	yeralmaması	1
damadlari	damadları	1
katilmakliğimi	katılmaklığımı	1
mağlûbiyetinin	mağlubiyetinin	1
Toplarin	Topların	1
sehid	şehid	1
zavallilarn	zavallılarn	1
almilar	almılar	1
bağiranlardan	bağıranlardan	1
vaveylâsi!	vaveylası!	1
satırlan	satırları	1
saydum	saydım	1
soni	son	1
boyle	böyle	1
yammzda	yanımızda	1
karsiya	karşıya	1
Bogaz'n	Boğaz'ın	1
ariyor	arıyor	1
yaziyorum	yazıyorum	1
bagrima	bağrına	1
talihsizligim	talihsizliğim	1
Naciyecigim	Naciyeciğim	1
birakmalarini	bırakmalarını	1
karanliklari	karanlıkları	1
odamizi	odamızı	1
niyâzim	niyazım	1
duyarsiniz	duyarsınız	1
gözyaşlariniz	gözyaşlarınız	1
yanaklarinizdan	yanaklarınızdan	1
Allah'in	Allah'ın	1
Onlarn	Onları	1
Umarim	Umarım	1
dalmişım	dalmışım	1
uzatmiş	uzatmış	1
dumanlandi	dumanlandı	1
ağlamiyordum	ağlamıyordum	1
hıçkiriklar	hıçkırıklar	1
boğazima	boğazıma	1
aldirmiyordu	aldırmıyordu	1
anlamiyordum	anlamıyordum	1
sormayiniz	sormayınız	1
kiziyordum	kızıyordum	1
yazilari	yazıları	1
halime	haline	1
anlayamadiğima	anlayamadığıma	1
şaşmitim	şaşmıtım	1
Içimi	İçimi	1
hiçkiriklarla	hıçkırıklarla	1
ağladiğimi	ağladığımı	1
acirsin	acırsın	1
mübalağasiz	mübalağasız	1
kalbume	kalbine	1
oncesinde	öncesinde	1
kis	kış	1
yapulmasina	yapılmasına	1
duaniz	duanız	1
iştiyâkiyle	iştiyakıyle	1
tartişmasindan	tartışmasından	1
anlayinca	anlayınca	1
Bakiniz	Bakınız	1
yapalim	yapalım	1
Zararn	Zararı	1
yapayim	yapayım	1
Bakalim	Bakalım	1
inüddetçik	ınuddetçik	1
kismet	kısmet	1
alinla	ılımlı	1
kollarim	kolların	1
darilirsiniz	darılırsınız	1
maksadini	maksadını	1
tâci	tacı	1
anlarinda	anlarında	1
Moskoflari	Moskofları	1
kucaklarim	kucaklarım	1
mağlûbiyetlere	mağlubiyetlere	1
taşiyacaktir	taşıyacaktır	1
şablonlarindan	şablonlarından	1
aratiyorum	aratıyorum	1
ikudsiyem	ikudsıyem	1
olacağinizi	olacağımızı	1
yoknuş	yokmuş	1
Inşaallah	İnşaallah	1
buyur	büyür	1
heyecân	heyecanı	1
kağidl	kağıdı	1
kâğut	kağıt	1
Sarikamiş'ta	Sarıkamış'ta	1
valkit	valkıt	1
şaşirtacak	şaşırtacak	1
Yârabbi	Yarabbi	1
naklarindan	naklarından	1
iştiyâka	iştiyaka	1
saşkinliğin	şaşkınlığın	1
yorumlanmasi	yorumlanması	1
alinmasini	alınmasını	1
refahlarinin	refahlarının	1
Plânim	Planın	1
Firkasi	Fırkası	1
Firkasi'ni	Fırkası'nı	1
zayiflamiş	zayıflamış	1
karşilayip	karşılayıp	1
bozacağim	bozacağım	1
kitaâtimiza	kıtaatımıza	1
saniyorum	sanıyorum	1
hareketime	hareketine	1
dinim	dinin	1
vatanim	vatanım	1
padişahim	padişahın	1
manevrayi	manevrayı	1
kat'îdir	kat'îdır	1
kalanlarima	kalanların	1
başkumandanlik	başkumandanlık	1
Osmanlilik	Osmanlılık	1
nâmina	namına	1
muhassasâtimin	muhassasatımın	1
muhassasâtina	muhassasatına	1
ilâhiyyeye	ilahiyyeye	1
çalimaktan	çalımaktan	1
taniyanlara	tanıyanlara	1
Osmanlilar'in	Osmanlılar'ın	1
Padiahi	Padiahı	1
hazirlamiş	hazırlamış	1
karamsarlik	karamsarlık	1
kazandiktan	kazandıktan	1
Hanum'in	Hanım'ın	1
Evrakin	Evrakın	1
Sinemasinin	Sinemasının	1
kismidir	kısmıdır	1
taşinmalarn	taşınmalarn	1
Sarikamı	Sarıkamı	1
kopyasini	kopyasını	1
Sarkamiş1	Şarkamış1	1
yollamiştir	yollamıştır	1
yazdiğum	yazdığım	1
olacaksinuz	olacaksınız	1
Sultan'daki	Sultan'dakı	1
aldi!	aldı!	1
olmalarn	olmaları	1
spekülâsyona	spekülasyon	1
masonlarin	masonların	1
rasinda	rasında	1
üstadi	üstadı	1
sizmayl	sızmayl	1
başaramadiklari	başaramadıkları	1
localari	locaları	1
localarin	locaların	1
toplantiyi	toplantıyı	1
aldirarak	aldırarak	1
yaptiryor	yaptıryor	1
locasini	locasını	1
çalişmalarn	çalışmaları	1
açılmasini	açılmasını	1
locasinin	locasının	1
çağiryordu	çağıryordu	1
kiyâm	kıyam	1
ilânl	ilanl	1
tanidiğ	tanıdığ	1
çalişmakta	çalışmakta	1
itikadinin	itikadının	1
rabitanin	rabıtanın	1
Arabistanli	Arabistanlı	1
çıkmişt!	çıkmıştı	1
Kit'a	Kıt'a	1
Arabistan'indan	Arabistan'ından	1
uygulamalarindan	uygulamalarından	1
saldirp	saldırp	1
yaktiklarn	yaktıklarn	1
Yarimadasi'nin	Yarımadası'nın	1
oğullarinin	oğullarının	1
Islâm'a	İslam'a	1
olduklarnni	olduklarını	1
binasini	binasını	1
Düşmanlarin	Düşmanların	1
düşmanlarimiz	düşmanlarımız	1
birbirinize	birbirimize	1
uyaniniz!	uyanınız!	1
fenaliğina	fenalığına	1
Müslümanliğinizdan	Müslümanlığınızdan	1
korkmayiniz	korkmayınız	1
fenaliklarni	fenalıklarnı	1
oğullarnin	oğullarını	1
Irak'1	Irak'ı	1
cezasini	cezasını	1
Islâm'in	İslam'ın	1
erkânndan	erkanından	1
çalimakta	çalımakta	1
bilâmüdafaa	bilamüdafaa	1
münhasirdir	münhasırdır	1
çalişırsak	çalışırsak	1
efradimiza	efradımıza	1
yapamadiğimizdan	yapamadığımızdan	1
kalirz	kalırz	1
erkânindan	erkanından	1
Itttihad	Itttıhad	1
Reşad'm	Reşad'ın	1
tahtma	tahtına	1
uyannca	uyarınca	1
Harbi'nde	Harbı'nde	1
Türkise	Türkişe	1
Selâse'yi	Selase'yi	1
başlad!	başladı	1
Anlaşmasrnin	Anlaşmasının	1
Azerbaycan'in	Azerbaycan'ın	1
Alnanya	Almanya	1
Ittihadçdar	İttihadçdar	1
ihtiyacin	ihtiyacın	1
sayilirdi	sayılırdı	1
facialarin	faciaların	1
Sarikamiş'1	Sarıkamış'1	1
yapilanmanin	yapılanmanın	1
Ermenistan'in	Ermenistan'ın	1
Şimalî	Şimali	1
Anlaşmazlik	Anlaşmazlık	1
yakinlaşti	yakınlaştı	1
Genelkurmayi'nin	Genelkurmayı'nın	1
çiktiğl	çıktığı	1
ictimâî	içtimai	1
yükseltimek	yükseltmek	1
anâsir	anasır	1
Islâmiye	İslamiye	1
mânâsi	manası	1
kavramina	kavramına	1
ezilmistir	ezilmiştir	1
inkirazi	inkırazı	1
hilâfeti	hilafeti	1
içtimâen	içtimaen	1
tanzîminde	tanziminde	1
esâsiyede	esasiyede	1
anâsirn	anasırn	1
müsâvâti	müsavatı	1
çalisucaktir	çalışucaktır	1
uygulamiştir	uygulamıştır	1
Islâmcidir	İslamcıdır	1
Nâzirliği'na	Nazırlığı'na	1
arttirmiş	arttırmış	1
uzamasi	uzaması	1
olmamişt	olmamışt	1
başkaldirinin	başkaldırının	1
bulmamişti	bulmamıştı	1
mesaji	mesajı	1
yayinladi	yayınladı	1
Nâzirliğrni	Nazırlığrnı	1
birakirken	bırakırken	1
kalinmasini	kalınmasını	1
saylabilecek	saylabılecek	1
sonlanna	sonlarına	1
arkalannda	arkalarında	1
Kirim’in	Kırım’ın	1
Ittilhadçi	İttilhadçı	1
dolayasi	dolayısı	1
yolcularini	yolcularını	1
birakmişlardi	bırakmışlardı	1
kullanacaklardi	kullanacaklardı	1
Bosnali	Bosnalı	1
kullanmişti	kullanmıştı	1
kilacakti	kılacaktı	1
Evpatorya'daki	Evpatorya'dakı	1
çikmalarindan	çıkmalarından	1
Istasyona	İstasyona	1
çiktiklarinda	çıktıklarında	1
yolcularinin	yolcularının	1
sanlan	sanılan	1
dala	dili	1
büyûk	büyük	1
durmayip	durmayıp	1
Tarik	Tarık	1
atilmiştir	atılmıştır	1
anlaşildiğina	anlaşıldığına	1
plamn	planın	1
sartlara	şartlara	1
baskisindan	baskısından	1
siklari	şıkları	1
arzusundadir	arzusundadır	1
şikki	şıkkı	1
zâtin	zatın	1
teşkilâtlardan	teşkilatlardan	1
Kirim'dan	Kırım'dan	1
Işlerin	İşlerin	1
sekil	şekil	1
Kirim'a	Kırım'a	1
vasita	vasıta	1
galin	salim	1
altanda	altında	1
vaa	vıı	1
tarafna	tarafın	1
kaptanini	kaptanın	1
açildiklari	açıldıkları	1
toparlandi	toparlandı	1
karişti!	karıştı!	1
istihbarati	istihbaratı	1
çikmaktadır	çıkmaktadır	1
muammadir	muammadır	1
yazimalardan	yazımalardan	1
Ittihadçilar’in	İttihadçılar’ın	1
kalanlarin	kalanların	1
kullandiğl	kullandığl	1
yaşadiklarndan	yaşadıklarndan	1
tutuklanmalarindan	tutuklanmalarından	1
yarayacağina	yarayacağına	1
inanmadiğinu	inanmadığınu	1
farkliliğinin	farklılığının	1
aya	iyi	1
yazmişsin	yazmışsın	1
Kâmiliç	Kamiliç	1
gelıneyi	gelmeyi	1
Avrupa'nm	Avrupa'nın	1
Avrupa'nun	Avrupa'nın	1
emperyafist	emperyafıst	1
temâmiyet	temamıyet	1
mulkiyenin	mülkiyenin	1
ciguendigini	çiğuendigini	1
yaptrmadiğini	yaptrmadığını	1
menâtik	menatık	1
programlarina	programlarına	1
çalişacaklarni	çalışacaklarnı	1
isen	Işen	1
ederini	ederim	1
mutavassit	mutavassıt	1
ihtirâm	ihtiram	1
selâminizi	selamınızı	1
açtiklari	açtıkları	1
sikintiya	sıkıntıya	1
bahsetmis	bahsetmiş	1
temasin	temasın	1
mektubum	mektubun	1
vasitalar	vasıtalar	1
vechile	veçhile	1
şahsini	şahsını	1
tanidim	tanıdım	1
rüşülebilir	rusulebilir	1
menâfii	menafii	1
ziddiyete	zıddiyete	1
kapildiğini	kapıldığını	1
minnetdarliğini	minnetdarlığını	1
kazanirlarsa	kazanırlarsa	1
unutmayacağini	unutmayacağını	1
inkişâfina	inkişafına	1
Gûyâ	Güya	1
acidik	acıdık	1
fenaliklari	fenalıkları	1
Umumîsine	Umumisine	1
çikaramadiklari	çıkaramadıkları	1
anladiklarindan	anladıklarından	1
lutfen	lütfen	1
kalinabilir	kalınabilir	1
ediyornuş	ediyormuş	1
yakacağini	yakacağını	1
frangi	frangı	1
Âtiyyen	Atiyyen	1
kardaşim	kardaşım	1
Mektuplari	Mektupları	1
Ittihadçilar	İttihadçılar	1
yenilmis	yenilmiş	1
siklaştiralim	sıklaştıralım	1
Sâi141	Sai141	1
Umursamazlik	Umursamazlık	1
hayatimuz	hayatımuz	1
arasma	arasın	1
sogukluk	soğukluk	1
Paga	Paşa	1
gelecoği	gelecoğı	1
dusman	düşman	1
lutihadçilarn	lutihadçılarn	1
konuşacaktir	konuşacaktır	1
politikacilar	politikacılar	1
buluşacaktir	buluşacaktır	1
toplantilardan	toplantılardan	1
yakinlaşacak	yakınlaşacak	1
toplantilarin	toplantıların	1
karişmiştir!	karışmıştır!	1
şaşkindir	şaşkındır	1
yapacaklarina	yapacaklarına	1
olamadiğini	olmadığını	1
bulamadi	bulamadı	1
kavuşmasinin	kavuşmasının	1
sultaninda	sultanında	1
varmalarinin	varmalarının	1
diyarlari	diyarları	1
yaşadiklarindan	yaşadıklarından	1
oldunı	oldum	1
yanmda	yanında	1
gotirterek	götirterek	1
işbaşinda	işbaşında	1
Rifat	Rıfat	1
defasinda	defasında	1
siğinmişlardi	sığınmışlardı	1
Dişişleri'nin	Dışişleri'nin	1
aşindirmakta	aşındırmakta	1
açmasinin	açmasının	1
yapmişlardi	yapmışlardı	1
bastirarak	bastırarak	1
vasitadan	vasıtadan	1
hazirliği	hazırlığı	1
nâm	nin	1
yazişmalarinda	yazışmalarında	1
uğramalari	uğramaları	1
bulunmaktaydilar	bulunmaktaydılar	1
zarflarinin	zarflarının	1
alicinin	alıcının	1
yaziliyordu	yazılıyordu	1
kullanilmakta	kullanılmakta	1
yazilarak	yazılarak	1
umursamazliğin	umursamazlığın	1
Içişleri	İçişleri	1
taraflarindan	taraflarından	1
uğramamiş	uğramamış	1
atilacaği	atılacağı	1
tamamladiktan	tamamladıktan	1
kiralamiştir	kiralamıştır	1
villasina	villasına	1
katli	katlı	1
politikacilarinn	politikacılarınn	1
ilgasinin	ilgasının	1
almaktadirlar	almaktadırlar	1
srada	şimdi	1
Villânin	Villanın	1
temastadirlar	temastadırlar	1
makamlarindan	makamlarından	1
Istihbaratinin	İstihbaratının	1
Ittihadçalar	İttihadçılar	1
uğras	uğraş	1
rindoki	rındokı	1
çabalamaktadir	çabalamaktadır	1
yapacaktir	yapacaktır	1
teşkilätini	teşkilatını	1
taşiyip	taşıyıp	1
uyanişa	uyanışa	1
uyanişin	uyanışın	1
Bütin	Butın	1
yapmaktadirlar	yapmaktadırlar	1
etmeleriihtimali	etmeleriihtimalı	1
alişilmadik	alışılmadık	1
politikanin	politikanın	1
düşmanliğin	düşmanlığın	1
kurtulmasina	kurtulmasına	1
çalişirlarken	çalışırlarken	1
yazildiğ1	yazıldığı	1
anlaşilan	anlaşılan	1
çalşacaği	çalşacağı	1
siralamaktadir	sıralamaktadır	1
halâsi	halası	1
Kurtarilan	Kurtarılan	1
Istihlâs	İstihlas	1
harsinin	hanımın	1
câmiasi	camiası	1
safhasindaki	safhasındaki	1
tamstig	tamstıg	1
Moskova'sinda	Moskova'sında	1
ugramadan	uğramadan	1
temaslarni	temaslarnı	1
Parmakliklar	Parmaklıklar	1
Paşalar'dir	Paşalar'dır	1
makamlari	makamları	1
Ocak'mda	Ocak'ında	1
sağlanmuştir	sağlanmıştır	1
taniştiran	tanıştıran	1
Genelkurmayl’ndaki	Genelkurmayl’ndakı	1
hatiralarinda146	hatıralarında146	1
tanişmalarini	tanışmalarını	1
hatirliyor	hatırlıyor	1
plânliyorlardi	planlıyorlardı	1
girigimleri	girişimleri	1
yaptigini	yaptığını	1
lyazis	lyazıs	1
yazdig	yazdıg	1
dare	dire	1
Srm	Şim	1
sağlayin	sağlayın	1
tutun	tütün	1
lyi	iyi	1
Almya'daki	Almya'dakı	1
olmaktadirlar	olmaktadırlar	1
Başkani'dir	Başkanı'dır	1
ticaretiniorganize	ticaretiniorganıze	1
Haziran'inda	Haziran'ında	1
bulundurmasina	bulundurmasına	1
sinirlandirilacak	sınırlandırılacak	1
konmayanlari	konmayanları	1
yapamayip	yapamayıp	1
alamayacaktir	alamayacaktır	1
zannederiın	zannederim	1
yukanya	yukarıya	1
bashyor	başlıyor	1
samr	sanır	1
kuyrugu	kuyruğu	1
balklarin	balkların	1
kullaniyorlarsa	kullanıyorlarsa	1
yarayacaktir	yarayacaktır	1
planlanmişti	planlanmıştı	1
istihbaratinin	istihbaratının	1
tamamlandiğini	tamamlandığını	1
Anlaşmasrni	Anlaşmasını	1
Bakanliğl	Bakanlığl	1
Abraham	İbrahim	1
Havaalani'ndan	Havaalanı'ndan	1
çakildi	çakıldı	1
havalandilar	havalandılar	1
Köninsberg'e	Koninsberg'e	1
Genelkurmayi	Genelkurmayı	1
Rüdiger	Rudiger	1
ulaştirmasi	ulaştırması	1
vanncaya	varıncaya	1
Donle	Döne	1
Yag	Yağ	1
murettebat	mürettebat	1
inis	imiş	1
kalki	kalkı	1
Konigaberg'de	Königaberg'de	1
pilotlarin	pilotların	1
Sayn	Sayın	1
Döberif	Doberif	1
koyana	koyan	1
konuşmamasidir	konuşmamasıdır	1
yazdiğ1	yazdığı	1
maceralarindan	maceralarından	1
ansklinh	ansklınh	1
secinr	seçinr	1
kalkiştan	kalkıştan	1
sıkıntılan	sıkıntıları	1
doktorlan	doktorları	1
zaran	zararı	1
çocuklanma	çocuklarına	1
affini	affını	1
Eger	Eğer	1
yazarsan	yazarın	1
olnazsa	olmazsa	1
turtisti	türtisti	1
Görüişmelerin	Görüışmelerin	1
Ingilizler'den	İngilizler'den	1
kirmak	kırmak	1
hegemonyasini	hegemonyasını	1
Letland'in	Letland'ın	1
Latvia'nin	Latvıa'nın	1
başehri	basehri	1
tutuklanmasi	tutuklanması	1
uçağl	uçağı	1
Kovno'daki	Kovno'dakı	1
kariştirilmiştir	karıştırılmıştır	1
anlattiklarina	anlattıklarına	1
hatiralarina	hatıralarını	1
yazdiklari156	yazdıkları156	1
yaptiğ	yaptığ	1
tamaminin	tamamının	1
alininca	alınınca	1
meraklydi	meraklydı	1
almi	almı	1
ayrmiş	ayrmış	1
yaptıklannı	yaptıklarını	1
konugmus	konuşmuş	1
yazmaan	yazının	1
inanmis	inanmış	1
yazmıs	yazmış	1
biliyorlarmiş	biliyorlarmış	1
sanilan	sanılan	1
bakumindan	bakımından	1
taşimaktadir	taşımaktadır	1
mecmuasinda	mecmuasında	1
imzanin	imzanın	1
aydinlatmasi	aydınlatması	1
Alinanya'ya	Almanya'ya	1
kaçirilmak	kaçırılmak	1
yaşamiştr	yaşamıştr	1
sanatoryumundaydim	sanatoryumundaydım	1
oturacaktik	oturacaktık	1
yaşanmaktadir	yaşanmaktadır	1
Mebusan'1	Mebusan'ı	1
payitahtini	payitahtını	1
Teraki'nin	Terakı'nın	1
doğmasindan	doğmasından	1
tutukladiklari	tutukladıkları	1
politikacilari	politikacıları	1
çikartacaklardir	çıkartacaklardır	1
Istanbul'dadir	İstanbul'dadır	1
igalcilerin	ığalcılerin	1
çağirmaktadir	çağırmaktadır	1
yazildigi	yazıldığı	1
disinda	dışında	1
cevabî	cevabı	1
iztirabi	ıztırabı	1
romanlarmin	romanlarmın	1
Agiv	Ağıv	1
anlatamayacağim	anlatamayacağım	1
iztiraplarim	ıztıraplarım	1
vicdansizliğinda	vicdansızlığında	1
bulunamayacağim	bulunamayacağım	1
hatiratinda	hatıratında	1
başımi	basımı	1
yazdiğin	yazdığım	1
Lisanimdan	Lisanımdan	1
çildiracağim	çıldıracağım	1
feryadini	feryadını	1
sikilacak	sıkılacak	1
mazlumiyetime	mazlumıyetime	1
mes'uliyetle	mes'ulıyetle	1
sadakatimi	sadakatini	1
yalilarina	yalılarına	1
çocuklan	çocukları	1
etmig	etmiş	1
yazdigt	yazdıgt	1
yakinmakta	yakınmakta	1
Baçma	Biçim	1
TURK	TÜRK	1
kuvvetim	kuvvetin	1
Allalagkia	Allalagkıa	1
feryadlarmi	feryadlarmı	1
çıldiracagim	çıldıracağım	1
hatirla	hatırla	1
uzaklaştirmak	uzaklaştırmak	1
hizmetkârlarinin	hizmetkarlarının	1
çaldiklari	çaldıkları	1
Itilâfçılar	İtilafçılar	1
araştirmakta	araştırmakta	1
gayrimenkullerine	gayrımenkullerine	1
hazirliğinda	hazırlığında	1
yazmaktaydi	yazmaktaydı	1
hanumin	hanımın	1
yakinmalarla	yakınmalarla	1
sarayindaki	sarayındaki	1
Hassasi'na	Hassası'na	1
vekilharci	vekilharcı	1
Konyali	Konyalı	1
boşadi	boşadı	1
uzaklaştiramiyordu	uzaklaştıramıyordu	1
kocas1	kocası	1
Bakirköy'de	Bakırköy'de	1
yeraldilar	yeraldılar	1
Suikasti	Suikastı	1
yaptiğn	yaptığım	1
silâhşörü	silahşörü	1
katilmakla	katılmakla	1
suçlanip	suçlanıp	1
Bakirköy'deki	Bakırköy'deki	1
kâhyaliğini	kâhyalığını	1
çikartildi	çıkartıldı	1
Kirklareli'ne	Kırklareli'ne	1
Kirklareli'nde	Kırklareli'nde	1
çikartilan	çıkartılan	1
yakalanmasinin	yakalanmasının	1
yapildi64	yapıldı64	1
tutuklandilar	tutuklandılar	1
çarptirildiklarini	çarptırıldıklarını	1
araştirmadim	araştırmadım	1
çahşmakta	çalışmakta	1
sadrazamn	sadrazamın	1
olacaktur	olacaktır	1
tanidiklar	tanıdıklar	1
Hastaliğunin	Hastalığının	1
Isgal	İşgal	1
Doktorlarin	Doktorların	1
Rahatsizdim	Rahatsızdım	1
hasiralti	hasıraltı	1
çikmamin	çıkmamın	1
başvurmayi	başvurmayı	1
Igal	İsal	1
Italyanlardi	İtalyanlardı	1
arkadaşımdi	arkadaşımdı	1
ahbapti	ahbaptı	1
yapacağini	yapacağını	1
taniyormuş	tanıyormuş	1
ahbaplik	ahbaplık	1
kolayliğ	kolaylığ	1
çikmali	çıkmalı	1
kaçirmayn	kaçırmayn	1
çocuklannın	çocuklarının	1
duydugum	duyduğum	1
hatirlarim	hatırlarım	1
acisinin	açısının	1
yankisiydi	yankısıydı	1
memleketimden	memleketinden	1
olugu	oluşu	1
ayrilmigtim	ayrılmıgtım	1
Karsilaşacağim	Karşılaşacağım	1
tanittim	tanıttım	1
tanigtim	tanıgtım	1
evlenmemisti	evlenmemişti	1
olmadigini	olmadığını	1
sabirsizlaniyordum	sabırsızlanıyordum	1
babalarina	babalarına	1
bulacaktik	bulacaktık	1
karşilaşmaya	karşılamaya	1
Insana	İnsana	1
dayanilmayacak	dayanılmayacak	1
varmalarindan	varmalarından	1
ayrintisini	ayrıntısını	1
kizim	kızım	1
Sultan'1	Sultan'ı	1
boşatabilmek	boşatabılmek	1
Selâmetteyiz	Selametteyiz	1
Sihhatlerimiz	Sıhhatlerimiz	1
yazdiğiniz	yazdığınız	1
karti	kartı	1
yengemin	yengernin	1
mayisin	mayısın	1
Yildiz'dan	Yıldız'dan	1
ayrilmadiğim	ayrılmadığım	1
kizima	kızına	1
çağirmiş	çağırmış	1
anlattiktan	anlattıktan	1
Kizimin	Kızının	1
kizimi	kızını	1
bîgünahtir	bigünahtır	1
bil	bu	1
Arasindan	Arasından	1
Mays	Mayı	1
Italya'dan	İtalya'dan	1
yatti	yattı	1
Karisinin	Karısının	1
kapayacaği	kapayacağı	1
lâzimgelen	lazımgelen	1
uzaklaştiriyorlardi	uzaklaştırıyorlardı	1
Askerîsi	Askerisi	1
helecanli	helecanlı	1
hifz	hıfz	1
bindigi	bindiği	1
harcamaksizin	harcamaksızın	1
kaplica	kaplıca	1
cnişte	cnışte	1
Näzım	Nazım	1
birkag	birkaç	1
âninda	anında	1
varmamişlardi	varmamışlardı	1
yapilacakti	yapılacaktı	1
açilmiti	acilmiti	1
maceralarina	maceralarına	1
ayrlmiş	ayrlmış	1
dayanamamiş	dayanamamış	1
yollayacakti	yollayacaktı	1
yavrularim!	yavrularım!	1
yannda	yanında	1
ayrilmamizdan	ayrılmamızdan	1
nevazili	nevazılı	1
civiltilarinizla	cıvıltılarınızla	1
kapansin	kapansın	1
Lomça	Lonca	1
yavrucaklarimi	yavrucaklarımı	1
gelmis	gelmiş	1
kaldiğinda	kaldığında	1
Bakanliğl'nin	Bakanlığl'nın	1
Rihtimi'nda	Rıhtımı'nda	1
yazacaği	yazacağı	1
anlatacaği	anlatacağı	1
başlamişti!	başlamıştı!	1
sağladiklari	sağladıkları	1
bakilacak	bakılacak	1
şâha	saha	1
Ingiltere'yi	İngiltere'yi	1
karsisina	karşısına	1
savagin	savaşın	1
edâ	edi	1
çikabilme	çıkabilme	1
hayâli!	hayali!	1
hayatun	hayatın	1
hic	hiç	1
gittigimi	gittiğini	1
mezâhimine	mezahimine	1
alişmamiş	alışmamış	1
ağlayacaksin	ağlayacaksın	1
kavuşalim	kavuşalım	1
sonrasinin	sonrasının	1
Iniyan	İniyan	1
iztiraplarinla	ıztıraplarınla	1
tamamliyordu	tamamlıyordu	1
Inkâr	İnkar	1
Mektuplarni	Mektuplarnı	1
Âfiyet	Afiyet	1
iztiraplarimdan	ıztıraplarımdan	1
iztiraplarimla	ıztıraplarımla	1
Insanlardan	İnsanlardan	1
gözyaşlarima	gözyaşlarına	1
yavrucuklarimi	yavrucuklarımı	1
Ikigözüm	İkigözüm	1
yazdiğimi	yazdığımı	1
çalişacağim	çalışacağım	1
diyorlardi	diyorlardı	1
Allah'imdan	Allah'ımdan	1
Çarlik	Çarlık	1
Rusyasi'nin	Rusyası'nın	1
tamamina	tamamına	1
olamamişlardi	olamamışlardı	1
kullanmalari	kullanmaları	1
kararsiz	kararsız	1
vasitayi	vasıtayı	1
mişlardi	mışlardı	1
olacağ1	olacağı	1
kazanamayacaği	kazanamayacağı	1
Kafkasyalilar'dan	Kafkasyalılar'dan	1
Rusyasinin	Rusyasının	1
başbakanlarindan	başbakanlarından	1
ağirlaniyor	ağırlanıyor	1
Bolsevikler'in	Bolşevikler'in	1
gelismeleri	gelişmeleri	1
serbestligi	serbestliği	1
sağlamalari	sağlamaları	1
açilmasindan	açılmasından	1
yardimin	yardımın	1
duyduklarm	duydukları	1
taslaği	taslağı	1
imzalanamadi	imzalanamadı	1
Moskova'yi	Moskova'yı	1
imzalamasi	imzalaması	1
arttirmayi	arttırmayı	1
Anlaşmanin	Anlaşmanın	1
politikasinda	politikasında	1
imzalanmasinin	imzalanmasının	1
Ankara'yi	Ankara'yı	1
aşamalarindan	aşamalarından	1
sonlanmasinda	sonlanmasında	1
oynayacakti!	oynayacaktı!	1
Moskova'nin	Moskova'nın	1
imkânsizdi	imkansızdı	1
koymalarinin	koymalarının	1
başlamalari	başlamaları	1
bulunacaklarini	bulunacaklarını	1
Emîri	Emri	1
Kâbil'den	Kabil'den	1
yapilamayacağini	yapılamayacağını	1
Esâsî	Esası	1
Esâsî’yi	Esası’yı	1
okumamişti	okumamıştı	1
Ocaklari	Ocakları	1
okunaya	okumaya	1
baçladiği	bacladığı	1
kâşifSven	kaşifsven	1
tanidiğini	tanıdığını	1
isindiğini	ısındığını	1
Düün	Dün	1
kayiginin	kayığının	1
aldigim	aldığım	1
sikildiğl	sıkıldığl	1
hudutlarinda	hudutlarında	1
karşilaşan	karşılaşan	1
Ittihadçilarin	İttihadcıların	1
şuuraltlarinda	şuuraltlarında	1
yakinlaşma	yakınlaşma	1
katilamamasina	katılamamasına	1
bağlamalarinda	bağlamalarında	1
sahasini	sahasını	1
birseylerle	birşeylerle	1
Ankara'mn	Ankara'nın	1
dünyamn	dünyanın	1
katlmak	katmak	1
etmisti	etmişti	1
tesvik	teşvik	1
sinifini	sınıfını	1
makatlarin	makatların	1
Kun	Kün	1
başlamişlardi	başlamışlardı	1
haberdardi	haberdardı	1
kalmadiğini	kalmadığını	1
hatirlatmış	hatırlatmış	1
Âzerîler'i	Azeriler'i	1
kaçinmasini	kaçınmasını	1
kapanmasindan	kapanmasından	1
mesajini	mesajını	1
yazişmalarn	yazışmaları	1
çalişsa	çalışsa	1
katilmişti	katılmıştı	1
Moskova'si	Moskova'sı	1
hayatindan	hayatından	1
ulaşmalarini	ulaşmalarını	1
rtinanin	rtinanın	1
çikabilmişler	çıkabilmişler	1
Ihtilâl	İhtilal	1
Misr	Mısr	1
okunmasina	okunmasına	1
oturumlari	oturumları	1
zabitlara	zabıtları	1
bakimndan	bakımından	1
alkişlarla	alkışlarla	1
haykirişlarla	haykırışlarla	1
çaldiğ	çaldığ	1
yeralmalari	yeralmaları	1
suçlandilar	suçlandılar	1
kararsizliklarindan	kararsızlıklarından	1
ağirn	aşırı	1
Kafkasya'nin	Kafkasya'nın	1
Dağistan	Dağıstan	1
konuşmacisi	konuşmacısı	1
kurtardiğini	kurtardığını	1
anlatmasindan	anlatmasından	1
hatirlatti!	hatırlattı!	1
varilan	varılan	1
Ankara'si	Ankara'sı	1
sabahu	sabahı	1
Shablin'in	Shablın'ın	1
tamamlamasindan	tamamlamasından	1
yazill	yazıll	1
taşimalari	taşımaları	1
duyurulmalarina	duyurulmalarına	1
başmdan	bundan	1
Kurultay'daki	Kurultay'dakı	1
haykirilarinin	haykırılarının	1
tekrarlandiğini	tekrarlandığını	1
protestolarin	protestoların	1
arkadaşlarn	arkadaşları	1
oturuyorlardi	oturuyorlardı	1
onlarn	onları	1
aralik	aralık	1
ortadaydi	ortadaydı	1
locasindan	locasından	1
çığlıklan	çığlıkları	1
Rusça'sinn	Rusça'sınn	1
okumasina	okumasına	1
verilmemosinden	verilmemosınden	1
görüsmelerine	görüşmelerine	1
Pusa'nim	Püsa'nım	1
birlikleriAhiska	birlikleriahıska	1
iduresi	idüresi	1
sayfalaridir	sayfalarıdır	1
Ilerleme	İlerleme	1
tâcini	tacını	1
kurultayin	kurultayın	1
Toni	Ton	1
demokratlarin	demokratların	1
yayinladilar	yayınladılar	1
cellâdi	celladı	1
Iddia	İddia	1
toplantilara	toplantılara	1
Mektuplarinda	Mektuplarında	1
sekreteryasi	sekreteryası	1
hazirlatp	hazırlatp	1
Kurultayi'nin	Kurultayı'nın	1
katil	katıl	1
başlamaliyiz	başlamalıyız	1
yaptik	yaptık	1
devaml	devam	1
kollarimizi	kollarımızı	1
sorumlularina	sorumlularına	1
uyariyor	uyarıyor	1
uğraştiğini	uğraştığını	1
versiyonlari	versiyonları	1
hazirlayip	hazırlayıp	1
sunmasindaki	sunmasındakı	1
çalumak	çalmak	1
kavramlara	kavramları	1
yaşadiğ	yaşadığ	1
kirikliğ	kırıklığ	1
Kurultayl'nin	Kurultayl'nın	1
anlattigi	anlattığı	1
olmadiklarim	olmadıklarını	1
gevk	sevk	1
alayinin	alayının	1
gidisinden	gidişinden	1
karşilandiğl	karşılandığl	1
yardimlarda	yardımlarda	1
uzamyor	uzanıyor	1
neşgul	meşgul	1
Türkistani	Türkistanı	1
pacaklarini	pacaklarını	1
mânâsiz	manasız	1
kirikliğindan	kırıklığından	1
cevapladi	cevapladı	1
kaçinmasi	kaçınması	1
hatirlatti!190	hatırlattı!190	1
Hanimi	Hanımı	1
Avusturya'nin	Avusturya'nın	1
kalfalari	kalfaları	1
isle	işle	1
mesgul	meşgul	1
Iranlilarindir	İranlılarındır	1
başkaldirilar	başkaldırılar	1
uzum	uzun	1
başkalduri	başkaldırı	1
dindardi	dindardı	1
imtihaninda	imtihanında	1
okutmadiğ	okutmadığ	1
altmişinciliğa	altmışıncılığa	1
arttirip	arttırıp	1
toparlanmisti	toparlanmıstı	1
Nâzirliği	Nazırlığı	1
kadinlarla	kadınlarla	1
Dindarliğinin	Dindarlığının	1
riayetkârdi	riayetkardı	1
çıkmi	çıkmı	1
namazini	namazını	1
kalktim	kalktım	1
namazimi	namazını	1
kildiktan	kıldıktan	1
derunî	derin	1
şaşacaksin	şaşacaksın	1
namazinda	namazında	1
itibanyla	itibarıyla	1
hazurhklari	hazırlıkları	1
gunleri	günleri	1
arastirma	araştırma	1
noktalarina	noktalarına	1
detaylarina	detaylarına	1
alişkanliklarini	alışkanlıklarını	1
büit	but	1
Arslan'in	Arslan'ın	1
emîri	emri	1
arasini	arasını	1
bulunduğıımu	bulunduğunu	1
yuzden	yüzden	1
Pasa'yi	Paşa'yı	1
yardmı	yardım	1
yayınlandi	yayınlandı	1
isyanina	isyanına	1
kirikliğinin	kırıklığının	1
karşilamadilar	karşılamadılar	1
Izvestiya	İzvestiya	1
zaptin	zaptın	1
kalmiştr	kalmıştr	1
yazilmişti!	yazılmıştı!	1
Bolsevikler	Bolşevikler	1
calişirken	çalışırken	1
baskilara	baskılara	1
karşilamişlardi	karşılamışlardı	1
katlmasindan	katlmasından	1
çalişiyorlardi	çalışıyorlardı	1
farkliliklari	farklılıkları	1
etraflarindaki	etraflarındaki	1
ayriliğinin	ayrılığının	1
imkarn	imkan	1
taraftarlan	taraftarları	1
evlâtlari	evlatları	1
Pasa'ya	Paşa'ya	1
Talâtçilar	Talatçılar	1
Talâtçilar'in	Talatçılar'ın	1
sonrulari	sonruları	1
alindiklari	alındıkları	1
Surgundeki	Sürgündeki	1
canlandirabilmeye	canlandırabilmeye	1
maksatlari	maksatları	1
programlari	programları	1
yapilmaktaydi	yapılmaktaydı	1
sahalari	sahaları	1
hazirlanip	hazırlanıp	1
zorlaştiran	zorlaştıran	1
erkâninin	erkanının	1
karişikliklar	karışıklıklar	1
aydinlatilamamiştir	aydınlatılamamıştır	1
Ittihadi	İttihadı	1
yazişmalardan	yazışmalardan	1
şildiğina	sildiğina	1
tamamlanmasina	tamamlanmasına	1
hazirlanmişti	hazırlanmıştı	1
politikalarin	politikaların	1
Kuşçubaşi	Kuşçubaşı	1
kararlaştirmiş	kararlaştırmış	1
Başkanliğa	Başkanlığa	1
Hazirlanan	Hazırlanan	1
Firkasl	Fırkası	1
Ittihadl'nin	İttihadl'nın	1
veznedarliğa	veznedarlığa	1
Mesâînin	Mesainin	1
Programi203	Programı203	1
Firkasina	Fırkasına	1
karşiliyordu!	karşılıyordu	1
ayliklari	aylıkları	1
Ihtilal	İhtilal	1
Şûrâlar	Sıralar	1
Ittihadi'ni	İttihadı'nı	1
Firkast	Fırkast	1
Milletlerarasi	Milletlerarası	1
bulunmasinin	bulunmasının	1
indaki	ındaki	1
firkanin	fırkanın	1
kurmustu	kurmuştu	1
baindaydi	baindaydı	1
frkayi	frkayı	1
duşünmüştü	düşünmüştü	1
Firka'nin	Fırka'nın	1
programini	programını	1
firka	fırka	1
yirtti	yırttı	1
Firka	Fırka	1
kâğidini	kağıdını	1
hazirlanacaktir	hazırlanacaktır	1
yollandim	yollandım	1
telâşina	telaşına	1
heyecanina	heyecanına	1
alşacaktir	alsacaktır	1
beratini	beratını	1
Ittihadçılar’in	İttihadçılar’ın	1
arkadaşlarımn	arkadaşlarının	1
çalişnış	çalışmış	1
Firkasi'nin	Fırkası'nın	1
yayini	yayını	1
Maumafil	Maumafıl	1
çikartmaya	çıkartmaya	1
nâşir	Nasır	1
aradiğimizi	aradığımızı	1
satircik	satırcık	1
sapirografla	şapirografla	1
basilmak	basılmak	1
maksatlarimiza	maksatlarımıza	1
efkârini	efkarını	1
Doğru'ki	Doğru'kı	1
yummasi	yumması	1
sâbik	sabık	1
alişverişinde	alışverişinde	1
bulundurulmamasi	bulundurulmaması	1
imzalari	imzaları	1
vardi!208	vardı!208	1
Karargâhini	Karargahını	1
Sarikamiş'a	Sarıkamış'a	1
Sarikamiş'tan	Sarıkamış'tan	1
yolladiği	yolladığı	1
Programi'nin	Programı'nın	1
teşkilâtlarinin	teşkilatlarının	1
inkilâp	inkılap	1
alndiği	alındığı	1
çaliştiklarini	çalıştıklarını	1
telgrafinda	telgrafında	1
yapamadiklari	yapamadıkları	1
birakmadiğl	bırakmadığl	1
esaslarini	esaslarını	1
nâmi	mani	1
başlanmiştir	başlanmıştır	1
çalişiyormuş	çalışıyormuş	1
yemini	yerini	1
esasli	esaslı	1
mukadderâtini	mukadderatını	1
Misir'a	Mısır'a	1
yildizl	yıldızl	1
varliğimizi	varlığımızı	1
saraylarin	sarayların	1
atilmakta	atılmakta	1
aldanilmayarak	aldanılmayarak	1
faydasini	faydasını	1
kalacağimizi	kalacağımızı	1
kalmakliğimizi	kalmaklığımızı	1
çikarmamasini	çıkarmamasını	1
fabrikasiz	fabrikasız	1
teşkilâtsiz	teşkilatsız	1
izâmini	izamını	1
irtikâba	irtikaba	1
sormali	sormalı	1
isgale	işgale	1
inkilap	inkılap	1
dağitan	dağıtan	1
yapamadiği	yapamadığı	1
inkilâbini	inkılabını	1
yollanmiş	yollanmış	1
girmeainin	girmeaının	1
takibatin	takibatın	1
girisimler	girişimler	1
kumandanliklarina	kumandanlıklarına	1
arkasnda	arkasında	1
ayrilmişti	ayrılmıştı	1
başlayacakti	başlayacaktı	1
olacağina	olacağına	1
kaşinda	kasında	1
kili	kılı	1
hayranliğindan	hayranlığından	1
kitabin21	kitabın21	1
bakişini	bakışını	1
şahıslann	şahısların	1
ordularimin	ordularının	1
bagarinin	başarının	1
Ninn	Rinin	1
başarilarinin	başarılarının	1
paşaliğa	paşalığa	1
yegeni	yeğeni	1
tutuklandi	tutuklandı	1
yarbayliktan	yarbaylıktan	1
cevabl	cevabı	1
yazilt	yazılt	1
imhalarini	imhalarını	1
saymadigim	saymadığım	1
Ittihadçılardan	İttihadçılardan	1
HALIL	HALİL	1
oralar	onlar	1
araştiracaktim	araştıracaktım	1
sevkiyatini	sevkıyatını	1
varmasinin	varmasının	1
kurtarilmasinun	kurtarılmasınun	1
bulmakiçin	bulmakıçın	1
sâde	iade	1
zannimca	zannımca	1
vâsil	vasıl	1
Başkumandanliği'ni	Başkumandanlığı'nı	1
çalişamam	çalışamam	1
konusabildi	konuşabıldı	1
amcasindan	amcasından	1
bulunmasin	bulunmasın	1
olacaklardi!	olacaklardı!	1
nâmima	namına	1
açildiği	açıldığı	1
varinaz	varınaz	1
çarptiğina	çarptığına	1
kapatilmiti	kapatılmıtı	1
Zarfi	Zarfı	1
yaziliydi	yazılıydı	1
tarafumdan	tarafından	1
temasinin	temasının	1
mintakalarindan	mıntakalarından	1
hazirlanarak	hazırlanarak	1
uğratilarak	uğratılarak	1
bulunmayacaği	bulunmayacağı	1
münderecâti	münderecatı	1
varlmadi	varlmadı	1
yanaşmamı	yarısının	1
yanaşmamalari	yanaşmamaları	1
devralacağini	devralacağını	1
oluan	ölüm	1
kurulmasinin	kurulmasının	1
geceyarisinda	geceyarısında	1
yaratirdi	yaratırdı	1
uğraşiyor	uğraşıyor	1
yazisini	yazısını	1
Ingilizcesini	İngilizcesini	1
hazirliyordu	hazırlıyordu	1
icadi	icadı	1
hâvidir	havidir	1
mukataayi	mukataayı	1
Malüm	Malum	1
olabildigince	olabildiğince	1
teçkilât	teckilât	1
Ittiladi	Ittıladı	1
Turkiye	Türkiye	1
yuzünü	yüzünü	1
rahatiyla	rahatıyla	1
çalişabilir	çalışabilir	1
vasayabilirim	vaşayabılırım	1
duygulanmiş	duygulanmış	1
yaşarmiş	yaşarmış	1
ağladiğini	ağladığını	1
Hazirliklarini	Hazırlıklarını	1
hazirladiği	hazırladığı	1
aldiklarn	aldıkları	1
yazilardan	yazılardan	1
yayinlaniyordu	yayınlanıyordu	1
sarsildilar	sarsıldılar	1
Katil	Katıl	1
kindarliği	kindarlığı	1
acimasizliği	acımasızlığı	1
tanriçasinin	tanrıçasının	1
plânlanip	planlanıp	1
Elâziğli	Elazığlı	1
Alaylari	Alayları	1
akrabalarinin	akrabalarının	1
saklamiş	saklamış	1
Elâziğ'daki	Elazığ'dakı	1
evlâtlik	evlatlık	1
Elâziğ'a	Elazığ'a	1
operasyonlarinin	operasyonlarının	1
atildiğl	atıldığl	1
uğramamişti!	uğramamıştı!	1
Rusya'yi	Rusya'yı	1
hissediyorlardi	hissediyorlardı	1
başbakanlik	başbakanlık	1
almasinu	almasını	1
kafatasini	kafatasını	1
parçalayacaksin	parçalayacaksın	1
ayağin	ayağın	1
büyik	buyık	1
Pna'nim	Pna'nım	1
delikanliydi	delikanlıydı	1
tabanlarini	tabanlarını	1
hurpalamişti	hürpalamıştı	1
yargilandiğl	yargılandığl	1
çiktiklari	çıktıkları	1
inanilan	inanılan	1
açiklanmayan	açıklanmayan	1
yakalanamadi	yakalanamadı	1
Tehlirian'in	Tehlirian'ın	1
Migirdiç	Mıgırdıç	1
Şiragyan'in	Şiragyan'ın	1
suikastin	suikastın	1
adamindan	adamından	1
cezalandirdiklarinu	cezalandırdıklarınu	1
Gürcistan'in	Gürcistan'ın	1
kaldirlamadi	kaldırlamadı	1
birakildilar	bırakıldılar	1
plânladiğin	plânladığın	1
Ermenikumandani	Ermenikumandanı	1
iddianin	iddianın	1
asilsizliğl	asılsızlığl	1
dayandirilan	dayandırılan	1
çabasindan	çabasından	1
yayinlarin	yayınların	1
beraati	beraatı	1
birakilmasinin	bırakılmasının	1
durulmamiştir	durulmamıştır	1
Petlyura’nin	Petlyura’nın	1
Ukrayna'nin	Ukrayna'nın	1
Ukraynalilar'in	Ukraynalılar'ın	1
katliamlarin	katliamların	1
Isakoviç	İsakoviç	1
avukatliğini	avukatlığını	1
Fransasi'nin	Fransası'nın	1
hukukçularindan	hukukçularından	1
ustleudi	üstleudı	1
davasimn	davasının	1
Odesa'daki	Odesa'dakı	1
Petlyura'nin	Petlyura'nın	1
işledigini	işlediğini	1
urdiş	urdış	1
Israil'e	İsrail'e	1
kahramanlarindandir	kahramanlarındandır	1
Israil'deki	İsrail'deki	1
yolculuklarinin	yolculuklarının	1
artmiş	artmış	1
Ifadelerinde	İfadelerinde	1
farkliliklariydi	farklılıklarıydı	1
acidiğuni	acıdığunı	1
vefatini	vefatını	1
sakinan	sakınan	1
umulmadik	umulmadık	1
zarfini	zarfını	1
kapadiktan	kapadıktan	1
aynlık	ayrılık	1
nazanndan	nazarından	1
sayisna	sayısına	1
Pasa'nun	Paşa'nın	1
îmali	mali	1
Dergiai'nin	Dergiaı'nın	1
yetistirildi	yetiştirildi	1
mecmuamuzin	mecmuamuzın	1
Tayliryan	Taylıryan	1
zarfinda	zarfında	1
Firkasl'nin	Fırkası'nın	1
dûş	düş	1
mânâsiyla	manasıyla	1
menâfi	menfi	1
metîn	metni	1
kilmişti	kılmıştı	1
Paşa'nn	Paşa'nın	1
Talât'in	Talat'ın	1
muhtâc	muhtaç	1
Islâm'da	İslam'da	1
Katli	Katlı	1
inkilâbinda	inkılabında	1
inkilâptan	inkılaptan	1
imzalanmasina	imzalanmasına	1
mukadderatinda	mukadderatında	1
firkasinda	fırkasında	1
müşarileyh	musarıleyh	1
mecmuamizin	mecmuamızın	1
iktifâ	iktifa	1
fedakârliktan	fedakarlıktan	1
müşarileyhi	musarıleyhi	1
müşarileyhin	musarıleyhin	1
sabirlar	sabırlar	1
ebedîsinin	ebedisinin	1
acilara	acılara	1
hukuklarini	hukuklarını	1
kahramanlarmizin	kahramanlarmızın	1
sandiğimiz	sandığımız	1
Batuın'da	Batum'da	1
koy	köy	1
âşıği	aşığı	1
gonderilmesini	gönderilmesini	1
kullandiğ	kullandığ	1
meraklarinin	meraklarının	1
boylardaki	boylardakı	1
ögrendiği	öğrendiği	1
ulattiğuna	ulattığuna	1
yabancilarla	yabancılarla	1
birhayli	birhaylı	1
uğraştiran	uğraştıran	1
Moskova'dadir	Moskova'dadır	1
safhasindan	safhasından	1
haberdardir	haberdardır	1
Islâmlar'in	İslamlar'ın	1
Istihkâmi	İstihkam	1
emâre	emre	1
zirhlisindan	zırhlısından	1
tayfalari	tayfaları	1
sirâyet	sirayet	1
atilmalidir	atılmalıdır	1
olacaklannı	olacaklarını	1
gorügmus	görüşmüş	1
burala	bunla	1
gun	gün	1
siradu	sıradu	1
oyuncaği	oyuncağı	1
aleyhimde	aleyhinde	1
almişlar	almışlar	1
bîçareyi	biçareyi	1
islattiktan	ıslattıktan	1
çikarmişlar	çıkarmışlar	1
zanlarinca	zanlarınca	1
tuttuklarini	tuttuklarını	1
katledilmis	katledilmiş	1
inanilmamasini	inanılmamasını	1
arkadaşlarinizdan	arkadaşlarınızdan	1
taniştiği	tanıştığı	1
işadami	işadamı	1
işadamlari	işadamları	1
ideologlarin	ideologların	1
Islâmlar’in	İslamlar’ın	1
arkadaglarn	arkadaşları	1
hizmetime	hizmetine	1
Kenal’in	Kemal’in	1
kiskundiginu	kışkundıgınu	1
zâttir	zattır	1
arkadas	arkadaş	1
hakaretâmiz	hakaretamiz	1
ahmak	almak	1
mantiğl	mantığı	1
Kafasiz	Kafasız	1
hirsll	hırsll	1
kabaği	kabağı	1
Samatya'nin	Samatya'nın	1
tulumbacilari	tulumbacıları	1
irtikâpçi	irtikapçı	1
soracağim	soracağım	1
ağlattin	ağlattın	1
ruyamdakini	rüyamdakını	1
biyikl	bıyıkl	1
kovaliyor	kovalıyor	1
yazacağimi	yazacağımı	1
şaşiriyorum	şaşırıyorum	1
olduguna	olduğuna	1
bulamadim	bulamadım	1
sama	Sami	1
yazdigum	yazdığım	1
çirpindigim	çırpındığım	1
satirlarca	satırlarca	1
çikmayişini	çıkmayışını	1
kayitsizliğa	kayıtsızlığa	1
satirla	satırla	1
yalmuz	yalnız	1
bulunuyordun	bulunuyordum	1
azicik	azıcık	1
aldanirmişim	aldanırmışım	1
firlayşlarini	fırlayşlarını	1
uğratmamaliydin	uğratmamalıydın	1
zannini	zannını	1
biraksaydin	bıraksaydın	1
seytanin	şeytanın	1
yildirim	yıldırım	1
olacaktim	olacaktım	1
parçalarim	parçalarım	1
çarpiliyorum	çarpılıyorum	1
yaksaydi	yaksaydı	1
maneviyâtimi	maneviyatını	1
donuk	dönük	1
dolaşip	dolaşıp	1
kalmniş	kılınmış	1
alçağim	alçağım	1
aranizda	aranızda	1
bozulınuş	bozulmuş	1
yazdigim	yazdığım	1
mektuplarim	mektupların	1
bahki	bahkı	1
sumdikaini	şumdıkaını	1
almadimiz	almadımız	1
darildiniz	darıldınız	1
kirginliğinizi	kırgınlığınızı	1
acinacağim	açınacağım	1
dedigini	dediğini	1
basmiş	basmış	1
âsâbini	asabını	1
Ruyasinda	Rüyasında	1
çarpintisi	çarpıntısı	1
uyanmiştir	uyanmıştır	1
uyandim	uyandım	1
idin	idim	1
yapiyordun	yapıyordum	1
çukurlarim	çukurlarım	1
hatırladim	hatırladım	1
kapadiniz	kapadınız	1
yaşamayalim	yaşamayalım	1
acimiyorsan	acımıyorsan	1
yavrularima	yavrularıma	1
ihtiyaçlan	ihtiyaçları	1
kark	kırk	1
kalmis	kalmış	1
lirasmn	liranın	1
ödeneginden	ödeneğinden	1
lirasim	lirasım	1
yazisina	yazısına	1
kâğidinin	kağıdının	1
parnsin	parnsın	1
satirlik	satırlık	1
tasa	taşa	1
başim	basım	1
vatanu	vatan	1
münhasiran	münhasıran	1
hesaplarini	hesaplarını	1
yapilabilecek	yapılabilecek	1
Inşallah	İnşallah	1
Rifk	Rıfk	1
ayaklandirmak	ayaklandırmak	1
esalifin	esalıfın	1
birakabilirdi	bırakabilirdi	1
esafil	esafıl	1
nas'in	nas'ın	1
çariklari	çarıkları	1
birakincaya	bırakıncaya	1
icraatinin	icraatının	1
çaliacağina	çalıacağına	1
Vesikalarimi	Vesikalarımı	1
kenarnna	kenarına	1
satmışlardi	satmışlardı	1
Nâzirliğl	Nazırlığl	1
ambarindan	ambarından	1
firârâ	firari	1
Yayinladiği	Yayınladığı	1
sikntisi	sıkıntısı	1
Isviçre'de	İsviçre'de	1
borçlandiğini	borçlandığını	1
anlatmişti	anlatmıştı	1
Nâzm	Nazım	1
Rüsuhi	Rusuhi	1
ayrnldi	ayrıldı	1
aliyorlardi	alıyorlardı	1
Hanın’in	Hanım’ın	1
yapmiyordu	yapmıyordu	1
çapaliyordu	çapalıyordu	1
saticiliği	satıcılığı	1
kaynaklarin	kaynakların	1
satilmasi	satılması	1
noktalamalarinin	noktalamalarının	1
hanimlarinin	hanımlarının	1
Almanyas'nin	Almanyas'nın	1
birakildiğini	bırakıldığını	1
Ayliklarin	Aylıkların	1
farklarindan	farklarından	1
yummalari	yummaları	1
talimatlarindan	talimatlarından	1
Is'ar	İş'ar	1
icrasi	icrası	1
Kîmil	Kımıl	1
sarfiyatin	sarfiyatın	1
âzâsindan	azasından	1
sabiki	sabıkı	1
alinmiştır	alınmıştır	1
tahsisati	tahsisatı	1
alinmitir	alınmıtır	1
yanlig	yanlış	1
gidisi	gidişi	1
temaslarini	temaslarını	1
makarigik	makarıgık	1
Sultan'n	Sultan'ın	1
aym	aynı	1
sönraki	sonraki	1
Eylul	Eylül	1
yapilarak	yapılarak	1
temaslarn	temasları	1
katilanlaen	katılanlaen	1
gonderdiği	gönderdiği	1
ayrintilarimn	ayrıntılarımn	1
vurgulamasi	vurgulaması	1
ayrilişlarinda	ayrılışlarında	1
sâkinlik	sakinlik	1
Satirlarinda	Satırlarında	1
rûhundaki	ruhundaki	1
kipirtlar	kıpırtlar	1
hissiyatina	hissiyatına	1
aciyi	acıyı	1
ayriliğin	ayrılığın	1
duymarniştim	duymarnıştım	1
cezasinin	cezasının	1
adimiydi	adımıydı	1
haritalarinda	haritalarında	1
Mayis’ta	Mayıs’ta	1
yaptirabilen	yaptırabilen	1
kayikçılar	kayıkçılar	1
haberleşiyorlardi	haberleşiyorlardı	1
plânlanmiş	planlanmış	1
çukardiğl	çukardığl	1
dedikodularin	dedikoduların	1
rihtimda	rıhtımda	1
bulamadilar	bulamadılar	1
orali	oralı	1
Kahramani'ni	Kahramanı'nı	1
sağliğunin	sağlığının	1
karık	kırık	1
kişlari	kışları	1
sarsmişti	sarsmıştı	1
oturmami	oturmamı	1
Kirim's	Kırım's	1
kalmadigma	kalmadıgma	1
vatanimda	vatanımda	1
meyaninda	meyanında	1
Harcketimi	Harçketimi	1
istikbalciler	istikbalcıler	1
edilemeyecegini	edilemeyeceğini	1
vasitasiyle	vasıtasiyle	1
birakmişti	bırakmıştı	1
Rusya'yagidip	Rusya'yagıdıp	1
vak'ayi	vak'ayı	1
sifatiyle	sıfatiyle	1
kumandanliğina	kumandanlığına	1
Kayikçılar	Kayıkçılar	1
temastaydi	temastaydı	1
Ittihadçilar’1	İttihadçılar’1	1
karşiliyor	karşılıyor	1
talimatlarinin	talimatlarının	1
yaptirnp	yaptırnp	1
sloganlari	sloganları	1
attirmişti	attırmıştı	1
Kâhya'nin	Kâhya'nın	1
istihbaratçilarnndan	istihbaratçılarnndan	1
zaafindan	zaafından	1
ortaliğin	ortalığın	1
kargaşaliğindan	kargaşalığından	1
azittikça	azıttıkça	1
azitiyor	azıtıyor	1
tabancasina	tabancasını	1
palabiyiklarni	palabıyıklarnı	1
avazi	avazı	1
bağirmişti	bağırmıştı	1
Içimizde	İçimizde	1
Trabzonlularindir	Trabzonlularındır	1
fenalik	fenalık	1
mutlaktir	mutlaktır	1
kayikçilara	kayıkçılara	1
biraktirarak	bıraktırarak	1
irtibatimizi	irtibatımızı	1
alâkanizi	alakanızı	1
sse	ise	1
Asarim	Aşarım	1
lâflari	lafları	1
Hayir'de	Hayır'de	1
bakalim!	bakalım!	1
elciye	elçiye	1
Kâlya'nin	Kalya'nın	1
Kararu	Kararı	1
harekâtumi	harekatını	1
Inebolu'ya	İnebolu'ya	1
Lâz	Liz	1
kolladiğl	kolladığl	1
Eşyalarimi	Eşyalarımı	1
kayiğl	kayığl	1
tutacaktim	tutacaktım	1
Ialil	Iâlîl	1
muvâfik	muvafık	1
Kaptan'in	Kaptan'ın	1
Kayikçilar	Kayıkçılar	1
Kâhyasi	Kâhyası	1
başibozuklariydi	başıbozuklarıydı	1
yakndan	yakından	1
baskilarna	baskılarna	1
koyamadi	koyamadı	1
karşilandiğn	karşılandığn	1
kaldiğr	kaldığr	1
hatirmizi	hatırmızı	1
sorardi	sorardı	1
yüzbaşiya	yüzbaşıya	1
yaşayamayacağimı	yaşayamayacağımı	1
akibetlere	akıbetlere	1
bulmadiğimı	bulmadığımı	1
çalişacağini	çalışacağını	1
istirahatimi	istirahatımı	1
Binasi'nin	Binası'nın	1
tatlilikla	tatlılıkla	1
kiraladiğim	kiraladığım	1
refikamin	refikamın	1
Hatiralarinda	Hatıralarında	1
sikilmasi	sıkılması	1
denizalti	denizaltı	1
vardilar	vardılar	1
Istrebitel	İstrebitel	1
kalamiyor	kalamıyor	1
Kusçubaşi	Kuşçubaşı	1
kişkirttiğini	kışkırttığını	1
çekilniş	çekilmiş	1
tafsilâti	tafsilatı	1
teşkilâtlarni	teşkilatlarnı	1
kurtarayim	kurtarayım	1
gayrimütecanis	gayrimütecanıs	1
kâffesinin	kaffesinin	1
kaldikça	kaldıkça	1
Basmacilarla	Basmacılarla	1
yaratacağinı	yaratacağını	1
başliyan	başlıyan	1
motorlarin	motorların	1
döneceğim'kararnni	döneceğim'kararnnı	1
esassiz	esassız	1
kapilmaktan	kapılmaktan	1
bulunmayacağim	bulunmayacağım	1
mecmuasi	Mecmuası	1
şaşirdim	şaşırdım	1
açilmasin	açılmasın	1
sevdasi	sevdası	1
imzaladik	imzaladık	1
yoldaşim	yoldaşım	1
kararlaştirilmit1	kararlaştırılmıt1	1
harcirahin	harcırahın	1
bastiklari	bastıkları	1
cals	çalı	1
kapatmşlardi!	kapatmşlardı!	1
hayatlarinin	hayatlarının	1
Agustos'unda	Ağustos'unda	1
noktalandiği	noktalandığı	1
bobreklerinden	böbreklerinden	1
uğraşmamasi	uğraşmaması	1
rakidan	rakıdan	1
rakiyi	rakıyı	1
hazirliklardan	hazırlıklardan	1
seviyorlarmi	seviyorlarmı	1
eşkiyasindan	eşkıyasından	1
fisebilillâh	fişebilillâh	1
yapilana	yapılan	1
çikartmakla	çıkartmakla	1
bulunmayip	bulunmayıp	1
korkmus	korkmuş	1
çikarmiş	çıkarmış	1
çikarilmi	çıkarılmı	1
bulunmamalari	bulunmamaları	1
variyorlar	varıyorlar	1
uğraşıliyor	uğraşılıyor	1
uyari	uyarı	1
zâta	zatı	1
kandirilarak	kandırılarak	1
buhranli	buhranlı	1
taraftarlari	taraftarları	1
çalişmayi	çalışmayı	1
zatin	zatın	1
maksadin	maksadın	1
kilinmasi	kılınması	1
izâmi	izamı	1
başlattiklari	başlattıkları	1
Sakarya'nin	Sakarya'nın	1
uzerinden	üzerinden	1
görevlendirildigini	görevlendirildiğini	1
anlarini	anlarını	1
karşisindn	karşısındn	1
kalmişt	kalmışt	1
münâsebâti	münasebatı	1
almadikça	almadıkça	1
hatirlatmayl	hatırlatmayl	1
caliguyordu	çalıguyordu	1
plânlamaktaydi	planlamaktaydı	1
haftaliğina	haftalığına	1
buluşmamizi	buluşmamızı	1
vâkia	vakıa	1
yazmayi	yazmayı	1
kalinca	kalınca	1
tahamınül	tahammül	1
çaliştigumız	çalıştığımız	1
hissettigimiz	hissettiğimiz	1
bastirdi	bastırdı	1
yollamasinm	yollamasınm	1
nüshasini	nüshasını	1
yazdirildiğini	yazdırıldığını	1
vâsitasi	vasıtası	1
vesâireye	vesaireye	1
kardaşimiz	kardaşımız	1
intişâr	intişar	1
maksadinizi	maksadınızı	1
arkadaşlarimi	arkadaşlarımı	1
sayiyorsunuz	sayıyorsunuz	1
hayâtimi	hayatımı	1
başkalarnin	başkalarını	1
maksadina	maksadına	1
uğramayi	uğramayı	1
halkimi	halkımı	1
Propagandacilariniz	Propagandacılarınız	1
kunıandanlığı	kumandanlığı	1
düşünüyordunı	düşünüyordum	1
tereddut	tereddüt	1
Vâkia	Vakıa	1
zammmca	zannımca	1
gerektigi	gerektiği	1
Iikli	Iıklı	1
yip	yıp	1
yaralanmi	yaralanmı	1
lmişlar	lmışlar	1
yazimalarindan	yazımalarından	1
alişverişinden	alışverişinden	1
plânlarindan	planlarından	1
parçalarinin	parçalarının	1
çikacaklarini	çıkacaklarını	1
alamayacağini	alamayacağını	1
koklarim	koklarım	1
Telgrafinda	Telgrafında	1
lazime	lazıme	1
ittihazint	ittihazınt	1
alimmasim	alimmasım	1
Yunanlilar’in	Yunanlılar’ın	1
harekâtlari	harekatları	1
yiğin	yığın	1
yapmadiğimiz	yapmadığımız	1
darağaçlarina	darağaçlarına	1
anlayacağiz	anlayacağız	1
kalktilar	kalktılar	1
bulamadiklari	bulamadıkları	1
karmakarişikt	karmakarışıkt	1
biktiğini	bıktığını	1
uzayacağini	uzayacağını	1
inandi	inandı	1
suçladiğl	suçladığl	1
birakmadiğini	bırakmadığını	1
başladi!	başladı!	1
lâzum	lazım	1
teçvik	tecvik	1
calismaliyiz	çalışmalıyız	1
teşkilâtimızi	teşkilatımızı	1
arkadaşlarimin	arkadaşlarımın	1
kiskanmak	kıskanmak	1
karşilyorum	karşılyorum	1
müjdeaidir	müjdeaıdır	1
Yununlilar	Yununlılar	1
mevzîine	mevziine	1
Izmir'i	İzmir'i	1
nazariyla	nazarıyla	1
duracaktir	duracaktır	1
bulunacaklardir	bulunacaklardır	1
bakamayacağim	bakamayacağım	1
firsattan	fırsattan	1
başladimdi	başladımdı	1
şarkinda	şarkında	1
Seydi	Şeydi	1
sati	satı	1
havâdisler	havadisler	1
sarsildiklarini	sarsıldıklarını	1
Yunanlilar'1	Yunanlılar'1	1
ınenfi	menfi	1
yapınaya	yapmaya	1
bilähare	bilahare	1
çaliştiğim	çalıştığım	1
Maamafil	Maamafıl	1
teşkilâtindan	teşkilatından	1
isc	üç	1
oldugum	olduğum	1
kit'a	kıt'a	1
bulunacakti!	bulunacaktı!	1
çalişiyordu	çalışıyordu	1
Inebolu'daki	İnebolu'dakı	1
sevâhili	sevahili	1
bandiral	bandıral	1
Fartivalia	Fartıvalıa	1
râyice	rayiçe	1
kiymetinde	kıymetinde	1
altiniyla	altınıyla	1
Tarafindan	Tarafından	1
Batuma	Batum	1
ordularimizin	ordularımızın	1
nezdimde	nezdinde	1
Mikdarini	Mikdarını	1
yaptirdiğim	yaptırdığım	1
hesabiyl	hesabıyl	1
bâliğ	baliğ	1
zarfin	zarfın	1
Sirr	Sırr	1
tanimadiğini	tanımadığını	1
bâdeltedkik	badeltedkik	1
Inebolu	İnebolu	1
Irtibat	İrtibat	1
Parayl	Parayı	1
Zâta	Zatı	1
yaz1lmişt1	yazılmıştı	1
yoklamişti	yoklamıştı	1
mümk	minik	1
dügüncenin	düşüncenin	1
basarisiz	başarısız	1
çalişiyorlar	çalışıyorlar	1
söylüyorlardi	söylüyorlardı	1
Maksatlari	Maksatları	1
dağilacağimiz	dağılacağımız	1
rdim	rdım	1
maneviyatumzi	maneviyatumzı	1
nazarlarina	nazarlarına	1
ayiracaklari	ayıracakları	1
kuracaklari	kuracakları	1
imzalamiş	imzalamış	1
Anlaşmasinin	Anlaşmasının	1
çıkaracakti	çıkaracaktı	1
çikarttiğini	çıkarttığını	1
mânasiz	manasız	1
kampanyayi	kampanyayı	1
Sarikamış	Sarıkamış	1
yayininin	yayınının	1
Rifkr'nin	Rıfkr'nın	1
Mayis'indan	Mayıs'ından	1
Rüesâsinin	Rüesasının	1
Diyâr	Diyar	1
birakmiyordu	bırakmıyordu	1
çağiriyorlar	çağırıyorlar	1
motorlarinin	motorlarının	1
Râik'i	Raik'i	1
firtinasi	fırtınası	1
emelimde	emelinde	1
yağdi	yağdı	1
mukarrerâti	mukarreratı	1
uzaklaşacağim	uzaklaşacağım	1
fenaliğini	fenalığını	1
mevâni	mevani	1
mihlamaz	mıhlamaz	1
yapilmadiğini	yapılmadığını	1
hazirlamişlar	hazırlamışlar	1
Rûhum	Ruhun	1
sikildi	sıkıldı	1
canimi	canımı	1
almamiş	almamış	1
telgraflarimi	telgraflarımı	1
nndan	rından	1
yapmalan	yapmaları	1
savasin	savaşın	1
başariszalk	başarıszalk	1
önemaiz	önemaız	1
ulaşilmasi	ulaşılması	1
vermis	vermiş	1
binasmda	binasında	1
katildiğ	katıldığ	1
feshetunişti	feshetunıştı	1
kazandiğ1	kazandığı	1
bazilar1	bazıları	1
inanmişti	inanmıştı	1
çikartabilmek	çıkartabilmek	1
Ittihadçilik'in	İttihadcılık'ın	1
başkalariyla	başkalarıyla	1
çalişiyorsam	çalışıyorsam	1
hazirlanmamiz	hazırlanmamız	1
taraftariyim	taraftarıyım	1
htilâl	htilal	1
Teşkilâti’ni	Teşkilatı’nı	1
çalişmayl	çalışmayl	1
bulunulmasini	bulunulmasını	1
yakinlk	yakınlk	1
kitaâti	kıtaatı	1
ârî	arı	1
bulunmalidir	bulunmalıdır	1
toplamaliyiz	toplamalıyız	1
ayirmişti	ayırmıştı	1
hayâlindeydi	hayalindeydi	1
sahasina	sahasına	1
aylarinda	aylarında	1
yikip	yıkıp	1
istibdadini	istibdadını	1
Muvâfik	Muvafık	1
kararlarn	kararları	1
yazmasina	yazmasına	1
toplandi!	toplandı!	1
kaldiğ1	kaldığı	1
başkanliğl	başkanlığl	1
Somra	Sonra	1
toplandik	toplandık	1
hazirlanmadan	hazırlanmadan	1
çalişmaliyiz	çalışmalıyız	1
kararlarinin	kararlarının	1
olunacaktir	olunacaktır	1
Firkasi'na	Fırkası'na	1
kendilerin	kendilerini	1
halkçi	halkçı	1
mukarrerâtini	mukarreratını	1
önomli	onomlı	1
siraliyor	sıralıyor	1
mensuplarn	mensupları	1
grubum	grubun	1
varliğni	varlığın	1
saklamiyorlardi	saklamıyorlardı	1
mütesânid	mütesanid	1
Ittihadçiyiz	İttihadçıyız	1
cekinmemişti	çekinmemişti	1
telaşlandirdi	telaşlandırdı	1
maksadinin	maksadının	1
mahkûrn	mahkum	1
yapilmasindan	yapılmasından	1
saniği	sanığı	1
sonbaharindan	sonbaharından	1
iddiasi	iddiası	1
yeralmiş	yenilmiş	1
yakalanip	yakalanıp	1
Kirgiz	Kırgız	1
kariştiğini	karıştığını	1
oralari	oraları	1
çikarttiği	çıkarttığı	1
aylarindan	aylarından	1
inandirmiş	inandırmış	1
başarisizliği	başarısızlığı	1
âkibeti	akıbeti	1
Yaylasi'nda	Yaylası'nda	1
umidini	ümidini	1
çikartildiği	çıkartıldığı	1
vordi	vordı	1
Mayis't	Mayıs't	1
Ifadeleri	İfadeleri	1
karişiyor	karışıyor	1
recisinde	reçisinde	1
kararsizliğini	kararsızlığını	1
mütemâyil	mütemayil	1
oynatildiğuni	oynatıldığunı	1
isindirmaya	ısındırmaya	1
olunacakti!	olunacaktı!	1
kazanacağina	kazanacağına	1
Meınlekete	Memlekete	1
Paga'mn	Paşa'nın	1
hukumet	hükümet	1
Arkadaşlarinla	Arkadaşlarınla	1
bumlarin	bunların	1
ricâlini	ricalini	1
müsteâri	müstearı	1
mümaileyh	mumaileyh	1
dayar	diyar	1
Işsiz	İşsiz	1
uğraşir	uğraşır	1
Hac1	Hacı	1
mezâyâsi	mezayası	1
çalitiğim	çalıtığım	1
itirafina	itirafına	1
mesâili	mesaili	1
kompartimaninda	kompartımanında	1
yastiğa	yastığa	1
macerasimn	macerasımn	1
karmakarşik	karmakarşık	1
başyazari	başyazarı	1
yayinlayan	yayınlayan	1
muhakkakti	muhakkaktı	1
kivranan	kıvranan	1
yildanberi	yıldanberi	1
ihtiraslarin	ihtirasların	1
aklimla	aklımla	1
hayatimdaki	hayatındaki	1
hafizamin	hafızamın	1
karanliklarina	karanlıklarına	1
Ayrilirken	Ayrılırken	1
kucaklaşdik	kucaklaşdık	1
bulvarinda	bulvarında	1
rihtimlarindan	rıhtımlarından	1
balam	bilim	1
Hansl	Harıl	1
ruyalarin	rüyaların	1
savaşsiz	savaşsız	1
dağilmasinin	dağılmasının	1
lûtuf	lütuf	1
isyanlarin	isyanların	1
Imparatorluğu'ndan	İmparatorluğu'ndan	1
istibdadin	istibdadın	1
bozkir	bozkır	1
tanitmak	tanıtmak	1
alnasi	alması	1
Ebulhayr'in	Ebulhayr'ın	1
kanl	kan	1
anlaşmazliklara	anlaşmazlıklara	1
Hanliklar	Hanlıklar	1
düşmanliklarindan	düşmanlıklarından	1
yanaşip	yanaşıp	1
tamaminda	tamamında	1
çarpişan	çarpışan	1
boylarinin	boylarının	1
Kafkasyali	Kafkasyalı	1
Babalari	Babaları	1
çalişt1	çalıştı	1
kolaylaştirdi	kolaylaştırdı	1
kavuşmasini	kavuşmasını	1
Çingizoğlu	Çıngızoğlu	1
Türkmenistan'in	Türkmenistan'ın	1
Dağistan'in	Dağıstan'ın	1
çaliştilar	çalıştılar	1
Kirgizlar	Kırgızlar	1
Hanliklarda	Hanlıklarda	1
olmadiklar	olmadıklar	1
idamlarin	idamların	1
uygulamasinin	uygulamasının	1
yauinda	yauında	1
âdiyeden	adiyeden	1
kaldiklarınn	kaldıklarınn	1
Buhara'nin	Buhara'nın	1
dalip	dalıp	1
bakişlari	bakışları	1
Kaftani	Kaftanı	1
bürinmüş	burinmüş	1
sariklar	sarıklar	1
uyanamamiş	uyanamamış	1
Ivan'in	İvan'ın	1
uğramasinin	uğramasının	1
Hanliği'ni	Hanlığı'nı	1
Kirim'l	Kırım'l	1
iştahini	iştahını	1
kabartiyordu	kabartıyordu	1
aşamasindan	aşamasından	1
taniyabilmek	tanıyabilmek	1
seyyahin	seyyahın	1
raporlarinın	raporlarının	1
tüccarlarina	tüccarlarına	1
hanliklara	hanlıklara	1
sürüyorlardi	sürüyorlardı	1
kalmişlar	kalmışlar	1
yarimadaya	yarımadaya	1
Şâh'in	Şah'ın	1
Sultanliğl	Sultanlığl	1
tahtlarinda	tahtlarında	1
sultanliğa	sultanlığa	1
Bahadir	Bahadır	1
ngilizler'in	İngilizler'in	1
Kâbil'i	Kabil'i	1
saldirilari	saldırıları	1
akinlar	akınlar	1
milletlerarasi	milletlerarası	1
kafalarini	kafalarını	1
başlamalarina	başlamalarına	1
tutuklatti	tutuklattı	1
yüzbaşiyi	yüzbaşıyı	1
Stoddard'in	Stoddard'ın	1
kapattirdi	kapattırdı	1
genis	geniş	1
hanliğa	Hanlığı	1
yeraldiğl	yeraldığl	1
hâni	hanı	1
unlasmasi	unlasması	1
gelindiginde	gelindiğinde	1
Bati'ya	Batı'ya	1
aknlar	akınlar	1
doğri	doğrı	1
boylarindan	boylarından	1
sağlamlaştirmak	sağlamlaştırmak	1
vassali	vassalı	1
lâğvedilip	lağvedilip	1
unvânini	unvanını	1
Ibni	İbni	1
yanlannda	yanlarında	1
alanlan	alanları	1
isgal	işgal	1
baskanliğmda	başkanlığında	1
tamamlanmişt1	tamamlanmıştı	1
başkaldirlar	başkaldırlar	1
Hanliklari'na	Hanlıkları'na	1
istemis	istemiş	1
Hokandli	Hokandlı	1
Hanini	Hanını	1
Abdülâziz’e	Abdülaziz’e	1
yollamişti	yollamıştı	1
Kâşgar'in	Kaşgar'ın	1
Türkistan'idir	Türkistan'ıdır	1
Bozkir	Bozkır	1
Yarimadasi'ndaki	Yarımadası'ndakı	1
iztirapla	ıztırapla	1
almalan	almaları	1
teşebbuslerde	teşebbüslerde	1
oynadiğl	oynadığı	1
caliıp	çalııp	1
oyaladiğl	oyaladığl	1
mAnîsi	manisi	1
oynattiğl	oynattığl	1
alamamişti	alamamıştı	1
Iran'daki	İran'daki	1
olamadilar	olamadılar	1
Ilişkiler	İlişkiler	1
hanliklarinda	hanlıklarında	1
karşiliklar	karşılıklar	1
nasihatnameler	nasihatnâmeler	1
sonradir	sonradır	1
çikacakti	çıkacaktı	1
çabasini	çabasını	1
zamanindaki	zamanındaki	1
yaradi	yaradı	1
ayrilikçı	ayrılıkçı	1
Ittihâd	İttihad	1
mensuplarini	mensuplarını	1
politikalara	politikaları	1
ayaklanmalarin	ayaklanmaların	1
tutmasinin	tutmasının	1
Yarmadasi'nin	Yarmadası'nın	1
başlarini	başlarını	1
tartişilmaktadir	tartışılmaktadır	1
çikartilmitir2g7	çıkartılmıtır2g7	1
kullandiklar	kullandıklar	1
kullanmi	kullanımı	1
aydinlanma	aydınlanma	1
babaliğini	babalığını	1
aydinlari	aydınları	1
aydinlarn	aydınları	1
Iandi	Ümidi	1
onde	önde	1
tedridantin	tedridantın	1
aydinlarindan	aydınlarından	1
yanıra	yarın	1
Gaspırali'nin	Gaspıralı'nın	1
Kirm	Kırm	1
Hanliği'nin	Hanlığı'nın	1
hanliklarindaki	hanlıklarındakı	1
Hanlari'na	Hanları'na	1
ilânina	ilanına	1
Emnîri	Emrini	1
asirlardaki	asırlardaki	1
Kadîmciler	Kadimciler	1
Kadîmciler'i	Kadimciler'i	1
kapattirmaya	kapattırmaya	1
Tutuklamalarin	Tutuklamaların	1
yeraltina	yeraltına	1
çikilmaz	çıkılmaz	1
tahtlari	tahtları	1
imzalamasinin	imzalamasının	1
Rusya'nn	Rusya'nın	1
olmayl	onayı	1
Hanliğ1	Hanlığı	1
Alaş	Alış	1
lâğvedildi	lağvedildi	1
gehir	şehir	1
ugradi	uğradı	1
kotti	kottı	1
Idareyi	İdareyi	1
güçlu	güçlü	1
Nâzurlar	Nazırlar	1
Bakanliği'na	Bakanlığı'na	1
Hoca'nin	Hoca'nın	1
Bakanliğrna	Bakanlığına	1
Atâ	İta	1
bağimsizliğni	bağımsızlığın	1
yaptirdilar	yaptırdılar	1
Başkanluğl'ni	Başkanluğl'nı	1
akrabasindan	akrabasından	1
Cumhurbaşkani	Cumhurbaşkanı	1
yanaşmamasi	yanaşmaması	1
savaın	savun	1
karşiliğ	karşılığ	1
başlattiğ	başlattığ	1
kaldirlacak	kaldırlacak	1
yikmiş	yıkmış	1
kalintilarini	kalıntılarını	1
kaldiramamişti	kaldıramamıştı	1
Türkmenbaşi'sina	Türkmenbaşı'sına	1
atilmiş	atılmış	1
pişmanliğini	pişmanlığını	1
savaşirlar	savaşırlar	1
çalimak	çalmak	1
kamplarindan	kamplarından	1
varmanin	varmanın	1
Teşkilâtl'nin	Teşkilatl'nın	1
Nâzim'a	Nazım'a	1
Ittihadçilarla	İttihadçılarla	1
Müslümanlar'ni	Müslümanlar'nı	1
ayaklandiracak	ayaklandıracak	1
kurtulmasini	kurtulmasını	1
kamplarina	kamplarına	1
Kusçubaşı	Kuşçubaşı	1
Ittihadç	İttihadç	1
plânin	planın	1
yayip	yiyip	1
Müslümanlari'ni	Müslümanları'nı	1
ayaklandirmayi	ayaklandırmayı	1
yoklamalari	yoklamaları	1
uyardilar	uyardılar	1
vardiklari	vardıkları	1
nazari	nazarı	1
efkârimizla	efkarımızla	1
idâmesine	idamesine	1
anlaşıldiğl	anlaşıldığl	1
Sonrasi	Sonrası	1
katlediliyorlardi	katlediliyorlardı	1
bastiğinda	bastığında	1
Moskova'nn	Moskova'nın	1
hattä	hatta	1
Bolsevik	Bolşevik	1
gorev	görev	1
muttefiki	müttefiki	1
kazanacaği	kazanacağı	1
kalkişmasinin	kalkışmasının	1
sinırlarindan	sınırlarından	1
tutulmasina	tutulmasına	1
olmayacağinin	olmayacağının	1
rihtimdan	rıhtımdan	1
tanidiğl	tanıdığı	1
halklarina	halklarına	1
atiliyordu	atılıyordu	1
Dumas’nin	Dumas’nın	1
yüzbaşinin	yüzbaşının	1
ayrildiğindan	ayrıldığından	1
mektuplarindaki	mektuplarındaki	1
yorumlanmitir	yorumlanmıtır	1
maksadl	maksadı	1
Islâm'i	İslam'ı	1
Islâm'n	İslam'ın	1
atildiğini	atıldığını	1
Müslümanlik'tan	Müslümanlık'tan	1
yanini	yanını	1
yazilarinda	yazılarında	1
yuvarlandiklarini	yuvarlandıklarını	1
ayaklariyla	ayaklarıyla	1
akimlarin	akımların	1
cereyanina	cereyanına	1
Araplik	Araplık	1
Boşnaklik	Boşnaklık	1
azaltmasi	azaltması	1
rabita	rabıta	1
kirmasi	kırması	1
Islâmciliğl	İslamcılığl	1
Islâm'1	İslam'ı	1
siyasîdir	siyasidir	1
yoğunlaştiği	yoğunlaştığı	1
mektubunda3i4	mektubunda3ı4	1
namazinin	namazının	1
kilinip	kılınıp	1
kilinmayacağ1	kılınmayacağ1	1
kavramini	kavramını	1
ilâninda	ilanında	1
cihadin	cihadın	1
yaramadiğini	yaramadığını	1
Müsümanlar'in	Muşumanlar'ın	1
almadiklarini	almadıklarını	1
unutamadiğl	unutamadığl	1
kullanmamasi	kullanmaması	1
anlaildiği	anlaıldığı	1
karşilandiği	karşılandığı	1
nidâlari	nidaları	1
Buharalilar’in	Buharalılar’ın	1
bastiklarl	bastıklarl	1
iddialarinda	iddialarında	1
azinliktir	azınlıktır	1
anlayamamiş	anlayamamış	1
yaşanmamiş	yaşanmamış	1
olamamiş	olamamış	1
gruplarinin	gruplarının	1
ilânnda	ilannda	1
Dışandan	Dışarıdan	1
yataklik	yataklık	1
temaslarina	temaslarını	1
olmadiğni	olmadığım	1
varişinin	varışının	1
doğrulanmasindan	doğrulanmasından	1
Ârif	Arif	1
karişmaya	karışmaya	1
hoşlanmiyorlardi	hoşlanmıyorlardı	1
Emîrinin	Emrinin	1
şaşiran	şaşıran	1
saflarinda	saflarında	1
hoşnutsuzluklarinin	hoşnutsuzluklarının	1
uzandiğini	uzandığını	1
canimiz	canımız	1
kiyam	kıyam	1
resmnî	resmini	1
arkadaşlarimiz	arkadaşlarımız	1
propagandasina	propagandasına	1
sikiliyordu	sıkılıyordu	1
katilabileceği	katılabileceği	1
aleyhtari	aleyhtarı	1
arkadaşlarimizdan	arkadaşlarımızdan	1
bulunmasini	bulunmasını	1
olacaktik	olacaktık	1
Ingilizlerle	İngilizlerle	1
karişmaktan	karışmaktan	1
sakinır	sakınır	1
Arkadaşlarinuz	Arkadaşlarınız	1
Türkistan’in	Türkistan’ın	1
Islâmiyet	İslamiyet	1
esasinda	esasında	1
alsin	alsın	1
Sultani'dir	Sultanı'dır	1
okuyucularindan	okuyucularından	1
Türkistancidir	Türkistancıdır	1
kaçinir	kaçınır	1
inanmalari	inanmaları	1
inandiğindan	inandığından	1
kizdirmiyalim	kızdırmıyalım	1
Şayik'in	Sayık'ın	1
Velidî'den	Velidi'den	1
zâyi	zayi	1
kopartacaklarini	kopartacaklarını	1
kişkirtmalara	kışkırtmalara	1
isyanindaki	isyanındaki	1
Paşa'ninşöhret	Paşa'nınşöhret	1
kopaririz	koparırız	1
kuyanu	kıyam	1
arkadaşlarinizin	arkadaşlarınızın	1
Çar’in	Çar’ın	1
kiyamin	kıyamın	1
Kurgizlar’in	Kurgızlar’ın	1
Batiroğullari'na	Batıroğulları'na	1
kaçinirim	kaçınırım	1
olmadiğuni	olmadığını	1
firsattir	fırsattır	1
Velidîden	Velididen	1
anladiğimi	anladığını	1
çalişmami	çalışmamı	1
kurtulacaktir	kurtulacaktır	1
mütalâami	mütalaamı	1
bumu	bunu	1
Ciçerin'e	Çiçerin'e	1
kirilmış	kırılmış	1
telgrafini	telgrafını	1
Ihtimal	İhtimal	1
satrlari	satrları	1
istihsâle	istihsale	1
kalacağui	kalacağuı	1
kaldiğimi	kaldığını	1
harekâtim	harekatın	1
Canim	Canım	1
sikiliyor	sıkılıyor	1
yardimimizla	yardımımızla	1
mintikasmda	mıntıkasında	1
Basmacilari'na	Basmacıları'na	1
Paça'yi	Paça'yı	1
tanitmnalarini	tanıtmnalarını	1
Jurinev'le	Jürinev'le	1
Basnacilar	Başnacılar	1
Velidî'ye	Velidi'ye	1
buluşmalarinda	buluşmalarında	1
biraktiğini	bıraktığını	1
toplayip	toplayıp	1
kararni	karnını	1
Basmacilar'la	Basmacılar'la	1
imkânsizliğini	imkansızlığını	1
hatirlattim	hatırlattım	1
hoşlanmadi	hoşlanmadı	1
açikladr	açıkladr	1
katilacakti!	katılacaktı!	1
Hakimbay'in	Hakimbay'ın	1
çağirdik	çağırdık	1
hazirliğl	hazırlığl	1
birakmayalim	bırakmayalım	1
atilmak	atılmak	1
akiyordu	akıyordu	1
tertibatina	tertibatına	1
Türkistanlilar	Türkistanlılar	1
hazirliksizsiniz	hazırlıksızsınız	1
yapmamim	yapmanın	1
istedigini	istediğini	1
alist	alışt	1
hesaplaşmadiğini	hesaplaşmadığını	1
neşriyatini	neşriyatını	1
okumamiş	okumamış	1
tasarlamişti	tasarlamıştı	1
Jurinev’in	Jürinev’in	1
erbâbi	erbabı	1
Türkistanli	Türkistanlı	1
kirikliklarina	kırıklıklarına	1
uyarilarinda	uyarılarında	1
savaşmaliydi	savaşmalıydı	1
kurtarilmasiydi	kurtarılmasıydı	1
katilmaktaydi	katılmaktaydı	1
çalimasini	çalımasını	1
Avamî	Avam	1
inancindaydilar	inancındaydılar	1
Azerî'yi	Azeri'yi	1
kararsizdi	kararsızdı	1
başlatmasi	başlatması	1
politikaci	politikacı	1
Çokay'in	Çokay'ın	1
açliğa	açlığa	1
mallarinın	mallarının	1
Asya'sini	Asya'sını	1
kurtari	kurtarı	1
Şûrasi'ndan	Şurası'ndan	1
boşaltmalarini	boşaltmalarını	1
birakilmakta	bırakılmakta	1
Rusyasi'na	Rusyası'na	1
levaziminin	levazımının	1
yapilmaktadir	yapılmaktadır	1
halknin	halkının	1
kisimlarina	kısımlarına	1
Çekistler	Çekiştler	1
imkânindan	imkanından	1
inkilâpçı	inkılapçı	1
müracaatima	müracaatıma	1
etneyi	etmeyi	1
kararsizdh	kararsızdh	1
Kulağina	Kulağına	1
Müslüman'in	Müslüman'ın	1
hizmetimin	hizmetinin	1
atilmasini	atılmasını	1
Kararini	Kararını	1
baçina	biçimi	1
başlatacaği	başlatacağı	1
kurtaracakti	kurtaracaktı	1
Sonrasini	Sonrasını	1
okuyalim	okuyalım	1
satrlarindan	satrlarından	1
şarkin	şarkın	1
Timurlar'in	Timurlar'ın	1
taçlarini	taçlarını	1
emnin	emrin	1
sadâlari	sadaları	1
yavrularimla	yavrularımla	1
fedakârlikla	fedakârlıkla	1
refikasi	refikası	1
irkin	ırkın	1
rûhumla	ruhuna	1
yaşayacağim	yaşayacağım	1
dogrusu	doğrusu	1
sayfalik	sayfalık	1
sayfanin	sayfanın	1
Kasim'daki	Kasım'dakı	1
anlatmaktaydi	anlatmaktaydı	1
saraynin	sarayının	1
Ordulari	Orduları	1
Buhara'dakive	Buhara'dakıve	1
imzalamişti	imzalamıştı	1
yazmişt1	yazmıştı	1
utandirmasin	utandırmasın	1
yaşadiklarni	yaşadıklarnı	1
arasindakiler	arasındakiler	1
kayiptir	kayıptır	1
teşkilâtinin	teşkilatının	1
eşyalarn	eşyaları	1
karşilaştik	karşılaştık	1
Iran'in	İran'ın	1
karşilaşmada	karşılaşmada	1
sarildiktan	sarıldıktan	1
saşırtti	şaşırttı	1
basinma	basının	1
politikasi	politikası	1
yanaydi	yanaydı	1
taraftari	taraftarı	1
zorundaydl	zorundaydı	1
olamayan	olmayan	1
inad	mad	1
israrl	ısrarı	1
manâsiyla	manasıyla	1
arkadaşinin	arkadaşının	1
bekleyis	bekleyiş	1
azâbl	azabı	1
hegemonyasindan	hegemonyasından	1
çikiyorlardi	çıkıyorlardı	1
yanaydilar	yanaydılar	1
mahvolacağini	mahvolacağını	1
kalmayacağuni	kalmayacağunı	1
çikişli	çıkışlı	1
çağnsında	çağrısında	1
başkalan	başkaları	1
efradm	efradın	1
dolaştirdi!	dolaştırdı!	1
steşarliği	steşarlığı	1
mektuplaşiyor	mektuplaşıyor	1
Aralik'a	Aralık'a	1
yasadil	yaşadıl	1
basacaği	basacağı	1
Göktaş'in	Göktaş'ın	1
Baskinin	Baskının	1
anlaşilinca	anlaşılınca	1
olmadiğl	olmadıgl	1
eşyalarinin	eşyalarının	1
çalindiğini	çalındığını	1
çığlik	çığlık	1
atl	atı	1
Kapidan	Kapıdan	1
bağiriyordu	bağırıyordu	1
telaşi	telaşı	1
Kapiya	Kapıya	1
Işan	İşin	1
götürüyorlar'di	götürüyorlar'dı	1
yaktilar	yaktılar	1
Silâhlarl	Silahlarl	1
Riza'nin	Rıza'nın	1
alacağini	alacağını	1
alirdi	alırdı	1
atlandik	atlandık	1
Kişlağin	Kışlağın	1
kaçiştilar	kaçıştılar	1
sehri	şehri	1
şarka	Şarki	1
kişlağa	kulağa	1
anlayalim	anlayalım	1
aynldık	ayrıldık	1
sikâyetçi	şikayetçi	1
kaftani	kaftanı	1
bikmaya	bıkmaya	1
Bedevîleri	Bedevileri	1
anlayamadim	anlayamadım	1
Rahatsizliğim	Rahatsızlığım	1
Padişahum	Padişahın	1
geliyor'diye	geliyor'dıye	1
dolaştirmasinin	dolaştırmasının	1
Yabancinin	Yabancının	1
Älim	Alim	1
lâzimdi!	lazımdı!	1
yazişmalarla	yazışmalarla	1
ihtilâlciler	ihtilalciler	1
tutulmalarina	tutulmalarına	1
çıkartilmalarinin	çıkartılmalarının	1
yapildiğ	yapıldığ	1
oynamişti	oynamıştı	1
Lakâylar'in	Lakaylar'ın	1
oyalayici	oyalayıcı	1
oyalamiş	oyalamış	1
kaçirmamasi	kaçırmaması	1
birakilmasinda	bırakılmasında	1
Emîrine	Emrine	1
siğinmaya	sığınmaya	1
israrl1	ısrarlı	1
birakmasini	bırakmasını	1
ricalari	ricaları	1
Rahati'ye	Rahatı'ye	1
haftasinin	haftasının	1
kurtulmasindan	kurtulmasından	1
yatacağim	yatacağım	1
buralarini	bunların	1
kanatlarimin	kanatlarımın	1
taşiyayim	taşıyayım	1
kurdurayim	kurdurayım	1
bîçareleri	biçareleri	1
yazişmalar	yazışmalar	1
yayinlandiği	yayınlandığı	1
karmakanşık	karmakarışık	1
onlann	onların	1
yazimalari	yazmaları	1
Pulihâkiyan'in	Pulıhâkıyan'ın	1
darmadağin	darmadağın	1
olacakti!	olacaktı!	1
cumhurbaşkani	cumhurbaşkanı	1
âsî	işi	1
Bakanliğl'na	Bakanlığl'na	1
anlattiğini	anlattığını	1
duyurulmasini	duyurulmasını	1
inanmamişti	inanmamıştı	1
anlatilanlarin	anlatılanların	1
yapmaktaydilar	yapmaktaydılar	1
taninmak	tanınmak	1
karşilamazlardi	karşılamazlardı	1
inanabildi	inanabıldı	1
Paça'nim	Paça'nım	1
iltihakindan	iltihakından	1
yayinlari	Yayınları	1
bakmalari	bakmaları	1
yayinlanmıştr	yayınlanmıştr	1
levazim	levazım	1
ihtiyacindan	ihtiyacından	1
kaçtiklarini	kaçtıklarını	1
kişlaklardan	kışlaklardan	1
Savagi	Savaşı	1
Valiai	Valiaı	1
kardesi	kardeşi	1
anlaşilmakta	anlaşılmakta	1
Enver'im	Enver'in	1
yaşiyacaktir	yaşıyacaktır	1
müslimîn	müslimin	1
yaşanirken	yaşanırken	1
yolladiğ1	yolladığı	1
diğl	diği	1
tumturakli	tumturaklı	1
Nisan'in	Nisan'ın	1
kazdiriyor	kazdırıyor	1
etrafindakilere	etrafındakilere	1
dağitiyor	dağıtıyor	1
yaptiriyor	yaptırıyor	1
kullandiğ1	kullandığı	1
Buhara’nin	Buhara’nın	1
artmas	artmış	1
hattindaki	hattındaki	1
tanıştiği	tanıştığı	1
Şûrasl	Şurası	1
yam	yan	1
kistan'daki	kistan'dakı	1
cekilmediği	çekilmediği	1
canindan	canından	1
Almati'daki	Almatı'dakı	1
başkaldiriya	başkaldırıya	1
karişip	karışıp	1
yayilmaya	yayılmaya	1
yanltsi	yanltsı	1
isyancilardan	isyancılardan	1
durdurmasi	durdurması	1
uğratmasi	uğratması	1
Başkanliğl	Başkanlığl	1
yardimciliğl	yardımcılığl	1
yardimciliğina	yardımcılığına	1
yattiğ	yattığ	1
masasindan	masasından	1
kalkamadi	kalkamadı	1
Duvari'ndaki	Duvarı'ndakı	1
kurucularindan	kurucularından	1
başkanliğindaki	başkanlığındaki	1
Icra	İcra	1
minnettarliğimi	minnettarlığımı	1
fotoğraflarinda	fotoğraflarında	1
Buharallar'in	Buharallar'ın	1
Üçuncü	Üçüncü	1
Izmir'in	İzmir'in	1
bayrağini	bayrağını	1
kilic	kılıç	1
Inkilâp	İnkılap	1
konmasi	konması	1
tartişmali	tartışmalı	1
Basnacilar'in	Başnacılar'ın	1
karşilanmadi	karşılanmadı	1
akibeti	akıbeti	1
bulmasinin	bulmasının	1
yoğunlaştirmasi	yoğunlaştırması	1
başkumandanliğina	başkumandanlığına	1
bombardimanin	bombardımanın	1
taşındiği	taşındığı	1
isyaninmn	isyanınmn	1
serî	seni	1
avantajlari	avantajları	1
Turkkomisia'nin	Türkkomısıa'nın	1
metodlarina	metodlarına	1
kirip	kırıp	1
kitliğin	kıtlığın	1
katilmişlardi	katılmışlardı	1
isyancilara	isyancılara	1
çarpian	çarpıan	1
haklarinda	haklarında	1
bağimsizliğa	bağımsızlığa	1
yumuşamayi	yumuşamayı	1
ÇEKA'sini	Çeka'sını	1
Teşkilâti'ni	Teşkilatı'nı	1
lâğvetti	lağvetti	1
uzaklaştiridi	uzaklaştırıdı	1
isyanini	isyanını	1
hazirladiğ1	hazırladığı	1
plâninda	planında	1
garnizonlarin	garnizonların	1
isgalini	işgalini	1
Asyali'nin	Asyalı'nın	1
bastirabilmek	bastırabilmek	1
vakif	vakıf	1
bulunmamişlar	bulunmamışlar	1
Komutanliğr'ndan	Komutanlığr'ndan	1
Komutanliğr'na	Komutanlığr'na	1
plânlarn	planları	1
uyguladiğl	uyguladığl	1
çarpiırken	çarpıırken	1
çarpişmasinda	çarpışmasında	1
ayaklanmasini	ayaklanmasını	1
harekâtina	harekatına	1
yiğinaği	yığınağı	1
yanlişti	yanlıştı	1
dayanaksiz	dayanaksız	1
başkumandanliğ	başkumandanlığ	1
yabancisi	yabancısı	1
uygulamamişti	uygulamamıştı	1
propagandasi	propagandası	1
yanlilari	yanlıları	1
kullanmasinin	kullanmasının	1
talimatlarni	talimatlarnı	1
hükümdarliğini	hükümdarlığını	1
tikad!	tıkad!	1
ajanlari	ajanları	1
kuşatmayl	kuşatmayı	1
Mayis'inin	Mayıs'ının	1
Baysun'daki	Baysun'dakı	1
karargâhini	karargahını	1
Haziran'in	Haziran'ın	1
sikiştiriyor	sıkıştırıyor	1
sikintisi	sıkıntısı	1
olanlarn	olanları	1
çarpişmalar	çarpışmalar	1
Kumandani'nin	Kumandanı'nın	1
nişanci	nişancı	1
alaylarindan	alaylarından	1
ulaşmadi	ulaşmadı	1
bikkinliğinin	bıkkınlığının	1
askerimle	askerine	1
atlarim	atların	1
yaralilarin	yaralıların	1
mütebâki	mütebaki	1
Deryasi'nin	Deryası'nın	1
bakildiğini	bakıldığını	1
muhatabi	muhatabı	1
Yanindakilerle	Yanındakilerle	1
yaziştiğ	yazıştığ	1
meâlinde	mealinde	1
yollayinca	yollayınca	1
dağitip	dağıtıp	1
olınaz	olmaz	1
Almanya'mn	Almanya'nın	1
kizgin	kızgın	1
Hindistan'in	Hindistan'ın	1
yakici	yakıcı	1
istirhamimi	istirhamımı	1
çalışiyorsun	çalışıyorsun	1
cevaba	cevabı	1
cikabileceklerini	çıkabileceklerini	1
bayramim	bayramın	1
niyâz	miyiz	1
başladiğiniz	başladığınız	1
evlâdlarinizi	evladlarınızı	1
açilıni	acılını	1
açilmast	açılmast	1
şartina	şartına	1
anliğina	anlığına	1
topladiği	topladığı	1
kirda	kırda	1
dudaklarin	dudaklarını	1
dudaklaruni	dudaklarını	1
dudaklarini	dudaklarını	1
Hâce	Hiçe	1
Camini	Canını	1
topladiğim	topladığım	1
mahfazasinin	mahfazasının	1
yalmiz	yalnız	1
çocuklarmm	çocukların	1
yagamak	yaşamak	1
bikyorum	bıkyorum	1
yatağumin	yatağının	1
kirlangaç	kırlangaç	1
nevâzişkâr	nevazışkâr	1
yavrularimi	yavrularımı	1
suçlayacakti	suçlayacaktı	1
satilarn	satılan	1
Rûhum!	Ruhum	1
uykudadir	uykudadır	1
yaynlattiğl	yaynlattığl	1
imzasiz	imzasız	1
anlatiliyor	anlatılıyor	1
başkaldiryl	başkaldıryl	1
tekrarladiklari	tekrarladıkları	1
kolaylaştirdiğl	kolaylaştırdığl	1
suçlamalarin	suçlamaların	1
guzeli	güzeli	1
arslanciğim!	arslancığım!	1
Ibrahim'in	İbrahim'in	1
askerlerimi	askerlerini	1
maruzatimi	maruzatımı	1
Dervazli	Dervazlı	1
dağitmaktan	dağıtmaktan	1
çocuklarindan	çocuklarından	1
arayişlar	arayışlar	1
uzatmalarin	uzatmaların	1
oynanmasindan	oynanmasından	1
çaliştiğindan	çalıştığından	1
yavrularimin	yavrularımın	1
nusratin	nusratın	1
çikartmasini	çıkartmasını	1
kanî	kanı	1
çikartmami	çıkartmamı	1
yardimcsi	yardımcsı	1
kapatilmasindan	kapatılmasından	1
Kişlaği'ndan	Kışlagı'ndan	1
yaşmda	yaşında	1
nşaallah	inşaallah	1
Cocuklarina	Çocuklarına	1
düskün	düşkün	1
Aaya	Uya	1
doğmadigunı	doğmadıgunı	1
vemesinin	vermesinin	1
bulamamasi	bulamaması	1
hayranlikti	hayranlıktı	1
âfiyetini	afiyetini	1
âfiyetin	afiyetin	1
tekmeleri	tekneleri	1
sanirm	sınırı	1
kiskanacak	kıskanacak	1
eyayi	eyayı	1
Ibriğin	İbriğin	1
Sultanim	Sultanın	1
nıektubundan	mektubundan	1
istiyorlarmiş	istiyorlarmış	1
ediyorlarmiş	ediyorlarmış	1
kaçtiğimi	kaçtığını	1
zayifliğindan	zayıflığından	1
Tirmiz'de	Tırmız'de	1
bildiriyorlarmiş	bildiriyorlarmış	1
kaçmalari	kaçmaları	1
saymiyorum	saymıyorum	1
Sart	Şart	1
Hüda'nin	Hüda'nın	1
yasavulbaşim	yasavulbaşım	1
Fâzileddin	Fazıleddin	1
Kirgizlar'dan	Kırgızlar'dan	1
Kirgizlarla	Kırgızlarla	1
kullanmamiş	kullanmamış	1
kalmiyordu!	kalmıyordu	1
Saçmaliklar	Saçmalıklar	1
hanimnin	hanımnın	1
sanilarak	sarılarak	1
sinirlarn	sınırları	1
sirtindan	sırtından	1
kirmizilk	kırmızılk	1
kaçışti	kaçıştı	1
Âbidere	Abıdere	1
naaşini	naaşını	1
sirtlayip	sırtlayıp	1
sariğini	sarığını	1
arkadaşlarnin	arkadaşların	1
Basnaci	Basmacı	1
kalacakt1	kalacaktı	1
ânin	anın	1
hoşlanilmayan	hoşlanılmayan	1
bakilan	bakılan	1
ayrintilarinin	ayrıntılarının	1
katilmasindan	katılmasından	1
şa'nin	şa'nın	1
Basmacisi	Basmacısı	1
ulaştirmış	ulaştırmış	1
Basmacilikla	Basmacılıkla	1
yakinlarndaki	yakınlarndakı	1
ânina	anına	1
Kisim	Kısım	1
Demiryollari'nin	Demiryolları'nın	1
Savaş1	Savaşı	1
dâvâsi	davası	1
Işleri'ne	İşleri'ne	1
Kahramanlari	Kahramanları	1
tirajli	tirajlı	1
yayinlandiklari	yayınlandıkları	1
taniştiğl	tanıştığı	1
Şîr	Sir	1
delikanliya	delikanlıya	1
korbaşilarindan	korbaşılarından	1
âninin	rinin	1
yayinlamam	yayınlanan	1
nonraki	nonrakı	1
miladî	miladi	1
karşiliklari	karşılıkları	1
sükranlarimi	şükranlarımı	1
ZILHICCE	ZİLHİCCE	1
atlayip	atlayıp	1
firlayip	fırlayıp	1
karargâhina	karargâhına	1
aydinlaninca	aydınlanınca	1
kudurmuşcasina	kudurmuşcasına	1
çatirtisi	çatırtısı	1
Belcivan'in	Belcivan'ın	1
şarkindaki	şarkındaki	1
bayira	bayıra	1
karanliğina	karanlığına	1
dolaşti	dolaştı	1
sofrasina	sofrasına	1
bayramidir	bayramıdır	1
kildirmaniz	kıldırmanız	1
hirasindan	hirasından	1
hirka	hırka	1
Kalpaği	Kalpağı	1
çapani	çapanı	1
sariği	sarığı	1
kildilar	kıldılar	1
ınına	rına	1
koyıın	köyün	1
atımn	atının	1
enıretti	emretti	1
atlanm	atların	1
ıınunı	umumi	1
maneviyatini	maneviyatını	1
Garm	Sarı	1
barinmalari	barınmaları	1
mintikaya	mıntıkaya	1
umûmiyenin	umumiyenin	1
ZiLHICCE	Zilhicce	1
Garim	Çarın	1
korgan	korsan	1
Kasabasi'na	Kasabası'na	1
Nazar'in	Nazar'ın	1
yazicilari	yazıcıları	1
ikrami	ikram	1
zabitanina	zabitanına	1
alndi	alındı	1
Krali'na	Kralı'na	1
eşyalarni	eşyalarnı	1
Türkistanlilar'dan	Türkistanlılar'dan	1
kannin	kanının	1
evlâtlarinin	evlatlarının	1
pişan	pisan	1
dağlarinin	dağlarının	1
tutacaktir	tutacaktır	1
Dağlari'ndaki	Dağları'ndakı	1
savasinn	savaşının	1
cikan	çıkan	1
ihtilâllerle	ihtilallerle	1
gözyaşlariyla	gözyaşlarıyla	1
sikintilariyla	sıkıntılarıyla	1
siniridaki	sınırıdakı	1
yarida	yarıda	1
Başlattiğl	Başlattığl	1
dünyasınin	dünyasının	1
basarilari	başarıları	1
kurtaracaği	kurtaracağı	1
değerlendirse	değerlendirme	1
Ragab	Ragıb	1
fakis	fakıs	1
baygrandari	baygrandarı	1
baptia	baptıa	1
atilarak	atılarak	1
yalinkiliç	yalınkılıç	1
noktaladi!	noktaladı!	1
egere	esere	1
ige	ise	1
gni	gri	1
kürtürcesine	kurturcesine	1
siğmasi	sığması	1
yaşamişti!	yaşamıştı!	1
kahçla	kılıçla	1
kesmislerdi	kesmişlerdi	1
anlatmti	anlatmtı	1
pinara	pınara	1
saplamiş	saplamış	1
düşünüyorlardi	düşünüyorlardı	1
kabail	kabul	1
inkilâbi	inkılabı	1
ayaklandirdiği	ayaklandırdığı	1
araştirdim	araştırdım	1
sadasiz	sadasız	1
Baskina	Baskına	1
iddiasindan	iddiasından	1
kiliğinda	kılığında	1
saldirmiş	saldırmış	1
iddialarindaki	iddialarındakı	1
tutarsizliklarin	tutarsızlıkların	1
kistirdiği	kıstırdığı	1
Farkli	Farklı	1
iddiayi	iddiayı	1
komutanliğini	komutanlığını	1
Dağlik	Dağlık	1
Karabağ'in	Karabağ'ın	1
savaştiktan	savaştıktan	1
topçularin	topçuların	1
kaçtiğini	kaçtığını	1
röportajinda	röportajında	1
sikiştirdiklarini	sıkıştırdıklarını	1
sikiştirp	sıkıştırp	1
yazmiyordu	yazmıyordu	1
getirmis	getirmiş	1
Hatiralarda	Hatıralarda	1
atildr	atıldr	1
Ajansi'nin	Ajansı'nın	1
Saruhanyan'in	Saruhanyan'ın	1
Karabağ’in	Karabağ’ın	1
tarafundan	tarafından	1
kumandanlarinin	kumandanlarının	1
ciktr	çıktr	1
plânlayanlarin	planlayanların	1
kaynaklarinda	kaynaklarında	1
Başkumandanliğl’na	Başkumandanlığl’na	1
Hirçın	Hırçın	1
kiyâmi	kıyamı	1
inandirarak	inandırarak	1
leşkerbaşisi	leşkerbaşısı	1
astirdi	astırdı	1
Fergana'daki	Fergana'dakı	1
Avâmî	Avam	1
başaril	başarıl	1
flaci	flacı	1
Etrafinda	Etrafında	1
Velidî'nin	Velidi'nin	1
alndiğini	alındığını	1
kapanirken	kapanırken	1
yasaklandiğini	yasaklandığını	1
maceraci	maceracı	1
Kuşadasi'na	Kuşadası'na	1
Yaylasinda	Yaylasında	1
sikiştirmasi	sıkıştırması	1
Saka	Şaka	1
lâkapli	lakaplı	1
bastirilamayinca	bastırılamayınca	1
bazilar	bazılar	1
Saka'nin	Şaka'nın	1
Jugiltere'nin	Jugıltere'nin	1
Käbil'e	Kabil'e	1
silâhlarini	silahlarını	1
Saka'yi	Şaka'yı	1
sınrina	sinrina	1
savaçilari	savaçıları	1
Afganlilar'in	Afganlılar'ın	1
tutuklanmayacaği	tutuklanmayacağı	1
Irmaği'ni	Irmağı'nı	1
çikartan	çıkartan	1
paylaştirilacakti	paylaştırılacaktı	1
barindirmama	barındırmama	1
varmalari	varmaları	1
sikişmi	sıkışmı	1
dağildiğl	dağıldığl	1
Kirgizistan	Kırgızistan	1
kurtarlmasi	kurtarlması	1
Türkistanlilar’in	Türkistanlılar’ın	1
Almanya'y1	Almanya'yı	1
Rana	Rına	1
hanimsultan	hanımsultan	1
sayili	sayılı	1
yasakt!	yasaktı	1
Hilâfet'i	Hilafet'i	1
lâğvedip	lağvedip	1
Kadinlara	Kadınlara	1
yaşina	yaşına	1
Başbakanlik'a	Başbakanlık'a	1
kalmalarina	kalmalarına	1
vicdaninizin	vicdanınızın	1
ricasinda	ricasında	1
başlamişlardr	başlamışlardr	1
istihbaratçi	istihbaratçı	1
Äsaf	Asaf	1
başlamalarinin	başlamalarının	1
kazandirilmasi	kazandırılması	1
yasindaki	yaşındaki	1
lamail	lamaıl	1
soyadlarini	soyadlarını	1
ihtisasi	ihtisası	1
vatanî	vatanı	1
meslekdaşlarindan	meslekdaşlarından	1
boşandi	boşandı	1
soyadina	soyadına	1
ayliğl	aylığl	1
çikartilamayan	çıkartılamayan	1
fabrikasinin	fabrikasının	1
hazirliklarinda	hazırlıklarında	1
yayinlarnda	yayımlandı	1
yaşlarinin	yaşlarının	1
hatirlarlar	hatırlarlar	1
tamamlayip	tamamlayıp	1
kaldiracağini	kaldıracağını	1
şanssizliklar	şanssızlıklar	1
karargâhinda	karargahında	1
kurmaylik	kurmaylık	1
imtihanina	imtihanına	1
açiklanmamişti	açıklanmamıştı	1
kurmayliğinin	kurmaylığının	1
başyazar1	başyazarı	1
Silâhli	Silahlı	1
drami	dramı	1
Kidemli	Kıdemli	1
hatalarn	hataları	1
aslini	aslını	1
Çinar’in	Çınar’ın	1
Çinar	Çınar	1
yazisindaki	yazısındaki	1
KADERIN	KADERİN	1
çikişl	çıkışı	1
arkadaşımiz	arkadaşımız	1
binbaşıliğa	binbaşılığa	1
Yardimciliği	Yardımcılığı	1
çıkmişti	çıkmıştı	1
PASA'NIN	PAŞA'NIN	1
OGLU	OĞLU	1
yapmişlar	yapmışlar	1
kapyorlardi	kapyorlardı	1
Yardimciliğr'na	Yardımcılığr'na	1
Binbaşilik	Binbaşılık	1
alinacağina	alınacağına	1
başılikta	başılıkta	1
yapildiğinda	yapıldığında	1
evlâdi	evladı	1
Anisina	Anısına	1
saydim	saydım	1
bağişlasin	bağışlasın	1
mudürü	müdürü	1
Yollari'nin	Yolları'nın	1
hanimla	hanımla	1
Isveç'te	İsveç'te	1
ayağl	ayağı	1
sigortaciliğa	sigortacılığa	1
kaldirlmasina	kaldırlmasına	1
kurtarilamadi	kurtarılamadı	1
vefati	vefatı	1
Issiz	İşsiz	1
duyulmasindan	duyulmasından	1
karinlarini	karınlarını	1
ajansi	ajansı	1
açıklanmiştir	açıklanmıştır	1
çıkmişlardi	çıkmışlardı	1
Avustralya'nin	Avustralya'nın	1
kurtarmiştir	kurtarmıştır	1
dolaştiklarini	dolaştıklarını	1
kişa	kısa	1
yaza	yazı	1
edilmis	edilmiş	1
yarimkürede	yarımkürede	1
hatirlatti	hatırlattı	1
Agasi	Ağası	1
Istediğini	İstediğini	1
yalanladi	yalanladı	1
yapamamanin	yapamamanın	1
bulamamanin	bulamamanın	1
bocaladi	bocaladı	1
hayatimi	hayatımı	1
atmiştir!	atmıştır!	1
sadrazamliğa	sadrazamlığa	1
Sadi	Şadi	1
yurtdiginda	yurtdışında	1
adaylarina	adaylarına	1
bulunamadi	bulunamadı	1
yallsk	yıllık	1
Pasa'nm	Paşa'nm	1
yurtdişında	yurtdışında	1
kizlarinın	kızlarının	1
Damatlarini	Damatlarını	1
hasrefinden	haşrefinden	1
kizindan	kızından	1
torunlarini	torunlarını	1
ogiu	oğu	1
Oamani	Orman	1
Ordulars	Orduları	1
Pasanin	Paşanın	1
kadinlarnin	kadınların	1
Yegilköy	Yeşilköy	1
kanu	kamu	1
çıkmasin	çıkmasın	1
KAdan	Kadın	1
EMINE	EMİNE	1
NACIYE	NACİYE	1
etmigtir	etmiştir	1
ogle	öğle	1
namas	mamış	1
bugünhanedanin	bugünhanedanın	1
kiundiktan	kiundıktan	1
dergäbindaki	dergäbindakı	1
Süleyuzakti	Süleyuzaktı	1
türdesi	türdeşi	1
yalilarinin	yalılarının	1
Ağııstos	Ağustos	1
Doğııştan	Doğuştan	1
Alınanya'ya	Almanya'ya	1
yapınası	yapması	1
çoğıı	çoğu	1
çocuğıı	çocuğu	1
rnemlekete	memlekete	1
infiläk	infilak	1
siläh	silah	1
fabrikass	fabrikası	1
ozellikle	özellikle	1
kayıbi	kayıbı	1
anlasildi	anlaşıldı	1
savaşirken	savaşırken	1
kayıplarn	kayıpları	1
alh	ilh	1
kaldırimadan	kaldırımadan	1
faciasinda	faciasında	1
ilfaigecinin	ılfaıgecinin	1
boylarini	boylarını	1
Almanlar’in	Almanlar’ın	1
IcisleriBakani	İçişleribakanı	1
Alaylar'nin	Alaylar'nın	1
fabrikasina	fabrikasına	1
alişi	alisi	1
satişıni	satışını	1
yasaklamışti	yasaklamıştı	1
ulaçamadim	ulaçamadım	1
torunlarinda	torunlarında	1
kolleksiyonlarinin	kolleksiyonlarının	1
sararmiş	sararmış	1
hatirasini	hatırasını	1
yaşartici	yaşartıcı	1
Kanûnî'nin	Kanuni'nin	1
Kilinct	Kılınçt	1
Saray1	Sarayı	1
canlandirmak	canlandırmak	1
açildiğini	açıldığını	1
garblilarin	garblıların	1
bâzi	bazı	1
kilinç	kılınç	1
kilincin	kılıncın	1
meraklisinin	meraklısının	1
antikaci	antikacı	1
dükkâninda	dükkanında	1
âzasindan	azasından	1
refikalari	refikaları	1
Sâmire	Samire	1
yazdigi	yazdığı	1
mistir	mıştır	1
gair	şair	1
nallar	mallar	1
kuşaklari	kuşakları	1
pehlivanlarini	pehlivanlarını	1
saldin	saldın	1
yakinlarn	yakınları	1
emsâline	emsaline	1
tattirdi	tattırdı	1
Imamali	Manalı	1
tercümanlarin	tercümanların	1
siırlari	surları	1
Cumhurbaşkan	Cumhurbaşkanı	1
sahsiyettir	şahsiyettir	1
karşılaşti	karşılaştı	1
Dedenin	Dedemin	1
mezarinu	mezarını	1
çukar	çıkar	1
yapilacağina	yapılacağına	1
varldi	varldı	1
Ulaştirma	Ulaştırma	1
Anakara'ya	Ankara'ya	1
TÖRENI	TÖRENİ	1
AGUSTOS	AĞUSTOS	1
YERI	YERİ	1
cakti	çıktı	1
MÜTEAKIP	MÜTEAKİP	1
HÜRRIYET	HÜRRİYET	1
TEPESINE	TEPESİNE	1
ASKERI	ASKERİ	1
şenbe'nin	senbe'nin	1
$EKLINDE	ŞEKLİNDE	1
GARNIZON	GARNİZON	1
ICRA	İCRA	1
EDILECEKTIR	EDİLECEKTİR	1
GET	SET	1
Mezarlarin	Mezarların	1
kazilmasina	kazılmasına	1
uzantiya	uzantıya	1
rastlandi	rastlandı	1
uzanti	uzantı	1
kazilinca	kazılınca	1
ulaşild	ulaşıld	1
yaptirdiğl	yaptırdığı	1
karşilaştirildi	karşılaştırıldı	1
mezarin	mezarın	1
kazildiğindan	kazıldığından	1
uğurladilar	uğurladılar	1
bayrağl	bayrağı	1
Komutanliğr’nin	Komutanlığr’nın	1
istirahatgâhi	istirahatgahı	1
edilecegi	edileceği	1
tuhafliğ	tuhaflığ	1
anlaşilamayacak	anlaşılamayacak	1
Aniti'nin	Anıtı'nın	1
kiyafetli	kıyafetli	1
semalarini	semalarını	1
arkadaşlannın	arkadaşlarının	1
tutuklanınası	tutuklanması	1
sukı1t	sukut	1
demiryollan	demiryolları	1
olduğıınu	olduğunu	1
anıcam	amcam	1
tuttuğunıu	tuttuğunu	1
ümîd	und	1
cânim	canım	1
anlattik	anlattık	1
Serbafiye	Serbafıye	1
imissin	imişsin	1
siniflarina	sınıflarına	1
orndaydi	örndaydı	1
bakakaldik	bakakaldık	1
yakiyorsunuz	yakıyorsunuz	1
nazarlar	nazırlar	1
alişmış	alışmış	1
husûsâti	hususatı	1
îzâm	izin	1
anlaşildiğini	anlaşıldığını	1
alçaklarin	alçakların	1
dînime	dinine	1
arkadaşlarimda	arkadaşlarımda	1
çiktikça	çıktıkça	1
hocalarinin	hocalarının	1
hocalarimin	hocalarımın	1
yapmiştim	yapmıştım	1
siğinmiştim	sığınmıştım	1
soğukkanliliğimı	soğukkanlılığımı	1
Imtihanlar	İmtihanlar	1
yüzbaşisi	yüzbaşısı	1
Kânûnsânîsi'nde	Kanunsanisi'nde	1
ramazânin	ramazanın	1
selâmliğinda	selamlığında	1
tebâiyeten	tebaiyeten	1
silâhini	silahını	1
tegekkül	teşekkül	1
kisladan	kışladan	1
Mandelstam'in	Mandelstam'ın	1
idamina	idamına	1
esnâ	esin	1
Umumîliğine	Umumiliğine	1
luçbir	lucbır	1
udumlarina	udumlarına	1
nâmini	namını	1
Baştercümâni	Baştercümanı	1
idâreten	idareten	1
idamin	idamın	1
icrasinda	icrasında	1
endahtina	endahtına	1
haksizliğl	haksızlığl	1
Alay'in	Alay'ın	1
Maksadim	Maksadım	1
uzadi	uzadı	1
israrum	ısrarum	1
Koçana'daki	Koçana'dakı	1
dağildiğindan	dağıldığından	1
binbaşisi	binbaşısı	1
maiyetimdeki	maiyetindeki	1
israrimi	ısrarımı	1
acidiğindan	acıdığından	1
Osmâniye	Osmaniye	1
bitmig	bitmiş	1
Erkän	Erkan	1
Hlarbiye	Hlarbıye	1
çalistiktan	çalıştıktan	1
Mintakalari	Mıntakaları	1
kolağaliğina	kolağalığına	1
hâhişle	hahişle	1
taniyacak	tanıyacak	1
asayis	asayiş	1
mintakasinda	mıntıkasında	1
mntakada	mıntıkada	1
buşlamiştik	büslamıştık	1
taharrîsinde	taharrisinde	1
şahsimi	şahsımı	1
lisânini	lisanını	1
vücudiyle	vücudıyle	1
müdâhalesi	müdahalesi	1
müdâhelâti	müdahelâti	1
kumandanimiz	kumandanımız	1
firarlarini	firarlarını	1
ihâtadan	ihatadan	1
yaklaşilacak	yaklaşılacak	1
zâyiatla	zayiatla	1
taşliklarinda	taşlıklarında	1
Iskalidis	İşkalıdıs	1
Petalina	Petalına	1
zâyiat	zayiat	1
Sultanyani	Sultanyanı	1
taşlikli	taşlıklı	1
Kanünsani	Kanunisani	1
civannda	civarında	1
binbaşuliga	binbaşulıga	1
Bur	Bir	1
yetmis	yetmiş	1
cetesi	çetesi	1
eskiya	eşkıya	1
Kânî	Kanı	1
Istaryali	İstaryalı	1
Ormanlari'nda	Ormanları'nda	1
biraktiğim	bıraktığım	1
itlâf	itlaf	1
istimâni	istimanı	1
nisfiyle	nısfıyle	1
itimadini	itimadını	1
cidâl	cidal	1
Yunanîlik	Yunanîlık	1
silâhlanmiş	silahlanmış	1
hâhişi	hahişi	1
uyanmişti	uyanmıştı	1
Yüzbaşisi	Yüzbaşısı	1
ziminen	zımnen	1
açtik	açtık	1
dünyâyi	dünyayı	1
meşrutanin	meşrutanın	1
Esâsîsi'nin	Esasisi'nin	1
ibârettir	ibarettir	1
merâsim	merasim	1
mahsûsasi	mahsusası	1
Karşumda	Karşımda	1
sahis	şahıs	1
etmeyecegime	etmeyeceğime	1
parmngiyla	parmngıyla	1
mün	mun	1
umunilik	umunılık	1
şuyû	suyu	1
bastirilmiş	bastırılmış	1
yapilmak	yapılmak	1
Yüzbaşısi	Yüzbaşısı	1
tâliminden	taliminden	1
çalışınaya	çalışmaya	1
Süleyınan	Süleyman	1
tâlimati	talimatı	1
tâlimata	talimatı	1
Käzum	Kâzım	1
sâiresi	süresi	1
Kâzum	Kâzım	1
tahlîfi	tahlifi	1
âliyeyi	aliyeyi	1
esâmîyi	esamiyi	1
hifzetmekte	hıfzetmekte	1
Sonralari	Sonraları	1
Nûrî	Nun	1
Äkif	Akif	1
zâbitanin	zabitanın	1
zâbitana	zabitan	1
Efrâda	Efradı	1
taraftarlarin	taraftarlarını	1
zevâtin	zevatın	1
amîka	Anka	1
bitani	bitanı	1
mülâzimdan	mülazımdan	1
aşağiki	aşağıki	1
rabti	rabtı	1
çoğalmasina	çoğalmasına	1
intihâbinda	intihabında	1
Idare	İdare	1
iTahlîfiye	itahlîfıye	1
Hân'in	Han'ın	1
hastaliğ1	hastalığı	1
iÂliye'den	ıâlîye'den	1
çağiryorlardi	çağıryorlardı	1
vilâyâtta	vilayatta	1
aslîsinin	aslisinin	1
Idâre'nin	İdare'nin	1
bidâyette	bidayette	1
zanni	zannı	1
şâyia	şayia	1
verâsetin	verasetin	1
murekkep	mürekkep	1
Iamail	Iamaıl	1
Selînik	Selinik	1
içtihâdiyla	içtihadıyla	1
buralarin	buraların	1
insâsi	inşası	1
zimninda	zımnında	1
baslamistim	başlamıştım	1
icâbinda	icabında	1
Maârife	Maarife	1
zâbitlerden	zabitlerden	1
tabiatina	tabiatına	1
mevcutlarin	mevcutların	1
tedâriki	tedariki	1
âliyesince	aliyesince	1
mülâzim	mülazım	1
tâmîmi	tarım	1
başkalar	baskılar	1
Müzâhir	Müzahir	1
alindiğindan	alındığından	1
inkisamda	inkısamda	1
olmalan	olmaları	1
nizarnnamenin	nizamnamenin	1
aynmı	ayının	1
Kumandam	Kumandan	1
Sâdik	Sadık	1
âzasi	azası	1
Binbaşisi	Binbaşısı	1
Mülâzim	Mülazım	1
Tercümani	Tercümanı	1
Firkasr’nda	Fırkasr’nda	1
Alayi'nda	Alayı'nda	1
hesâbatiyle	hesabatıyle	1
Yulniz	Yülniz	1
muâmelâtin	muamelatın	1
müşkilâtta	müşkilatta	1
îtâsinda	itasında	1
dâveti	daveti	1
içtimââtta	içtimaatta	1
bulunacaktim	bulunacaktım	1
calişmaktan	çalışmaktan	1
Kfizim	Kfızım	1
ifhâm	ifham	1
çaliştiysa	çalıştıysa	1
Maksadin	Maksadın	1
kâmilem	kamilen	1
olmadiktan	olmadıktan	1
müşkilâtin	müşkilatın	1
âzâliğina	azalığına	1
çalişinama	çalışınama	1
mintakasina	mıntıkasına	1
Selânik'çe	Selanik'çe	1
olamadiğindan	olamadığından	1
mecbı1riyet	mecburiyet	1
konulamayacakti	konulamayacaktı	1
rabitasi	rabıtası	1
ahvâli	alıvali	1
alinmasna	alınmasına	1
Nâziri'nin	Nazırı'nın	1
Kaymakami	Kaymakamı	1
hukimetleri	hükımetleri	1
ekserîyeti	ekseriyeti	1
slahinda	slahında	1
konsoloslarina	konsoloslarına	1
larafindan	larafından	1
yazildiktan	yazıldıktan	1
yazilp	yazılp	1
iftirâsiyle	iftirasıyle	1
Canbuladzâde'nin	Canbuladzade'nin	1
toplaniliyor	toplanılıyor	1
çalşiyorduk	çalşıyorduk	1
Sancaği'nda	Sancağı'nda	1
Nâşid	Naşid	1
Alasonya'nin	Alasonya'nın	1
tedârikini	tedarikini	1
kararlaştirilarak	kararlaştırılarak	1
Adlîye	Adiiye	1
dâhilde	dahilde	1
Mebı1san	Mebusan	1
Emeni	Ermeni	1
bahs	bahş	1
disaridan	dışarıdan	1
kursunla	kurşunla	1
bulunacağimt	bulunacağımt	1
yaklaşmişti	yaklaşmıştı	1
yerimden	yerinden	1
Câli	Çalı	1
nlamiştim	nlamıştım	1
kumldamadim	kumldamadım	1
açağida	açağıda	1
anlamamuişti	anlamamuıştı	1
çağurayim	çağurayım	1
Yunlişlikla	Yünlişlikla	1
açilmasina	açılmasına	1
anlamamişlardi	anlamamışlardı	1
lnkip	lnkıp	1
merakim	merakım	1
fâilin	failin	1
tutulmasinda	tutulmasında	1
Ismail'i	İsmail'i	1
yatirmiş	yatırmış	1
fedaîlerin	fedailerin	1
kiracakti	kıracaktı	1
cârih	canlı	1
Mülâzimn	Mülazımn	1
mütenâkiz	mütenakız	1
tiknaz	tıknaz	1
cârihin	carihin	1
dâiresi	dairesi	1
Ibrahim'i	İbrahim'i	1
selâmetini	selametini	1
rnalumat	malumat	1
caligmaktan	çalışmaktan	1
meyâninda	meyanında	1
bulum	bulun	1
züt	zıt	1
çaliştiğima	çalıştığını	1
humiyet	huriyet	1
anlamişti	anlamıştı	1
mahvina	mahvına	1
Tahkîkiye	Tahkikiye	1
kapanmasina	kapanmasına	1
atlatmişti	atlatmıştı	1
celbetmisti	celbetmişti	1
Haziranin	Hazıranın	1
soğukkanlilkla	soğukkanlılkla	1
caliiliyordu	çalıılıyordu	1
Hiluni	Hilunı	1
çağirarak	çağırarak	1
Kumandanliği	Kumandanlığı	1
Miralayi	Miralayı	1
Rizâ	Rıza	1
Çunki	Çünki	1
Istasyonda	İstasyonda	1
anlaşilmişti	anlaşılmıştı	1
tehîrin	tehirin	1
dâirede	dairede	1
alamayacağimi	alamayacağımı	1
onıda	onda	1
bulunduklan	bulundukları	1
läzum	lazım	1
inyan	miyim	1
ihtiyâcimiz	ihtiyacımız	1
çikacaktim	çıkacaktım	1
olunacağmi	olunacağmı	1
tanimasindan	tanımasından	1
Binbaşısi	Binbaşısı	1
Nizaniye	Nizamiye	1
Karârimiz	Kararımız	1
Süleymâniyeli	Süleymaniyeli	1
Mağazasi'ndan	Mağazası'ndan	1
ayrldim	ayrldım	1
çikmnami	çıkmnamı	1
tebâiyet	tebaiyet	1
Nâzum	Nazım	1
baktim	baktım	1
Soğukkanliliğim	Soğukkanlılığım	1
Mektuplarina	Mektuplarına	1
yazamiyorum	yazamıyorum	1
bakmasin	bakmasın	1
karşida	karşıda	1
Müşîr	Mısır	1
kanima	kanına	1
ihbârâtta	ihbaratta	1
mülâzimlarindan	mülazımlarından	1
Nidaî	Nidai	1
Mülâzimi	Mülazımı	1
siçramişti	sıçramıştı	1
izmihlâline	izmihlaline	1
Nidâî	Nidai	1
Diyarbakir'dan	Diyarbakır'dan	1
Odaının	Odanın	1
tarnın	tarım	1
konagin	konağın	1
verildigini	verildiğini	1
Kolagasi	Kolağası	1
yazihanesinde	yazıhanesinde	1
kaldiğindan	kaldığından	1
Başimi	Basımı	1
erkän	erkan	1
dösenmi	döşenmi	1
arattiğindan	arattığından	1
ylişlikla	ylışlıkla	1
Hifz	Hıfz	1
yaliuz	yalıuz	1
sandiğindan	sandığından	1
ayrldik	ayrldık	1
nişanin	nişanın	1
kalmiştim	kalmıştım	1
teşkilâtina	teşkilatına	1
tâmmim	Tanrım	1
kararan	kararın	1
Haziran’in	Haziran’ın	1
maddîmi	maddimi	1
istikbâlimin	istikbalimin	1
Vâkiâ	Vakıa	1
inemlekete	memlekete	1
kolcularin	kolcuların	1
Nişanlarimi	Nişanlarımı	1
tahayyülâtim	tahayyülatım	1
olaniayacaktim	olanıayacaktım	1
itibâren	itibaren	1
atilacakti	atılacaktı	1
hayvanıni	hayvanını	1
artak	artık	1
icrasina	icrasına	1
plän	plan	1
olunacaği	olunacağı	1
umûm	umumi	1
kostirme	kostırme	1
tegkilâtumiz	teğkilâtumız	1
aliniyordu	alınıyordu	1
vâkif	vakıf	1
Hulbuki	Hülbukı	1
alişmamniş	alışmamnış	1
vuktinden	vuktınden	1
urtik	urtık	1
şaşirdik	şaşırdık	1
açilincaya	açılıncaya	1
açildiktan	açıldıktan	1
Vodina'daki	Vodina'dakı	1
kazâ	kızı	1
adamlar1	adamları	1
kaymakami	kaymakamı	1
ettiklerimden	ettiklerinden	1
ormanliklari	ormanlıkları	1
sirtlari	sırtları	1
yollandik	yollandık	1
Eslihami	Eslihamı	1
Kayalarli	Kayalarlı	1
Ismim	İsmim	1
fedâkârliklar	fedakarlıklar	1
izhâriyle	izharıyle	1
parliyordu	parlıyordu	1
çikmamla	çıkmamla	1
ümîdi	ümidi	1
hasil	hasıl	1
altida	altıda	1
icabmda	icabında	1
olınuştuk	olmuştuk	1
nıası	ması	1
kenanndaki	kenarındaki	1
olduğıından	olduğundan	1
duyııyor	duyuyor	1
yaznın	yazının	1
nizanıname	nizamname	1
Nizanıname	Nizamname	1
selanıet	selamet	1
beninıle	benimle	1
bulunduğıım	bulunduğum	1
mezkı1r	mezkur	1
kigilik	kişilik	1
talkimlarina	talkımlarına	1
onbaşilarini	onbaşılarını	1
müreccahdir	müreccahdır	1
Onbagı	Onbaşı	1
takimlarina	takımlarına	1
eslihalarinin	eslihalarının	1
muhafazasindan	muhafazasından	1
tâlimlerinden	talimlerinden	1
olumayanlara	olmayanlara	1
silâhi	silahı	1
kasalarindan	kasalarından	1
tamamlanacaktir	tamamlanacaktır	1
Kazâ	Kızı	1
lzim	izin	1
efrâdinin	efradının	1
efrâda	efradı	1
bulunmayi	bulunmayı	1
teslîhinde	teslihinde	1
yurdim	yurdım	1
riçte	ricte	1
kullanilacaktir	kullanılacaktır	1
dâimi	daimi	1
dâimî	daimi	1
olunacaklardir	olunacaklardır	1
mâadâ	mada	1
hifzolunacak	hıfzolunacak	1
istimâlini	istimalini	1
tâlim	talim	1
tâlimleri	talimleri	1
yapacaklardir	yapacaklardır	1
Livâsi'nin	Livası'nın	1
fedâkârlik	fedakarlık	1
Inkilâb	İnkılab	1
taniyorlardi	tanıyorlardı	1
Osmânîmizde	Osmanimizde	1
yazilmaya	yazılmaya	1
hopladi	hopladı	1
ihâta	ihata	1
bulunduğıımuz	bulunduğumuz	1
kazasina	kazasına	1
Gevgili	Sevgili	1
Vâsif	Vasıf	1
yazilyordu	yazılyordu	1
kazâlari	kazaları	1
çağirmiştim	çağırmıştım	1
itinâ	itina	1
hülasasi	hülasası	1
bervechiâtî	bervechiati	1
teşkilâtinizin	teşkilatınızın	1
fedâkârliği	fedakarlığı	1
hemân	Henri	1
vatandaşlarimizin	vatandaşlarımızın	1
fedaîleri	fedaileri	1
fedaîniz	fedainiz	1
kâğitta	kağıtta	1
kazâsindaki	kazasındaki	1
iIstasyonu	ııstasyonu	1
kayikçiyi	kayıkçıyı	1
Ormani'nin	Ormanı'nın	1
istikşafini	istikşafını	1
bekliyorlardi	bekliyorlardı	1
taninmişti	tanınmıştı	1
yaklaştik	yaklaştık	1
hatirlayamadiğim	hatırlayamadığım	1
gecikmis	gecikmiş	1
bağlik	başlık	1
Başladiğum	Başladığım	1
gondermiştin	göndermiştin	1
vuramamişti	vuramamıştı	1
lâzimede	lazımede	1
Tili	Tılı	1
Ağa'nin	Ağa'nın	1
vardik	vardık	1
başkaydi	başkaydı	1
kalinacak	kalınacak	1
toplandiğini	toplandığını	1
anladiğima	anladığıma	1
maksatlarnin	maksatlarnın	1
anlayamamiştim	anlayamamıştım	1
salivermediği	salıvermediği	1
altinlarina	altınlarına	1
Zîr	Zır	1
teşkilâtla	teşkilatla	1
hâriçteki	hariçteki	1
Idâresi'nden	İdaresi'nden	1
yeınin	yemin	1
Mebı1san'ın	Mebusan'ın	1
konağina	konağına	1
mesrutiyetin	meşrutiyetin	1
sân'in	Şam'ın	1
çikildt	çıkıldt	1
kucakliyor	kucaklıyor	1
içtimâina	içtimaına	1
Umumîliğe	Umumiliğe	1
Istasyon	İstasyon	1
Sâim	Sami	1
dainî	daimi	1
Mebûsân'in	Mebusan'ın	1
içtimâa	ictimaa	1
Hülasasi'ni	Hülasası'nı	1
hincahinç	hıncahınç	1
almamiştim	almamıştım	1
dâvetine	davetine	1
ilânna	ilanına	1
dağitildi	dağıtıldı	1
meydanliğinda	meydanlığında	1
fevâidine	fevaidine	1
lisânlarda	lisanlarda	1
hazirlandim	hazırlandım	1
ibram	İbrani	1
naınına	namına	1
düşündüın	düşündüm	1
rüstüm	miştim	1
dagildi	dağıldı	1
ettigin	ettiğin	1
degistirilmemişti	değiştirilmemişti	1
başladik	başladık	1
ulimaya	ülimaya	1
samîniyetle	samimiyetle	1
voyvodalari	voyvodaları	1
nihâyette	nihayette	1
Santralist	Santralıst	1
rabtlari	rabtları	1
alkişlaniyor	alkışlanıyor	1
dağiliyorlardi	dağılıyorlardı	1
komşularumizin	komşularumızın	1
müteâkiben	müteakiben	1
komşularimizin	komşularımızın	1
vâsi	vası	1
umûra	umumi	1
inanamiyor	inanamıyor	1
alkişliyordu	alkışlıyordu	1
kastiniz	kastınız	1
tebâiyetle	tebaiyetle	1
tarafnda	tarafında	1
çalştiği	çalştığı	1
iktidâr	iktidar	1
âsâyiş	asayiş	1
intizamsizliğa	intizamsızlığa	1
konsoloslarinin	konsoloslarının	1
ihbârât	ihbarât	1
tâdilen	tadilen	1
âzâsini	azasını	1
Tenmuz	Temmuz	1
gonderilmigtir	gönderilmiştir	1
Karargâhi'na	Karargâhı'na	1
Mintakasi	Mıntıkası	1
Komutanliği'na	Komutanlığı'na	1
Mutasarrifliği'na	Mutasarrıflığı'na	1
muharebatindaki	muharebatındakı	1
liyâkatine	liyakatine	1
savaşlarindaki	savaşlarındaki	1
kidemine	kıdemine	1
liyâkatinden	liyakatinden	1
Mümaileyh	Mumaileyh	1
Başkomutanlik	Başkomutanlık	1
Riyâsetine	Riyasetine	1
Nâzırliğl'nin	Nazırlığl'nın	1
ircâl	ircal	1
haslik	haslık	1
umûrundaki	umurundakı	1
mesâisine	mesaisine	1
Ibrâz	İbraz	1
hidemâtina	hidematına	1
Alayr'nin	Alayr'nın	1
ümerâliğina	ümeralığına	1
Nâzirliğ1	Nazırlığı	1
atanmiş	atanmış	1
Mümaileyhin	Mumaileyhin	1
hânesinden	hanesinden	1
Muhafizliğl'nin	Muhafızlığl'nın	1
Mehâkim	Mehakim	1
mümaileyhin	mumaileyhin	1
günâ	gün	1
fikra	fıkra	1
mevkîinden	mevkiinden	1
bilâizin	bilaızın	1
tardi	tardı	1
Ceza'nin	Ceza'nın	1
Kanunusam	Kanunusani	1
günıüş	gümüş	1
Kiliçhi	Kılıçhı	1
Istasyonu	İstasyonu	1
infilâkindeki	infilakındeki	1
fedakârânesine	fedakaranesine	1
berati	beratı	1
dosyasindan	dosyasından	1
PASANIN	PAŞANIN	1
hazirlamiştir	hazırlamıştır	1
vedânameyi	vedanameyi	1
vedânâmenin	vedanamenin	1
bastirlip	bastırlıp	1
dağtilmak	dağtılmak	1
provasindan	provasından	1
Itilâf	İtilaf	1
düşmanlarmiza	düşmanlarmıza	1
azîme	izne	1
icabâti	icabatı	1
hasimlarimiza	hasımlarımıza	1
kat'iyyeyi	kat'ıyyeyi	1
fedakârlik	fedakarlık	1
vatammizin	vatanımızın	1
olumadi	olmadı	1
ihsân	Ihsan	1
sarildikça	sarıldıkça	1
teâlîsi	tealisi	1
istinâdgâh	istinadgah	1
âtiyyen	atiyyen	1
âtiyy	atıyy	1
inâyet	riayet	1
alâmerâtibihim	alâmeratibihim	1
çalişmanizdan	çalışmanızdan	1
ilâhiyesiyle	ilahiyesiyle	1
ifasina	ifasına	1
Hâfiz	Hafız	1
donanmayi	donanmayı	1
bâdemâ	badem	1
başkumandanimiz	başkumandanımız	1
vatanimiz	vatanımız	1
PASALAR	PAŞALAR	1
VERILEN	VERİLEN	1
IDAM	İDAM	1
kuvâyi	Kuvayı	1
esbâki	esbakı	1
kanunîsini	kanunisini	1
mânevîsini	manevisini	1
Kanunnâmesinin	Kanunnamesinin	1
fikrasi	fıkrası	1
idamlarina	idamlarına	1
iskat	ıskat	1
Âyân	Aynı	1
kararnin	kararın	1
mânî	man	1
konulmalarina	konulmalarına	1
giyâben	gıyaben	1
firarîler	firariler	1
sâlifü'z	salıfü'z	1
Islâmiye'yi	İslamiye'yi	1
ihrâz	ihraz	1
inzimâm	inzimam	1
mâlûliyetine	maluliyetine	1
Esâsî'nin	Esası'nın	1
istinâden	istinaden	1
icrâsina	icrasına	1
nıucip	mucip	1
Hamm'a	Hanım'a	1
Yalmz	Yalnız	1
evvelka	evvelki	1
rnektubumda	mektubunda	1
tutarsiniz	tutarsınız	1
şayân	sayan	1
uğradiğ	uğradığ	1
yikildiği	yıkıldığı	1
velhâsil	velhasıl	1
ayş	iyi	1
birtakimlari	birtakımları	1
çadirdadır	çadırdadır	1
vatanimizi	vatanımızı	1
zâbitîn	zabitin	1
borçlarmiz	borçlarmız	1
buyurmayiniz	buyurmayınız	1
beybabaciğim	beybabacığım	1
Istidamdan	İstidamdan	1
dememi	denen	1
olmana	olmama	1
yazmasaydin	yazmasaydın	1
darlacaktim	darlacaktım	1
alamamasi	alınması	1
nıaamafih	maamafih	1
kitaplan	kitapları	1
münıkün	mümkün	1
nazanmda	nazarında	1
tarafnizdan	tarafnızdan	1
nağamatiyla	nağamatıyla	1
bahtiyarliği	bahtiyarlığı	1
bahşedeceksin	bahsedeceksin	1
Tesrinsanî	Teşrinsanî	1
benligimin	benliğimin	1
Nişanlilik	Nişanlılık	1
Yazik	Yazık	1
billâhi	billahi	1
acimaz	acımaz	1
insafi	insafı	1
aciyarak	acıyarak	1
iztiraplarini	ıztıraplarını	1
dolaştim	dolaştım	1
rahatini	rahatını	1
nazarlarima	nazarlarıma	1
Uyuyacağuni	Uyuyacağunı	1
cereyaniyla	cereyanıyla	1
evlatlan	evlatları	1
yamnda	yanında	1
vurulınuş	vurulmuş	1
Envercigim	Enverciğim	1
degildir	değildir	1
kaglt	kağıt	1
Abdulhak	Abdülhak	1
yazacağim	yazacağım	1
karşiliğini	karşılığını	1
kizdir	kızdır	1
utanmayacağima	utanmayacağıma	1
soramadim	soramadım	1
kurismiyor	kurısmıyor	1
karişmam	karışmam	1
kâğidunin	kağıdunın	1
Istiyorum	İstiyorum	1
varliğin	varlığın	1
teşekkürâtimi	teşekküratımı	1
yazdiğimdan	yazdığımdan	1
nişâne	nişane	1
taşiyacağim	taşıyacağım	1
saklayacağim	saklayacağım	1
bağlayacağim	bağlayacağım	1
hazirm	hazırm	1
câlî	çalı	1
hatadir	hatadır	1
Vatanin	Vatanın	1
zanlarni	zanlarnı	1
haksizlikla	haksızlıkla	1
yakişmaz	yakışmaz	1
haksizdir	haksızdır	1
akrabasindandir	akrabasındandır	1
ricalarim	ricalarım	1
ikınal	ikmal	1
uygıın	uygun	1
yıını	yün	1
dı1çar	duçar	1
çıkanlan	çıkarılan	1
alaylan	alayları	1
lkiye	ikiye	1
îfasi	ifası	1
Müsteşarliği'na	Müsteşarlığı'na	1
PASAYA	PAŞAYA	1
Başimiza	Başımıza	1
bilvasita	bilvasıta	1
Vak'anin	Vak'anın	1
cereyanini	cereyanını	1
yanaşir	yansır	1
panjurlari	panjurları	1
numarasina	numarasına	1
kafatasina	kafatasına	1
rövolverini	rovolverini	1
Vak'ayi	Vak'ayı	1
yardiktan	yardıktan	1
yanaşirsa	yanaşırsa	1
kulliyetli	külliyetli	1
meblag	meblağ	1
bulundugundan	bulunduğundan	1
kunda	kında	1
Talät	Talat	1
udam	idam	1
tertibatin	tertibatın	1
birakmyor	bırakmyor	1
Sefureti	Şefureti	1
boşboğazlik	boşboğazlık	1
malümatimiz	malumatımız	1
zevâta	zevatı	1
hazirlanyor	hazırlanıyor	1
Ihtiyatla	İhtiyatla	1
kemâfissabik	kemafissabık	1
Midhat'in	Midhat'ın	1
mîliyesi	miliyesi	1
sattiklari	sattıkları	1
parasizdir	parasızdır	1
intizâra	intizam	1
dâhile	dahile	1
âmâdeyiz	amadeyiz	1
itikadindayiz	itikadındayız	1
unutmayacağiniza	unutmayacağınıza	1
bulunacağiniza	bulunacağınıza	1
paşaciğim	paşacığım	1
anliyorum	anlıyorum	1
alacağinizdan	alacağınızdan	1
tafsilâtiyla	tafsilatıyla	1
yazdiktan	yazdıktan	1
çikartmiş	çıkartmış	1
saraylarindan	saraylarından	1
Yengemin	Yengernin	1
dâvâyl	davayı	1
Ciftliklere	Çiftliklere	1
rizamizla	rızamızla	1
hâdisâti	hadisatı	1
husûs	husu	1
Bakî	Bakı	1
yaziniz	yazınız	1
sihhatim	sıhhatim	1
Iyidir	İyidir	1
mektuplarnizi	mektuplarnızı	1
kâğidinizin	kâğıdınızın	1
yaptiğiniz	yaptığınız	1
yukanda	yukarıda	1
malı1m	malum	1
bulunmalan	bulunmaları	1
olacağun	olacağım	1
gurültü	gürültü	1
liralik	liralık	1
hAsil	hasıl	1
bulunacağini	bulunacağını	1
patirtidan	patırtıdan	1
menbâlarini	menbalarını	1
dokunacağini	dokunacağını	1
hicbirisinden	hiçbirisinden	1
sikildiğum	sıkıldığum	1
sattirmaya	sattırmaya	1
parasinda	parasında	1
nlikonulup	nlıkonulup	1
hakkimizdi	hakkımızdı	1
müracaatlarimda	müracaatlarımda	1
uğraşiyorum	uğraşıyorum	1
çalişmiştim	çalışmıştım	1
çalitiğini	çalıtığını	1
anlatincaya	anlatıncaya	1
karayi	karayı	1
haremağalarini	haremağalarını	1
yaptiriyordu	yaptırıyordu	1
şerâit	şerait	1
âmâl	mal	1
yaniliyordunuz	yanılıyordunuz	1
habîsin	habisin	1
hâinânesine	hainanesine	1
şahsiniza	şahsınıza	1
zarfmda	zarfında	1
zaınan	zaman	1
malı1matı	malumatı	1
Anneınin	Annemin	1
arınemin	annemin	1
dogrudan	doğrudan	1
Kîzun	Kızın	1
henuz	henüz	1
degillerdir	değillerdir	1
yazdigumz	yazdıgumz	1
almamiştir	almamıştır	1
savdi	savdı	1
Müracaatim	Müracaatım	1
mektubumda	mektubunda	1
Hastaliklar	Hastalıklar	1
muarizdir	muarızdır	1
hastalikla	hastalıkla	1
uzaklaştirilmasi	uzaklaştırılması	1
sihhatle	sıhhatle	1
Viyanali	Viyanalı	1
fotoğrafini	fotoğrafını	1
sâdik	sadık	1
liradir	liradır	1
bulamadiğimiz	bulamadığımız	1
ayliğ1	aylığ1	1
hâsilat	hasılat	1
uğrattiğini	uğrattığını	1
Hiristaki'ye	Hıristakı'ye	1
umumîyenin	umumiyenin	1
masrafini	masrafını	1
kapatmadi	kapatmadı	1
bilâmüddet	bilamüddet	1
çikarmaktan	çıkarmaktan	1
hesabl	hesabı	1
yağınaya	yağmaya	1
Yengen	Yengem	1
Aldiği	Aldığı	1
Velhâsil	Velhasıl	1
mektuplarimzm	mektuplarımzm	1
yapmiştum	yapmıştum	1
Simdiye	Şimdiye	1
Istinaf	İstinaf	1
avukatimizin	avukatımızın	1
iyitaninmiş	iyitanınmış	1
kazanacağimiz	kazanacağımız	1
Işler	İşler	1
malûmatiniz	malumatınız	1
kaçmadim	kaçmadım	1
birakmayacağim	bırakmayacağım	1
Mektubumda	Mektubunda	1
zâbitidir	zabitidir	1
Hastanin	Hastanın	1
Satmamizi	Satmamızı	1
kat'iyati	kat'ıyatı	1
yapilmadiğindan	yapılmadığından	1
bilânçosunu	bilançosunu	1
mer'a	mer'i	1
ârz	ırz	1
ameliyati	ameliyatı	1
Mer'asiz	Mer'asız	1
Koyunlarin	Koyunların	1
satildiğini	satıldığını	1
kaldirdiktan	kaldırdıktan	1
pahaliliğinda	pahalılığında	1
olınasın	olmasın	1
Donari	Donan	1
olınuştum	olmuştum	1
veririnı	veririm	1
olduğıınuzu	olduğunuzu	1
gönderiyorunı	gönderiyorum	1
mektubuında	mektubunda	1
gimdi	şimdi	1
rahatsizliklari	rahatsızlıkları	1
kâğitlari	kağıtları	1
yazdik	yazdık	1
kayinbiraderleri	kayınbiraderleri	1
Hâziri	Hazırı	1
yapacaklarni	yapacaklarnı	1
alinmalar	alınmalar	1
bulunacaklardi	bulunacaklardı	1
kalmasinda	kalmasında	1
takimindan	takımından	1
koyduracağim	koyduracağım	1
saçmaliklara	saçmalıklara	1
kalacakmiş	kalacakmış	1
akrabalarn	akrabaları	1
Yarn	Yani	1
muhafazaniz	muhafazanız	1
sevdigi	sevdiği	1
Sammi	Samimi	1
lirasini	lirasını	1
maadâ	mada	1
aldiğina	aldığına	1
yaramiş	yaramış	1
kiymetleri	kıymetleri	1
yapilacağini	yapılacağını	1
içtimamizda	içtimamızda	1
anlaşilacağl	anlaşılacağl	1
parasizlik	parasızlık	1
dağilmak	dağılmak	1
Istediğiniz	İstediğiniz	1
Baki	Bakı	1
levazimini	levazımını	1
başkalanna	başkalarına	1
haksizhk	haksızlık	1
sarfi	sarfı	1
almadim	almadım	1
kiîle	kule	1
zatî	zatı	1
teşkilâtindir	teşkilatındır	1
almazdim	almazdım	1
masrafimdir	masrafımdır	1
masrafiın	masrafıın	1
masariftir	masarıftır	1
arkadaşlarima	arkadaşlarıma	1
muhatabim	muhatabım	1
duyduklaruni	duyduklarunı	1
mesâilde	mesailde	1
hatirna	hatırna	1
hâdimidir	hadimidir	1
tekrarindan	tekrarından	1
halasina	halasına	1
Hüda’nin	Hüda’nın	1
Hak'kin	Hak'kın	1
buyurmasini	buyurmasını	1
Paşa’nun	Paşa’nın	1
Zarfin	Zarfın	1
darilmak	darılmak	1
kizmaktir	kızmaktır	1
ayrilmamak	ayrılmamak	1
taraflanm	tarafların	1
noktalan	noktaları	1
zamarn	zaman	1
kelanı	kelam	1
nıuvafık	muvafık	1
iddialan	iddiaları	1
kıyınetli	kıymetli	1
ederiın	ederim	1
Kanunsanı	Kanunisani	1
etmemis	etmemiş	1
Nâm	Nin	1
mübayaa	mubayaa	1
sayet	şayet	1
âsâri	aşırı	1
âlinide	alınıde	1
wunlime	wunlıme	1
ihtiyâcâti	ihtiyacatı	1
veçluile	veçluıle	1
beyânatimin	beyanatımın	1
malûmatim	malumatım	1
cereyân	cereyanı	1
lâzimdir	lazımdır	1
sâmîlerinden	samilerinden	1
sâmîlerince	samilerince	1
miktarn	miktarı	1
hususâta	hususatı	1
âmâlini	malını	1
Almnanlar'in	Almnanlar'ın	1
anlamişlardir	anlamışlardır	1
tatbîkine	tatbikine	1
gelniştir	gelmiştir	1
sâmîlerin	samilerin	1
yuzde	yüzde	1
bastiracak	bastıracak	1
koyacağimı	koyacağımı	1
sikintida	sıkıntıda	1
yanimdaki	yanımdaki	1
tediyati	tediyatı	1
makinalari	makinaları	1
Tarzî	Tarzı	1
ITTIHAD	İTTİHAD	1
TERAKKI	TERAKKİ	1
TEŞKILÂTA	TEŞKİLATA	1
MECLISINE	MECLİSİNE	1
GÖNDERDIGI	GÖNDERDİĞİ	1
hâziranin	hazıranın	1
lüzuma	lüzum	1
Umumf'nin	Umumf'nın	1
atî	atı	1
bâhistir	bahistir	1
ahvâline	ahvaline	1
sâik	saik	1
dâhiliyesine	dahiliyesine	1
merhumu	merhum	1
Rütü	İnti	1
Kumandanliğl	Kumandanlığl	1
farklan	farkları	1
esaslan	esasları	1
alınadığı	almadığı	1
zaranna	zararına	1
Şı1ralar	Şuralar	1
hükı1met	hükümet	1
duvarlan	duvarları	1
samyorum	sanıyorum	1
sanldı	sarıldı	1
yarasi	yarası	1
kitalari	kıtaları	1
kiyamini	kıyamını	1
zâbitanina	zabitanına	1
yardimlariyla	yardımlarıyla	1
ihtilâlinde	ihtilalinde	1
menbalarini	menbalarını	1
maksatlarina	maksatlarına	1
intikama	intikam	1
Idam	İdam	1
iaçe	üçe	1
düçar	duçar	1
müşkilâti	müşkilatı	1
iktihâmla	iktihamla	1
itilâfta	itilafta	1
siyasiyelerinitakviye	siyasiyelerinitakvıye	1
Krasin	Krasın	1
zîr	zır	1
vasil	vasıl	1
kiyamda	kıyamda	1
intihabi	intihabı	1
zâbit	zabıt	1
kitalar	kıtalar	1
Basmnacilar	Basmnacılar	1
Mücahidîn	Mücahidin	1
ihtilâftan	ihtilaftan	1
kabâilin	kabailin	1
iltihakiyla	iltihakıyla	1
kiyamcilari	kıyamcıları	1
tanidilar	tanıdılar	1
Mayis'da	Mayıs'da	1
rizasiyla	rızasıyla	1
vekayîi	vekayii	1
mecmuamiza	mecmuamıza	1
Kânunsanî'sinden	Kanunsani'sinden	1
vâsî	vası	1
kiyamcilarin	kıyamcıların	1
kiyamlardan	kıyamlardan	1
olmuyorlardi	olmuyorlardı	1
şâyî	sayı	1
muvasalati	muvasalatı	1
mücahidîne	mücahidine	1
hatlanna	hatlarına	1
Gıırbet	Gurbet	1
oyıınun	oyunun	1
Paga'yi	Paşa'yı	1
sirmaya	sırmaya	1
zirha	zırha	1
kahramandi	kahramandı	1
sayildi	sayıldı	1
firkaya	fırkaya	1
kaçani	kaçan	1
mülazimlari	mülazımları	1
kovalamayani	kovalamayanı	1
kahramanliğl	kahramanlığl	1
yapişmiştir	yapışmıştır	1
vatandaşınin	vatandaşının	1
kahramanliği	kahramanlığı	1
Sezarlarnni	Sezarlarnnı	1
târumâr	tanınır	1
yaralarnin	yaralarnın	1
kayitsizliğumız	kayıtsızlığumız	1
yüzbaşiyl	yüzbaşıyl	1
bundadir	bundadır	1
başimizda	başımızda	1
sirtimizda	sırtımızda	1
taşidik	taşıdık	1
Istasyonu'na	İstasyonu'na	1
gina	ğına	1
sifatindan	sıfatından	1
iştikakindan	istikakından	1
Anlaşiliyor	Anlaşılıyor	1
bağnnda	bağrında	1
adanıın	adamın	1
Kulaklan	Kulakları	1
çıktıklan	çıktıkları	1
kanşmış	karışmış	1
çalştiğini	çalştığını	1
Macarlar'in	Macarlar'ın	1
itilâfa	itilafa	1
aleyhtarliği	aleyhtarlığı	1
bulunamiyor	bulunamıyor	1
Amerika'nin	Amerika'nın	1
Fransizlar'la	Fransızlar'la	1
ihfâ	ihfa	1
Irlandalilar	İrlandalılar	1
ordularnin	orduların	1
bulunduklarn	bulundukları	1
Muhaberati	Muhaberatı	1
müşkilâtini	müşkilatını	1
hoşnudîyi	hoşnudiyi	1
mesâilden	mesailden	1
olduklarni	olduklarnı	1
antantlarin	antantların	1
tabiîdir	tabiidir	1
taraftardir	taraftardır	1
mevziî	mevzu	1
ahvâlinin	ahvalinin	1
karişacaği	karışacağı	1
tevhîdini	tevhidini	1
murahhaslan	murahhasları	1
Meınlekette	Memlekette	1
olanlann	olanların	1
olmadıklan	olmadıkları	1
anladum	anladım	1
iimidiyle	ümidiyle	1
muvaffakiyâtiniza	muvaffakiyatınıza	1
PASADAN	PAŞADAN	1
icrâiyesi	icraiyesi	1
çalişilmasi	çalışılması	1
ihtilâliyeyi	ihtilaliyeyi	1
mukarrerati	mukarreratı	1
muvasalatimuzin	muvasalatımuzın	1
Şark'in	Şark'ın	1
mütedâir	mütedair	1
yazamayacağim	yazamayacağım	1
yazilmuştir	yazılmıştır	1
adamlannın	adamlarının	1
sâyân	şayan	1
Maamafib	Maamafıb	1
yazilun	yazılun	1
murahhaslarinizdan	murahhaslarınızdan	1
itikadindayim	itikadındayım	1
ifâsi	ifası	1
Cenup'taki	Cenup'takı	1
tâbîdir	tabidir	1
ihtiyâcât	ihtiyacat	1
mübayaasina	mubayaasına	1
Koşk	Köşk	1
ibtidasinda	ibtidasında	1
mevkîine	mevkiine	1
şâyân	sayan	1
iş'ârn	iş'arı	1
yapildiğ1	yapıldığı	1
inkilâbin	inkılabın	1
tarîkiyle	tarikiyle	1
ahvâlini	ahvalini	1
yazmı	yazın	1
karalamiş	karalamış	1
çaliacağum	çalıacağum	1
ınuavenet	muavenet	1
ınuvaffakiyetle	muvaffakiyetle	1
nazarındarı	nazarından	1
terndid	temdid	1
yoldaşlarin	yoldaşların	1
ifâdeleri	ifadeleri	1
dolayisiyladir	dolayısıyladır	1
birçoklari	birçokları	1
malûmatin	malumatın	1
aksam	akşam	1
dâiresinde	dairesinde	1
ifâdâtta	ifadatta	1
buyurmanizi	buyurmanızı	1
Braynt'in	Braynt'ın	1
doktorlarnn	doktorların	1
hülâsasini	hülasasını	1
sâî	şu	1
icabi	icabı	1
bedihîdir	bedihidir	1
düşmanlarmizin	düşmanlarmızın	1
zaafi	zaafı	1
cihanin	cihanın	1
devanıına	devamına	1
memurlann	memurların	1
fırkamn	fırkanın	1
firsatla	fırsatla	1
yardimciniz	yardımcınız	1
Istikläl	İstiklal	1
mesâimizi	mesaimizi	1
mesâinin	mesainin	1
çağirdiğini	çağırdığını	1
anladiğindan	anladığından	1
uzadiğindan	uzadığından	1
manevrasi	manevrası	1
çikmasinda	çıkmasında	1
çıkarlmiş	çıkarlmış	1
aldirlarak	aldırlarak	1
bulundugunu	bulunduğunu	1
bulmuyorum	bilmiyorum	1
âtî	atı	1
iameleye	ıameleye	1
dügmanlarimizin	düşmanlarımızın	1
kalmalarini	kalmalarını	1
dâhildeki	dahildeki	1
çıktiklarini	çıktıklarını	1
kararlaştirilmiş	kararlaştırılmış	1
imdadin	imdadın	1
anliyarak	anlıyarak	1
mahbusiyetim	mahbusıyetim	1
kararlaştirdiğimiz	kararlaştırdığımız	1
çalişmişlardir	çalışmışlardır	1
yapmamalarini	yapmamalarını	1
olınadığım	olmadığım	1
olınazsa	olmazsa	1
ilamyla	ilanıyla	1
olduklanm	olduklarını	1
ihtiyaçlanm	ihtiyaçlarını	1
arkadaşlann	arkadaşların	1
kalmadugini	kalmadığını	1
beklerse	bekleme	1
yapmayacaklarini	yapmayacaklarını	1
çikarmayacağini	çıkarmayacağını	1
anlatiniş	anlatınış	1
mukarreratini	mukarreratını	1
saincağin	sancağın	1
muvaffakiyât	muvaffakiyat	1
mâledinmek	maledinmek	1
mulâhazasiyla	mülahazasıyla	1
âzâlarinin	azalarının	1
çikmayacağini	çıkmayacağını	1
unladiğimdan	unladığımdan	1
çalişilmasini	çalışılmasını	1
Iğdir	Iğdır	1
birakilmasina	bırakılmasına	1
çaliştiksa	çalıştıksa	1
nâminiza	namınıza	1
alinirken	alınırken	1
bulunmami	bulunmamı	1
teşkilâtimizin	teşkilatımızın	1
programimiza	programımıza	1
bulacağinizi	bulacağınızı	1
faydayi	faydayı	1
anlatmiştim	anlatmıştım	1
halasi	halası	1
âlîniz	alınız	1
çaliştiğimiz	çalıştığımız	1
açikliklara	açıklıklara	1
hasminiz	hasmınız	1
taraftariyiz	taraftarıyız	1
aklimizdan	aklımızdan	1
Halbııki	Halbuki	1
kazannıak	kazanmak	1
mağlı1p	mağlup	1
husı1le	husule	1
âhiresi	ahiresi	1
mütalâatim	mütalaatım	1
mesâimi	mesaimi	1
Istediğim	İstediğim	1
zâbitânin	zabitanın	1
lâzime	lazıme	1
teşebbüsâtinin	teşebbüsatının	1
erkânini	erkanını	1
kalrim	kalrım	1
mütehassislarla	mütehassıslarla	1
esâmîsi	esamisi	1
lûtfederseniz	lütfederseniz	1
rüfekanin	rüfekanın	1
mezatin	mezatın	1
Ankara’nun	Ankara’nın	1
KARABEKIR	KARABEKİR	1
tarafimizdan	tarafımızdan	1
vezâif	vezaif	1
salâhiyetleri	salahiyetleri	1
teşkilâtiniza	teşkilatınıza	1
lâzm	lazım	1
teşkilâte	teşkilate	1
yaptirdiğini	yaptırdığını	1
bulunmayacağimiza	bulunmayacağımıza	1
çaliştilarsa	çalıştılarsa	1
GÖNDERILEN	GÖNDERİLEN	1
TALIMATI	TALİMATI	1
siralamada	sıralamada	1
zannindayim	zannındayım	1
PASA	PAŞA	1
ÇIKARDIGI	ÇIKARDIĞI	1
EMRI	EMRİ	1
anlaşilmadi	anlaşılmadı	1
tekrarini	tekrarını	1
eşhâsin	eşhasın	1
sik1	sıkı	1
hudutlarina	hudutlarına	1
kumandanlarina	kumandanlarına	1
Vakfi	Vakfı	1
Feuzi	Feuzı	1
Kôzim	Közim	1
BIRLIKLERE	BİRLİKLERE	1
izâmı	izini	1
serîa	Şeria	1
icrasini	icrasını	1
tamîmin	tarımın	1
muktezâsi	muktezası	1
yanlişlikla	yanlışlıkla	1
yazildiğini	yazıldığını	1
siyaki	siyakı	1
AILESININ	AİLESİNİN	1
ILÂMI	İLANI	1
Sayi	Sayı	1
Hayrinnüsa	Hayrınnüsa	1
Tafsilâti	Tafsilatı	1
tutanağinda	tutanağında	1
Dain	Dan	1
las	lis	1
siralarinda	sıralarında	1
evlatlars	evlatları	1
Mde	Nde	1
aann	Amin	1
sar	şar	1
Mayrisnt	Mayrısnt	1
Oinalit	Oınalıt	1
Viiler	Vııler	1
Biabos	Bıabos	1
Tafailets	Tafaılets	1
Sutaneginda	Sütaneginda	1
olsadigs	olsadıgs	1
Aigiillaria	Aigiillarıa	1
teitarihinde	teıtarıhınde	1
mlagsinakla	mlagsınakla	1
mirasçılari	mirasçıları	1
vesikasi	vesikası	1
harcin	hırçın	1
sahidin	şahidin	1
münderecatindan	münderecatından	1
anlaşilmakla	anlaşılmakla	1
hasrina	hasrına	1
sayilarak	sayılarak	1
mûris	murıs	1
kizlarTürkân	kızlartürkân	1
mirasçılik	mirasçılık	1
Şarl'a	Şam'a	1
Asli	Aslı	1
numaradadir	numaradadır	1
bakiniz	bakınız	1
Sah	Şah	1
Anilari	Anıları	1
Başbakanlik	Başbakanlık	1
dipnottadir	dipnottadır	1
Sarikamu	Sarıkamu	1
Bespokoiny	Beşpokoıny	1
nanmasina	nanmasına	1
Schastlivy	Schastlıvy	1
gimdiye	şimdiye	1
Hatâ	Hatı	1
Das	Dış	1
araştirmacisi	araştırmacısı	1
Kapitänleutnant	Kapitanleutnant	1
basksinda	basksında	1
Anadoluhisari	Anadoluhisarı	1
takildiklarini	takıldıklarını	1
Boyaciköy'e	Boyacıköy'e	1
yanaştiklarini	yanaştıklarını	1
Bafrali	Bafralı	1
yalinın	yılının	1
umumîliğini	umumiliğini	1
katimizda	katımızda	1
kapadim	kapadım	1
çantalarini	çantalarını	1
Ortalik	Ortalık	1
başimiza	başımıza	1
Zarari	Zararı	1
kayinvalideme	kayınvalideme	1
sikilma	sıkılma	1
taraftarim	taraftarım	1
kizkardelerini	kızkardelerini	1
bastiktan	bastıktan	1
ınııl	mül	1
mparatorlugun	imparatorluğun	1
hatıralannı	hatıralarını	1
hatıralannda	hatıralarında	1
karşismda	karşısında	1
Tasarimi	Tasarımı	1
kullanilmaktadir	kullanılmaktadır	1
Başmusahip	Basmusahıp	1
Sokaklari'nin	Sokakları'nın	1
Atamiz	Atamız	1
batinda	batında	1
ahfâdindan	ahfadından	1
Hasanoğullari	Hasanoğulları	1
Kililioğullari	Kililioğulları	1
yukarisini	yukarısını	1
Hacl	Hacı	1
Abana'nin	Abana'nın	1
çıraklik	çıraklık	1
sanatmiş	sanatını	1
miçoluk	micoluk	1
çıkrikçilik	çıkrıkçılık	1
çikrikçılik	çıkrıkçılık	1
Kizin	Kızın	1
ortancanin	ortancanın	1
çikrkçiliği	çıkrkçılığı	1
Usta'nin	Usta'nın	1
Oğullarnin	Oğullarını	1
Kizl	Kızı	1
ortancasinin	ortancasının	1
asmiş	aşmış	1
Çikrikçliktan	Çıkrıkçlıktan	1
batmiş	batmış	1
Uzunçarşi'daki	Uzuncarşı'dakı	1
dükkânina	dükkânına	1
Unkapani'ndaki	Unkapanı'ndakı	1
çeşeli	ceseli	1
ilgasi	ilgası	1
saklanmiş	saklanmış	1
hanimından	hanımından	1
bahan	bahri	1
yaygini	yaygını	1
nâtir	natır	1
dellâki	dellakı	1
yikayicl	yıkayıcl	1
yayinl	yayını	1
Match'in	Match'ın	1
yikaycl	yıkaycl	1
Erduran'in	Erduran'ın	1
sal1	salı	1
Sean	Sen	1
Isra	İşin	1
Inc	Nc	1
evrak1	evrakı	1
berî	beni	1
imzâ	Rıza	1
Islâmiyye'ye	İslamiyye'ye	1
ikbâl	ikbal	1
iclâl	iclal	1
kağidin	kağıdın	1
yiprandiğ	yıprandığ	1
okunamiyor	okunamıyor	1
ifâdan	ifadan	1
iktisâb	iktisab	1
sartiyle	şartiyle	1
şâhid	şahid	1
müşarileyhîm	musarıleyhîm	1
hazerâtina	hazeratına	1
Ayrintilar	Ayrıntılar	1
anlatilmiştir	anlatılmıştır	1
sayilarla	sayılarla	1
Inci	İnci	1
Istibdad	İstibdad	1
Yazilarl	Yazılarl	1
Sarl	Sarı	1
Rifaî	Rifai	1
Âsitanesi	Asitanesi	1
Sandiğl'nda	Sandığl'nda	1
Gölpinarli	Gölpınarlı	1
zâr	zir	1
rahm	Rahmi	1
sefkat	şefkat	1
hiras	Hıris	1
eşkiyâ	eşkıya	1
subh	şibh	1
mesâ	mesi	1
Durmayip	Durmayıp	1
denî	den	1
gafilani	gafilanı	1
Nâle	İmale	1
Hûn	Hin	1
serâ	seni	1
şerîrin	şeririn	1
mâfihâ	mafihâ	1
Äşinâ	Aşina	1
felâkettir	felakettir	1
asdika	asdıka	1
cehâlettir	cehalettir	1
virân	viran	1
Äsum	Asım	1
çikişı	çıkışı	1
hamâkati	hamakatı	1
mirasin	mirasın	1
sikiştikça	sıkıştıkça	1
bahasina	bahasına	1
devrini	devrimi	1
akina	ikna	1
Yunanla	Yunanlı	1
asirlarca	asırlarca	1
akindan	akından	1
koturduklari	koturdukları	1
silâhşorlar	silahşorlar	1
Sirpla	Sırpla	1
Rusyali	Rusyalı	1
kilica	kılıca	1
ortalarna	ortalama	1
Afrika'nin	Afrika'nın	1
hâile	haile	1
israri	ısrarı	1
imzalattiği	imzalattığı	1
parçalaniyordu	parçalanıyordu	1
Ikiye	İkiye	1
altna	altına	1
Kibris'la	Kıbrıs'la	1
toprakli	topraklı	1
kit'anin	kıt'anın	1
hakanlikti	hakanlıktı	1
buz	biz	1
hudutlari	hudutları	1
komitacilarnnın	komitacılarnnın	1
barindiğ1	barındığ1	1
hudutlarindan	hudutlarından	1
tütmedi	tutmedi	1
hatâlarini	hatalarını	1
volkani	volkanı	1
komitasi	komitası	1
kullamlan	kullanılan	1
bütüin	bütün	1
malûmu	malum	1
müdafaasiz	müdafaasız	1
arkalarini	arkalarını	1
açilnp	acilnp	1
coğrafyasl	coğrafyası	1
adamlarinda	adamlarında	1
bulunsaydi	bulunsaydı	1
hakanlik	hakanlık	1
atmiş	atmış	1
komitasinin	komitasının	1
battiğinin	battığının	1
batirldiğinin	batırldığının	1
alintilarin	alıntıların	1
yeraldiğ	yeraldığ	1
bazilarnın	bazılarını	1
bazila	bazıla	1
Telgrafin	Telgrafın	1
Teşrînsani	Teşrinisani	1
hânesine	hanesine	1
Hayatim	Hayatım	1
Ittihadçı'nun	İttihadçı'nun	1
Yilnda	Yılında	1
Uzunçarşıli'nin	Uzunçarşılı'nın	1
Ittihadçılar'n	İttihadçılar'ın	1
yayınladiğ	yayınladığ	1
Azîm	İzin	1
Matbaasi	Matbaası	1
Uzunçarşıli	Uzunçarşılı	1
Yaynevi	Yayınevi	1
ittifakinda	ittifakında	1
Paga'nm	Paşa'nın	1
yakinlg	yakınlg	1
hitaplardaki	hitaplardakı	1
muhatabin	muhatabın	1
mektuplarnin	mektupların	1
Yayinevi	Yayınevi	1
yaynlanmamiş	yayınlanmamış	1
tarafnidan	tarafından	1
Kiysindan	Kıysından	1
tipkibasimi	tıpkıbasımı	1
Adra	Adım	1
Kâğut	Kağıt	1
yaynnladiğl	yaynnladığl	1
Tanudiklarum	Tanudıklarum	1
Altnanit	Altnanıt	1
yayinlanmiştir	yayınlanmıştır	1
Bankasl	Bankası	1
Yaynlar	Yayınlar	1
Incil'in	İncil'in	1
ehemıniyetle	ehemmiyetle	1
bulunınuş	bulunmuş	1
yapınağa	yapmağa	1
bağışlandiğl	bağışlandığl	1
bağışi	bağışı	1
Arn	An	1
Imge	İmge	1
paragraflarnni	paragraflarnnı	1
Inan'inin	İnan'ının	1
Mektuplarin	Mektupların	1
yaynlayan	yayımlayan	1
yinindan	yınından	1
sayfalardadir	sayfalardadır	1
Osmanlicilik	Osmanlıcılık	1
Akim	Akım	1
Ittihadçular	İttihadçılar	1
Ittifaki	İttifakı	1
istihbaratina	istihbaratına	1
Panturanian	Panturanıan	1
Vedânamenin	Vedanamenin	1
Yahmauchi	Yahmauchı	1
mektuplarindandir	mektuplarındandır	1
bazilarnin	bazılarını	1
Yazişmalardan	Yazışmalardan	1
kullandiğim	kullandığım	1
Olamamuş	Olamamış	1
notanin	notanın	1
yayinlamiştir	yayınlamıştır	1
Ittihadçt'nun	İttihadçt'nun	1
Sanduğl'ndaki	Sanduğl'ndakı	1
yazimalarina	yazımalarına	1
Ittihatçu	İttihatçı	1
yillarini	yıllarını	1
yapild	yapıld	1
kampinda	kampında	1
Ocak'ina	Ocak'ına	1
Kasum	Kasım	1
çikartilmiş	çıkartılmış	1
hatralarini	hatralarını	1
Nova'nin	Nova'nın	1
imzal	ımzal	1
girigimini	girişimini	1
bastiran	bastıran	1
karistirilmamasi	karıştırılmaması	1
yanindn	yanındn	1
hitabindan	hitabından	1
yazilmamış	yazılmamış	1
numa	Nuri	1
Yalçin	Yalçın	1
mensuplarnin	mensuplarını	1
sinirdi	sınırdı	1
noktaladi	noktaladı	1
anlaşilmaktadir	anlaşılmaktadır	1
kisum	kısım	1
çukmiştir	çıkmıştır	1
Yalman'in	Yalman'ın	1
okuyanin	okuyanın	1
kapilmasina	kapılmasına	1
adaylarn	adayları	1
Tefrikanin	Tefrikanın	1
bulaşik	bulaşık	1
Ittihadçılikla	İttihadcılıkla	1
taşidiğl	taşıdığı	1
inandirmak	inandırmak	1
Chabrier	Chabrıer	1
Ayricn	Ayrıcn	1
mektuplarinın	mektuplarının	1
Baku	Bakü	1
yaynina	yaynına	1
politikalarnin	politikalarnın	1
uzmanlarindandi	uzmanlarındandı	1
batu	batı	1
Kasun	Kasım	1
güzergâhinda	güzergahında	1
selâmlandiği	selamlandığı	1
numarli	numarlı	1
ğimdan	ğından	1
hocamiz	hocamız	1
altmişıncisi	altmışıncısı	1
aşağisinda	aşağısında	1
zamanumda	zamanında	1
Şiiralar	Şuralar	1
telgraflan	telgrafları	1
l'Ernpire	l'empire	1
tabiı	tabu	1
Yamnuchi	Yamnuchı	1
ihtilafâti	ihtilafatı	1
basininda	basınında	1
Amerika'nn	Amerika'nın	1
Zamani	Zamanı	1
merhûn	merhum	1
zamanu	zaman	1
mahlâsiyla	mahlasıyla	1
Ânî	Anı	1
zorlandiği	zorlandığı	1
Hânu	Hani	1
balikçılik	balıkçılık	1
Bank'in	Bank'ın	1
kariştiran	karıştıran	1
olamamasi	olamaması	1
Changripota'da	Changrıpota'da	1
istihbaratindan	istihbaratından	1
California'nin	California'nın	1
makamlarinin	makamlarının	1
sagladig	sağladıg	1
devrimde	devrinde	1
yaşanacağni	yaşanacağnı	1
bağmsiz	bağımsız	1
Nehru	Nehri	1
sağliğnin	sağlığının	1
yargilanip	yargılanıp	1
hastaliklarla	hastalıklarla	1
yakiştirmalari	yakıştırmaları	1
kisimlarinda	kısımlarında	1
karşilaştirildiğnda	karşılaştırıldığında	1
diklarinin	dıklarının	1
şaşirtmayacaktir	şaşırtmayacaktır	1
Çayl	Çayı	1
halilarn	halıları	1
iyibaktilar	iyibaktılar	1
kaçinca	kaçıncı	1
toplanmişlar	toplanmışlar	1
Tâli'den	Tali'den	1
Cevadadinda	Cevadadında	1
binbaşiyaninda	binbaşıyanında	1
sirr	sırr	1
kilmişlar	kılmışlar	1
yollayip	yollayıp	1
Baktim	Baktım	1
Kalpağini	Kalpağını	1
nıüsünüz	musunuz	1
nıüdafaa	müdafaa	1
başlanndan	başlarından	1
içtimâl	içtimai	1
yollatmadiğni	yollatmadığnı	1
çalmişlardir	çalmışlardır	1
çalişmış	çalışmış	1
adamlariydi	adamlarıydı	1
azâsiyla	azasıyla	1
bağrilmiş	bağrılmış	1
zamîri	zamiri	1
çikmazlardi	çıkmazlardı	1
kafasiz	kafasız	1
tertibati	tertibatı	1
dağildilar	dağıldılar	1
beslemiyorlardi	beslemiyorlardı	1
yolluyorlardi	yolluyorlardı	1
harîs	Hıris	1
Illâ	İlla	1
seferimde	seferinde	1
kabina	kabına	1
siğmayan	sığmayan	1
zâil	zail	1
vak'anin	vak'anın	1
tafsilâtini	tafsilatını	1
adamlann	adamların	1
ubun	ibn	1
Ittihadçz'nun	İttihadçz'nun	1
Sandiğl'ndadir	Sandığl'ndadır	1
baklniz	bakınız	1
Röportajin	Röportajın	1
tamaini	tamaıni	1
Sandiğl	Sandığı	1
nâziri	nazırı	1
numarasinin	mimarisinin	1
kahramanliklar	kahramanlıklar	1
vatandaşliktan	vatandaşlıktan	1
hazirlayanlarin	hazırlayanların	1
tefrikanin	tefrikanın	1
Paşasl	Paşası	1
hatralarinın	hatralarının	1
yazdirdiğl	yazdırdığl	1
yayinladiğı	yayınladığı	1
Yalçın'in	Yalçın'ın	1
Ittihadçt	İttihadçt	1
yayinlami	Yayınları	1
Olamamıs	Olamamış	1
nüshasl	nüshası	1
Kurum'daki	Kırım'daki	1
TTK'daki	Ttk'dakı	1
IHS	İLİŞ	1
bazilarn	bazıları	1
yazdiklarndan	yazdıklarndan	1
Mahsusasi'na	Mahsusası'na	1
imzaladiğl	imzaladığl	1
Ittihatçu'nun	İttihatçu'nun	1
Yayinlar	Yayınlar	1
şerîri	senin	1
Istihbarat	İstihbarat	1
kalkmişti	kalkmıştı	1
kaçinmiş	kaçınmış	1
israrlarima	ısrarlarıma	1
tutunamayip	tutunamayıp	1
karşima	karşıma	1
çiktiğ	çıktığ	1
imkânini	imkanını	1
iflâsi	iflası	1
siyrilmiş	sıyrılmış	1
sapmiş	sapmış	1
hâlisane	halisane	1
açılişta	açılışta	1
takinarak	takınarak	1
yayilmiş	yayılmış	1
Damadi	Damadı	1
ayaklandirdim	ayaklandırdım	1
Kirgizistan'1	Kırgızistan'1	1
sifatim	sıfatım	1
aşkiyle	aşkıyle	1
irkdaşlarimiza	ırkdaşlarımıza	1
kalkin!	kalkın!	1
ayaklandirirsa	ayaklandırırsa	1
Başkumandanliğini	Başkumandanlığını	1
Hilâfetpenahî	Hilafetpenahi	1
koparir	koparır	1
caydirmağa	caydırmağa	1
allnabilir	allnabılır	1
insanlardur	insanlardır	1
aralarindayim	aralarındayım	1
yanaşmayacaklardir	yanaşmayacaklardır	1
bulmalidirlar	bulmalıdırlar	1
Velîdi	Velidi	1
düşmanimiz	düşmanımız	1
Rusya'nm	Rusya'nın	1
karannın	kararının	1
taraflan	tarafları	1
öğretm	öğretim	1
kavramnm	kavramının	1
hAlä	hala	1
gan'a	Şam'a	1
basmaci	Basmacı	1
Türkistun'daki	Türkistun'dakı	1
başkaldirmalar	başkaldırmalar	1
Kazakistan'in	Kazakistan'ın	1
isyaninda	isyanında	1
Kiyki	Kıykı	1
Batir	Batır	1
inânasiyle	inanasıyle	1
istilahi	istilahı	1
istilahlari	istilahları	1
dokunmayip	dokunmayıp	1
fabrikalarini	fabrikalarını	1
eşkiyalik	eşkıyalık	1
basmacilarda	basmacılarda	1
Cizakh	Çizakh	1
destanlari	destanları	1
heyecaninin	heyecanının	1
Sirplar'in	Sırplar'ın	1
ihtilâllerinde	ihtilallerinde	1
palikaryalarin	palikaryaların	1
ananesiyle	annesiyle	1
mânasinda	manasında	1
çalişmalara	çalışmalara	1
yiğinlarinin	yığınlarının	1
olmiyan	olmıyan	1
ağirbaşl	ağırbaşl	1
yazilmaktadir	yazılmaktadır	1
kapsamlisi	kapsamlısı	1
yayinlarina	yayınlarına	1
aratirmacilarin	aratırmacıların	1
Sarikll	Sarıkll	1
Asya'sina	Asya'sına	1
Şûrâlari	Şûraları	1
dostuma	dostum	1
notlarin	notların	1
Mangitlar'in	Mangıtlar'ın	1
Âmirliği	Amirliği	1
bayraklarinda	bayraklarında	1
münhasir	münhasır	1
yayilmalarn	yayılmalarn	1
sosyololojik	sosyololojık	1
coğrafyasinin	coğrafyasının	1
Basnaciliğin	Başnacılığın	1
yaniTürk	yanıtürk	1
Müslümanliğl'nin	Müslümanlığl'nın	1
taşiyicisidır	taşıyıcısıdır	1
Taninmiş	Tanınmış	1
araciliği	aracılığı	1
yaklaştikça	yaklaştıkça	1
hudutlarn	hudutları	1
aydinlar	aydınlar	1
çalian	çalıan	1
tutabiliyorlardi	tutabiliyorlardı	1
Buharalilar'in	Buharalılar'ın	1
hududlarindan	hududlarından	1
çaliiyor	çalııyor	1
açiyorlardi	açıyorlardı	1
hocalarin	hocaların	1
Kongratlar'dir	Kongratlar'dır	1
Ülüş	Ulus	1
Kipçak	Kıpçak	1
kizidir	kızıdır	1
ecdadi	ecdadı	1
Barlas'tir	Barlas'tır	1
Moğolluklari	Moğollukları	1
topraklarnin	toprakların	1
saldirlarla	saldırlarla	1
Gahan'in	Gahan'ın	1
hatalarina	hatalarını	1
alaşaği	alaşağı	1
Kadimî	Kadını	1
Basimacilar'in	Başımacılar'ın	1
finansmani	finansmanı	1
ulaştiğini	ulaştığını	1
koymasina	koymasına	1
açmamiş	açmamış	1
altinlara	altınlara	1
boşaltilarak	boşaltılarak	1
taşinmiş	taşınmış	1
ulaştiğl	ulaştığl	1
çıkilmaya	çıkılmaya	1
çalişilmiştir	çalışılmıştır	1
atilmitir	atılmıtır	1
Mustakil	Müstakil	1
edilmigtir	edilmiştir	1
Sihhiye	Sıhhiye	1
Muhtarcan'dir	Muhtarcan'dır	1
Iktisadi	İktisadi	1
Munasebetler	Münasebetler	1
Neşriyati	Neşriyatı	1
Kaldirilarak	Kaldırılarak	1
Yilmaz	Yılmaz	1
Araştirmalari	Araştırmaları	1
Kurultayi'nda	Kurultayı'nda	1
Buharaning	Buharanıng	1
Nurulin	Nurulın	1
Ozbekistanning	Özbekistannıng	1
Ozbekistan	Özbekistan	1
Mustemlekeçuligl	Müstemlekeçulıgl	1
Yarkin	Yarkın	1
Cilligöl'de	Çilligöl'de	1
Inak	Mak	1
istilâsinda	istilasında	1
Inaklilar'in	Inaklılar'ın	1
Basmacilik'ta	Basmacılık'ta	1
imzalattilar	imzalattılar	1
alenî	ileri	1
lâyihaya	layihaya	1
Kuzil	Kızıl	1
Amu	Mu	1
yatiştirmak	yatıştırmak	1
saldirya	saldırya	1
olamayip	olamayıp	1
Aliş	Alış	1
Içun	İçin	1
Pursi'yi	Pürsi'yi	1
Ilali'y1	İlalı'y1	1
çarpimalarin	çarpımaların	1
Matkarimova	Matkarımova	1
Universititi	Üniversititi	1
Magistiri	Mağıstırı	1
Disertetya	Dişertetya	1
taraftarlarn	taraftarları	1
yapilacağ	yapılacağ	1
karakollarina	karakollarına	1
baskinlarla	baskınlarla	1
hayatinın	hayatının	1
altmu	altın	1
baskincilara	baskıncılara	1
igalinin	ığalının	1
Ayaklanmasi	Ayaklanması	1
Çarliğin	Çarlığın	1
kaldirilmasinda	kaldırılmasında	1
Basmaciluk'1	Basmacıluk'1	1
yaymişti	yaymıştı	1
tutulana	tutulan	1
Vâdisi'ne	Vadisi'ne	1
kullanild	kullanıld	1
Basrnacilik	Başrnacılık	1
Kırgiz	Kırgız	1
Türkistan'li	Türkistan'lı	1
Basmaçu	Basmacı	1
karşiliğ1	karşılığı	1
aşağilama	aşağılama	1
anlamindadir	anlamındadır	1
varacağimiz	varacağımız	1
Basmacilik'in	Basmacılık'ın	1
Karşt	Kanıt	1
Yayincilik	Yayıncılık	1
araştirmalara	araştırmalara	1
romanci	romancı	1
kaynaklarnna	kaynaklarına	1
kitaplarinda	kitaplarında	1
araştirmasini	araştırmasını	1
Korbaşilar	Korbaşılar	1
satirlarin	satırların	1
Korbaşilik	Korbaşılık	1
yapmniştir	yapmnıştır	1
Dîvânu	Divan	1
Kaşgarli	Kaşgarlı	1
korbaşi	korbaşı	1
Nak	Mak	1
asildan	asıldan	1
Kiçkine	Kıçkıne	1
tâbirine	tabirine	1
Kaşgarli'dan	Kaşgarlı'dan	1
kullanimiyle	kullanımıyle	1
olmasma	olmasına	1
Tamaminn	Tamamının	1
uydurmadir	uydurmadır	1
Türkistanllarindir	Türkistanllarındır	1
istiklâlidir	istiklalidir	1
Kul	Kül	1
Fergana'nin	Fergana'nın	1
Basmacilarn	Basmacılarn	1
Abdülhakim	Abdülhakım	1
Mudiddin	Müdiddin	1
Basmaci'nin	Basmacı'nın	1
Basinacilik	Basınacılık	1
kapatmiştir	kapatmıştır	1
Kadîm	Kadın	1
Ruzi	Mizi	1
azabina	azabına	1
Lâkay'in	Lakay'ın	1
Savaçi'inda	Savaçı'ında	1
CIA'nin	Cia'nın	1
çocuklaridir	çocuklarıdır	1
Miktarn	Miktarı	1
Nâzirl'na	Nazırı'na	1
Hâsim	Haşim	1
Yazdiğim	Yazdığım	1
Nâzim'n	Nazım'ın	1
uğramiştim	uğramıştım	1
aldiklar	aldıklar	1
Ittihadçi'nun	İttihadçı'nun	1
Bağumsizliğa	Bağımsızlığa	1
Andi	Andı	1
can'in	Çin'in	1
Şâdi	Sadi	1
tâmim	tarım	1
kapilarak	kapılarak	1
çiktiğani	çıktığını	1
Hâmid	Hamid	1
müsteariyle	müstearıyle	1
Umumîdeki	Umumideki	1
Umumîleri	Umumileri	1
Nâziri'a	Nazırı'a	1
münasebâtinin	münasebatının	1
kat'ini	kat'ını	1
beyanâtina	beyanatına	1
âlilerine	alilerine	1
numaralardadir	numaralardadır	1
Hâtiralar	Hatıralar	1
taraflarindadir	taraflarındadır	1
yazdikla	yazdıkla	1
rini	rını	1
Hatira	Hatıra	1
yeralacaktir	yeralacaktır	1
tipkibasimlari	tıpkıbasımları	1
Salâhi	Silahı	1
Yama	Yani	1
uchi	üçlü	1
nüshanin	nüshanın	1
yolladiğl	yolladığl	1
Mart'inin	Mart'ının	1
aldiğin	aldığım	1
kuınandan	kumandan	1
başkuınandan	başkumandan	1
hücuın	hücum	1
dügmanin	düşmanın	1
âlâti	alatı	1
edeceklerin	edeceklerini	1
Alinacak	Alınacak	1
Evraki	Evrakı	1
Mayis'indaki	Mayıs'ındakı	1
Başkumandani	Başkumandanı	1
hatalari	hataları	1
arkadaşlarmizin	arkadaşlarmızın	1
anlattiğ1	anlattığı	1
hatiralarr	hatıralarr	1
Yayinlari	Yayınları	1
Dokumenti	Dökümenti	1
Alaylan	Alayları	1
buy!ik	büyük	1
Hanırnın	Hanımın	1
anyor	arıyor	1
sanlmış	sarılmış	1
meydamnda	meydanında	1
itiban	itibarı	1
gelıneye	gelmeye	1
hükümdannın	hükümdarının	1
Ordulan	Orduları	1
kumandanlan	kumandanları	1
teıninat	teminat	1
nramizda	nramızda	1
anlugtik	anlugtık	1
yazdiklarima	yazdıklarıma	1
Taradiğim	Tanıdığım	1
Aga	Ağa	1
GustavKrist	Gustavkrıst	1
Arikan	Arıkan	1
çadirinda	çadırında	1
anlatimlarini	anlatımlarını	1
rafindan	rafından	1
Uluslararasi	Uluslararası	1
Ilişkin	İlişkin	1
Araştirmalarl	Araştırmalarl	1
Avşar'in	Avşar'ın	1
çalşmasina	çalşmasına	1
bibliyografyadadir	bibliyografyadadır	1
Nasul	Nasıl	1
Kaynaklarindan	Kaynaklarından	1
Katkilar	Katkılar	1
adinın	adının	1
uyarlanmiş	uyarlanmış	1
Ayrntilar	Ayrntılar	1
kitabn	kitabın	1
arzulan	arzuları	1
asîl	asıl	1
albayimiz	albayımız	1
bağliliğnin	bağlılığnın	1
karişmiştir	karışmıştır	1
Ihtilâlin	İhtilalin	1
Ihtilâlden	İhtilalden	1
tanimamakla	tanımamakla	1
safhalarindan	safhalarından	1
teşkilâtçi	teşkilatçı	1
aşağnda	ışığında	1
yankilar	yankılar	1
anlarinin	anılarının	1
subayliğl	subaylığl	1
yüzbaşıliğa	yüzbaşılığa	1
arkadaşiydi	arkadaşıydı	1
okuyaraktir	okuyaraktır	1
anilarina	anılarına	1
sarlmiştir	şarlmıştır	1
hâtiralar	hatıralar	1
saçmadir	saçmadır	1
Dayanaksizdir	Dayanaksızdır	1
dimağin	dimağın	1
satirlar	satırlar	1
yazilarindan	yazılarından	1
Sinifi	Sınıfı	1
tanidik	tanıdık	1
havaci	havacı	1
hâti	hatı	1
Kurat'tir	Kurat'tır	1
araştirici	araştırıcı	1
birtrafik	birtrafık	1
bastirilan	bastırılan	1
hatirayi	hatırayı	1
Boğazi'nda	Boğazı'nda	1
düşmanimizdi	düşmanımızdı	1
açtirdi	açtırdı	1
duygulandiğini	duygulandığını	1
konuşmalarinin	konuşmalarının	1
saldirisinin	saldırısının	1
atmiştır!	atmıştır!	1
Balriye	Balrıye	1
teşkilâtçisi	teşkilatçısı	1
Fransizlar'1	Fransızlar'1	1
açilacaktir	açılacaktır	1
sağlanacaktir	sağlanacaktır	1
Ordularn'nin	Ordularn'nın	1
dağilip	dağılıp	1
teşkilâtçılik	teşkilatçılık	1
açilamamiş	açılamamış	1
patlamasinda	patlamasında	1
siyusi	siyusı	1
ulaacaktir	ulaacaktır	1
yazdiğn	yazdığım	1
evladindan	evladından	1
Rusya'daydi	Rusya'daydı	1
basilmakta	basılmakta	1
yayinlayacağiz	yayınlayacağız	1
Yazimiza	Yazımıza	1
isgali	işgali	1
Boğazi'ni	Boğazı'nı	1
boşaltmasi	boşaltması	1
23Aralik	23aralık	1
AmasyaTamimi'ni	Amasyatamımı'nı	1
yayinlamasi	yayınlaması	1
aylari	ayları	1
Laye	Liye	1
Avusturyasi	Avusturyası	1
Seine	Sene	1
varişi	varisi	1
aylişi	aylışı	1
Vilâyeti'nin	Vilayeti'nin	1
Âbiderköyünde	Abiderköyünde	1
namaznin	namaznın	1
Kizlarn	Kızları	1
BIBLIYOGRAFYA	BİBLİYOGRAFYA	1
bibliyografyanin	bibliyografyanın	1
PAŞA'nin	Paşa'nın	1
torunlari	torunları	1
PASA'nin	Paşa'nın	1
referanslari	referansları	1
HIKMET	HİKMET	1
Hazirlayanlar	Hazırlayanlar	1
IZZET	İZZET	1
Yayina	Yayına	1
Yaymciliği	Yaymcılığı	1
Bağimsizliğa	Bağımsızlığa	1
Kampaniyası	Kampanyası	1
AWayhin	Awayhın	1
izahi	izahı	1
pazan	pazarı	1
Hoca'nun	Hoca'nın	1
Karî	Karı	1
siyasîlerinden	siyasilerinden	1
eserinsahibi	eserinsahıbı	1
Kurultayina	Kurultayına	1
Şablin	Sabun	1
Mirbach'in	Mirbach'ın	1
diploınası	diplomasi	1
imzaladigi	imzaladığı	1
inizaladigi	ınızaladıgı	1
Nazin	Nazın	1
Meurire	Meurıre	1
Zirhlisi'nin	Zırhlısı'nın	1
kabzasinin	kabzasının	1
tuğrasinin	tuğrasının	1
fabrikalarinin	fabrikalarının	1
Fâtih	Fatih	1
Şübesi	Şubesi	1
başliklarinda	başlıklarında	1
yazisinin	yazısının	1
baçlattiği	baclattığı	1
Iranlilar'in	İranlılar'ın	1
Şehriyârî	Şehriyari	1
taçli	taçlı	1
sigaralarinin	sigaralarının	1
Turkiye'yi	Türkiye'yi	1
cekilmis	çekilmiş	1
ayrlmasindan	ayrlmasından	1
fotoğraflarin	fotoğrafların	1
fotoğrafinin	fotoğrafının	1
okuyamadigim	okuyamadığım	1
fotoğraftir	fotoğraftır	1
mensuplariyla	mensuplarıyla	1
Ittihadçilardan	İttihadçılardan	1
iktizasi	iktizası	1
toplanmı	topların	1
nâfia	nafıa	1
kit'anın	kıt'anın	1
Asîr	Asır	1
Kişlaği’ndan	Kışlagı’ndan	1
sultanim	sultanın	1
Rahti'ye	Rahtı'ye	1
Zarflari	Zarfları	1
ciçekleri	çiçekleri	1
yollamı	yolları	1
yapiştirarak	yapıştırarak	1
yapraklik	yapraklık	1
kullanmıti	kullanmıtı	1
Kişlağrnda	Kulağında	1
yiprandiği	yıprandığı	1
fotoğrafin	fotoğrafın	1
Prokudin	Prokudın	1
Dağistanli	Dağıstanlı	1
Huzurî	Lüzum	1
Andicanli	Andicanlı	1
Medali	Medalı	1
Devran	Devrin	1
Âzam	Azim	1
tutanağl	tutanağı	1
yanlitir	yanlıtır	1
Basmacilarn'nın	Basmacılarn'nın	1
kapağindan	kapağından	1
elyazmasi	elyazması	1
sayfasina	sayfasına	1
ithafin	ithafın	1
bahn	bahri	1
açiklamalarini	açıklamalarını	1
Şah’in	Şah’ın	1
kizkardegi	kızkardeşi	1
Hamm	Hanım	1
çocuklarn	çocukları	1
cocugu	çocuğu	1
Hanmsultan'in	Hanmsultan'ın	1
Vâsib	Vasıb	1
kucağinda	kucağında	1
Rânâ	Rına	1
çalimi	çalımı	1
Ann	Nin	1
cigime	ciğime	1
kayinpederi	kayınpederi	1
uygarliğini	uygarlığını	1
Burak	Bırak	1
Sadikoğlu	Sadıkoğlu	1
yapilamayan	yapılamayan	1
çarpimadaki	çarpımadakı	1
mezarlari	mezarları	1
dsr	dir	1
Factie	Factıe	1
Kizal	Kızıl	1
ordumun	ordunun	1
hayatma	hayatın	1
dalil	dalıl	1
uyguladigi	uyguladığı	1
Anitin	Anıtın	1
Anitinda	Anıtında	1
fotoğrafinda	fotoğrafında	1
Abdülnıecid	Abdülmecid	1
Abrahaın	Abraham	1
Baturn	Batum	1
Halklan	Halkları	1
Harnın	Hanım	1
Isınail	İsmail	1
Osnıan	Osman	1
Menıalik	Memalik	1
ümınet	ümmet	1
Ocaklan	Ocakları	1
yaymlanmamış	yayımlanmamış	1
danun	dinin	1
enistesi	eniştesi	1
Hlalife	Hlalıfe	1
uzmanlarindan	uzmanlarından	1
duymami	duymamı	1
Hanimefendi'nin	Hanımefendi'nin	1
emâresi	emaresi	1
katlandi	katlandı	1
meslektaşim	meslektaşım	1
mizanpajini	mizanpajını	1
uğraşip	uğraşıp	1
Satmiş	Satmış	1
davranişlarina	davranışlarına	1
bakmami	bakımın	1
inandiğim	inandığım	1
uzmanlarina	uzmanlarına	1
yazilma	yazılma	1
yayinladiğin	yayınladığın	1
Şahbaba'nin	Şahbaba'nın	1
Erhan'in	Erhan'ın	1
yapildi!	yapıldı!	1
