original	corrected	count
yazdiğ	yazdıg	32
Tissier	Tişsier	23
olmadiğ	olmadıg	17
Aliçeoğlu	Aliceoğlu	17
yaptiğ	yaptığ	16
Hanimefendiye	Hanımefendiye	13
ihtirâmât	ihtiramat	13
aldiğ	aldığ	12
vâridât	varidat	12
ihtiyâr	ihtiyar	12
vefatinda	vefatında	11
hanimefendiye	hanımefendiye	11
nafakasi	nafakası	10
mûcibince	mucibince	10
şerâit	şerait	10
masârifi	masarifi	9
ihtirâm	ihtiram	9
okunamadi	okunamadı	9
lûtufnamenizi	lütufnamenizi	9
Heloin	Heloın	9
Kâbil'de	Kabil'de	9
almi	almı	8
ricâlden	ricalden	8
tafsilât	tafsilat	8
ibârettir	ibarettir	8
Islâmiye'yi	İslamiye'yi	8
tarîki	tariki	8
tahsîsi	tahsisi	7
âlilerine	alilerine	7
buyurmanizi	buyurmanızı	7
tarîkiyle	tarikiyle	7
Müslümanlar’in	Müslümanlar’ın	7
âfiyet	afiyet	7
selâmlari	selamları	7
Afganistan'in	Afganistan'ın	7
âfiyetteyim	afiyetteyim	7
yazildiğ	yazıldığ	6
bâbdaki	babdaki	6
istirhâm	istirham	6
Islâmiye'nin	İslamiye'nin	6
Islâmiye'ye	İslamiye'ye	6
hissiyât	hissiyat	6
nüshasini	nüshasını	6
Refikamin	Refikamın	6
Tissier'nin	Tişsier'nin	6
ibtidâr	ibtidar	6
cihâd	cihad	6
kalmi	kalmı	5
vârislerine	varislerine	5
Mutasarrfi	Mutasarrfı	5
Mutasarnfi	Mutasarnfı	5
hanimina	hanımına	5
Kirm	Kırm	5
erâmil	eramıl	5
mâzuliyet	mazuliyet	5
yâverleri	yaverleri	5
tahkimâti	tahkimatı	5
buyurulmasini	buyurulmasını	5
siyasîye	siyasiye	5
Azîzim	Azizim	5
tâlik	talik	5
Fransizlar'in	Fransızlar'ın	5
vâzih	vazıh	5
yazilmi	yazılmı	5
Islamique	İslamique	5
iktirân	iktiran	5
Grabowska'nin	Grabowska'nın	5
evlâdim	evladım	5
Hrisostomos	Hrısostomos	5
Alp'im	Alp'ım	5
meâli	meali	5
Arslan'in	Arslan'ın	4
Aliçe'nin	Alice'nin	4
Alparslan’in	Alparslan’ın	4
biraktiğ	bıraktığ	4
yeraliyor	yeralıyor	4
bâliğ	baliğ	4
nâmlarina	namlarına	4
bulunmadiğ	bulunmadığ	4
kaldiğ	kaldığ	4
istikrâz	istikraz	4
emâkin	emakin	4
masârifini	masarifini	4
vâbestedir	vabestedir	4
şâhânelerine	şahanelerine	4
zâid	zaid	4
şifâhen	şifahen	4
menâfine	menafine	4
tesîsi	tesisi	4
muntazir	muntazır	4
açilmi	acilmi	4
tesîsine	tesisine	4
intizâren	intizaren	4
Marks’in	Marks’ın	4
mütemâdiyen	mütemadiyen	4
igali	ığalı	4
yakayi	yakayı	4
Aliçe	Alice	4
Fransizlar’in	Fransızlar’ın	4
Malta'dakilerin	Malta'dakılerin	4
Fransizlarca	Fransızlarca	4
azalmiştir	azalmıştır	4
Âzâde'nin	Azade'nin	4
hilâfetin	hilafetin	4
izhâr	izhar	4
Briand’in	Briand’ın	4
Tissier'ye	Tişsier'ye	4
Tissierye	Tişsierye	4
Afganistan’in	Afganistan’ın	4
âfiyette	afiyette	4
Lankwitz	Lankwıtz	4
dîniye	diniye	4
mütevâliyen	mütevaliyen	4
Kantarci	Kantarcı	3
Jak’in	Jak’ın	3
pusulanin	pusulanın	3
Rifk	Rıfk	3
firkaca	fırkaca	3
Rifaî	Rifai	3
fenaliklari	fenalıkları	3
okunabilmesi	okunabılmesi	3
yeralmaktadir	yeralmaktadır	3
yaptğimiz	yaptğımız	3
lâkabi	lakabı	3
Kemâli	Kemali	3
Câhid	Cahid	3
Hâlid'in	Halid'in	3
bazilar	bazılar	3
Erzincanli	Erzincanlı	3
yazicisi	yazıcısı	3
ayliğ	aylığ	3
erâmiline	eramılıne	3
hânenin	hanenin	3
emläkin	emlakin	3
Viçen	Vicen	3
anlaşıldiğindan	anlaşıldığından	3
mecmûasina	mecmuasına	3
yapilmi	yapılmı	3
satilmi	satılmı	3
uğradiğ	uğradığ	3
firkalari	fırkaları	3
ihtiyârina	ihtiyarına	3
mâliyeden	maliyeden	3
donanmamizin	donanmamızın	3
havâlisi	havalisi	3
ircâ	irca	3
mâliktir	maliktir	3
inkisâr	inkisar	3
Hâmid	Hamid	3
mütehassir	mütehassır	3
mektuplarni	mektuplarnı	3
âlînize	alinize	3
tedâbire	tedabire	3
yazamadim	yazamadım	3
iktisâb	iktisab	3
lisân	lisan	3
minnetdarim	minnetdarım	3
mesâili	mesaili	3
Kâbil'e	Kabil'e	3
Muhyiddin	Muhyıddın	3
Teşrînevvel’in	Teşrinevvel’in	3
havâlide	havalide	3
Buharalilar	Buharalılar	3
çağiryor	çağıryor	3
nâfiz	nafiz	3
rüesâsindan	rüesasından	3
istîmâl	istimal	3
konferansina	konferansına	3
netâyic	netayic	3
tavariş	tavarış	3
civarndaki	civarndakı	3
okuyamadim	okuyamadım	3
Italyanlar’in	İtalyanlar’ın	3
unutmayiniz	unutmayınız	3
tarafinizdan	tarafınızdan	3
Ihtirâmâtimi	İhtiramatımı	3
siyasîyeye	siyasiyeye	3
ictimâini	içtimaını	3
havâdis	havadis	3
bidâyette	bidayette	3
bulunmaniz	bulunmanız	3
isnâd	isnad	3
Ingilizler'den	İngilizler'den	3
hazirlanmi	hazırlanmı	3
yazmami	yazmamı	3
yeraldiğ	yeraldığ	3
cevaplarini	cevaplarını	3
bittabî	bittabi	3
firkacilik	fırkacılık	3
noksandir	noksandır	3
bulunmanizi	bulunmanızı	3
refikamin	refikamın	3
Gunaris	Gunarıs	3
Isviçre'den	İsviçre'den	3
Russie	Russıe	3
mütehassislar	mütehassıslar	3
Bonomi	Bonomı	3
ricâlinden	ricalinden	3
Ittihadçılar’a	İttihadçılar’a	3
enteresandir	enteresandır	3
tahsilâtina	tahsilatına	3
inhisâr	inhisar	3
Müskirât	Müskirat	3
yazacağimi	yazacağımı	3
Âzâde'yi	Azade'yi	3
giyabinda	gıyabında	3
Cevabinizi	Cevabınızı	3
muhteviyati	muhteviyatı	3
olmamizdan	olmamızdan	3
vatanima	vatanıma	3
sâlim	salim	3
bakanliklarda	bakanlıklarda	3
Poincaré	Poincare	3
Tissier'den	Tişsier'den	3
Ismet’im	İsmet’im	3
Kâbil'den	Kabil'den	3
Ismet'im	İsmet'im	3
Tissier’nin	Tişsier’nin	3
frangini	frangını	3
Ismet'im!	İsmet'im!	3
ihrâz	ihraz	3
nisf	nısf	3
ekâbir	ekabir	3
Kâbil’e	Kabil’e	3
Selânik'teki	Selanik'teki	3
Mezarliği'na	Mezarlığı'na	3
soyadini	soyadını	3
Alp’im	Alp’ım	3
sikilma	sıkılma	3
ferahli	ferahlı	3
avâtif	avatıf	3
ihyâ	ihya	3
muhîtinde	muhitinde	3
hilâfeti	hilafeti	3
Abbâsiyye	Abbasiyye	3
zevâli	zevali	3
Zehrâvi	Zehravı	3
kuzulari	kuzuları	3
Ingiliz’in	İngiliz’in	3
Sandiğ	Sandığ	2
yaynlamiştim	yaynlamıştım	2
tamamina	tamamına	2
evrakina	evrakına	2
kullandiğ	kullandığ	2
kit’asi	kıt’ası	2
Umûmîyesi	Umumiyesi	2
bulunmaktadirlar	bulunmaktadırlar	2
Isimlerimizin	İsimlerimizin	2
hususîyeti	hususiyeti	2
takayyüdâtin	takayyüdatın	2
tedâbîrâtin	tedabirâtin	2
neşriyât	neşriyat	2
alinamaz	alınamaz	2
Nizâmî	Nizami	2
ricâlini	ricalini	2
ayaklandirmak	ayaklandırmak	2
vesâitle	vesaitle	2
ihyâsinda	ihyasında	2
sabirsizlik	sabırsızlık	2
hayâline	hayaline	2
teb'asi	teb'ası	2
yapilamadiğ	yapılamadığ	2
Osmanlilar’in	Osmanlılar’ın	2
istibdâd	istibdad	2
Yildiz'daki	Yıldız'dakı	2
elyazmasi	elyazması	2
yillarnda	yıllarnda	2
topladiğim	topladığım	2
Metrükesinde	Metrukesinde	2
elyazisi	elyazısı	2
kâğitlar	kağıtlar	2
haniminin	hanımının	2
Hrisostomos'un	Hrısostomos'un	2
Canbulat’in	Canbulat’ın	2
başlikl	başlıkl	2
Fatali	Fatalı	2
Hoyski	Hoyskı	2
Némésis’in	Nemesis’in	2
tertîbinden	tertibinden	2
başliğ	başlığ	2
hafidesi	hafıdesi	2
Firdes	Fırdes	2
Didar	Didâr	2
gayrimenkullerden	gayrımenkullerden	2
Cagigyan	Çağıgyan	2
Idaresi'ne	İdaresi'ne	2
Celîlesi'ne	Celilesi'ne	2
muamelâtindan	muamelatından	2
vezâif	vezaif	2
ricâlin	ricalin	2
metrûkesinden	metrukesinden	2
Vekîlleri	Vekilleri	2
Umûmîyesi'nin	Umumiyesi'nin	2
iktizasindan	iktizasından	2
emvâlin	emvalin	2
bilâmüzayede	bilamüzayede	2
kiymetinde	kıymetinde	2
mahdumlari	mahdumları	2
Sokaği'nda	Sokağı'nda	2
yazilmı	yazılmı	2
Serpuhi	Serpuhı	2
sâfiyeli	safiyeli	2
dükkânin	dükkânın	2
mîsi	misi	2
hitâm	hitam	2
murabbâindaki	murabbaındakı	2
Şaziye	Sazıye	2
Sidika	Sıdıka	2
Umûmîyesi’nin	Umumiyesi’nin	2
Nasûhi	Nasuhi	2
emlâkin	emlakin	2
rabti	rabtı	2
mütebâki	mütebaki	2
istihkaknin	istihkaknın	2
Karnik'ten	Karnık'ten	2
aranilarak	aranılarak	2
çalimasi	çalıması	2
igaline	ığalıne	2
yaptiklar	yaptıklar	2
yazmasindan	yazmasından	2
iltizâm	iltizam	2
tarafiniza	tarafınıza	2
şerâitini	şeraitini	2
başiniza	başınıza	2
müzakerâtina	müzakeratına	2
muhtaciz	muhtacız	2
sevâhili	sevahili	2
inzimâm	inzimam	2
müracaatimizi	müracaatımızı	2
bittabîi	bittabii	2
kolordulariyla	kolordularıyla	2
derkârdir	derkardır	2
yazamayacağim	yazamayacağım	2
miyâninda	miyanında	2
zarûridir	zaruridir	2
Nâfia'dan	Nafıa'dan	2
sandiklarinda	sandıklarında	2
Masrafini	Masrafını	2
maaşâti	maaşatı	2
mütekâidîn	mütekaidin	2
tazminatin	tazminatın	2
hükümâtinin	hükümatının	2
sarfina	sarfına	2
havâlisinin	havalisinin	2
mütevakkiftir	mütevakkıftır	2
hâzirasi	hazırası	2
müzakerâtinin	müzakeratının	2
masârifâti	masarifatı	2
berkemâldir	berkemaldir	2
igtinâm	iğtinam	2
Aralik'inda	Aralık'ında	2
Teâli	Teali	2
ihtiyâcât	ihtiyacat	2
tedâriki	tedariki	2
âcizânemi	acizanemi	2
mâliyesi	maliyesi	2
takdîmi	takdimi	2
hakîrleri	hakirleri	2
bulunmadiğim	bulunmadığım	2
imzaniz	imzanız	2
buyursaniz	buyursanız	2
kartimda	kartımda	2
âcizlerine	acizlerine	2
infisâlimi	infisalimi	2
Selânikli	Selanikli	2
sâika	saika	2
mevâddin	mevaddın	2
âmir	amir	2
giriftâr	giriftar	2
bdadir	bdadır	2
bâid	baid	2
nisyâna	nisyana	2
ilhâmâti	ilhamatı	2
masrafini	masrafını	2
Âzâsina	Azasına	2
tâzimât	tazimat	2
ihtirâmâtimin	ihtiramatımın	2
fâikamin	faikamın	2
âlînizi	alinizi	2
sâmilerine	samilerine	2
katildiğ	katıldığ	2
bağirdik	bağırdık	2
istidâ	istida	2
âciziden	aciziden	2
Tavariş	Tavarış	2
siyasîyesine	siyasiyesine	2
tabîdir	tabidir	2
zâbitâninin	zabitanının	2
Emîri'nin	Emiri'nin	2
evâsitina	evasıtına	2
Afganlilar	Afganlılar	2
delâletiyle	delaletiyle	2
iktizasindandir	iktizasındandır	2
ittihâdin	ittihadın	2
acidim	acıdım	2
atrophie	atrophıe	2
mezâyâsini	mezayasını	2
müläki	mülaki	2
Yunanlilar’in	Yunanlılar’ın	2
Türkistanlilar	Türkistanlılar	2
mânâsina	manasına	2
eyâletlerin	eyaletlerin	2
âtîdeki	atideki	2
tâdilât	tadilat	2
harekâtindan	harekatından	2
Izvestiya	İzvestiya	2
kulağimla	kulağımla	2
mânâyi	manayı	2
Müslümanlar’inin	Müslümanlar’ının	2
başinizi	başınızı	2
şâkirdleri	şakirdleri	2
ihtilâliyenin	ihtilaliyenin	2
intellectuel	ıntellectuel	2
çalişmişlar	çalışmışlar	2
mandanizi	mandanızı	2
tatbîkine	tatbikine	2
burji	burjı	2
mesâînin	mesainin	2
mintikalarda	mıntıkalarda	2
azîmesi	azimesi	2
tazyîkine	tazyikine	2
anlamiyorlar	anlamıyorlar	2
konaklari	konakları	2
tatbîkinden	tatbikinden	2
devâir	devair	2
bahşetmi	bahsetmi	2
âyinler	ayinler	2
levhasini	levhasını	2
iktifâ	iktifa	2
çalimalar	çalımalar	2
ekseriyâ	ekseriya	2
ayrilmamak	ayrılmamak	2
vekîline	vekiline	2
olduklanni	olduklannı	2
medâris	medaris	2
mîyesi	miyesi	2
teb’asindan	teb’asından	2
teb’asi	teb’ası	2
misillù	mışıllù	2
teb’asinin	teb’asının	2
Nâziri'ndan	Nazırı'ndan	2
hatirma	hatırma	2
inhitât	inhitat	2
Noksanlari	Noksanları	2
muzirra	muzırra	2
Müslümanlar'in	Müslümanlar'ın	2
Müslümanlar'inin	Müslümanlar'ının	2
Islâmiyeyi	İslamiyeyi	2
civârnda	civarnda	2
idhâli	idhali	2
Ihtiram	İhtiram	2
ilkbaharinin	ilkbaharının	2
Ricamin	Ricamın	2
Fazlipaşa	Fazlıpaşa	2
erkânina	erkanına	2
hayirl	hayırl	2
müşkilâtlar	müşkilatlar	2
matbuatinda	matbuatında	2
salâhiyettar	salahiyettar	2
nüshasina	nüshasına	2
yazacaktir	yazacaktır	2
bulunacağiz	bulunacağız	2
yapilmı	yapılmı	2
çaliacağiz	çalıacağız	2
Sihhatim	Sıhhatim	2
Şiar'in	Şiar'ın	2
bulumamizi	bulumamızı	2
Ingilizce'ye	İngilizce'ye	2
minnetdarliğini	minnetdarlığını	2
hesabâtini	hesabatını	2
vâridâtin	varidatın	2
zarûri	zaruri	2
istihsâline	istihsaline	2
devamimizi	devamımızı	2
çalştim	çalştım	2
hazirlamakla	hazırlamakla	2
Isviçreye	İsviçreye	2
olacağiniz	olacağınız	2
ihtirâmâtimi	ihtiramatımı	2
zâhiren	zahiren	2
Isviçre'yi	İsviçre'yi	2
afvinizi	afvınızı	2
dostlarni	dostlarnı	2
lisanina	lisanına	2
noksani	noksanı	2
âlinizin	alinizin	2
cevabiniza	cevabınıza	2
olmadiklarni	olmadıklarnı	2
Fransizlar'a	Fransızlar'a	2
menâfiini	menafiini	2
nüshalarini	nüshalarını	2
havâdisin	havadisin	2
kizlarndan	kızlarndan	2
Ajansi'nin	Ajansı'nın	2
icâbet	icabet	2
murahhasasi	murahhasası	2
yazmanizi	yazmanızı	2
devamindan	devamından	2
mecmuanin	mecmuanın	2
tâcil	tacil	2
nâmütenâhi	namütenahi	2
Yunanlilar’n	Yunanlılar’n	2
muvâcehesinde	muvacehesinde	2
riyâsetinde	riyasetinde	2
âcizleridir	acizleridir	2
umûmiliğini	umumiliğini	2
Kirm'n	Kırm'n	2
siyasîyenin	siyasiyenin	2
Kayinpederim	Kayınpederim	2
Nis'e	Niş'e	2
selâmi	selamı	2
rahattir	rahattır	2
yazdiğindan	yazdığından	2
meraktayim	meraktayım	2
Âtifet	Atıfet	2
teşebbüsâtina	teşebbüsatına	2
Midhat’in	Midhat’ın	2
teşebbüsâtindan	teşebbüsatından	2
Nis’e	Niş’e	2
sihhiyeden	sıhhiyeden	2
rahatsizliğina	rahatsızlığına	2
talimât	talimat	2
alirm	alırm	2
hanimefendinin	hanımefendinin	2
Mayis’in	Mayıs’ın	2
itimadim	itimadım	2
Mayıs’in	Mayıs’ın	2
altisinda	altısında	2
soğuklari	soğukları	2
kiraladi	kiraladı	2
ihtiyât	ihtiyat	2
Hidiv'e	Hıdiv'e	2
çikmı	çıkmı	2
Sihhati	Sıhhati	2
munkati	münkati	2
mîye'nin	miye'nin	2
noksâni	noksanı	2
hudutlarmiz	hudutlarmız	2
tahsilâti	tahsilatı	2
vâridâttan	varidattan	2
postalari	postaları	2
hâsilatina	hasılatına	2
hâlihazirin	halihazırın	2
Hâlik	Halik	2
almişsin	almışsın	2
vasitaya	vasıtaya	2
iittim	ııttım	2
anlaıliyor	anlaılıyor	2
lâzimsa	lazımsa	2
konuşacağim	konuşacağım	2
Müteâkiben	Müteakiben	2
hanimefendiyeye	hanımefendiyeye	2
olduklarni	olduklarnı	2
sihhati	sıhhati	2
Isviçre'nin	İsviçre'nin	2
üserâsinin	üserasının	2
Hanimefendi'ye	Hanımefendi'ye	2
ihtirâmlar	ihtiramlar	2
Elhamdülilläh	Elhamdülillah	2
yeraldi	yeraldı	2
haksizliğin	haksızlığın	2
hazirliklarnin	hazırlıklarnın	2
hazirlamakta	hazırlamakta	2
mükâfatin	mükafatın	2
tanimakla	tanımakla	2
vilâyetini	vilayetini	2
harçlari	harçları	2
taşidiğim	taşıdığım	2
saygilarmin	saygılarmın	2
tutulacaktir	tutulacaktır	2
Yunanlilar’a	Yunanlılar’a	2
emsâlini	emsalini	2
istifami	istifamı	2
doğruladiğ	doğruladığ	2
paylaşacağim	paylaşacağım	2
lâtif	latif	2
iliikte	ılııkte	2
hatiralarimi	hatıralarımı	2
ricasiyla	ricasıyla	2
selâmlarimi	selamlarımı	2
bulunmasin	bulunmasın	2
irkima	irkıma	2
Çakrcali	Cakrcalı	2
azîmin	azimin	2
kat'iyyesini	kat'ıyyesini	2
Karahan’in	Karahan’ın	2
revâbit	revabıt	2
Harekâti'nda	Harekatı'nda	2
anlattiğ	anlattığ	2
başlattiğ	başlattığ	2
Davos'taki	Davos'takı	2
Heloin'n	Heloın'n	2
Lauffray’nin	Lauffray’nın	2
mûcebince	mucebince	2
alincaya	alıncaya	2
Heloin'den	Heloın'den	2
itmâm	itmam	2
Chaublier'yi	Chaublıer'yi	2
ricami	ricamı	2
evlâdim!	evladım!	2
Lauffray'nin	Lauffray'nın	2
yazmadin	yazmadın	2
Ismet’im!	İsmet’im!	2
tesirâti	tesiratı	2
mektuplarimin	mektuplarımın	2
influent	ınfluent	2
adamcağiz	adamcağız	2
bârid	barid	2
Karadoğan'in	Karadoğan'ın	2
sermayedârâni	sermayedaranı	2
cânibinden	canibinden	2
siyasîyesi	siyasiyesi	2
vesâite	vesaite	2
Briand'in	Briand'ın	2
resmîyesi	resmiyesi	2
şehriyârileri	şehriyarileri	2
tesîsati	tesisatı	2
şehâdetini	şehadetini	2
şâhânelerinden	şahanelerinden	2
şâhânelerinin	şahanelerinin	2
topladiğ	topladığ	2
şehriyârilerine	şehriyarilerine	2
hâkipây	hakipây	2
bakniz	baknız	2
mülûkânenizi	mülukanenizi	2
teâlisini	tealisini	2
hususîyesini	hususiyesini	2
kânenizin	kanenizin	2
Paşamiz’in	Paşamız’ın	2
Sitk	Şitk	2
Impériale	Imperiale	2
nukaati	nukaatı	2
çikarabilmek	çıkarabilmek	2
Rumlar'in	Rumlar'ın	2
Aleid	Aleıd	2
Aybar'in	Aybar'ın	2
Müsta'celdir	Musta'celdir	2
Manyasli	Manyaslı	2
cezasinin	cezasının	2
istinsâh	istinsah	2
sevâhilinde	sevahilinde	2
Kalafatis	Kalafatıs	2
varakasinin	varakasının	2
Colomiès	Colomıès	2
tanidiğ	tanıdığ	2
düşmanidir	düşmanıdır	2
fotoğrafini	fotoğrafını	2
çalitiğini	çalıtığını	2
âfiyetini	afiyetini	2
biraklmasinin	bıraklmasının	2
sihhatinden	sıhhatinden	2
kartinda	kartında	2
âfiyetim	afiyetim	2
kemâldir	kemaldır	2
kartlarin	kartların	2
kiracilari	kiracıları	2
icâr	icar	2
eşyalarin	eşyaların	2
ağladiğini	ağladığını	2
kartimı	kartımı	2
Bediacik	Bediacık	2
pâdiâhi	padiâhi	2
kilinmi	kılınmı	2
Tussing	Tussıng	2
ekselânslarini	ekselanslarını	2
arîzayi	arizayı	2
mefkûreleri	mefkureleri	2
mekâtibimle	mekatibimle	2
uhrevîsi	uhrevisi	2
Islâmiyet’te	İslamiyet’te	2
maneviyât	maneviyat	2
maddiyâtin	maddiyatın	2
Islâmiyet'te	İslamiyet'te	2
Cihâd	Cihad	2
tesaddi	tesaddı	2
şerîatimiz	şeriatımız	2
Islâmiyet’i	İslamiyet’i	2
istihläf	istihlaf	2
buyurmuşlardir	buyurmuşlardır	2
bulunduklarindan	bulunduklarından	2
menâfiine	menafiine	2
izâfe	izafe	2
Islâmiyân'da	İslamiyân'da	2
cihâz	cihaz	2
hilâfete	hilafete	2
ifhâm	ifham	2
dîniyeye	diniyeye	2
sifatta	sıfatta	2
reyyâniye	reyyanıye	2
Kur’ânimiz	Kur’ânımız	2
takdirât	takdirat	2
ibrâz	ibraz	2
Arab’in	Arab’ın	2
diyâr	diyar	2
pâyidar	payidar	2
Çölaşan'in	Colaşan'ın	2
Mahvizâde	Mahvızâde	2
hânesine	hanesine	2
Araplar’in	Araplar’ın	2
kitaâtimiz	kıtaatımız	2
yaktilar	yaktılar	2
mesâisi	mesaisi	2
müsecceli	musecceli	2
fârik	farik	2
mâhiyetine	mahiyetine	2
Tirnova	Tırnova	2
hitâben	hitaben	2
vicdânin	vicdanın	2
nisyân	nisyan	2
sirmalar	sırmalar	2
münâfikanesini	münafıkanesini	2
makaasida	makaasıda	2
taahhüdâti	taahhüdatı	2
himâyesi	himayesi	2
kazandiğ	kazandığ	2
yapmaktir	yapmaktır	2
uğramişlar	uğramışlar	2
ayaklandilar	ayaklandılar	2
Lâzkiye'de	Lazkiye'de	2
tâifesiyle	taifesiyle	2
sevâhilde	sevahilde	2
sevâhilindeki	sevahilindeki	2
arabîyesinde	arabiyesinde	2
saltanatina	saltanatına	2
çikmamişlar	çıkmamışlar	2
arabîyesine	arabiyesine	2
müsellâhdirlar	müsellahdırlar	2
istiklâllerine	istiklallerine	2
heyecanin	heyecanın	2
yazamiyorlar	yazamıyorlar	2
gaddarânesi	gaddaranesi	2
Elhâsil	Elhasıl	2
okuyacaktir	okuyacaktır	2
çağirp	çağırp	2
askerîsi	askerisi	2
mülkîsi	mülkisi	2
istiklâline	istiklaline	2
hazirz	hazırz	2
aniz	anız	2
tutuşacaklardir	tutuşacaklardır	2
vasitanizla	vasıtanızla	2
çoğaliyorlar	çoğalıyorlar	2
mükâbir	mukabir	2
şâmildir	şamildir	2
lâzimgelen	lazımgelen	2
Maraşli	Maraşlı	2
kzi	kzı	2
Tavari	Tavarı	2
imzalami	imzalamı	2
taninmamak	tanınmamak	2
Ingiltereye	İngiltereye	2
Sandigi	Sandığı	1
ittihadcinin	ittihadçının	1
yayinlanmamis	yayınlanmamış	1
alinmus	alınmış	1
arsivlerindeki	arşivlerindeki	1
Citür	Çitür	1
SANDIGI	SANDIĞI	1
uçağinda	uçağında	1
armasi	arması	1
sirtta	sırtta	1
Umûmisi’nin	Umumisi’nin	1
kullanulmuştir	kullanılmıştır	1
dne	dine	1
fotoğraflarin	fotoğrafların	1
dişindadir	dışındadır	1
imformation	ımformatıon	1
Ittihadçınin	İttihadçının	1
yayinlanmami	yayınlanmamı	1
tartişilmiş	tartışılmış	1
dâvâlarinin	davalarının	1
Ittihadç	İttihadç	1
Babakanlik	Babakanlık	1
evrakinin	evrakının	1
risâlesinin	risalesinin	1
Ittihadç'nun	İttihadç'nun	1
yayinlayacağim	yayınlayacağım	1
arivinin	arıvının	1
dağilarak	dağılarak	1
adamlarnin	adamların	1
çikmamalarndan	çıkmamalarndan	1
Metrükesi'nin	Metrukesi'nin	1
hatiralarn	hatıraları	1
yazilmak	yazılmak	1
kolleksiyonlari	kolleksiyonları	1
ulaşılmasi	ulaşılması	1
hatiralarda	hatıralarda	1
Metrükesi'nde	Metrukesi'nde	1
yaynclğindan	yaynclğından	1
yorumlanmasini	yorumlanmasını	1
kalmiştim	kalmıştım	1
anlamama	anlamına	1
okuduklarni	okuduklarnı	1
konuşanlarin	konuşanların	1
mimarnin	mimarnın	1
ulaşamamalari	ulaşamamaları	1
bulunmamalarydi	bulunmamalarydı	1
yayinlanmasini	yayınlanmasını	1
evraknin	evraknın	1
iddialarin	iddiaların	1
sorumlulari	sorumluları	1
tartimalarini	tartımalarını	1
Ittihadçılar'dan	İttihadçılar'dan	1
konuşmasindan	konuşmasından	1
durulmami	durulmamı	1
yayinlanmasindan	yayınlanmasından	1
kaçinilmiştir	kaçınılmıştır	1
asirlardan	asırlardan	1
Turani	Turan	1
arki	ırkı	1
sâbika	sabıka	1
küstahliğin	küstahlığın	1
yaşayacaktir	yaşayacaktır	1
istilâlanna	istilalanna	1
Iraniler	İranıler	1
Iraniler’i	İranıler’i	1
Iskender’in	İskender’in	1
Bizanshilar	Bizanshılar	1
Bizanshlar’i	Bizanshlar’ı	1
irkdaşlar	ırkdaşlar	1
vesâirenin	vesairenin	1
cumhurbaşkanliğ	cumhurbaşkanlığ	1
hatrlatayim	hatrlatayım	1
Vekîli	Vekili	1
Kasim'ndan	Kasım'ndan	1
Orfi	Örfi	1
araştirmayi	araştırmayı	1
başliğinin	başlığının	1
Iskan	İskan	1
Bakanliğl'nin	Bakanlığl'nın	1
iskânlar	iskanlar	1
Muhacirîn	Muhacirin	1
Müsteşarliği’na	Müsteşarlığı’na	1
uzatilabilir	uzatılabilir	1
Ittihadçi’nun	İttihadçı’nun	1
yikalişin	yıkalışın	1
yaklaşildiğini	yaklaşıldığını	1
şaşknliklari	şaşknlıkları	1
farknda	farkında	1
kaynaklanyor	kaynaklanıyor	1
yazişmalarndan	yazışmalarndan	1
uğradiğinin	uğradığının	1
olmamazliklar	olmamazlıklar	1
inanmalarindan	inanmalarından	1
mağlübiyetin	mağlubiyetin	1
şaşkinliktan	şaşkınlıktan	1
Fransa'nun	Fransa'nın	1
kaldiklar	kaldıklar	1
hülyasi	hülyası	1
sakallarini	sakallarını	1
biyiklarini	bıyıklarını	1
kisimlanna	kısımlarını	1
Herm	Hem	1
hazirliklarni	hazırlıklarnı	1
hazirladiklarni	hazırladıklarnı	1
duymamalardir	duymamalardır	1
bazilannda	bazılarında	1
esâmîyi	esamiyi	1
aklmda	aklımda	1
karşilatinlirsa	karşılatınlırsa	1
hatirlyorum	hatırlyorum	1
inanmamiş	inanmamış	1
aralarnin	araların	1
hidîvi	hıdivi	1
aramişlardir	aramışlardır	1
kilmanin	kurmanın	1
Ittihadçiliğ	İttihadçılığ	1
canimiza	canımıza	1
slâm’i	slam’ı	1
payitahtinda	payitahtında	1
karnca	kırıcı	1
kurtulmasinin	kurtulmasının	1
yeralacaktir	yeralacaktır	1
dâh	dili	1
kapilmayan	kapılmayan	1
çiktiğ	çıktığ	1
konuşmuşlardir	konuşmuşlardır	1
olamadiklari	olamadıkları	1
kaygularni	kaygularnı	1
çalştik	çalştık	1
vicdanlarmiza	vicdanlarmıza	1
uzan	izin	1
Bâş	Bu	1
sundan	şundan	1
Älemi7	Alemi7	1
Akpinarl	Akpınarl	1
bakaniz	bakınız	1
Metrükesinin	Metrukesinin	1
Izmir‘i	İzmir‘i	1
diyarlari	diyarları	1
Konya'si	Konya'sı	1
istibdadin	istibdadın	1
coğrafyanin	coğrafyanın	1
murahhaslan	murahhasları	1
Belgrad’i	Belgrad’ı	1
aldiklan	aldıklan	1
kasabasini	kasabasını	1
birakrsak	bırakmak	1
Babalarmiz	Babalarmız	1
Avrupa’si	Avrupa’sı	1
Ittihadçılik	İttihadcılık	1
hirslar	hırslar	1
maceranin	maceranın	1
andirir	andırır	1
istibdadina	istibdadına	1
inanilmaktadir	inanılmaktadır	1
hatiralarindan	hatıralarından	1
toplandiğimiz	toplandığımız	1
mutlakanin	mutlakanın	1
fenaliğindan	fenalığından	1
zâlime	zalime	1
Hamidî’ye	Hamidi’ye	1
dağitir	dağıtır	1
itiyâdindan	itiyadından	1
Rifka	Rıfkı	1
masinun	masının	1
hususâti	hususatı	1
çârelerinden	çarelerinden	1
başlamitim	başlamıtım	1
mâdûn	madım	1
mâfevkine	mafevkine	1
Mâfevkine	Mafevkine	1
mâdûnlarni	madunlarnı	1
kalmamişt	kalmamışt	1
iktidarsiz	iktidarsız	1
miralayin	miralayın	1
mirlivalik	mirlivalık	1
sûistimâlâtina	suistimalâtına	1
Maamâfih	Maamafıh	1
anhyordu	anlıyordu	1
merkezîyeyi	merkeziyeyi	1
başkalamişti	başkalamıştı	1
yapilmazdi	yapılmazdı	1
duvanna	divanın	1
ağur	ağır	1
çaktiğ	caktığ	1
tirmanmama	tırmanmama	1
Âkifte	Akifte	1
selâmliğindan	selamlığından	1
hatrâtin	hatrâtın	1
nüshasinin	nüshasının	1
baskninda	basknında	1
Süavi'dir	Suavi'dir	1
kullanacaktir	kullanacaktır	1
Äkibet	Akıbet	1
Sâde	İade	1
zoruma	zorun	1
çiksan	çıksın	1
hasbihâl	hasbıhal	1
tekmeye	tekneye	1
zâlimi	zalimi	1
saklydi	saklydı	1
namazsiz	namazsız	1
maskaralik	maskaralık	1
Korkudasin	Korkudasın	1
saklansin	saklansın	1
korkudasin	korkudasın	1
kabâhatin	kabahatin	1
postekimi	pöstekimi	1
sim	şim	1
ahnmiş	alınmış	1
Äsitanesi	Asitanesi	1
şerîrin	şeririn	1
mâfihâ	mafihâ	1
şmanu	mani	1
hâs	his	1
Âdemiyyet	Ademiyyet	1
Durmayip	Durmayıp	1
düşmanu	düşman	1
akrânu	ikram	1
Ädemiyyet	Ademiyyet	1
misrai	mısraı	1
makamindaki	makamındaki	1
ilâhinin	ilahinin	1
yapitirmaya	yapıtırmaya	1
Yildiz’da	Yıldız’da	1
zindanina	zindanına	1
tanişmasinin	tanışmasının	1
alâkasini	alakasını	1
ayaklanmasinda	ayaklanmasında	1
Kumandanliği'ndan	Kumandanlığı'ndan	1
sitanesi	sıtanesi	1
Meşyihn	Mesyihn	1
münan	rinin	1
Istibdada	İstibdada	1
ayaklandi	ayaklandı	1
başarsizliğin	başarsızlığın	1
başarsizliği	başarsızlığı	1
yapidan	yapıdan	1
kurmaylarnin	kurmaylarnın	1
hatiralarnda	hatıralarnda	1
ihtiraslarini	ihtiraslarını	1
uzanur	uzanır	1
bakanm	bakanın	1
Hayatimun	Hayatının	1
Dağistan'a	Dağıstan'a	1
siğmayacak	sığmayacak	1
siğdi	sığdı	1
sinursizdi	sinursızdı	1
yiğinu	yığını	1
sinur	sınır	1
baktiğim	baktığım	1
insafsizca	insafsızca	1
hatiralarr	hatıralarr	1
koyamamiş	koyamamış	1
araştirmalara	araştırmalara	1
yazilmamiştir	yazılmamıştır	1
uyguladiğim	uyguladığım	1
elyazisidir	elyazısıdır	1
şahislara	şahıslara	1
elyazilarinin	elyazılarının	1
rik’anin	rik’anın	1
sikntilar	sıkıntılar	1
elyazisini	elyazısını	1
aşinmiş	aşınmış	1
Okuyamadiğim	Okuyamadığım	1
yeralmasi	yeralması	1
inandiğum	inandığum	1
okuyamadiklarimin	okuyamadıklarımın	1
Milâdi	Miladi	1
karşihklar	karşıhklar	1
Umümî	Umumi	1
Nâzin	Nazın	1
tutuklanp	tutuklanıp	1
alâkah	alakalı	1
evrakni	evrakın	1
dostlarinın	dostlarının	1
Kardiçah'ya	Kardıçah'ya	1
ulaşmami	ulaşmamı	1
tutanağinin	tutanağının	1
yayinn	yayınn	1
evrakinın	evrakının	1
üstadi	üstadı	1
arasmndaki	arasmndakı	1
yâdediyorum	yadediyorum	1
Bardakçi	Bardakçı	1
mallarnin	malların	1
umûmîlerinden	umumilerinden	1
INÖNÜ	İNÖNÜ	1
DÖNEMLERINDE	DÖNEMLERİNDE	1
SAHIPSIZ	SAHİPSİZ	1
ERMENILER'IN	ERMENİLER'İN	1
YETKILILERIN	YETKİLİLERİN	1
AILELERINE	AİLELERİNE	1
TAHSISI	TAHSİSİ	1
AILELERE	AİLELERE	1
BAGLANMASI	BAĞLANMASI	1
gayrimenkullerde	gayrımenkullerde	1
taksimati	taksimatı	1
kizkardeine	kızkardeine	1
dükkânlarin	dükkanların	1
hanumina	hanumına	1
Bankasi'ndaki	Bankası'ndakı	1
MALIYE	MALİYE	1
CAVID	CAVİD	1
BEYIN	BEYİN	1
Rifat’n	Rıfat’n	1
Menemenlizäde	Menemenlizade	1
Tevfik'n	Tevfik'in	1
maaşindan	maaşından	1
Hâmid'in	Hamid'in	1
hanimindan	hanımından	1
Sabik	Sabık	1
şirle	sirle	1
Bey'n	Bey'in	1
Gülbenkyan'in	Gülbenkyan'ın	1
Canbulat'in	Canbulat'ın	1
KURT	KÜRT	1
ŞERIF	ŞERİF	1
BAHRIYE	BAHRİYE	1
VALISI	VALİSİ	1
RAHMI	RAHMİ	1
kaçnilmasi	kaçnılması	1
Alparslan'in	Alparslan'ın	1
Aybar’in	Aybar’ın	1
kurtarilmas	kurtarılmas	1
Umûmîsi'nden	Umumisi'nden	1
Savaşinun	Savaşının	1
Izmiri	İznini	1
Izmir'deki	İzmir'deki	1
Kolons	Koloni	1
vatandaşlarnun	vatandaşların	1
Colomies'nin	Colomıes'nin	1
yazimalan	yazmaları	1
KÂTIB	KATİB	1
MIDHAT	MİDHAT	1
krü	kim	1
hanimuna	hanımuna	1
nikâhi	nikahı	1
akrabasina	akrabasına	1
murahhashik	murahhashık	1
âmedi	medi	1
Savai'na	Savaı'na	1
Rifk'nın	Rıfk'nın	1
balikl	balıkl	1
sikntili	sıkıntılı	1
sadrazamliklari	sadrazamlıkları	1
yargilamalar	yargılamalar	1
çikartildilar	çıkartıldılar	1
Ittihadçılarin	İttihadcıların	1
Yargilamalar	Yargılamalar	1
giyab	ğıyab	1
tanrçasi	tanrçası	1
çikarttiğ	çıkarttığ	1
mallanni	malların	1
başkanhğindaki	başkanlığındaki	1
kazina	kızına	1
hudemât	hidemat	1
Ilgi	İlgi	1
Yardimlar	Yardımlar	1
yayinlanmıştir	yayınlanmıştır	1
Taafindan	Taafından	1
Yaptiklan	Yaptıklan	1
Kantarci'nun	Kantarcı'nun	1
yayinlanmaktadir	yayınlanmaktadır	1
olmalarnin	olmalarını	1
uğramalari	uğramaları	1
Zevâta	Zevatı	1
karann	kararın	1
aldiklar	aldıklar	1
başlikhi	başlıkhı	1
IKINCi	İKİNCİ	1
icrâdir	içindir	1
ikm	ikin	1
Acemî	İçeri	1
yüzbaşilarndan	yüzbaşılarndan	1
vak’asinda	vak’asında	1
Cehri	Çehri	1
meşâyihi	meşayihi	1
birikmi	birikim	1
infisâlinden	infisalinden	1
şehädetine	şehadetine	1
istifasindan	istifasından	1
Ricâlin	Ricalin	1
uygulamalarindan	uygulamalarından	1
biraktiklar	bıraktıklar	1
mualim	malın	1
Kaymakamu	Kaymakamı	1
Irfan	İrfan	1
merhüm	merhum	1
Tânk	Tanık	1
yüzbai	yüzbaı	1
Mallarin	Malların	1
hayatlarinı	hayatlarını	1
dağitiminda	dağıtımında	1
alinmayan	alınmayan	1
braktiklar	braktıklar	1
çalşildi	çalşıldı	1
Suikastin	Suikastın	1
açıklamasina	açıklamasına	1
tartişıliyor	tartışılıyor	1
Teşkilät	Teşkilat	1
sa'nun	şa'nın	1
bakanliğin	bakanlığın	1
yargilanmak	yargılanmak	1
yakalanacağini	yakalanacağını	1
kararn	kararı	1
rastlayamadim	rastlayamadım	1
değisik	değişik	1
uygulamasinin	uygulamasının	1
hesaplanmasi	hesaplanması	1
konmadi	konmadı	1
Cumhurbaşkanu	Cumhurbaşkanı	1
kümden	kimden	1
Findiklyan'dan	Fındıklyan'dan	1
BOGAZLIYAN	BOĞAZLIYAN	1
AILESINE	AİLESİNE	1
MAAS	MAAŞ	1
KONUSUNDAKI	KONUSUNDAKİ	1
mümâileyh	mumaileyh	1
mümâileyhin	mumaileyhin	1
vekâletinde	vekaletinde	1
iâşece	iaşece	1
kaldiklarindan	kaldıklarından	1
istidâname	istidaname	1
varakasindan	varakasından	1
ayliğinin	aylığının	1
anlailmiştir	anlaılmıştır	1
müteveffânin	müteveffanın	1
sâdir	sadır	1
eytâminin	eytâmının	1
olmasindandir	olmasındandır	1
kazâsi	kazası	1
sâbiki	sabıkı	1
mîye	niye	1
ifâdâtuyla	ifadatuyla	1
cevabidır	cevabıdır	1
ictimânda	ictimaında	1
BIRIKMIS	BİRİKMİŞ	1
ÖDENMESI	ÖDENMESİ	1
itâsi	itası	1
ictimâinda	ictimaında	1
bulunamadiği	bulunamadığı	1
infisâli	infisali	1
şehâdeti	şehadeti	1
zâtiyye	zatiyye	1
REISICUMHUR	REİSİCUMHUR	1
ERMENILER	ERMENİLER	1
VERILMESI	VERİLMESİ	1
ità	ita	1
satilamaz	satılamaz	1
hâsilatindan	hasılatından	1
hîn	hın	1
cereyaninda	cereyanında	1
VERILECEK	VERİLECEK	1
Hanmlar	Hanımlar	1
Celîlesi’nce	Celilesi’nce	1
Umûmîsi’nin	Umumisi’nin	1
BAHAEDDIN	BAHAEDDİN	1
Kânunsânî	Kanunisani	1
metrükesinden	metrukesinden	1
mâliyece	maliyece	1
Celâsin	Celasın	1
Müsteşarhgi	Müsteşarlığı	1
mümâileyhim	mumaileyhin	1
itâsina	itasına	1
çikanlarak	çıkarılarak	1
kalrsa	kalma	1
mümaileyhim	mumaileyhin	1
itäsi	itası	1
şartuyla	şartıyla	1
Umûmîyesi'nden	Umumiyesi'nden	1
tâlip	talip	1
kiymette	kıymette	1
satii	satıı	1
tâleplerinin	taleplerinin	1
ifâsinda	ifasında	1
AZMI	AZMİ	1
BEYLERIN	BEYLERİN	1
bulunamadiğ	bulunamadığ	1
Vilâyetince	Vilayetince	1
Sokağinda22	Sokağında22	1
nisif	nısıf	1
siü	şu	1
birâderi	biraderi	1
Postacilar	Postacılar	1
Sokağı'dir	Sokağı'dır	1
temlîki	temliki	1
Umûmiyesi'nin	Umumiyesi'nin	1
REŞID	REŞİD	1
Eşina	Eşini	1
rne	ne	1
âhiren	ahiren	1
firâri	firari	1
celîlesinin	celilesinin	1
Bakim	Bakım	1
şehrî	sehmi	1
Behcet	Behçet	1
mübâdil	mübadıl	1
müstecir	müştecir	1
mütebâkisinin	mütebakisinin	1
Hanimlar’a	Hanımlar’a	1
YÂVERI	YAVERİ	1
BEY'IN	BEY'İN	1
infâk	nifak	1
Kadiköy'ünde	Kadıköy'ünde	1
komitalari	komitaları	1
Medenînin	Medeninin	1
Asmal	Amal	1
anlaşılmasina	anlaşılmasına	1
şahistan	şahıstan	1
tilanlarin	tılanların	1
anlarini	anlarını	1
çağrdilar	çağrdılar	1
Tanuyor	Tanıyor	1
cevabinu	cevabını	1
dişanya	dışarıya	1
yapildiğ	yapıldığ	1
kâğitlan	kağıtları	1
dostlanndan	dostlarından	1
aynldiğina	ayrıldığını	1
yamasinu	yarısını	1
muhafizlarn	muhafızları	1
karyolasinun	karyolasınun	1
bulumlardi	bulumlardı	1
Sabahun	Sabahın	1
zavalh	zavallı	1
kansinun	kanının	1
çiğliklan	çığlıkları	1
Olümüne	Ölümüne	1
Târik	Tarık	1
iAMAITEY	ıamaıtey	1
Râsim	Misin	1
Kadiköyü'nde	Kadıköyü'nde	1
Makruhi'den	Makruhı'den	1
olunmuştir	olunmuştır	1
ILÂVETEN	İLAVETEN	1
baun	bun	1
liralak	liralık	1
Isre	Üre	1
nâminda	namında	1
hodiaine	hodıaıne	1
ilagiaman	ilagıaman	1
Yeidiler1	Yeıdıler1	1
mümaileyhânin	mumaileyhânin	1
îcra	için	1
müştemilâti	müştemilatı	1
toplanmasinda	toplanmasında	1
ilâveten	ilaveten	1
Viçen'den	Vicen'den	1
Mezarliğinda	Mezarlığında	1
Gayi	Sayı	1
mütebâkâsinin	mütebakâsının	1
vâkiin	vakiin	1
anr	nr	1
Tadilât	Tadilat	1
şirefendi	sirefendi	1
yapilmas1	yapılması	1
onanmitir	onanmıtır	1
DEGIŞIKLIKLE	DEĞİŞİKLİKLE	1
saysi	saysı	1
gtain	stan	1
tinae	tınae	1
mümâileyhâya	mumaileyhâya	1
Äşirefendi	Aşirefendi	1
Mağazasi'nda	Mağazası'nda	1
tefvîzi	tefvizi	1
nafakasiyla	nafakasıyla	1
Celâsin'e	Celasın'e	1
anlaşıldiğından	anlaşıldığından	1
Yenicami	Yenicamı	1
itibarile	itibarıle	1
yazalmış	yazılmış	1
DEGIŞIKLIK	DEĞİŞİKLİK	1
Sayili	Sayılı	1
bangirees	bangırees	1
cintlaze	çintlaze	1
tafvie	tafvıe	1
Tair	Tür	1
muvafakatile	muvafakatıle	1
Kâmile'ye	Kamile'ye	1
istihkakina	istihkakına	1
istihkaki	istihkakı	1
Pangalti'da	Pangaltı'da	1
Kauati	Kauatı	1
Biyikliyan	Bıyıklıyan	1
firai	firaı	1
adalarmiz	adalarmız	1
Bâbiäli	Babıali	1
Nisan'nda	Nisan'ında	1
Donanmasi’nun	Donanması’nın	1
baskninin	basknının	1
Sifre	Şifre	1
sarfiyâtini	sarfiyatını	1
Umîd	Ümid	1
Ortasini	Ortasını	1
Nâziri’ni	Nazırı’nı	1
Maksadimi	Maksadını	1
anladiniz	anladınız	1
kariştiriniz	karıştırınız	1
Başkalarina	Başkalarına	1
quantité	quantıté	1
Kaçtir	Kaçtır	1
Nâfia’ya	Nafıa’ya	1
Fransizlar’a	Fransızlar’a	1
hesabimiza	hesabımıza	1
kalkişirsak	kalkışırsak	1
yazacağini	yazacağını	1
Hakkiniz	Hakkınız	1
Müzakerâti	Müzakeratı	1
mübâyaa	mubayaa	1
Donanmasi’nin	Donanması’nın	1
akillı	akıllı	1
tutacağim	tutacağım	1
zirhlimiz	zırhlımız	1
Yunanlilar’dan	Yunanlılar’dan	1
kalmakliğimiza	kalmaklığımıza	1
parasizliğimizi	parasızlığımızı	1
itâsini	itasını	1
Alacağimiz	Alacağımız	1
kumandasina	kumandasına	1
kuşkulanmayacaklari	kuşkulanmayacakları	1
levâzimât	levazımat	1
âtiyeyi	atiyeyi	1
takmı	takım	1
kit'a	kıt'a	1
atili	atılı	1
mekkâri	mekkari	1
envâi	envai	1
levâzimat	levazımat	1
bâligan	balığan	1
ziyanimiz	ziyanımız	1
efrâdimiz	efradımız	1
lâğvedeceğimiz	lağvedeceğimiz	1
âtide	atide	1
firkalarndan	fırkalarndan	1
firkalarn	fırkalarn	1
lağvindan	lağvından	1
tasarrufâti	tasarrufatı	1
Kirkkilise	Kırkkilise	1
Diyarbakir’da	Diyarbakır’da	1
kuşkulandirmamak	kuşkulandırmamak	1
yapilmayacaktir	yapılmayacaktır	1
arttirmaya	arttırmaya	1
Tekfurdaği'ni	Tekfurdağı'nı	1
Bolayir	Bolayır	1
boğazlarini	boğazlarını	1
ihtivâ	ihtiva	1
yaşamakliğimizi	yaşamaklığımızı	1
kalacağimizi	kalacağımızı	1
firkalar	fırkalar	1
Lâğvedeceğimiz	Lağvedeceğimiz	1
aşacaktir	aşacaktır	1
bidâyetinden	bidayetinden	1
müfredatli	müfredatlı	1
esmâni	esmanı	1
müzakerâta	müzakeratı	1
kumpanyasiyla	kumpanyasıyla	1
ihtilaflarin	ihtilafların	1
lâzimenin	lazımenin	1
olunmamiş	olunmamış	1
Icab	İcab	1
müşârünileyhi	müşarünileyhi	1
Tahrirât	Tahrirat	1
âliîleri	alııleri	1
müzakerâti	müzakeratı	1
Zâbitânin	Zabitanın	1
masârifâtini	masarifatını	1
istihkäk	istihkak	1
masârifat	masarifat	1
umûmiyesinden	umumiyesinden	1
mâad	mad	1
viläyetlerdeki	vilayetlerdeki	1
kta’âti	kta’âtı	1
lâğvedilen	lağvedilen	1
muvakkattir	muvakkattır	1
Muvakkattir	Muvakkattır	1
hükümâtina	hükümatına	1
çikarirlarsa	çıkarırlarsa	1
lâğvettiğimiz	lağvettiğimiz	1
Tasarrufatimiz	Tasarrufatımız	1
zâbitânini	zabitanın	1
kadrolarmizi	kadrolarmızı	1
dolduracağiz	dolduracağız	1
hakikîmiz	hakikimiz	1
maaşâtidır	maaşatıdır	1
davranmalidir	davranmalıdır	1
Balkanlilarda	Balkanlılarda	1
muhâveresinde	muhaveresinde	1
maaşâtina	maaşatına	1
ihtiyatkârâne	ihtiyatkarâne	1
lisaninizla	lisanınızla	1
olmayacağiz	olmayacağız	1
yapiyorsak	yapıyorsak	1
olunmasina	olunmasına	1
keşâf	keşif	1
dafaasi	dafaası	1
masrafimiz	masrafımız	1
zâide	zaide	1
teksîri	teksiri	1
zâideye	zaideye	1
miyânda	miyanda	1
tahkimâttan	tahkimattan	1
tecdîdi	tecdidi	1
olacağimizdan	olacağımızdan	1
Boğazlarn	Boğazları	1
etrâfi	etrafı	1
muhâfazasi	muhafazası	1
Müfredâtini	Müfredatını	1
Tersânenin	Tersanenin	1
Sevâhil	Sevahil	1
altişar	altışar	1
takamı	takımı	1
Kitaât	Kıtaat	1
techîzâti	teçhizatı	1
Levâzimat	Levazımat	1
pâyitahtimizla	payitahtımızla	1
civarini	civarını	1
sevâhilimizi	sevahilimizi	1
tasallutâtindan	tasallutâtından	1
tecaviz	tecavız	1
pâyitahtimiza	payitahtımıza	1
Esbâbi	Esbabı	1
bakmamiş	bakmamış	1
hâzirada	hazırada	1
askerîyeleri	askeriyeleri	1
telkinât	telkinat	1
buralarni	buralarnı	1
vâridâta	varidatı	1
esnâsinda	esnasında	1
kaziğa	kazığa	1
iktisadîyemiz	iktisadiyemiz	1
şikk	şıkk	1
ihtiyârdan	ihtiyardan	1
istikrâzi	istikrazı	1
istikräzi	istikrazı	1
şeräit	şerait	1
Nâzir'nun	Nazır'nun	1
açiğimiz	açığımız	1
olacağinda	olacağında	1
tafsilâta	tafsilatı	1
boğazlarin	boğazların	1
Müdafaanizda	Müdafaanızda	1
alikorsa	alıkorsa	1
Masârif	Masarıf	1
Vâsi	Vası	1
vâsîdir	vasidir	1
mevâni	mevani	1
bâladaki	baladaki	1
dâimî	daimi	1
dâime	daime	1
sâbikamiz	sabıkamız	1
mevcüdemizle	mevcudemizle	1
memâlikimizde	memalikimizde	1
hükümâtinın	hükümatının	1
tecavüzâtina	tecavüzatına	1
bulacağindan	bulacağından	1
bulundurmakliğimiz	bulundurmaklığımız	1
TALEBI	TALEBİ	1
tenâum	temini	1
Insaniyet	İnsaniyet	1
uğramayacağimi	uğramayacağımı	1
hâlisânemin	halisanemin	1
Roumanie	Roumanıe	1
yazarlarndandir	yazarlarndandır	1
yayinlamaya	yayınlamaya	1
başladiğ	başladığ	1
Mevlânzade'nin	Mevlanzade'nin	1
KREDI	KREDİ	1
Satip	Satıp	1
Boğazima	Boğazıma	1
battim	battım	1
almakliğim	almaklığım	1
buyuracağiniza	buyuracağınıza	1
Äyân	Âyan	1
nâzirliğ	nazırlığ	1
bakanlarindandir	bakanlarındandır	1
EBUZZIYA	EBÜZZİYA	1
TEVFIK	TEVFİK	1
pâdiâhî	padiâhî	1
müşârünileyhâdan	müşarünileyhadan	1
ahzimi	ahzımı	1
yanusira	yanısıra	1
yazarliğinin	yazarlığının	1
matbaaciliğ	matbaacılığ	1
yayincilig	yayıncılıg	1
ABDÜLHAMID'E	ABDÜLHAMİD'E	1
ihtiyâc	ihtiyaç	1
Fermân	Fermanı	1
hâkipy	hakipy	1
Ihäle	İhale	1
âsitân	asitân	1
şitâbân	şitaban	1
DIVANYOLU	DİVANYOLU	1
yapilacaktur	yapılacaktır	1
azîmetinizden	azimetinizden	1
hatirinizdadir	hatırınızdadır	1
nâtik	natık	1
ibâresiyle	ibaresiyle	1
zîrinde	zırınde	1
iimle	une	1
çıkarttiğm	çıkarttığm	1
arkadaşinizda	arkadaşınızda	1
bitirsek	bitirmek	1
bâr	bir	1
yazdirmak	yazdırmak	1
kaçirmayayim	kaçırmayayım	1
hicâbin	hicabın	1
âdemi	adem	1
iftirâkta	iftirakta	1
irsâli	irsali	1
zahrni	zahrnı	1
biraktiğim	bıraktığım	1
Vâridât	Varidat	1
âdî	adı	1
kyasiyla	kyasıyla	1
buyurmalisiniz	buyurmalısınız	1
tahrîriyeye	tahririyeye	1
olamadik	olamadık	1
SIKÂYET	ŞİKAYET	1
maaşimin	maaşının	1
akalli	akıllı	1
müracaatim	müracaatım	1
âlilerinden	alilerinden	1
çikmakliğima	çıkmaklığıma	1
âcizlerinin	acizlerinin	1
âcizlerini	acizlerini	1
tanimiyor	tanımıyor	1
boyaci	boyacı	1
HÂMID'IN	HAMİD'İN	1
Şâyân	Sayan	1
Taniyan	Tanıyan	1
mâliden	maliden	1
senâhâniniz	senahânınız	1
minnetdarinizdir	minnetdarınızdır	1
Hâmidi	Hamdi	1
Bâbiâli'ye	Babıali'ye	1
Mânen	Mamen	1
mäh	mah	1
imdâdima	imdadına	1
ictimâiyemiz	içtimaiyemiz	1
irfân	irfan	1
halaskârânenizle	halaskâranenizle	1
mütefekkirînin	mütefekkirinin	1
mâişetim	maişetim	1
kaldiğimdan	kaldığımdan	1
mâieten	maieten	1
kayirilmak	kayırılmak	1
maaşiyla	maaşıyla	1
şiken	sıken	1
mikdârnin	mikdarnın	1
arizamla	arızamla	1
ŞAIR	ŞAİR	1
meşrû	neşri	1
civâr	civar	1
dehânizda	dehanızda	1
barinarak	barınarak	1
meâliyi	mealiyi	1
ssim	isim	1
gll	gü	1
imdadima	imdadına	1
iştiyâk	iştiyak	1
taşiyanlarin	taşıyanların	1
fakîri	fakiri	1
irfâniniza	irfanınıza	1
başımin	başımın	1
fims	fıms	1
Inâyetinizin	İnayetinizin	1
füshatini	fushatını	1
vaziamin	vaziamın	1
kaçinarak	kaçınarak	1
isrâf	israf	1
tasdîin	tasdiin	1
olmayacakti!	olmayacaktı!	1
mes	meş	1
unvân	unvanı	1
meşâgil	meşagil	1
hâziraniza	haziranıza	1
üstadlik	üstadlık	1
Hürmetkârlğinizla	Hürmetkarlğınızla	1
mübâhi	mübahı	1
ticiler'den	tıcıler'den	1
AKA	İKİ	1
hanimefendi!	hanımefendi!	1
giyaben	gıyaben	1
mâaile	maaile	1
alamamamiz	alamamamız	1
insaniyenize	insanıyenize	1
muâlecâtimizi	mualecâtimizi	1
tedârikten	tedarikten	1
Bey’n	Bey’in	1
yazilmitur	yazılmıtur	1
romanci	romancı	1
hanuminin	hanumının	1
yargilanmasindaki	yargılanmasındakı	1
Ibretengiz	İbretengiz	1
çarptinlirsa	çarptınlırsa	1
asayisiz	asayişiz	1
yaslandi	yaslandı	1
Yalçan	Yalçın	1
Amkara	Ankara	1
boşandi	boşandı	1
tutuklanmasindan	tutuklanmasından	1
kapatldiğ	kapatldığ	1
idamindan	idamından	1
Imkâni	İmkanı	1
işemize	isemize	1
ihtirâmâtimizi	ihtiramatımızı	1
ibtidâdan	ibtidadan	1
âsârinizdan	asarınızdan	1
efâlinizden	efalinizden	1
medâr	nedir	1
Kayinvâlidemin	Kayınvalidemin	1
ciğerpâremi	ciğerparemi	1
mâişeti	maişeti	1
muîni	muini	1
felâketine	felaketine	1
güdâzdir	ğudazdır	1
Hayatimi	Hayatımı	1
yakami	yakını	1
hâsih	hasılı	1
ferâuni	feraunı	1
satilinca	satılınca	1
vesâtetinizle	vesatetinizle	1
ikrâz	ikraz	1
Izmit'te	İzmit'te	1
Brun	Binin	1
Londra'nin	Londra'nın	1
kazkardeşi	kızkardeşi	1
Selma'dir	Selma'dır	1
bedbahti	bedbahtı	1
affinizi	affınızı	1
NURI	NURİ	1
ISTEDIGI	İSTEDİĞİ	1
esbâka	esbakı	1
mâruzâtimi	maruzatımı	1
hakaikle	hakaıkle	1
nîm	nin	1
umûmîyesini	umumiyesini	1
olamiyoruz	olamıyoruz	1
âcizânemce	acizanemce	1
hakaike	hakaıke	1
olduklarndandir	olduklarndandır	1
düşmanlarmiz	düşmanlarmız	1
matbuatini	matbuatını	1
ihtikârlarina	ihtikarlarına	1
olmulardir	olmulardır	1
vâhid	vahid	1
Âsım	İsim	1
Âsim	Asım	1
malûme	Milne	1
nâzirlar	nazırlar	1
tensîkini	tensikini	1
gavâil	gavail	1
olamamişlardir	olamamışlardır	1
Edebiyât	Edebiyat	1
şîme	sine	1
sâi	şu	1
lâhiki	lahiki	1
efkârini	efkarını	1
alinmayarak	alınmayarak	1
açanlarin	açanların	1
avlanmaktadir	avlanmaktadır	1
bankalarindan	bankalarından	1
satildiğini	satıldığını	1
cây	çay	1
nazardir	nazardır	1
ecânibi	ecanibi	1
ihtiläfâtndan	ihtilafatndan	1
ârâsina	arasına	1
makalâti	makalâtı	1
murâkabesinden	murakabesinden	1
müzâhereti	müzahereti	1
vâridatla	varidatla	1
karîlerin	karilerin	1
satişin	satışın	1
müzâharetine	müzaharetine	1
vücübdadir	vücubdadır	1
irş	iri	1
karîlerinin	karilerinin	1
tesîsinden	tesisinden	1
kavrayacaği	kavrayacağı	1
elhäletülhäzihi	elhaletülhäzihi	1
mîyeyi	miyeyi	1
zevâlini	zevalini	1
Idaresi'nin	İdaresi'nin	1
mâhiyye	mahiyye	1
bulundurmalidir	bulundurmalıdır	1
bedelâtinin	bedelatının	1
açiğinin	açığının	1
alenîyesince	aleniyesince	1
resmîyenin	resmiyenin	1
nüshalarindan	nüshalarından	1
mahâfiline	mahafiline	1
bilâücret	bilaücret	1
çâreleri	çareleri	1
mütevâziyen	mütevazıyen	1
nazariyatini	nazariyatını	1
teşebbüsâta	teşebbüsatı	1
layihalari	layihaları	1
tahmidât	tahmıdât	1
evâsitinda	evasıtında	1
siğinmişız	sığınmışız	1
Mütebâkîsi	Mütebakisi	1
niyâzi	niyazi	1
visi	Vııı	1
ihtirâmdan	ihtiramdan	1
Şikäyet	Şikayet	1
ittiradsiz	ittiradsız	1
sikantisindan	sıkantısından	1
intizârimiz	intizarımız	1
icraâtina	icraatına	1
mün'atiftir	mün'atıftır	1
yârân	yarın	1
ihtirâmlarimin	ihtiramlarımın	1
MECLISININ	MECLİSİNİN	1
MILLETVEKILI	MİLLETVEKİLİ	1
FEHMI	FEHMİ	1
icâz	icaz	1
insâniyeti	insaniyeti	1
sifatinda	sıfatında	1
Vefasizliğima	Vefasızlığıma	1
Zâtinizda	Zatınızda	1
uzaklaşmanin	uzaklaşmanın	1
Yavrularimizin	Yavrularımızın	1
niyatindeyim	niyatındeyim	1
kardaşımizin	kardaşımızın	1
fâikami	faikamı	1
hususîyesine	hususiyesine	1
vâkaftir	vakaftır	1
teşkilätlarnda	teşkilatlarnda	1
EMEKLI	EMEKLİ	1
huzûra	lüzum	1
nâhid!	nahid!	1
Imzanizi	İmzanızı	1
harâbiz	harabiz	1
râhat	Nihat	1
mâliyye	maliyye	1
Akvâlimi	Akvalımı	1
Ahvâlimi	Ahvalimi	1
Nâzirm	Nazırı	1
imdâdina	imdadına	1
ersin	emin	1
baylik	baylık	1
şâninı	şanını	1
meâli!	meali!	1
zâtini	zatını	1
hâli!	hali!	1
mükâfâtni	mükafatnı	1
Vahyi	Valiyi	1
gümân	sunan	1
miralaylğindan	miralaylğından	1
zâiddir	zaiddir	1
Ihtis	İhtis	1
riyâ	riya	1
samîmidir	samimidir	1
Padişâhim	Padişahın	1
duâmiz	duamız	1
YAZDIGI	YAZDIĞI	1
ŞIKÂYET	ŞİKAYET	1
Béha	Bolu	1
alindiğinu	alındığını	1
yazilarak	yazılarak	1
okunamadiğ	okunamadığ	1
Itiläf	İtilaf	1
Başkanliği'na	Başkanlığı'na	1
reni	ren	1
satirlarda	satırlarda	1
sadrazamlarindan	sadrazamlarından	1
ağlamadik	ağlamadık	1
mâhiye	nahiye	1
hempasi	hempası	1
Itilafçılar	İtilafçılar	1
yazihane	yazıhane	1
irtikâbla	irtikabla	1
Itilâfçilar'in	İtilafçılar'ın	1
tahsisâtindan	tahsisatından	1
yazihaneye	yazıhaneye	1
paramiz	paramız	1
nâmlara	Marmara	1
sabrm	Sabri	1
hursizlik	hırsızlık	1
yazihaneyi	yazıhaneyi	1
yanaştirmadilar	yanaştırmadılar	1
Siyasîyâtla	Siyasiyatla	1
mesârifine	mesarifine	1
kanimiza	kanımıza	1
mel'unlarin	mel'unların	1
Âdil'e	Adil'e	1
çaliacak	çalıacak	1
Zâhiren	Zahiren	1
bâtinen	batınen	1
istirhâmâtimi	istirhamatımı	1
icabinin	icabının	1
bakiver	bakıver	1
muntazirm	muntazırm	1
Itibär	İtibar	1
Bankasina	Bankasına	1
Bankasinin	Bankasının	1
KÂMIL	KAMİL	1
Kibrisli	Kıbrıslı	1
maaşlarnun	maaşlarını	1
hatirlatarak	hatırlatarak	1
alacağinin	alacağının	1
maaşinin	maaşının	1
ifäsi	ifası	1
ilhâki	ilhakı	1
karârni	karnını	1
Âcizlerine	Acizlerine	1
târîhine	tarihine	1
mikdarindan	mikdarından	1
uzatilmakta	uzatılmakta	1
Âhiren	Ahiren	1
memûriyet	memuriyet	1
âcizide	acizide	1
rüfekânin	rüfekanın	1
mebâliğ	mebaliğ	1
âcizînin	acizinin	1
memâlikine	memalikine	1
tâvizât	tavizât	1
vâkiyi	vakiyi	1
îcâbinca	icabınca	1
tensîbiyle	tensibiyle	1
muhâfaza	muhafızı	1
ifâsina	ifasına	1
çikarmamak	çıkarmamak	1
kasdiyla	kasdıyla	1
vâzihâttan	vazıhâttan	1
âcizânemin	acizanemin	1
ittihâziyla	ittihazıyla	1
tebligât	tebligat	1
müsted’âdir	müşted’âdir	1
çıkartilmasindan	çıkartılmasından	1
Ittihadciliğin	İttihadçılığın	1
Nâzm'in	Nazım'ın	1
bakamindan	bakımından	1
istinâden	istinaden	1
inanmiyordu	inanmıyordu	1
ittihâzina	ittihazına	1
mesâîsi	mesaisi	1
çağrilmasini	çağrılmasını	1
intâc	intac	1
sînin	sının	1
propagandacilarini	propagandacılarını	1
ihrâcimiza	ihracımıza	1
yatirilmiş	yatırılmış	1
tevkîfine	tevkifine	1
çorbasindan	çorbasından	1
birakilmadiğindan	bırakılmadığından	1
akrabamiz	akrabamız	1
ehibbamizdan	ehibbamızdan	1
hişmina	hışmına	1
Moskova'y1	Moskova'yı	1
isrârina	ısrarına	1
çikarlacağimiz	çıkarlacağımız	1
anlatildi	anlatıldı	1
istihsâle	istihsale	1
intikâlimiz	intikalimiz	1
zâhib	zahib	1
çikmayacağina	çıkmayacağına	1
pasaportlari	pasaportları	1
teshilâti	teshilatı	1
arkadaşlarimiza	arkadaşlarımıza	1
saklayamadi	saklayamadı	1
Almanliktan	Almanlıktan	1
mütemeddînenin	mütemeddinenin	1
plâninin	planının	1
tâyîn	tayın	1
zemîni	zemin	1
ihtiyati	ihtiyatı	1
aldiğima	aldığını	1
plânlarni	planlarnı	1
müzâhir	müzahir	1
husûmeti	husumeti	1
anlaşip	anlaşıp	1
yüzbaşilarindan	yüzbaşılarından	1
yâverlik	yaverlik	1
mütekaidînden	mütekaidinden	1
evlenmi	evlerin	1
gani	sani	1
muhacirîni	muhacirin	1
vatanina	vatanına	1
sizladi	sızladı	1
tabû	tabi	1
taşliği	taşlığı	1
müşâbih	müşabih	1
şikâr	sıkar	1
zararlari	zararları	1
dokunamadi	dokunamadı	1
şahislarimizi	şahıslarımızı	1
nevâkisi	nevakısı	1
mütehassislarn	mütehassıslarn	1
nemâ	men	1
olmadiğimdan	olmadığından	1
ictimâ	içtima	1
mânâsini	manasını	1
harekâtimizi	harekatımızı	1
mezâyâsina	mezayasına	1
kusurlarini	kusurlarını	1
mezâyâsi	mezayası	1
itirafina	itirafına	1
mûmâileyh	mumaileyh	1
kompartimaninda	kompartımanında	1
kadarni	kadarnı	1
ihtilâlcilerin	ihtilalcilerin	1
havâliye	havaliye	1
Basmacilar’in	Basmacılar’ın	1
Asya'yi	Asya'yı	1
Mutadi	Mutadı	1
mülâzimi	mülazımı	1
arkadaşlarimizin	arkadaşlarımızın	1
Buharalilar’in	Buharalılar’ın	1
müsâdif	müsadif	1
mandati	mandatı	1
atlatir	atlatır	1
Esnâ	Esin	1
rüesâsi	rüesası	1
Silâhlari	Silahları	1
havâli	havali	1
kabâilinden	kabailinden	1
dağlarinin	dağlarının	1
mâilesini	mailesini	1
Basmacilar'dir	Basmacılar'dır	1
Ferganalilardir	Ferganalılardır	1
çikarabiliyorlarmiş	çıkarabiliyorlarmış	1
Afgan’in	Afgan’ın	1
yayilmişlardir	yayılmışlardır	1
Basmacilar	Basmacılar	1
tedârik	tedarik	1
bağh	bağlı	1
yazilmamı	yazılmamı	1
sikti	sıktı	1
çağiracak	çağıracak	1
Afganli	Afganlı	1
ayirabilirler	ayırabilirler	1
hatlidir	hatlıdır	1
güzergâhini	güzergahını	1
dolandim	dolandım	1
Iklim	İklim	1
aktiğini	aktığını	1
meşbù’imiş	mesbù’imiş	1
kalirlarsa	kalırlarsa	1
imtiyâzât	imtiyazat	1
baktiklari	baktıkları	1
Tatarlar’dir	Tatarlar’dır	1
serbestîsini	serbestisini	1
Buhara'yi	Buhara'yı	1
vesâtatina	vesatatına	1
satabilmesine	satabılmesine	1
kaptiran	kaptıran	1
irzini	ırzını	1
asirlık	asırlık	1
mücâdelesinin	mücadelesinin	1
Imzasi	İmzası	1
Emâreti	Emareti	1
emîridir	emiridir	1
câna	can	1
oynadiğr	oynadığr	1
bertafsil	bertafsıl	1
ihtiyarlik	ihtiyarlık	1
bunaltti	bunalttı	1
şehâdetleri	şehadetleri	1
brakti	braktı	1
hâdimi	hadimi	1
anavatanima	anavatanıma	1
Terakkî'nin	Terakki'nin	1
müpteläyim	müptelayım	1
nâzirini	nazırın	1
nlan	nan	1
câzibe	cazibe	1
Muhyiddin’i	Muhyıddın’ı	1
tahrikati	tahrikatı	1
farzdir	farzdır	1
temastasiniz	temastasınız	1
vâkifsiniz	vakıfsınız	1
minnetdariniz	minnetdarınız	1
inkilâplar	inkılaplar	1
ağritirim	ağrıtırım	1
ahvâline	ahvaline	1
mesmuâtim	mesmuatım	1
izâhât	izahat	1
karaliyorum	karalıyorum	1
tamâmiyla	tamamıyla	1
mîden	niden	1
Avâm	İvan	1
asilzâdeleri	asilzadeleri	1
iretle	ıretle	1
kurtulmami	kurtulmamı	1
çarliği	çarlığı	1
entrikalarinin	entrikalarının	1
ümemde	nemde	1
usanmiş	usanmış	1
taraftarlarina	taraftarlarına	1
Rusyasi'nda	Rusyası'nda	1
ihtiläliyle	ihtilaliyle	1
mıydi	miydi	1
Ihtilalin	İhtilalin	1
hâzirda	hazırda	1
taraftara	taraftarı	1
Ihtilälin	İhtilalin	1
hâziraya	hazıraya	1
çarlik	çarlık	1
karşilanan	karşılanan	1
Constituante	Constıtuante	1
taraftarlarindan	taraftarlarından	1
mecâli	mecali	1
muhâlefetkârânenin	muhalefetkârânenin	1
mütehassisa	mütehassısa	1
adamlarni	adamlarnı	1
mütehassislara	mütehassıslara	1
arkalarini	arkalarını	1
sirr	sırr	1
esbâbini	esbabını	1
Firkasi'nun	Fırkası'nın	1
milyonlari	milyonları	1
tarafdârânina	tarafdarânına	1
kalmalarnin	kalmalarnın	1
merbûtiyetlerinde	merbutiyetlerinde	1
rüesâsinin	rüesasının	1
vicdânimiza	vicdanımıza	1
ifnâ	ifna	1
şakalari	şakaları	1
Izmirliler'in	İzmirliler'in	1
müşârüileyhin	musarüileyhin	1
hatrlatti	hatrlattı	1
ikbâlde	ikbalde	1
firkay	fırkay	1
imanli	manlı	1
nüfüzlu	nüfuzlu	1
şahuslarini	şahısların	1
ayran	ayrım	1
ihtiyatlari	ihtiyatları	1
müştemilâtinin	müştemilatının	1
riâyete	riayete	1
varakasi	varakası	1
zâire	zaire	1
zâiri	zairi	1
alikoyup	alıkoyup	1
pusulayi	pusulayı	1
kalrsiniz	kalrsınız	1
müteneffizâninin	müteneffizanının	1
Bittabû	Bittabi	1
yakninda	yakınında	1
arttirmilar	arttırmılar	1
mevcutlarinin	mevcutlarının	1
nisfindan	nısfından	1
atmişlar	atmışlar	1
Yodaniç	Yodanıç	1
olmamilar	olmamılar	1
imaninin	imanının	1
başansiz	başarısız	1
mutaassibâne	mutaassıbâne	1
isrâr	ısrar	1
aşağidan	aşağıdan	1
kitaât	kıtaat	1
gilânin	ğılanın	1
başlanilan	başlanılan	1
tabakâtinda	tabakatında	1
Comité	Comite	1
konferansçılari	konferansçıları	1
vesâtatiyla	vesatatıyla	1
terâhiyi	terahiyi	1
propagandacilar	propagandacılar	1
konferansçilar	konferansçılar	1
kitaâtin	kıtaatın	1
yapilani	yapılan	1
imanina	namına	1
târi	tam	1
alamayinca	alamayınca	1
Velhäsil	Velhasıl	1
yapacaklarn	yapacakları	1
murahhaslarn	murahhasları	1
gidiyorlarmiş	gidiyorlarmış	1
itikâdinda	itikadında	1
delâil	delail	1
mantikiyesi	mantıkiyesi	1
kalktiğ	kalktığ	1
merbûtiyetine	merbutiyetine	1
müteneffizâni	müteneffizanı	1
Japonlar’in	Japonlar’ın	1
konsesyonlari	konsesyonları	1
gâyesi	gayesi	1
speculationu	speculatıonu	1
başlandiktan	başlandıktan	1
itâya	itaya	1
muzirrasiyla	muzırrasıyla	1
pahalilaşmada	pahalılaşmada	1
alinmayacağina	alınmayacağına	1
vardiğimiz	vardığımız	1
tayn	tayin	1
yirtik	yırtık	1
baldıri	bildiri	1
Yirtik	Yırtık	1
çorapsiz	çorapsız	1
camekânlari	camekânları	1
yamali	yamalı	1
bulunanlarini	bulunanların	1
tâbirlerinde	tabirlerinde	1
âsâbi	asabi	1
olmayanlarni	olmayanlarnı	1
çikaramiyor	çıkaramıyor	1
imanin	imanın	1
zâil	zail	1
oynadiğini	oynadığını	1
aşkni	aşkın	1
kaçırmanin	kaçırmanın	1
tesîsinde	tesisinde	1
sarilacağini	sarılacağını	1
dolaydir	dolaydır	1
questionnaire	questionnaıre	1
mûtekid	mütekid	1
kalamayacağim	kalamayacağım	1
kayittan	kayıttan	1
bundandir	bundandır	1
yaşayinca	yaşayınca	1
uyandirmaya	uyandırmaya	1
mânevîyesini	maneviyesini	1
mukâvelesine	mukavelesine	1
yapmamalari	yapmamaları	1
koymalarina	koymalarına	1
Cenova'daki	Cenova'dakı	1
nigehbâni	Nigehban	1
bihakkn	bihakkın	1
tabîatiyla	tabiatıyla	1
mantuki	mantıki	1
Avrupalilar’1	Avrupalılar’1	1
eşhâsi	eşhası	1
Litvanyalidır	Litvanyalıdır	1
ihtilälcilikte	ihtilalcilikte	1
mütevakkif	mütevakkıf	1
çikap	çıkıp	1
ekserîsi	ekserisi	1
enthousiasme	enthousıasme	1
umûmunun	umuminin	1
Şarklilar	Şarklılar	1
milletdaşina	milletdaşına	1
burunlarini	burunlarını	1
intikâmini	intikamını	1
mânidar	manidar	1
yakalamiş	yakalamış	1
Inkilâptan	İnkılaptan	1
Ukraynalilar	Ukraynalılar	1
mâşukasina	masukasına	1
meâlinde	mealinde	1
duvarlarinda	duvarlarında	1
düçâr	duçar	1
inkiyâd	inkıyad	1
kaçirrlarsa	kaçırrlarsa	1
taraflik	taraflık	1
bulunalim	bulunalım	1
zavallilarin	zavallıların	1
havâlisini	havalisini	1
vilâyâti	vilayatı	1
saklayabilmişler	saklayabılmışler	1
Tatarlar'in	Tatarlar'ın	1
birakmamişlar	bırakmamışlar	1
bittabû	bittabi	1
zaaflaridır	zaaflarıdır	1
nazariyâtina	nazariyatına	1
anladiğimiz	anladığımız	1
nazariyâtiyla	nazariyatıyla	1
konağn	konağın	1
asik	aşık	1
burjiya	burjıya	1
almilar	almılar	1
Işittim	İşittim	1
veriyorlarmiş	veriyorlarmış	1
lûtfu	lütfü	1
oturmadiğini	oturmadığını	1
Kadincağiz	Kadıncağız	1
yapmayacağina	yapmayacağına	1
fabrikanin	fabrikanın	1
nâçâr	Macar	1
dâvaniz	davanız	1
sütunlarina	sütunlarına	1
sularini	sularını	1
kemâfissâbik	kemafissabık	1
fabrikayi	fabrikayı	1
Hâş	Has	1
rûhiyede	ruhiyede	1
değiiklik	değiıklık	1
marşin	marşın	1
mazn	Nazım	1
alnmasi	alınması	1
azn	izin	1
aksülâmelleri	aksülamelleri	1
mobilisation	mobilisatıon	1
karlarini	karlarını	1
gözyaşlarini	gözyaşlarını	1
tutamamiş	tutamamış	1
Burji	Burjı	1
ağliyorsun	ağlıyorsun	1
hatirlayamadiğim	hatırlayamadığım	1
fecîayi	feciayı	1
kulağiniz	kulağınız	1
iitmiyor	ııtmıyor	1
cinâyetler	cinayetler	1
çoğalmıti	çoğalmıtı	1
alnabildi	alnabıldı	1
ilânlar	ilanlar	1
yapiştirirmış	yapıştırırmış	1
hayvânâtini	hayvanatını	1
avlularina	avlularına	1
odalarindan	odalarından	1
çikarmazlarmi	çıkarmazlarmı	1
rüfekasinin	rüfekasının	1
uyumadiklari	uyumadıkları	1
hâlihazirdaki	halihazırdaki	1
gayrimüsait	gayrimüsaıt	1
fedâkârliğ	fedakarlığ	1
Bastirdiktan	Bastırdıktan	1
Kazaklari’nin	Kazakları’nın	1
ağlamiş	ağlamış	1
eşyâyi	eşyayı	1
ikonlarin	ikonların	1
varamayacaği	varamayacağı	1
biraklmamiş	bıraklmamış	1
hâzihî	hazihi	1
mûterif	müterif	1
hâzra	hazin	1
sinufi	sınıfı	1
yaklaşmasindan	yaklaşmasından	1
ağladiğ	ağladığ	1
elîmdir	elimdir	1
aldiran	aldıran	1
acimamakliğm	acımamaklığm	1
Inkaläb	İnkılab	1
sadâsindan	sadasından	1
mektubumun	mektubunun	1
anlarsam	anlamını	1
istirâbâtinin	ıstırabatının	1
başınizi	başınızı	1
uzadiğini	uzadığını	1
vesâtâtinizle	vesatâtınızle	1
vatanimin	vatanımın	1
mülahazasiyle	mülahazasıyle	1
yazilarmla	yazılarmla	1
ağrittiğimi	ağrıttığımı	1
müşâhedâtimi	müşahedatımı	1
azîzim	azizim	1
PETERSBURG'DAKI	PETERSBURG'DAKİ	1
GÖNDERILMIŞ	GÖNDERİLMİŞ	1
IHBAR	İHBAR	1
altlarndaki	altlarndakı	1
ayaklanmalarinin	ayaklanmalarının	1
hissiyâtuni	hissiyatını	1
müşkilâtundan	müşkilatundan	1
mesâile	mesaile	1
igalimizde	ığalımızde	1
zuhûru	zulüm	1
olmadiğimizi	olmadığımızı	1
konsoloslarinin	konsoloslarının	1
asâkire	asakire	1
lisânla	lisanla	1
mârüz	maruz	1
irsâlini	irsalini	1
nüfüz	nüfuz	1
münâsebâtini	münasebatını	1
Nâziri'ni	Nazırı'nı	1
tebligâtta	tebligatta	1
kanşik	kanşık	1
hissiyâtini	hissiyatını	1
dermiyân	dermiyan	1
rûhiye	ruhiye	1
mes'uliyete	mes'ulıyete	1
hakkmizdaki	hakkmızdakı	1
kaplicalarina	kaplıcalarına	1
âdîliğe	adiliğe	1
yapamadiğini	yapamadığını	1
Tabîdir	Tabidir	1
Nâzir'na	Nazır'na	1
siyasîyeden	siyasiyeden	1
düşmaninin	düşmanının	1
Çarikof	Çarıkof	1
Ihtiramlar	İhtiramlar	1
alkaşladilar	alkaşladılar	1
Tatarlar’in	Tatarlar’ın	1
zâhirden	zahirden	1
iftihâr	iftihar	1
Dolayisiyle	Dolayısiyle	1
diplomalarinin	diplomalarının	1
irfândan	irfandan	1
Tataristan'daki	Tatarıstan'dakı	1
cezîresindekilere	ceziresindekilere	1
Kirim'dakiler	Kırım'dakıler	1
tedrisâttan	tedrisattan	1
teşebbüsâti	teşebbüsatı	1
icraâti	icraatı	1
mekâtipten	mekatıpten	1
Tataristan'da	Tatarıstan'da	1
kapatildiğ	kapatıldığ	1
civârinda	civarında	1
münasebâtin	münasebatın	1
çalişildiğ	çalışıldığ	1
zâbitânun	zabitanın	1
esâmisini	esamisini	1
mantiğa	mantığa	1
araştirmaz	araştırmaz	1
müşkilâttan	müşkilattan	1
Menâfimize	Menafimize	1
isnâdâta	isnadata	1
mevcüdiyet	mevcudiyet	1
ins	miş	1
baladiğimiz	baladığımız	1
hakkmizda	hakkmızda	1
müläkâti	mülakatı	1
bulanikçadir	bulanıkçadır	1
Asyalilar	Asyalılar	1
kalmakliğimiz	kalmaklığımız	1
bilvâsita	bilvasıta	1
tedâbirinin	tedabirinin	1
ittihâzindan	ittihazından	1
Zavallilar	Zavallılar	1
kiyamlar	kıyımlar	1
Kafkasyalilar	Kafkasyalılar	1
merbûtiyetleri	merbutiyetleri	1
ayridir	ayrıdır	1
vesâitsizlik	vesaitsizlik	1
olmadiklarndan	olmadıklarndan	1
yaşadiklarndan	yaşadıklarndan	1
Bulgarlar’in	Bulgarlar’ın	1
yaptiklarnin	yaptıklarını	1
kanîyim	kaniyim	1
hakkayla	hakkıyla	1
ihtiyâcâtini	ihtiyacatını	1
şâhâne	sahne	1
Kerîmler’in	Kerimler’in	1
mükilât	mukılât	1
teb’amizi	teb’amızı	1
ashâbina	ashabına	1
biktiracak	bıktıracak	1
Müslümanlar'inın	Müslümanlar'ının	1
gönderilmiştibazi	gönderilmiştibazı	1
mollalarin	mollaların	1
topladiklar	topladıklar	1
beratlari	beratları	1
şahislarnı	şahıslarnı	1
aklllarindan	aklllarından	1
olanlarindan	olanlarından	1
çalişmalanndan	çalışmalarından	1
tuhaftir	tuhaftır	1
Vilâdi	Viladı	1
nukatindan	nukatından	1
noksanini	noksanını	1
nevâhi	nevahi	1
bîkayit	bıkayıt	1
kasaturasiyla	kasaturasıyla	1
iddihâr	iddihar	1
iddihär	iddihar	1
çalişıyorlar	çalışıyorlar	1
Umûm	Umumi	1
tarîktir	tarıktır	1
Müslümanlar'indan	Müslümanlar'ından	1
fukarasi	fukarası	1
minnetdarniz	minnetdarnız	1
HALIDE	HALİDE	1
EDIB'IN	EDİB'İN	1
aläka	alaka	1
Turanci	Turancı	1
dârü	dan	1
çalişmalarndan	çalışmalarndan	1
yazdiklarnda	yazdıklarnda	1
Fray'in47	Fray'ın47	1
haftasina	haftasına	1
angaryasi	angaryası	1
çalişırim	çalışırım	1
ayrintilarni	ayrıntılarnı	1
Halidé	Halide	1
kemana	keman	1
Tabû	Tabi	1
Darülmuallimât	Darülmuallimat	1
pahalisi	pahalısı	1
sanâyi	sanayi	1
mütehassisi	mütehassısı	1
gösteriyorlarmiş	gösteriyorlarmış	1
Nâzirliğinizdan	Nazırlığınızdan	1
istifädesi	istifadesi	1
sâbikta	sabıkta	1
aldirmak	aldırmak	1
hanimdir	hanımdır	1
Çalişmaktan	Çalışmaktan	1
uyuşacağimiza	uyuşacağımıza	1
Dârü1	Daimi	1
nâzirliğinizi	nazırlığınızı	1
telgrafina	telgrafına	1
insanlann	insanların	1
hakkni	hakkın	1
karnlar	kanlar	1
babasinı	babasını	1
manastirin	manastırın	1
açtiğimiz	açtığımız	1
ağlatiyor	ağlatıyor	1
anasinı	anasını	1
kadinlaryla	kadınlaryla	1
çaliıyor	çalııyor	1
Diaridan	Diarıdan	1
Ayaklari	Ayakları	1
attiklarni	attıklarnı	1
iitiyorum	ııtıyorum	1
manzaralarini	manzaralarını	1
dolaştirdiktan	dolaştırdıktan	1
netâyicini	netayicini	1
inkiy	inkıy	1
yalnizdir	yalnızdır	1
hayâldir	hayaldir	1
birakabileceğimi	bırakabileceğimi	1
yârenlik!	yarenlik!	1
teferruatini	teferruatını	1
kirsa	kırsa	1
kasirgal	kasırgal	1
nâzira	nazırı	1
nüi	ini	1
Manastirin	Manastırın	1
yaptiriyor	yaptırıyor	1
feciasini	feciasını	1
türl	tüm	1
çalişıyorum	çalışıyorum	1
müşkilâta	müşkilata	1
olamayacaklardir	olamayacaklardır	1
vekîlleri	vekilleri	1
alacaklardir	alacaklardır	1
yazdiğım	yazdığım	1
Kidvâi'ye50	Kidvai'ye50	1
yii	yu	1
matbuati	matbuatı	1
alrsam	Alman	1
olacağm	olacağım	1
yazarsiniz	yazarsınız	1
Kidväî'ye	Kidvai'ye	1
bastiriniz	bastırınız	1
Savaşi'nun	Savaşı'nın	1
Sirât	Sırat	1
Kidvâi	Kidvai	1
Gaida	Gaıda	1
Kidväi	Kidvai	1
yayinlanmişti	yayınlanmıştı	1
zabitlarini	zabıtlarını	1
kisimlarni	kısımlarnı	1
kullaniniz	kullanınız	1
havzasindaki	havzasındaki	1
padiahi	padiahı	1
bâgi	bağı	1
zabitlardan	zabıtlardan	1
Kidvâîye	Kidvaiye	1
tazyîki	tazyiki	1
katlimize	katlımıze	1
fetvasina	fetvasına	1
fetvasini	fetvasını	1
Zabitlardan	Zabıtlardan	1
Konferansi'nun	Konferansı'nın	1
başlayacağindan	başlayacağından	1
teşrîiyesini	teşriiyesini	1
hâkimdirler	hakimdirler	1
Kizillan	Kızıllan	1
murahhasi	murahhası	1
dostlarmiz	dostlarmız	1
yolundadir	yolundadır	1
mezâlimi	mezalimi	1
alamadiğmdan	alamadığmdan	1
davrandiklari	davrandıkları	1
katâl	katil	1
yaygarasi	yaygarası	1
Ayintab'da	Ayıntab'da	1
kitale	kıtale	1
telgrafimın	telgrafımın	1
örg	org	1
kullanirsiniz	kullanırsınız	1
bastirilmiştir	bastırılmıştır	1
ümidvâr	ümidvar	1
Ayıntab'in	Ayıntab'ın	1
iğtinâm	iğtinam	1
muhasaradadir	muhasaradadır	1
hânelerini	hanelerin	1
mahallâtina	mahallatına	1
yakiyorlar	yakıyorlar	1
Çinarli	Çınarlı	1
nukati	nukatı	1
Kidvâî’nin	Kidvai’nin	1
beyânnamesinin	beyannamesinin	1
Teşrînsânî	Teşrinisani	1
dostlarimi	dostlarını	1
taşimiştir	taşımıştır	1
Intihâbâti	İntihabatı	1
intihâbâti	intihabatı	1
entrikasi	entrikası	1
vesâitini	vesaitini	1
tertibatlarini	tertibatlarını	1
aldiğimizi	aldığımızı	1
Fransizlar'da	Fransızlar'da	1
adamlarinda	adamlarında	1
Almanlar'n	Almanlar'ın	1
istihraci	istihraçı	1
çär	çar	1
Edib'n	Edib'in	1
aynildiğ	aynıldığ	1
toplaninca	toplanınca	1
ümîdindeyim	ümidindeyim	1
yazmiyorum	yazmıyorum	1
TARIHSIZ	TARİHSİZ	1
Içimde	İçinde	1
çikmiştum	çıkmıştum	1
ezasi	ezası	1
şefak	Şefik	1
buhranlari	buhranları	1
biraktiğimdan	bıraktığımdan	1
ruharina	ruharına	1
toprağimiza	toprağımıza	1
Hâmiş	Haris	1
acayib	açayıb	1
mukadderâti	mukadderatı	1
mukadderâta	mukadderatı	1
kabardim	kabardım	1
mukadderâtinda	mukadderatında	1
çalitiğima	çalıtığıma	1
mesâînize	mesainize	1
müşkilâtiniza	müşkilatınıza	1
mesâinizi	mesainizi	1
bağlamiştur	bağlamıştur	1
firkayi	fırkayı	1
ittihädi	ittihadı	1
nüf	müf	1
Teşrînsâni	Teşrinisani	1
firkamizin	fırkamızın	1
mağlûbiyet	mağlubiyet	1
uyandirr	uyandırr	1
intihâbât	intihabat	1
cidâli	cidali	1
çikarmi	çıkarmı	1
çalimadan	çalımadan	1
çarpimadan	çarpımadan	1
firkaniza	fırkanıza	1
Istifsârniza	İstifsarnıza	1
Ümîd	Und	1
dostlarinizin	dostlarınızın	1
dostlarniz	dostlarnız	1
unutmadiğiniza	unutmadığınıza	1
Hayâlâti	Hayalatı	1
Başmüdiri	Basmüdiri	1
tanimiyorsam	tanımıyorsam	1
çalikan	çalıkan	1
zammiyla	zammıyla	1
nâzirliktan	nazırlıktan	1
kurtulamadiniz	kurtulamadınız	1
Ihtiramlarim	İhtiramlarım	1
teşekkürâtim	teşekküratım	1
Sordurmasaniz	Sordurmasanız	1
Fazlipaa	Fazlıpaa	1
Aliçe’nin	Alice’nin	1
yayginlaşan	yaygınlaşan	1
toplantisini	toplantısını	1
Lozan’in	Lozan’ın	1
ğrenciler	grenciler	1
nyasina	nyasına	1
bakanhğini	bakanhğını	1
yazdiklar	yazdıklar	1
hakliliğ	haklılığ	1
Isviçre'deki	İsviçre'deki	1
hakliliğinin	haklılığının	1
Firkasindan	Fırkasından	1
hatirinı	hatırını	1
KONGRESI	KONGRESİ	1
milletdaşlari	milletdaşları	1
dakikalarini	dakikalarını	1
vatanindan	vatanından	1
ictimäi	içtimai	1
toplanmayi	toplanmayı	1
vezâifin	vezaifin	1
toplanişlarin	toplanışların	1
tâmmemiz	tammemiz	1
cihâna	cihan	1
firsatlarini	fırsatlarını	1
kaçırmayalim	kaçırmayalım	1
müteâkib	müteakıb	1
istimâini	istimaını	1
ictimâiye	içtimaiye	1
inkişâfi	inkişafı	1
läyiha	layiha	1
fasilla	fasılla	1
ticâriyemiz	ticariyemiz	1
nizâmî	nizami	1
asilânelerinin	asilanelerinin	1
müzâheretine	müzaheretine	1
neşriyâtinizdan	neşriyatınızdan	1
mevcüdiyeti	mevcudiyeti	1
çırpinan	çırpınan	1
müzâheretinize	müzaheretinize	1
neşriyâti	neşriyatı	1
hesaplari	hesapları	1
kâmileye	kamileye	1
umûmînin	umuminin	1
ictimâi	içtimai	1
intihâbi	intihabı	1
umûmilikte	umumilikte	1
kasadarlikta	kasadarlıkta	1
vâsitasiyla	vasıtasıyla	1
vâridâti	varidatı	1
iânelerdir	ianelerdir	1
sarfiyatin	sarfiyatın	1
Sarfiyatin	Sarfiyatın	1
icrasindan	icrasından	1
umûmiliğe	umumiliğe	1
kasadarliğa	kasadarlığa	1
uğradik	uğradık	1
tasnî	taşın	1
minnetdariz	minnetdarız	1
irsâlâtin	irsalâtın	1
başlayacağini	başlayacağını	1
âtisine	atışıne	1
Sâbik	Sabık	1
alamiyoruz	alamıyoruz	1
Lozan'dadir	Lozan'dadır	1
şehâdetinden	şehadetinden	1
toplandiğ	toplandığ	1
istimâlât	istimalat	1
musirrâne	musırrane	1
itilâfimizi	itilafımızı	1
Ihtirâmlarimi	İhtiramlarımı	1
sonrasinin	sonrasının	1
müsteşarliğina	müsteşarlığına	1
istihrâc	istihraç	1
Zannima	Zannıma	1
kanîim	kanını	1
uğradiğı	uğradığı	1
olamadiğim	olmadığım	1
mükâlemeleri	mükalemeleri	1
adammiş	adammış	1
aydinliğa	aydınlığa	1
sikiştirmanizi	sıkıştırmanızı	1
zabitlarn	zabıtları	1
itilafinı	itilafını	1
hazirladiğ	hazırladığ	1
karimamaya	karımamaya	1
refikasi	refikası	1
taniyormuş	tanıyormuş	1
toplanacağindan	toplanacağından	1
câzib	cazib	1
Misırllar'dan	Mısırllar'dan	1
yaşiyormuş	yaşıyormuş	1
takdîrdir	takdirdir	1
evlâdin	evladın	1
Ihtiyaten	İhtiyaten	1
tahsîli	tahsili	1
sarfindaki	sarfındakı	1
vesâiki	vesaiki	1
Vesâiki	Vesaiki	1
kiymetdar	kıymetdar	1
atmi	atın	1
tabüdir	tabidir	1
hatirlattiğiniz	hatırlattığınız	1
mevzularin	mevzuların	1
alamadiğindan	alamadığından	1
intizami	intizamı	1
Ensâri	Ensari	1
Ragib	Ragıb	1
Yilbaşinda	Yılbaşında	1
Itilâfnamesi'ne	İtilafnamesi'ne	1
sigarasi	sigarası	1
suhületi	sühuleti	1
Aleyhdarlari	Aleyhdarları	1
şâyialan	şayialan	1
yazamadiğimdan	yazamadığımdan	1
akabeti	akıbeti	1
dostlariyla	dostlarıyla	1
nri*er	nrı*er	1
bariştirmayi	barıştırmayı	1
vâsitasryla	vasıtasryla	1
salähiyettar	salahiyettar	1
Evrakimi	Evrakını	1
malûmatsizlik	malumatsızlık	1
etrafimizi	etrafımızı	1
alâkadarlari	alakadarları	1
râbita	rabıta	1
Kirm'dan	Kırm'dan	1
Idil	İdil	1
Masârifin	Masarifin	1
âlimlerine	alimlerine	1
âlimâne	alimane	1
intihäb	intihab	1
Mecmuanin	Mecmuanın	1
teşkilâtimiz	teşkilatımız	1
Muttasif	Muttasıf	1
fezâile	fezaile	1
olunmayacağini	olunmayacağını	1
teşekkürâtimizi	teşekküratımızı	1
kitâle	kıtale	1
cinâyette	cinayette	1
Ihtirâmâtumı	İhtiramatumı	1
aldiğum	aldığım	1
Umid	Ümid	1
Anadolu'dakiler	Anadolu'dakıler	1
âzâlarina	azalarına	1
hatirimdan	hatırımdan	1
yazdiklariniza	yazdıklarınıza	1
Bürosu'ndadir	Bürosu'ndadır	1
Bern	Beri	1
fedâkärlik	fedakarlık	1
Kemâliler	Kemaliler	1
Istifasini	İstifasını	1
kulaklarimi	kulaklarını	1
ithamâti	ithamatı	1
ithamâta	ithamata	1
tikayorum	tıkayorum	1
hâdisâta	hadisata	1
murahhasamizin	murahhasamızın	1
istihfäfkar	istihfafkar	1
fedakärlik	fedakarlık	1
Voarin	Voarın	1
bulunmamasindan	bulunmamasından	1
telgraflarin	telgrafların	1
esbâbi	esbabı	1
nukata	Nikita	1
birakaldi	bırakıldı	1
dînin	dinin	1
ifrâği	ifrağı	1
umûmisine	umumisine	1
vesatatimizi	vesatatımızı	1
dâvâsini	davasını	1
vesâyanizdan	vesayanızdan	1
endişenâk	endişenak	1
tanidiklarim	tanıdıklarım	1
olmadiklarina	olmadıklarına	1
batakliğa	bataklığa	1
yapacaklarinı	yapacaklarını	1
itilâfname	itilafname	1
fedâkârliklar	fedakarlıklar	1
itilâfnameden	itilafnameden	1
fenaliğa	fenalığa	1
ahvâlinden	ahvalinden	1
itilâfnamelerinin	itilafnamelerinin	1
Fransizlarnki	Fransızlarnkı	1
hazirlaniyor	hazırlanıyor	1
isnâdat	isnadat	1
olmasinı	olmasını	1
variliyormu	varılıyormu	1
ihtisâsât	ihtisasat	1
harekâtiyla	harekatıyla	1
nazarlari	nazarları	1
cidâleti	cidaleti	1
fevâid	fevaid	1
Celäleddin	Celaleddin	1
Golis	Gölü	1
Âkil	Akıl	1
çıkarlmiş	çıkarlmış	1
noktalarn	noktaları	1
Kralliği'na	Krallığı'na	1
başkanliğna	başkanlığına	1
evlendigi	evlendiği	1
ayridi	ayrıdı	1
ess	eşi	1
tarza	tarzı	1
malûmatimiz	malumatımız	1
salâhiyetleri	salahiyetleri	1
Ajansi’nin	Ajansı’nın	1
beyânâtindan	beyanatından	1
resmîyeleri	resmiyeleri	1
nüfüzu	nüfuzu	1
sekerâttadir	şekerâttadır	1
isnâdlar	isnadlar	1
masârifine	masarifine	1
yazali	yazılı	1
resmîyesinden	resmiyesinden	1
âhireden	ahireden	1
resmîyesini	resmiyesini	1
alişmaya	alışmaya	1
mezâlimini	mezalimini	1
mecmuasinin	mecmuasının	1
yaknlik	yakınlık	1
beyânâti	beyanatı	1
itilâflarin	itilafların	1
umûmîsi	umumisi	1
buyurduklariniz	buyurduklarınız	1
zayiflatmakta	zayıflatmakta	1
korkarm	korkan	1
Mütehassislar	Mütehassıslar	1
nifâkin	nifakın	1
mehâliki	mehaliki	1
tonlu	tonu	1
Temps’daki	Temps’dakı	1
Kânunevvel'in	Kanunevvel'in	1
yazacağum	yazacağım	1
siläha	silaha	1
buyurmadiğiniz	buyurmadığınız	1
Mecmuamiz	Mecmuamız	1
intiari	intiarı	1
Kasamiz	Kasamız	1
muhtiranin	muhtıranın	1
ihtirâmlarini	ihtiramlarını	1
Buillon'un	Buıllon'un	1
Yunanistan'1	Yunanistan'ı	1
lakaydîyi	lakaydiyi	1
anizi	anızı	1
zanninda	zımnında	1
Doktorum	Doktorun	1
aldaniyor	aldanıyor	1
çağirmasi	çağırması	1
bulmadim	bulmadım	1
Iktisad	İktisad	1
dâvânin	davanın	1
sahsinda	şahsında	1
uğrayamadim	uğrayamadım	1
bastirrlar	bastırrlar	1
Misirli'dir	Mısırlı'dır	1
hocalarin	hocaların	1
Bittabü	Bittabi	1
sûri	suni	1
etrâfini	etrafını	1
aldiklarina	aldıklarını	1
nih	rih	1
Afyonkarahisari	Afyonkarahisarı	1
yanaşmadilar	yanaşmadılar	1
itiläfa	itilafa	1
pusulalari	pusulaları	1
vérmiştim	vermiştim	1
matbuâta	matbuatı	1
münâkaşâtin	münakaşatın	1
zaafini	zaafını	1
kemâfi's	kemafı's	1
konulmasini	konulmasını	1
yazarsaniz	yazarsanız	1
mütalâanizi	mütalaanızı	1
ISMAIL	İSMAİL	1
bakanliğini	bakanlığını	1
Isfahâninin	İsfahaninin	1
muhasip	muhasıp	1
Islâmiyet'in	İslamiyet'in	1
BAU	BU	1
Iciunous	İçiunous	1
çikanlara	çıkanlara	1
dağittrdik	dağıttrdık	1
bühtanlarin	buhtanların	1
yollamiş	yollamış	1
çalişıyoruz	çalışıyoruz	1
kalmamıştir	kalmamıştır	1
âcizânem	acizanem	1
elhamdülilläh	elhamdülillah	1
taraflarinin	taraflarının	1
donanmalari	donanmaları	1
cedîdeleri	cedideleri	1
yazdiğimi	yazdığımı	1
BRA	BİN	1
BNE	BİNE	1
Paşay1	Paşayı	1
sürmü	şunu	1
mübârezesi	mübarezesi	1
münâzaâti	münazaatı	1
murahhasinin	murahhasının	1
anlatmasini	anlatmasını	1
entrikayi	entrikayı	1
kâğitlarda	kâğıtlarda	1
vücûdumun	vücudunun	1
siyasîsi	siyasisi	1
mes'uliyetine	mes'ulıyetine	1
yolumda	yolunda	1
kademim	kaderin	1
iğfâl	iğfal	1
olunmamiştir	olunmamıştır	1
TEMSILCISI	TEMSİLCİSİ	1
lehcesine	lehçesine	1
Kinmer	Kınmer	1
Kinm'da	Kınm'da	1
Dıişleri	Dıışleri	1
Bakanlği'ni	Bakanlğı'nı	1
igalinden	ığalınden	1
bağimsizliğ	bağımsızlığ	1
Delegation	Delegatıon	1
Nâminiza	Namınıza	1
ictisâr	ictisar	1
Fransizlar’n	Fransızlar’n	1
halâsini	halasını	1
esâsinin	esasının	1
Suiistimâlin	Suiistimalin	1
mikyâsa	mikyasa	1
anlaşilyor	anlaşılyor	1
avâmille	avamille	1
menbâindan	menbaından	1
sarsilmasi	sarsılması	1
vesatatiyla	vesatatıyla	1
Nâzirliğr'na	Nazırlığr'na	1
hâdimleri	hadimleri	1
münâsebâtimi	münasebatımı	1
merbûtiyet	merbutiyet	1
mukadderâtiyla	mukadderatıyla	1
ayrlmiyorum	ayrlmıyorum	1
siyasîyle	siyasiyle	1
bulutlanmi	bulutlanmı	1
kitabimdan	kitabından	1
vesâtatinizla	vesatatınızla	1
tanimiştim	tanımıştım	1
sikarim	sıkarım	1
âfiyetinize	afiyetinize	1
Ekselânslari	Ekselansları	1
Borçlari	Borçları	1
aun	an	1
sikamamiş	sıkamamış	1
Elkoymanin	Elkoymanın	1
mâliklerinin	maliklerinin	1
teb’alari	teb’aları	1
elkonmasi	elkonması	1
terakkîsini	terakkisini	1
arzuladiğimi	arzuladığımı	1
Dolayisyla	Dolayısyla	1
bulunursaniz	bulunursanız	1
Mäli	Mali	1
piyasasindaki	piyasasındaki	1
yatirimlarina	yatırımlarına	1
mâliyenin	maliyenin	1
şovalyelerine	şövalyelerine	1
mâliyecilerden	maliyecilerden	1
iskâna	iskan	1
istihdama	istihdam	1
hayrli	hayrlı	1
tutmadim	tutmadım	1
taşkinliklarin	taşkınlıkların	1
sikaldi	sıkıldı	1
kurtulmalarina	kurtulmalarına	1
Vâsifin	Vasıfın	1
çikmamalarina	çıkmamalarına	1
alsalardi	alsalardı	1
inmi	nin	1
Rigi'den	Riği'den	1
Nis’inkinden	Niş’inkinden	1
açilmadiğinı	açılmadığını	1
Ibtida	İbtida	1
Refikayi	Refikayı	1
Davos'daki	Davos'dakı	1
yapmadiğina	yapmadığına	1
bulunuyorlarmiş	bulunuyorlarmış	1
çıkardiğ	çıkardıg	1
ihtirâmlarmi	ihtiramlarmı	1
bulamamişti	bulamamıştı	1
siksik	sıksık	1
Malta'dakilerden	Malta'dakılerden	1
meyânnda	meyanında	1
çıkarmiyorlar	çıkarmıyorlar	1
Protestolarni	Protestolarnı	1
Gurten’i	Gürten’i	1
Malûmatin	Malumatın	1
başlamiştik	başlamıştık	1
yapmadiğini	yapmadığını	1
bazisinda	bazısında	1
anlaşmadiğindan	anlaşmadığından	1
teşviin	tesviin	1
ricâline	ricaline	1
Gunaris57	Gunarıs57	1
Fotoğraflarn	Fotoğrafları	1
bağlarnin	bağlarnın	1
Savaşı'nun	Savaşı'nın	1
Altilar	Altılar	1
yargilandiğ	yargılandığ	1
Goudi	Goudı	1
Gurten'i	Gürten'i	1
kalacağm	kalacağım	1
kararmiz	kararmız	1
Nesîmînin	Nesiminin	1
Itimâd	İtimad	1
Banca	Bancı	1
işti!	isti!	1
ihläl	ihlal	1
Maltadakiler’in	Maltadakıler’in	1
kurtulmalari	kurtulmaları	1
itilâfa	itilafa	1
sicaktir	sıcaktır	1
Cevabini	Cevabını	1
Nesîmî'nin	Nesimi'nin	1
ibtidâ	ibtida	1
tutacaklarmi	tutacaklarmı	1
oturacakmiş	oturacakmış	1
bulamamişlar	bulamamışlar	1
kalacaklarmiş	kalacaklarmış	1
evinizin	evimizin	1
intizamsiz	intizamsız	1
alinacağina	alınacağına	1
Maten	Matem	1
rüşmü	rumu	1
bulunamadiğina	bulunmadığını	1
varmişlardir	varmışlardır	1
çıkarlmamasina	çıkarlmamasına	1
dağitilacaklar	dağıtılacaklar	1
Vâsifla	Vasıfla	1
fikrayı	fıkrayı	1
fikradan	fıkradan	1
dolaştiktan	dolaştıktan	1
bulamadiğimizdan	bulamadığımızdan	1
mülâkatindan	mülakatından	1
oturacaklarmiş	oturacaklarmış	1
apartmaninizdan	apartmanınızdan	1
usanmişsinizdır	usanmışsınızdır	1
Iler	İler	1
uzaktadirlar	uzaktadırlar	1
Nis'te	Niş'te	1
Sikilmadan	Sıkılmadan	1
halilarni	halılarnı	1
uğraşip	uğraşıp	1
neşriyatindan	neşriyatından	1
uğrasalardi	uğrasalardı	1
uğraşıyorlardi	uğraşıyorlardı	1
Isviçreyi	İsviçreyi	1
yaziyorsunuz	yazıyorsunuz	1
Interlak'ina	İnterlak'ına	1
patladik	patladık	1
çayci	çaycı	1
Mektuplarimiz	Mektuplarımız	1
telâki	telaki	1
itilâfnamenin	itilafnamenin	1
mintika	mıntıka	1
tri	tin	1
itilâfnameye	itilafnameye	1
kazançtir	kazançtır	1
imtiyazindan	imtiyazından	1
Tulon'daki	Tülon'dakı	1
franklari	frankları	1
çikmiyormuş	çıkmıyormuş	1
aliniı	alınıı	1
yapilşı	yapılşı	1
zimdir	zımdır	1
yazdiklarina	yazdıklarına	1
karşılaştirarak	karşılaştırarak	1
yaziyorlar	yazıyorlar	1
uzm	izin	1
gyabi	gyabı	1
Kadnlar	Kadınlar	1
Hanim'n	Hanım'ın	1
mütâlebâtina	mutalebatına	1
itiläfi	itilafı	1
matbuâtinin	matbuatının	1
münâkaşâtini	münakaşatını	1
Yazmiyorlar	Yazmıyorlar	1
yazdirmiyorlar	yazdırmıyorlar	1
taharriyâtindan	taharriyatından	1
pusulasinin	pusulasının	1
izâb	ızab	1
yazarlardi	yazarlardı	1
Okudun	Okudum	1
Afgan'daki	Afgan'dakı	1
icraâtindan	icraatından	1
lâyihasini	layihasını	1
Islâmizm’i	İslamizm’i	1
Dâni	Dini	1
yaptirmış	yaptırmış	1
akhnin	aklının	1
müstesnadir	müstesnadır	1
Bulgar’in	Bulgar’ın	1
Hidiv'den	Hıdiv'den	1
îras	İris	1
Mâzinin	Mazinin	1
yaptirilmaz	yaptırılmaz	1
yazdiklarni	yazdıklarnı	1
kalmu	kamu	1
teşebbüsâtinin	teşebbüsatının	1
inandiracak	inandıracak	1
dikkatti	dikkattı	1
refikasidir	refikasıdır	1
Herhaliyle	Herhalıyle	1
kalmasindansa	kalmasındansa	1
hakkm	hakkın	1
çıkamazdim	çıkamazdım	1
aklli	akllı	1
çarpikliklari	çarpıklıkları	1
yamaklik	yamaklık	1
yapiliyormuş	yapılıyormuş	1
zamanıni	zamanını	1
yaziyordum	yazıyordum	1
anlatsin	anlatsın	1
Rahatsizliğina	Rahatsızlığına	1
Hanum'dan	Hanım'dan	1
yapilacağinda	yapılacağında	1
vekîli	vekili	1
infisâl	infisal	1
Bonomi'ye60	Bonomı'ye60	1
müracaatini	müracaatını	1
vardi!	vardı!	1
Bonominin	Bonomının	1
mâlikiyetinde	malikiyetinde	1
Rumlar’in	Rumlar’ın	1
çikmamasinda	çıkmamasında	1
yapilamayacak	yapılamayacak	1
yazilmasina	yazılmasına	1
şaşmadim	şaşmadım	1
flâmin	flamın	1
kâffesine	kaffesine	1
yazdirmadilar	yazdırmadılar	1
baçbakanlik	bacbakanlık	1
yllari	ylları	1
kalmadim	kalmadım	1
Rivierasi’ni	Rivierası’nı	1
Floransa'yi	Floransa'yı	1
Işlerini	İşlerini	1
mücib	mucib	1
racül	İncil	1
gaf	saf	1
müteazzim	müteazzım	1
mülahazasi	mülahazası	1
imzasina	imzasına	1
Çephe	Cephe	1
tafsilâtini	tafsilatını	1
Bâbili	Babili	1
varmişlar	varmışlar	1
merâsime	merasime	1
almilardi	almılardı	1
nâkaşayi	nâkaşayı	1
bulunacaklarmiş	bulunacaklarmış	1
medäyihini	medayıhını	1
iitmiştim	ııtmıştım	1
yaptirmağa	yaptırmağa	1
kalmilar	kalmılar	1
kalacakmi	kalacakmı	1
Ahlâksiz	Ahlaksız	1
zaafi	zaafı	1
anlaşilamadi	anlaşılamadı	1
efkârina	efkarına	1
dâirepey	dairepey	1
vâkaf	vakıf	1
muhteviyatina	muhteviyatına	1
şerâite	şeraite	1
yirtmayi	yırtmayı	1
istifasinin	istifasının	1
hesaplarinu	hesaplarını	1
alayndan	alayından	1
uğramamişti	uğramamıştı	1
temâ	tem	1
yetişiniz	yetisiniz	1
şâyi	sayı	1
erâzille	erazılle	1
Siraselvi	Sıraselvi	1
Ankaralilar’in	Ankaralılar’ın	1
intizârlar	intizarlar	1
defanin	defanın	1
yazmamakliğim	yazmamaklığım	1
yazacakmiş	yazacakmış	1
bulunmakliğimiz	bulunmaklığımız	1
allié	allıé	1
imkânsizlik	imkânsızlık	1
taşındik	taşındık	1
intihâbina	intihabına	1
anlayamadiğimi	anlayamadığımı	1
karargâhlarni	karargahlarnı	1
Tarafdarlari	Tarafdarları	1
artiyormuş	artıyormuş	1
Türkistanlilar'in	Türkistanlılar'ın	1
yaziyorlar!	yazıyorlar!	1
Ruslar’n	Ruslar’ın	1
Fransizlar’inki	Fransızlar’ınkı	1
plânlarinı	planlarını	1
itilâfnamesini	itilafnamesini	1
Dinariyi	Dinarıyı	1
verâseti	veraseti	1
acimi	içini	1
kalmamistir	kalmamıştır	1
esâmiyi	esamiyi	1
pâyitahtlarnda	payitahtlarnda	1
mayisin	mayısın	1
kalirz	kalırz	1
tedkîkâtini	tedkikatını	1
tahrîrî	tahmin	1
cevâbinda	cevabında	1
yazdiğimiz	yazdığımız	1
olmakliğimi	olmaklığımı	1
serlevhasiyla	serlevhasıyla	1
fikray	fıkray	1
Istağ	İstas	1
İstağ	İstas	1
Ikimizden	İkimizden	1
müntehîblerin	müntehiblerin	1
mirlivâlarndan	mirlivalarndan	1
iskât	ıskat	1
tenzilât	tenzilat	1
kizmiş	kızmış	1
vâzihaya	vazıhaya	1
kalirsiniz	kalırsınız	1
yatarsiniz	yatarsınız	1
yanimizdaki	yanımızdaki	1
karşılaştirlirsa	karşılaştırlırsa	1
nüshalarinin	nüshalarının	1
fikralar	fıkralar	1
enteresandi	enteresandı	1
muvâsalatinizi	muvasalatınızı	1
kilmasin	kılmasın	1
tarîkinden	tarikinden	1
alikoyacağiz	alıkoyacağız	1
diğinı	diğini	1
mülâkatini	mülakatını	1
okumamiştim	okumamıştım	1
onundadir	onundadır	1
anlaılacaktir	anlaılacaktır	1
tarafdari	tarafdarı	1
variyor	varıyor	1
murahhasa	murahhası	1
Sâha	Şaha	1
almadiğim	almadığım	1
Sabahdaki	Sabahdakı	1
serlevhali	serlevhalı	1
ruesâsinin	rüesasının	1
madami	madam	1
Resmimden	Resminden	1
Daği'nda	Dağı'nda	1
dönmemisindir	dönmemişindir	1
Intihâb	İntihab	1
yapmayiniz	yapmayınız	1
mükil	mukıl	1
intihâptan	intihaptan	1
kalmasinda	kalmasında	1
anlaşamamişlar	anlaşamamışlar	1
esbâbina	esbabına	1
fikrann	fikrinin	1
bulamadiğina	bulamadığına	1
oradayiz	oradayız	1
şukkasindan	şükkasından	1
darilmadim	darılmadım	1
bulunacağimizi	bulunacağımızı	1
Kemâli'den	Kemali'den	1
Parasizlik	Parasızlık	1
menâkbini	menakbını	1
tanidiğa	tanıdığı	1
anlatmiştim	anlatmıştım	1
şansimiz	şansımız	1
kiralamiş	kiralamış	1
çikarz	çıkarz	1
oradadirlar	oradadırlar	1
vefatina	vefatına	1
şâyialar	şayialar	1
şehâdetin	şehadetin	1
gâliptir	galiptir	1
ayliktur	aylıktur	1
mübâyaâsina	mubayaasına	1
Bikmayıp	Bıkmayıp	1
usanmayip	usanmayıp	1
konuşulmadi	konuşulmadı	1
cinâyetkârânede	cinayetkârânede	1
Ajansi'nun	Ajansı'nun	1
ihtiyâtin	ihtiyatın	1
emîr	emr	1
îka'edebildiler	ika'edebildiler	1
bizzarûre	bizzarure	1
arkadaşlarm	arkadaşları	1
Hanm'n	Hanım'ın	1
aramadiğni	aramadığnı	1
Nâzıri'nin	Nazırı'nın	1
aşç	üç	1
îka	iki	1
aramadiğıni	aramadığını	1
Nâzri'nin	Nazrı'nın	1
haval	havai	1
Molla’nun	Molla’nın	1
yazmadi	yazmadı	1
hazirlanıyorlar	hazırlanıyorlar	1
hâtirâti	hatıratı	1
hâtirâtini	hatıratını	1
hâtirâtin	hatıratın	1
tab’indan	tab’ından	1
çikalir	çıkalır	1
Maneviyâtini	Maneviyatını	1
doyamiyordu	doyamıyordu	1
kadinlardandır	kadınlardandır	1
kadinlarnın	kadınların	1
Şerîyye	Seniyye	1
istifasina	istifasına	1
Paşa'ninki	Paşa'nınkı	1
tâyîninden	tayininden	1
aldiğr	aldığr	1
islerinden	işlerinden	1
görmemisen	görmemişen	1
siyasîyâta	siyasiyata	1
karisiyorlar	karışıyorlar	1
Rejinin	Rejimin	1
başkitâbetinden	başkitabetinden	1
iitmediğim	ııtmediğim	1
Vâridät	Varidat	1
imardan	Mardin	1
kabartilmı	kabartılmı	1
tahsisâti	tahsisatı	1
evrâkan	evrakın	1
nâi	mai	1
Tahsisât	Tahsisat	1
zâtiye	zatiye	1
Masârfi	Masarfı	1
vâridâtina	varidatına	1
konmamasi	konmaması	1
istilzâm	istilzam	1
iddiâsinin	iddiasının	1
şıkkini	şıkkını	1
takâsîtini	takasîtını	1
Hülasâ	Hulasa	1
tahsîsâti	tahsisatı	1
takâsîti	takasîtı	1
zâtiyede	zatiyede	1
yapilmayacak	yapılmayacak	1
zamlarin	zamanın	1
VERGiSI	VERGİSİ	1
mazbatasinda	mazbatasında	1
tahsisât	tahsisat	1
hakîkiye	hakikiye	1
esâsi	esası	1
VERGISI	VERGİSİ	1
tarhinda	tarhında	1
haksizliklar	haksızlıklar	1
Muvafik	Muvafık	1
mücibede	mucibede	1
meyânina	meyanına	1
MUAFIYET	MUAFİYET	1
ASKERIYE	ASKERİYE	1
neferâtinin	neferatının	1
mikdarini	mikdarını	1
efrâdindan	efradından	1
neferâti	neferatı	1
Adana'nin	Adana'nın	1
nisfinin	nısfının	1
ağnamin	ağnamın	1
fâhi	fahi	1
bilinememesinden	bilınememesinden	1
nâşidir	naşidir	1
ÄŞAR	AŞAR	1
hâsilata	hasılatı	1
Zirâiyât	Ziraiyât	1
IPEK	İPEK	1
ÖRÜ	ON	1
VERGI	VERGİ	1
RESM	RESMİ	1
sulhün	sulhun	1
miyânnda	miyannda	1
intikâliyede	intikaliyede	1
fazlalari	fazlaları	1
vilayât	vilayat	1
keşäyişi	kesäyişi	1
nakdîlerin	nakdilerin	1
Düy	Duy	1
inhisâra	inhisara	1
vaz’iyla	vaz’ıyla	1
yapilacakmiş	yapılacakmış	1
edevâti	edevatı	1
ibtidaîye	ibtidaiye	1
imhasi	imhası	1
tanzîmini	tanzimini	1
inhisârin	inhisarın	1
tatbîki	tatbiki	1
ahzi	ahzı	1
inhisâri	inhisarı	1
müskirâtin	müskiratın	1
hristiyanlarin	hristiyanların	1
kapanmasi	kapanması	1
istihlâkâta	istihlakâta	1
esâsa	esası	1
Nisani'nda	Nişanı'nda	1
yûn	yün	1
REJI	REJİ	1
mahfüz	mahfuz	1
tutulmaktadir	tutulmaktadır	1
açiğina	açığına	1
almayacaktir	almayacaktır	1
HARBIYE	HARBİYE	1
MESKÜKAT	MESKUKAT	1
zammederek	zannederek	1
liras1	lirası	1
umûmiden	umumiden	1
hesabindadir	hesabındadır	1
yanlişlik	yanlışlık	1
hâsilati	hasılatı	1
görülmü	görünü	1
idhâlâtin	idhalatın	1
münbâistir	münbaistir	1
sefyin	şefyin	1
fâhiştir	fahiştir	1
BAHRI	BAHRİ	1
Muvafiktir	Muvafıktır	1
sarfiyât	sarfiyat	1
kaçakçiliğ	kaçakçılığ	1
istihläkâti	istihlakâtı	1
imâliye	maliye	1
hâsilatin	hasılatın	1
Sarfiyât	Sarfiyat	1
mleyi	meyi	1
rüsûm	misin	1
alacaktik	alacaktık	1
mikdarina	mikdarına	1
müsâvi	müsavi	1
EML	EN	1
satilmasina	satılmasına	1
satiına	satıına	1
HISSESI	HİSSESİ	1
ücurâti	ucuratı	1
RÜSÛM	MİSİN	1
rücù'edilmiştir	ruçù'edilmiştir	1
istihlâkat	istihlakat	1
HISSE	HİSSE	1
FAIZI	FAİZİ	1
tayyi	tayyı	1
Muhtirayı	Muhtırayı	1
etrâfinda	etrafında	1
muhtirayi	muhtırayı	1
Hakîki	Hakiki	1
zamanlarnkine	zamanlarnkıne	1
viläyetlerde	vilayetlerde	1
masârfini	masarfını	1
hâsilatiyla	hasılatıyla	1
lâğvedilecek	lağvedilecek	1
mânâsizdir	manasızdır	1
kalkaşilacak	kalkaşılacak	1
mahsûsasi	mahsusası	1
oynanmamasini	oynanmamasını	1
bâde'ttenzil	bade'ttenzil	1
yaptrabilirse	yaptrabılırse	1
denildigi	denildiği	1
tedârikâti	tedarikatı	1
olmadiğin	olmadığın	1
nâzirin	nazırın	1
tahrirî	tahmin	1
ağrilar	ağrılar	1
bulunmakliğin	bulunmaklığın	1
ricasini	ricasını	1
yanimdadirlar	yanımdadırlar	1
anlaşılmiyor	anlaşılmıyor	1
MÂLÎ	MALI	1
Kasim'nda	Kasım'ında	1
danişmanliktan	danışmanlıktan	1
ayrilmişt	ayrılmışt	1
balamasindan	balamasından	1
muhatabinın	muhatabının	1
Hatirima	Hatırıma	1
kağitlarn	kağıtları	1
eylersin	eylerim	1
kağitlara	kağıtlara	1
hifzedersin	hıfzedersin	1
muhteviyâtini	muhteviyatını	1
kalacaksaniz	kalacaksanız	1
bulunmayacağiz	bulunmayacağız	1
ibtidâlarinda	ibtidalarında	1
mükile	mukıle	1
Nâzim'dir	Nazım'dır	1
Ikinize	İkinize	1
idhâline	idhaline	1
mebâliği	mebaliği	1
Balkanlilar	Balkanlılar	1
Balkanlilar’a	Balkanlılar’a	1
isâbet	isabet	1
mütemâyil	mütemayil	1
müslümanlarn	Müslümanları	1
mevzûa	mevzu	1
Yunanlilar’1	Yunanlılar’1	1
mehâfiliyle	mehafiliyle	1
alacakli	alacaklı	1
kalacaklarini	kalacaklarını	1
Rumlarn	Rumları	1
matlublarini	matlublarını	1
birakacakmi	bırakacakmı	1
borçlarmizdan	borçlarmızdan	1
teb'asiyla	teb'asıyla	1
teb'asina	teb'asına	1
borçlarmiz	borçlarmız	1
fabrikasina	fabrikasına	1
bankalarina	bankalarına	1
Kuponlarin	Kuponların	1
hâmillerinden	hamillerinden	1
tediyâti	tediyatı	1
tahvilâtiyla	tahvilatıyla	1
tahvilâti	tahvilatı	1
hâmillerden	hamillerden	1
mâliyem	maliyem	1
başlamakliğimi	başlamaklığımı	1
bulunmani	bulunmanı	1
şarttur	şarttır	1
başmüdir	basmüdir	1
bulunmasinı	bulunmasını	1
diari	diarı	1
çıkamiyor	çıkamıyor	1
satilacağini	satılacağını	1
alinamayacaği	alınamayacağı	1
lâtifeyi	latifeyi	1
Inanalim	İnanalım	1
Dâinler	Dainler	1
kayamet	kıyamet	1
intihâbin	intihabın	1
hadisâti	hadisatı	1
karştirmişlar	karstırmışlar	1
zanni	zannı	1
çalacaklarini	çalacaklarını	1
kalmayacağini	kalmayacağını	1
çikamayacaklar	çıkamayacaklar	1
arzusundayim	arzusundayım	1
muvâsalatini	muvasalatını	1
Madamin	Madamın	1
sikaşti	şikaştı	1
alamiyorlar	alamıyorlar	1
madamin	madamın	1
malûmatlari	malumatları	1
firsattir	fırsattır	1
Aynali	Aynalı	1
Içeriden	İçeriden	1
Kism	Kısm	1
nâkis	nakış	1
malûmatimi	malumatımı	1
Tahvilâtlarn	Tahvilatlarn	1
tahvilâtlari	tahvilatları	1
Yâver'in	Yaver'in	1
utanmiyormuş	utanmıyormuş	1
çıkaracağini	çıkaracağını	1
ormanlarinin	ormanlarının	1
Yeilirmaklar'in	Yeılırmaklar'ın	1
sefäine	sefaine	1
nakliyât	nakliyat	1
mübâyaâsi	mubayaası	1
alinmadiğindan	alınmadığından	1
alikonuluyor	alıkonuluyor	1
basilarak	basılarak	1
sikilacak	sıkılacak	1
tâdilen	tadilen	1
şahus	şahıs	1
mübâyaâ	mubayaa	1
Nemlizäde	Nemlizade	1
Sidk	Şidk	1
yazmalidirlar	yazmalıdırlar	1
Isterler	İsterler	1
rejinin	rejimin	1
alrim	alrım	1
Pusulanin	Pusulanın	1
selâmimi	selamımı	1
GALIB	GALİB	1
aramişlar	aramışlar	1
yollamakliğimi	yollamaklığımı	1
yollamakliğumi	yollamaklığumı	1
karîptir	karıptır	1
ihtiräzen	ihtirazen	1
Alpi	Alpı	1
haksizhklar	haksızhklar	1
temasin	temasın	1
sağlanmasinda	sağlanmasında	1
CAHID	CAHİD	1
eminse	Emine	1
ümîdleri	ümidleri	1
çikmadilar	çıkmadılar	1
arzimin	arzımın	1
kaybolmamasi	kaybolmaması	1
mülâhazasiyla	mülahazasıyla	1
Numan’in	Numan’ın	1
zannediyorlarmiş	zannediyorlarmış	1
Tahirpaşazâde	Tahirpaşazade	1
Aklindan	Aklından	1
kurtulamayacaklari	kurtulamayacakları	1
vefâsizliğa	vefasızlığa	1
belâsi	belası	1
ğsünden	günden	1
Âzâde’nin	Azade’nin	1
bulantilari	bulantıları	1
Kadinlik	Kadınlık	1
tartilacak	tartılacak	1
kazanacağini	kazanacağını	1
hocasinin	hocasının	1
başlatmadim	başlatmadım	1
Biyklari	Biykları	1
müsterîhim	müsterihim	1
dayandilar	dayandılar	1
buhranin	buhranın	1
fenasini	fenasını	1
atlattilar	atlattılar	1
kalmadikça	kalmadıkça	1
gururlarini	gururlarını	1
ahlâksiz	ahlaksız	1
sabrsizlikla	sabrsızlıkla	1
dolaştim	dolaştım	1
şaştim	şaştım	1
Allahasmarladik	Allahasmarladık	1
yoncalari	yoncaları	1
sarsilmadi	sarsılmadı	1
aldirmi	aldırmı	1
asinda	asında	1
Istirahat	İstirahat	1
ilacina	ilacına	1
hazirlaniyorduk	hazırlanıyorduk	1
civarlarinda	civarlarında	1
alişmak	alışmak	1
Äzâde'yi	Azade'yi	1
yapacağimizi	yapacağımızı	1
Umid'in	Ümid'in	1
saliverilmediğinden	salıverilmediğinden	1
Mâsume'nin	Masume'nin	1
almamisaniz	almamışanız	1
postacidan	postacıdan	1
teminâtta	teminatta	1
yaptirdiktan	yaptırdıktan	1
Rigi'ye	Riği'ye	1
uğramamayi	uğramamayı	1
alşmak	almak	1
Rigi	İngi	1
doktorlarn	doktorları	1
âfiyetinden	afiyetinden	1
Bahşi	Bahsi	1
kiralari	kiraları	1
yazmayışımin	yazmayışımın	1
birakmişsinizdir	bırakmışsınızdır	1
kşın	kün	1
oturmayacağiz	oturmayacağız	1
Âzâdeyi	Azadeyi	1
Oralarinin	Oralarının	1
hulyalarin	hülyaların	1
ayliklara	aylıklara	1
sahi	şahı	1
sormayacaksiniz	sormayacaksınız	1
orn	on	1
politikalarni	politikalarnı	1
şahsimiza	şahsımıza	1
patirtiya	patırtıya	1
siyirdik	sıyırdık	1
yazamadiğindan	yazamadığından	1
afvini	afvını	1
mektuplaştiğimiz	mektuplaştığımız	1
mektuplarinizdan	mektuplarınızdan	1
Suad’in	Suad’ın	1
hazirlanmaya	hazırlanmaya	1
başlarsaniz	başlarsanız	1
zekasi	zekası	1
satranci	satrançı	1
Yazilabilecek	Yazılabilecek	1
anlatilacak	anlatılacak	1
anlatalim	anlatalım	1
Äzade	Azade	1
çıkarmiyor	çıkarmıyor	1
yazacağımi	yazacağımı	1
yollarlardi	yollarlardı	1
Usküdar'da	Üsküdar'da	1
Irak’in	Irak’ın	1
yâverliğini	yaverliğini	1
yakaşıkli	yakışıklı	1
duyurmasi	duyurması	1
takilmişti	takılmıştı	1
sarldi	sandı	1
bikti	bıktı	1
ndü	ndi	1
kuruculan	kurucuları	1
yaynladi	yayınladı	1
Pangalti	Pangaltı	1
Itihhadçılar	İtihhadçılar	1
Esâsiye	Esasiye	1
çıkarttiğ	çıkarttığ	1
Firkasini	Fırkasını	1
Kürdistan’n	Kürdistan’ın	1
açiklayp	açıklayp	1
icadina	icadına	1
Villasi	Villası	1
mâlikânesinde	malikanesinde	1
Kürdistan'in	Kürdistan'ın	1
Tahtina	Tahtına	1
Fransizcay	Fransızcay	1
kapildiğıni	kapıldığını	1
dolaysiyla	dolaysıyla	1
veliahdi	veliahdı	1
noktaladi	noktaladı	1
Konferans1	Konferansı	1
Disileri	Dişileri	1
INGILTERE	İNGİLTERE	1
DIŞIŞLERI	DIŞİŞLERİ	1
Hristiyanlar’in	Hristiyanlar’ın	1
yolaçmitir	yolaçmıtır	1
anlayişınin	anlayışının	1
sarsilmaz	sarsılmaz	1
güçlenmi	güçlerin	1
bağliliklarndan	bağlılıklarndan	1
alindiklari	alındıkları	1
kaynaşmanin	kaynaşmanın	1
bulunmayişina	bulunmayışına	1
pahasna	pahasına	1
halkana	halkına	1
Maksatlarina	Maksatlarına	1
kuralinin	kuralının	1
uygulanmalarinin	uygulanmalarının	1
atildiklarini	atıldıklarını	1
Hiläfet’in	Hilafet’in	1
azinlikla	azınlıkla	1
düşmanliğin	düşmanlığın	1
halkndan	halkından	1
nyayi	nyayı	1
dişlanamazlar	dışlanamazlar	1
dilanmalari	dilanmaları	1
silâhlariyla	silahlarıyla	1
katilacaklardir	katılacaklardır	1
gözardi	gözardı	1
ihtiyatsizlik	ihtiyatsızlık	1
hatalarin	hataların	1
savaştiğini	savaştığını	1
kaçmamaktadir	kaçmamaktadır	1
yorumlanmasi	yorumlanması	1
şaşirticidir	şaşırtıcıdır	1
karşilayabilecek	karşılayabilecek	1
başvurmasindan	başvurmasından	1
kaynaklanmaktadir	kaynaklanmaktadır	1
bağlantilara	bağlantılara	1
atilmaya	atılmaya	1
yakilan	yakılan	1
anlayişiyla	anlayışıyla	1
itiläf	itilaf	1
duygularnin	duyguların	1
entrikalarn	entrikaları	1
Bati'y	Batı'y	1
kantlamiş	kantlamış	1
teşkilâtlandirmaktir	teşkilatlandırmaktır	1
aşilmaz	aşılmaz	1
arenasina	arenasına	1
dişlamanin	dışlamanın	1
bastiracak	bastıracak	1
maksatlarinin	maksatlarının	1
düşmanlarm	düşmanları	1
bahşedilmek	bahsedilmek	1
arzuladiklari	arzuladıkları	1
Hâlihazirdaki	Halihazırdaki	1
fedâkärliklar	fedakarlıklar	1
yapilmayacağinın	yapılmayacağının	1
Panislâmci	Panislamcı	1
teminatini	teminatını	1
kaldiğm	kaldığım	1
hissiyatimin	hissiyatımın	1
amaçladiğm	amaçladığm	1
bağimsizliklarna	bağımsızlıklarna	1
hakkndan	hakkından	1
teşkilâtlanmayi	teşkilatlanmayı	1
tarafsizlardan	tarafsızlardan	1
Ekselânslarina	Ekselanslarına	1
taşıdiğ	taşıdığ	1
olmayacağinin	olmayacağının	1
inanciyla	inancıyla	1
VERDIGI	VERDİĞİ	1
kazandirdiği	kazandırdığı	1
hasimlarna	hasımlarna	1
toplanmilar	toplanmılar	1
kaygilar	kaygılar	1
ölduğu	olduğu	1
kararndadir	kararndadır	1
aleyhtarn	aleyhtarı	1
propagandanun	propagandanın	1
yapilmayacağı	yapılmayacağı	1
Panislâmist	Panislamist	1
tartişilmaz	tartışılmaz	1
hissiyatinin	hissiyatının	1
bağlarni	bağlarnı	1
sinurlarin	sınırların	1
bulacaktur	bulacaktır	1
MEBÜSÂN	MEBUSAN	1
BAŞKANLIGINA	BAŞKANLIĞINA	1
şaşırtti	şaşırttı	1
uzlaşmasini	uzlaşmasını	1
propagandasinin	propagandasının	1
spekülasyonlarin	spekülasyonların	1
Irkimin	Irkının	1
varliğinun	varlığının	1
inandiğim	inandığım	1
kuralinın	kuralının	1
hatalarini	hatalarını	1
uzantilariyla	uzantılarıyla	1
politikacilari	politikacıları	1
harciyordum	harcıyordum	1
haklarni	haklarnı	1
sâdikane	sadıkane	1
malumatina	malumatına	1
insâfiniza	insafınıza	1
Başkanu	Başkanı	1
taraftardirlar	taraftardırlar	1
politikasindan	politikasından	1
tutulmamiza	tutulmamıza	1
karşidirlar	karşıdırlar	1
ashnda	aslında	1
israrlarna	ısrarlarna	1
birakacaklar	bırakacaklar	1
Savaşi’nun	Savaşı’nın	1
plari	planı	1
anlaşmalarinin	anlaşmalarının	1
Yunanlilar'n	Yunanlılar'n	1
tutunamayacaklarini	tutunamayacaklarını	1
hiläfeti	hilafeti	1
Yakan	Yakın	1
Gadia	Gadıa	1
ayricaliklarini	ayrıcalıklarını	1
atifti	atıftı	1
muhteviyatinin	muhteviyatının	1
anlaşamadiğumiz	anlaşamadığumız	1
uzlaşmamizi	uzlaşmamızı	1
müläkatimiz	mülakatımız	1
Hâlihazirda	Halihazırda	1
çaliştirdim	çalıştırdım	1
kaçınlmiş	kaçınlmış	1
vatandaşlarmizi	vatandaşlarmızı	1
katkilarim	katkılarım	1
fonlari	fonları	1
yararlanamadiği	yararlanamadığı	1
harcamanin	harcamanın	1
hasimlarim	hasımlarım	1
adlandirmakta	adlandırmakta	1
bağliliğ	bağlılığ	1
yayinlatacağim	yayınlatacağım	1
bulmasindan	bulmasından	1
bulumamiz	bulumamız	1
kizdirmiş	kızdırmış	1
Uzlaşmaci	Uzlaşmacı	1
anlayişımı	anlayışını	1
adayliğinin	adaylığının	1
bürolarini	bürolarını	1
Misirl	Mısırl	1
bulunmayişi	bulunmayışı	1
açıklamasinda	açıklamasında	1
budalaliğini	budalalığını	1
kaçırmalari	kaçırmaları	1
Ilişikte	İlişikte	1
budalanin	budalanın	1
yapacağiniz	yapacağımız	1
faaliyetlerimi	faaliyetlerini	1
Bakanlikla	Bakanlıkla	1
alacağimizi	alacağımızı	1
Birtakm	Birtakım	1
Ingilizler'le	İngilizler'le	1
sevketmi	şevketmi	1
yaklaşimlarda	yaklaşımlarda	1
karşilaşmayacaktir	karşılaşmayacaktır	1
vâîyi	vaıyı	1
karşılaşmaktayiz	karşılaşmaktayız	1
yazdiklarimla	yazdıklarımla	1
tafsilätli	tafsilatlı	1
duygularmi	duygularmı	1
Yazdiğiniz	Yazdığınız	1
ahbabiniz	ahbabınız	1
sevketmeyi	şevketmeyi	1
ayrilmalarina	ayrılmalarına	1
hayirlidır	hayırlıdır	1
Kararlaştirdiğimiz	Kararlaştırdığımız	1
anlaşılmi	anlaşılmı	1
Irkdaşim	Irkdaşım	1
çıkarlarni	çıkarlarnı	1
uzlaştirabilsem	uzlaştırabılsem	1
karşılaşmamizda	karşılaşmamızda	1
durumdaydim	durumdaydım	1
Klikya'daki	Klikya'dakı	1
duygularni	duygularnı	1
Itimadimi	İtimadını	1
kazanmitir	kazanmıtır	1
ernn	emin	1
çalitiklarinı	çalıtıklarını	1
mektuplarinizi	mektuplarınızı	1
cevapliyorum	cevaplıyorum	1
Ingiltere'deki	İngiltere'deki	1
Hilâfet'in	Hilafet'in	1
propagandalarinin	propagandalarının	1
anlamişsinizdir	anlamışsınızdır	1
ahmakliğni	ahmaklığnı	1
dindaşlarimizin	dindaşlarımızın	1
kaçirmamiş	kaçırmamış	1
çalşacağim	çalşacağım	1
tanidiğiniz	tanıdığımız	1
feddanini78	feddanını78	1
hasmi	hasmı	1
taniyorlar	tanıyorlar	1
pazarliklarnda	pazarlıklarnda	1
ulaşmamasi	ulaşmaması	1
kullanulan	kullanılan	1
Misr'da	Mısr'da	1
yaralayacakti	yaralayacaktı	1
yaptiklarimin	yaptıklarının	1
vatandaşlarmizla	vatandaşlarmızla	1
şaşirtmiyor	şaşırtmıyor	1
hücumlari	hücumları	1
yozlaşmi	yozlaşmı	1
sitayilerine	sıtayılerine	1
şansina	şansına	1
açinizdan	açınızdan	1
sardiklarinda	sardıklarında	1
kampiniza	kampınıza	1
almiştiniz	almıştınız	1
işbirligimi	işbirliğini	1
bulunmayacakti	bulunmayacaktı	1
konmasindan	konmasından	1
mülakâtlarimiz	mülakatlarımız	1
parçalanmasini	parçalanmasını	1
bulunmamizi	bulunmamızı	1
çalmamizi	çalmamızı	1
uzmanlarn	uzmanları	1
Farrère’in	Farrere’in	1
Mektubumun	Mektubunun	1
icten	içten	1
bulacaği	bulacağı	1
sikintilarn	sıkıntıları	1
şaşirmi	şaşırmı	1
yazdiğm	yazdığım	1
yolladiğim	yolladığım	1
telgrafin79	telgrafın79	1
amaçlamasina	amaçlamasına	1
paylaştiğim	paylaştığım	1
Âcildir	Acildir	1
Cevabiniz	Cevabınız	1
rone	Rome	1
mous	nous	1
veutiles	veutıles	1
eostimn	eostımn	1
otomobilim	otomobilin	1
bahasina	bahasına	1
Panis	Paris	1
Avri	Avni	1
rahatsizlandim	rahatsızlandım	1
rahatsizim	rahatsızım	1
deraièro	deraıèro	1
dor	dör	1
Mabia	Mabıa	1
duicaleniet	duıcaleniet	1
VIe	VİE	1
olacağimizi	olacağımızı	1
çakaşti	cakaştı	1
Impérial’in	Imperial’ın	1
çalişamamiş	çalışamamış	1
parçalandik	parçalandık	1
donaniminiza	donanımınıza	1
hücumlarmin	hücumlarmın	1
şahislari	şahısları	1
Ordularmizin	Ordularmızın	1
kazanilmasindaki	kazanılmasındakı	1
şaşırticidir	şaşırtıcıdır	1
uçmaktayim	uçmaktayım	1
umutlarni	umutlarnı	1
bulacağiniz	bulacağınız	1
Katilmadiğim	Katılmadığım	1
kildiğina	kıldığına	1
olanlarindir	olanlarındır	1
kaldiğimin	kaldığımın	1
anlayacağiniz	anlayacağınız	1
sayglarmi	sayglarmı	1
Hakkimdaki	Hakkındaki	1
mie	ne	1
Lul	Lül	1
Sihhat	Sıhhat	1
yaninizda	yanınızda	1
kalemşorlarin	kalemşorların	1
teşkilâtlandirmak	teşkilatlandırmak	1
kaygilaniyordu	kaygılanıyordu	1
yardimcilar	yardımcılar	1
yazilarimin	yazılarımın	1
anlayiştan	anlayıştan	1
sarhoşiuğu	sarhoşıuğu	1
çikacağim	çıkacağım	1
güzergâhuni	güzergahunı	1
konağmı	konağın	1
aydinlatacağıni	aydınlatacağını	1
sikarm	sıkarm	1
Ilişikteki	İlişikteki	1
anlaşmazliğim	anlaşmazlığın	1
uzamamiş	uzanmış	1
israrlari	ısrarları	1
israrlara	ısrarlara	1
barişmak	barışmak	1
şayandir	şayandır	1
Ileri'de	İleri'de	1
Saldirilar	Saldırılar	1
aliştim	alıştım	1
vatandaşlarimizin	vatandaşlarımızın	1
üsl	ül	1
çalimasin	çalımasın	1
kiskandiklar	kıskandıklar	1
inançlarimla	inançlarımla	1
ispatladiğima	ispatladığıma	1
tamdir	tamdır	1
şahsima	şahsıma	1
yapilandan	yapılandan	1
vasiflarim	vasıflarım	1
yeraliyorum	yeralıyorum	1
hasimlarima	hasımlarıma	1
vasiflarini	vasıflarını	1
yâdettiğim	yadettiğim	1
düşmanimin	düşmanımın	1
karinizda	karınızda	1
hasimlarla	hasımlarla	1
vatanimdan	vatanımdan	1
ayirabilecektir	ayırabilecektir	1
sağlğina	sağlğına	1
kildiğinu	kıldığınu	1
kurnazliğini	kurnazlığını	1
Lirasi	Lirası	1
Nişantaşi’ndaki	Nişantaşı’ndakı	1
kariliğinda	karılığında	1
satilamayacağini	satılamayacağını	1
ayricaliği	ayrıcalığı	1
muhteviyatlari	muhteviyatları	1
sunmaniz	sunmanız	1
sikayorum	şikayorum	1
Sabirsizlikla	Sabırsızlıkla	1
srle	sine	1
ame	ne	1
rie	ne	1
sanmiyorum	sanmıyorum	1
Geçmii	Seçimi	1
bome	borne	1
ecasitre	ecasıtre	1
istelliget	iştelliget	1
unutmanin	unutmanın	1
hakl	haki	1
politikacilarin	politikacıların	1
inanmitim	inanmıtım	1
inanmadiğiniz	inanmadığınız	1
yargiliyorsunuz	yargılıyorsunuz	1
uğraşmanin	uğraşmanın	1
çıkarmasindan	çıkarmasından	1
sikildiğim	sıkıldığım	1
Kasim'a	Kasım'a	1
drn	din	1
kaygilarinizin	kaygılarınızın	1
iafalmif	iafalmıf	1
dostlarinizi	dostlarınızı	1
çikayor	çıkıyor	1
dişar	dışar	1
sanatinda	sanatında	1
başlangicım	başlangıcım	1
hatirladiğimda	hatırladığımda	1
kizaryor	kızaryor	1
Uzlaşmamiz	Uzlaşmamız	1
sadikane	sadıkane	1
ükrü	ikin	1
kampanyanin	kampanyanın	1
yaralayip	yaralayıp	1
alamami	alanını	1
hareketlerimin	hareketlerinin	1
yayinlanmasi	yayınlanması	1
entrikacilarmiz	entrikacılarmız	1
teşkilâtlanarak	teşkilatlanarak	1
teşkilâtlanmayı	teşkilatlanmayı	1
fedakârliğ	fedakarlığ	1
Yunanlar’in	Yunanlar’ın	1
propagandalarina	propagandalarına	1
sikaya	sıkıya	1
bakmlardan	bakımlardan	1
teşkilâtlanmamiz	teşkilatlanmamız	1
açliklarina	açlıklarına	1
Içimizdeki	İçimizdeki	1
aralarndaki	aralarndakı	1
kaskançliklar	kaşkançlıklar	1
vicdanima	vicdanıma	1
tekrarladiğim	tekrarladığım	1
saknabilmek	saknabılmek	1
varliğmizi	varlığmızı	1
rahathğinin	rahathğının	1
dâväyı	davayı	1
bikknlik	bıkknlık	1
alikoyabilir	alıkoyabilir	1
itibarsiz	itibarsız	1
olamayacaksaniz	olamayacaksanız	1
ifasindan	ifasından	1
irkimizin	ırkımızın	1
kaynaklanmiyor	kaynaklanmıyor	1
açiklamasina	açıklamasına	1
itimadindan	itimadından	1
saygidan	saygıdan	1
yazacaktim	yazacaktım	1
muvasalatinda	muvasalatında	1
kaçirirsan	kaçırırsan	1
kalmadiğ	kalmadığ	1
Ismet’in	İsmet’in	1
ulaşmasini	ulaşmasını	1
alişkindir	alışkındır	1
uğradilar	uğradılar	1
Asyasi	Asyası	1
ulemâsi	uleması	1
emâretin	emaretin	1
isdâr	isdar	1
intibâha	intibaha	1
Ittihadçilarin	İttihadcıların	1
Islâm'ina	İslam'ına	1
âzâdîsi	azadîsı	1
yapmadilar	yapmadılar	1
kat'iyyesine	kat'ıyyesine	1
ayniyle	aynıyle	1
Âdî	Adı	1
Islâmiyet’in	İslamiyet’in	1
gûya	güya	1
dağlarn	dağları	1
mücâhidin	mücahidin	1
saltanatini	saltanatını	1
haşemini	hasemini	1
hayir!	hayır!	1
karşilamaliyiz	karşılamalıyız	1
muvaffakkiyet	muvaffakkıyet	1
ihtilafi	ihtilafı	1
asirdîde	asırdîde	1
başlanmasidir	başlanmasıdır	1
lisanindan	lisanından	1
iinin	ıının	1
mahirâne	mahirane	1
şârik	sarık	1
mânevîniz	maneviniz	1
Paşa'ninkinden	Paşa'nınkınden	1
harekâtinda	harekatında	1
istidläl	istidlal	1
ksim	kum	1
Emîri'ne	Emiri'ne	1
Mağlübiyeti	Mağlubiyeti	1
temâdisini	temadisini	1
nazarlarinin	nazarlarının	1
fenaliklarini	fenalıklarını	1
mücâhedesini	mücahedesini	1
arkadaşlarniz	arkadaşlarnız	1
mücâhedelerinde	mücahedelerinde	1
uzaktur	uzaktır	1
haddizâtinda	haddizatında	1
âmillerinden	amillerinden	1
dostânenin	dostanenin	1
mesâinizde	mesainizde	1
Umûru	Umumi	1
mükâlemâtinda	mukalemâtinda	1
taaruziye	taaruzıye	1
kardaşim!	kardaşım!	1
nüfüzunu	nüfuzunu	1
icradir	içindir	1
ayağimizi	ayağımızı	1
alacağiniz	alacağınız	1
vâsia	vasia	1
şahsinizla	şahsınızla	1
muhtacim	muhtacım	1
vasitamla	vasıtamla	1
zükmemeli	zukmemeli	1
âhiresini	ahiresini	1
mütaläalariniz	mütalaalarınız	1
çikaririz	çıkarırız	1
ISMET	İSMET	1
yâverlerinden	yaverlerinden	1
tamamlamasindan	tamamlamasından	1
yllarinda	yllarında	1
çarpiti	çarpıtı	1
Fransizca'ya	Fransızca'ya	1
Yakaşikliliğ	Yakasıklılığ	1
Yalisi'nda	Yalısı'nda	1
Küçüksu'daki	Küçüksu'dakı	1
mezarhğina	mezarhğına	1
şünde	sinde	1
ilikisi	ılıkısı	1
karşılandiğini	karşılandığını	1
Paşa’run	Paşa’nın	1
inanmaktadir	inanmaktadır	1
temaslarnin	temaslarnın	1
çalıtiğini	çalıtığını	1
Elyazisiyla	Elyazısıyla	1
bazilarnun	bazılarını	1
temaslarni	temaslarnı	1
okunmasinda	okunmasında	1
Isimlerin	İsimlerin	1
yardimciliğ	yardımcılığ	1
steşari	steşarı	1
babakanlik	babakanlık	1
yillarndaki	yıllarndakı	1
jandarmasini	jandarmasını	1
Anlamasi'nin	Anlaması'nın	1
yardimciliğini	yardımcılığını	1
Anlaşmasi'ni	Anlaşması'nı	1
Bankasi'nun	Bankası'nın	1
mâliyeci	maliyeci	1
Teraki’nin	Terakı’nın	1
saldirya	saldırya	1
kumandanliğinun	kumandanlığınun	1
ayrldi	ayrldı	1
albayhği	albayhğı	1
tanişmişti	tanışmıştı	1
Meisser	Neuser	1
kasabasindaki	kasabasındaki	1
Marne	Marie	1
Savaşindaki	Savaşındaki	1
hanimun	hanımın	1
hocalik	hocalık	1
Bakanliğ	Bakanlığ	1
cumhurbakanliği	cumhurbakanlığı	1
rümelerinin	rumelerinin	1
Rumelihisari'nin	Rumelihisarı'nın	1
çalimıt	çalımıt	1
yazilm	yazılm	1
Şubliye	Subliye	1
ğreniliyor	greniliyor	1
yazmitim	yazmıtım	1
olacağni	olacağım	1
fikirlerimin	fikirlerinin	1
taleplerimi	taleplerini	1
tanidiklarimdan	tanıdıklarımdan	1
Izahatimi	İzahatımı	1
nazarlarimi	nazarlarımı	1
iltifât	iltifat	1
ihtari	ihtarı	1
arkadaşlarnın	arkadaşların	1
Tissier'dir	Tişsier'dir	1
suhûletlerini	suhuletlerini	1
hayvanliklarnda	hayvanlıklarnda	1
Marat	Mirat	1
âyândan	ayından	1
tadıni	tadını	1
hazirdır	hazırdır	1
Heloin’n	Heloın’n	1
Nedostri	Nedostrı	1
ahbabi	ahbabı	1
sikalmiş	şikalmış	1
Tissieryi	Tişsieryi	1
kaçirmakla	kaçırmakla	1
isticâli	isticalı	1
itiyâdinda	itiyadında	1
yapmayacağumi	yapmayacağumı	1
yazilmami	yazılmamı	1
yazilmasini	yazılmasını	1
belâsini	belasını	1
Mektuplarni	Mektuplarnı	1
yazmadiğin	yazmadığın	1
Heloin'a	Heloın'a	1
yazmali	yazmalı	1
paramizdan	paramızdan	1
serinkanliliği	serinkanlılığı	1
Chaublierye	Chaublıerye	1
selâmlarimı	selamlarımı	1
elhamdülillâh	elhamdülillah	1
läyık	layık	1
iznimi	iznini	1
alsinlar	alsınlar	1
biraktin	bıraktım	1
Seran	Senin	1
dürüşt	dürüst	1
alişmişındir	alışmışındır	1
babalarini	babalarını	1
ciirfomt	cıırfomt	1
Hastaliğinizi	Hastalığınızı	1
tahribât	tahribat	1
Mütebâkisi	Mütebakisi	1
harçliğ	harçlığ	1
Şerbilye'den	Serbilye'den	1
lisânini	lisanını	1
renn	renin	1
almadikça	almadıkça	1
müteâkiben	müteakiben	1
Paça'nin	Paça'nın	1
nukât	nikat	1
nazarimi	nazarımı	1
Heloin'y	Heloın'y	1
âkilâne	akilane	1
savsaklayip	savsaklayıp	1
Tissier'yi	Tişsier'yi	1
kaçirmayi	kaçırmayı	1
Heloin’i	Heloın’ı	1
ayakkabidirlar	ayakkabıdırlar	1
harekâtimla	harekâtımla	1
Société	Societe	1
Ittihadi'na	İttihadı'na	1
Gêne	Gene	1
Meisser’in	Neuser’in	1
oturacağim	oturacağım	1
dallandirp	dallandırp	1
konuşmanizi	konuşmanızı	1
hazrdir	hazrdır	1
anlamalarini	anlamalarını	1
Bâdemâ	Badem	1
mülâkâtlanni	mülakatlannı	1
evlâtçiğim	evlatçığım	1
yazmayacağim	yazmayacağım	1
hazirlayalim	hazırlayalım	1
itirâzat	itirazat	1
talâkatini	talâkatını	1
iknâya	iknaya	1
çalşirsin	çalşırsın	1
tafsilâtlisini	tafsilatlısını	1
Ismetciğim	İsmetciğim	1
Fransizca'da	Fransızca'da	1
cevabimi	cevabını	1
mektuplarimı	mektuplarını	1
mahsüsada	mahsusada	1
pasaportlarim	pasaportlarım	1
nâminadir	namınadır	1
ayriliğimizda	ayrılığımızda	1
taniyamamiş	tanıyamamış	1
Müläkât	Mülakat	1
birakniz	bıraknız	1
ikametgâhim	ikametgahım	1
savdim	savdım	1
Elisée	Elisee	1
apartmaninda	apartmanında	1
Şerbilye'ye	Serbilye'ye	1
vasitan	vasıtan	1
vür	vur	1
Birak	Bırak	1
hayrina	hayrına	1
varacağim	varacağım	1
zemînini	zeminini	1
acikti	açıktı	1
muntazirim	muntazırım	1
umûmîsinden	umumisinden	1
Heloin'in	Heloın'ın	1
itiräf	itiraf	1
olmadilar	olmadılar	1
mantiklarini	mantıklarını	1
aldanir	aldanır	1
hasimlarimiz	hasımlarımız	1
Russie'ye	Russıe'ye	1
Han'dir	Han'dır	1
yarimda	yanında	1
âtina	atına	1
Ismetim	İsmetim	1
aynilali	aynılalı	1
israrn	ısrarı	1
kalmakliğmi	kalmaklığmı	1
muvâsalatimiza	muvasalatımıza	1
yazmamazlik	yazmamazlık	1
sabahindan	sabahından	1
âtisi	atışı	1
müläkati	mülakatı	1
zevkimi	zevkini	1
Âtisi	Atışı	1
başladiğina	başladığına	1
iblâğ	iblağ	1
Rusi	Risi	1
taâm	tam	1
ziyâfet	ziyafet	1
açmadiği	açmadığı	1
Meisser'in	Neuser'in	1
yapilmasindan	yapılmasından	1
Tarziyi	Tarzıyı	1
arayamadim	arayamadım	1
karargâhuni	karargahını	1
Hâlà	Hala	1
Borniye	Bornıye	1
Bâr	Bir	1
nümâyişinden	nümayişinden	1
kuşkulandin	kuşkulandın	1
anlayacağiz	anlayacağız	1
EMÎR	EMR	1
yayinladiğ87	yayınladığ87	1
teşebbüsâtima	teşebbüsatıma	1
arizadan	arızadan	1
hadisâtin	hadisatın	1
takdîminden	takdiminden	1
Kâbile	Kabile	1
sarfinazar	sarfınazar	1
Teşrînsanisi'nin	Teşrinsanîsı'nın	1
tesisât	tesisat	1
sanâyiin	sanayiin	1
iştirâkini	iştirakini	1
yapilabileceğine	yapılabileceğine	1
İslâm’in	İslam’ın	1
zararini	zararını	1
hur	hür	1
Hugostines	Hugostınes	1
Ittihadi’nin	İttihadı’nın	1
sermayedârâninin	sermayedaranının	1
müracaatlarmi	müracaatlarmı	1
teklifâtima	teklifatıma	1
umr	nr	1
vecîbedir	vecibedir	1
Almanya’nun	Almanya’nın	1
iktisadîyesi	iktisadiyesi	1
borçlarinizi	borçlarınızı	1
hilâfina	hilafına	1
hâziramizdan	hazıramızdan	1
mâneviyesine	maneviyesine	1
muhallit	muhallıt	1
bilvasita	bilvasıta	1
sinâiye	sınaiye	1
umrâniye	ümraniye	1
olmayacaklarini	olmayacaklarını	1
bilälüzum	bilalüzum	1
ihtiyârindan	ihtiyarından	1
faydayi	faydayı	1
râni	rini	1
kararlaştirdik	kararlaştırdık	1
Ittifakat	İttifakat	1
Kânunsanî’nin	Kanunsani’nin	1
Fransiz’in	Fransız’ın	1
âyâni	ayanı	1
cevaplara	cevapları	1
yapmakliğimi	yapmaklığımı	1
Tissier’den	Tişsier’den	1
azîmetim	azimetim	1
inzimami	inzimam	1
bahşediyordu	bahsediyordu	1
rüfekamizin	rüfekamızın	1
teb'asindan	teb'asından	1
umûmiliği	umumiliği	1
pasaportlarimi	pasaportlarımı	1
âhirinde	ahirinde	1
ean	en	1
mesâilden	mesailden	1
etmekligimin	etmekliğimin	1
säiki	saiki	1
bunlardi	bunlardı	1
muvasalatimdan	muvasalatımdan	1
mükâlememizi	mükalememizi	1
Poincaré'den	Poincare'den	1
inşâsi	inşası	1
irvâ'si	irva'sı	1
sermayedarlari	sermayedarları	1
keşfiyât	keşfiyat	1
bilâbedel	bilabedel	1
bilmecburiye	bilmecburıye	1
fabrikasini	fabrikasını	1
sinaiye	sınaiye	1
ricâli	ricali	1
Sforçiya	Sforçıya	1
kaçirmadim	kaçırmadım	1
ihzârattan	ihzarattan	1
riyâsetine	riyasetine	1
vâkiadan	vakıadan	1
buyurulacaği	buyurulacağı	1
fennîyesi	fenniyesi	1
Kâbil’i	Kabil’i	1
hâtimesinde	hatimesinde	1
fikrasinda	fıkrasında	1
Kâbil'deki	Kabil'deki	1
merâsimi	merasimi	1
mesâiye	mesaiye	1
olmiyacağ	olmıyacağ	1
istifsâr	istifsar	1
sidkina	sıdkına	1
erzânini	erzanını	1
hânis	Hans	1
suiistimâl	suiistimal	1
takiniyor	takınıyor	1
yapacağina	yapacağına	1
veremiyorlardi	veremiyorlardı	1
Basmacilar'a	Basmacılar'a	1
bulacaklardir	bulacaklardır	1
bulmulardir	bulmulardır	1
anlayamiyoruz	anlayamıyoruz	1
isyâniyeye	isyaniyeye	1
akillarinı	akıllarını	1
muktedîriz	muktediriz	1
kitaâtini	kıtaatını	1
birakmiyordu	bırakmıyordu	1
fenaliklar	fenalıklar	1
hâdis	hadis	1
şâhânelerini	şahanelerini	1
kâfiyede	kafiyede	1
zararla	zararlı	1
esbâba	esbabı	1
islâmin	İslamın	1
Müslimîn	Müslimin	1
elkabinı	elkabını	1
olamayacaktir	olamayacaktır	1
kararlaştirmak	kararlaştırmak	1
tasavvurlarni	tasavvurlarnı	1
teâti	teati	1
düşmanlarimin	düşmanlarının	1
kâselisleri	kaselisleri	1
Münhasiran	Münhasıran	1
kânelerinden	kanelerinden	1
çeşm	cem	1
mufâreketim	müfâreketim	1
suûdu	Suudi	1
şâhânelerinde	şahanelerinde	1
bâlâterine	balaterine	1
kalmayacağim	kalmayacağım	1
gûn	gün	1
Esâfil	Esafıl	1
edâni	edanı	1
gûlarna	sulama	1
sem	sen	1
olmiyacağim	olmıyacağım	1
umûmiyesini	umumiyesini	1
Arizam	Arızam	1
bilâtereddüt	bilatereddüt	1
iid	ud	1
taleplerimin	taleplerinin	1
hakayika	hakayıka	1
ricalarima	ricalarıma	1
melfufâtina	melfufâtına	1
yavrularinizin	yavrularınızın	1
SENIYE	SENİYE	1
ayrilali	ayrılalı	1
vak’ayi	vak’ayı	1
bîçârelerin	biçarelerin	1
bitinçe	bitince	1
evldlarima	evldlarıma	1
kayinvalidesi	kayınvalidesi	1
komitacilar	komitacılar	1
başlarni	başlarnı	1
tutamamişlar	tutamamışlar	1
azalir	azalır	1
yağiyor	yağıyor	1
evldlari	evldları	1
acimakla	acımakla	1
iittiğim	ııttığım	1
yapiyormuş	yapıyormuş	1
anlaşilmiyor	anlaşılmıyor	1
çildiririm	çıldırırım	1
hayirlisi	hayırlısı	1
Ümîd’in	Ümid’in	1
anlaşilacak	anlaşılacak	1
Sancim	Sancım	1
hastaliğimdan	hastalığından	1
bozmadiklarini	bozmadıklarını	1
yardimı	yardımı	1
birakmıyor	bırakmıyor	1
BEDRI	BEDRİ	1
Mahsüsa	Mahsusa	1
balamiti	balamıtı	1
Avâmi	Avam	1
ulaştirilmak	ulaştırılmak	1
altinlar	altınlar	1
Ayrilali	Ayrılalı	1
başimizdan	başımızdan	1
haricînin	haricinin	1
noktalarni	noktalarnı	1
Ittihâdi'na	İttihadı'na	1
hazrladi	hazrladı	1
Bağimsizhğa	Bağımsızlığa	1
Andican'in	Andican'ın	1
Poincaré'nin	Poincare'nin	1
mülâkatimizda	mülakatımızda	1
Societé	Societe	1
franklik	franklık	1
müsteşarni	müsteşarnı	1
bidâteyinde	bidateyinde	1
hazirlamilardi	hazırlamılardı	1
iktisadîyeleri	iktisadiyeleri	1
itimadimiz	itimadımız	1
yakmi	yakın	1
münasebâtiniz	münasebatınız	1
çıktiğinizdan	çıktığınızdan	1
fikrayi	fıkrayı	1
dolandinc	dolandınc	1
münderecâtindan	münderecatından	1
bidâyetinde	bidayetinde	1
eşyalarmizi	eşyalarmızı	1
evrakmizi	evrakmızı	1
vefatni	vefatnı	1
EMÎRI	EMİRİ	1
Huzür	Huzur	1
vicdân	vicdanı	1
berâ	beri	1
mülûkânelerine	mülükanelerine	1
tâziyet	taziyet	1
kiymetinizi	kıymetinizi	1
fâidedâr	faidedâr	1
tasavvurâtini	tasavvuratını	1
fisebililläh	fişebililläh	1
câygir	caygir	1
samîmâneyi	samimâneyi	1
bîhakkn	bihakkın	1
câlis	çalış	1
inkilâbâta	inkılabata	1
âlibahtina	alıbahtına	1
şehriyârîleri	şehriyarileri	1
muhyi	muhyı	1
itlakna	ıtlakna	1
şânin	sanın	1
teâlîsi	tealisi	1
okunamadiği	okunamadığı	1
anlaşilamayan	anlaşılamayan	1
nâmdan	rından	1
şiâr	şiir	1
hâdiminize	hadiminize	1
istinâdsiz	istinadsız	1
iddihârini	iddiharını	1
şükrâninda	şükranında	1
müşârileyh	musarıleyh	1
ihyâkâr	ihyakâr	1
âlişan	alışan	1
şükrânini	şükranını	1
çaliıyordum	çalııyordum	1
baştâci	baştacı	1
mesâiden	mesaiden	1
kalmayacağimi	kalmayacağımı	1
pâyânsiz	payansız	1
dostluklariniza	dostluklarınıza	1
TAŞANIN	TASARIM	1
Sağinizda	Sağınızda	1
sizilari	sızıları	1
ikametgâhima	ikametgahıma	1
tahtelhifz	tahtelhıfz	1
hâricine	haricine	1
çiktiğimin	çıktığımın	1
kaçırdim	kaçırdım	1
MST	MİT	1
kalmamiştır	kalmamıştır	1
arkadaşlarmiz	arkadaşlarmız	1
Süreyya’nin	Süreyya’nın	1
fenadir	fenadır	1
Bayrami’nin	Bayramı’nın	1
şâdeyledik	sadeyledik	1
hatiranin	hatıranın	1
yaptiracağiz	yaptıracağız	1
bakmayiniz	bakmayınız	1
kaymakamliğimi	kaymakamlığımı	1
hitama	hitam	1
Kalirsa	Kalırsa	1
bilgilerimi	bilgilerini	1
tanişmayi	tanışmayı	1
mülâkatinda	mülakatında	1
kisimlarda	kısımlarda	1
yanliliklar	yanlılıklar	1
gelii	geliı	1
uğrayişı	uğrayışı	1
evveliyâti	evveliyatı	1
vak’anin	vak’anın	1
birakmamali	bırakmamalı	1
yollarim	yolların	1
Taan	Tam	1
SEFIRI	SEFİRİ	1
Bayndirlik	Bayındırlık	1
Légation	Location	1
kafalilarin	kafalıların	1
başkaldirdiklarina	başkaldırdıklarına	1
sikmiştur	sıkmıştur	1
nâfiada	nafiada	1
semerâtindan	semeratından	1
Paşalar’in	Paşalar’ın	1
lisanini	lisanını	1
faciasi	faciası	1
maâdâ	mada	1
çâr	car	1
âtîmizi	atımızı	1
iktisadîyesini	iktisadiyesini	1
kaptirmakta	kaptırmakta	1
mâliyemizi	maliyemizi	1
ihyâsi	ihyası	1
olmakliğimiz	olmaklığımız	1
Dârâ	Dan	1
anâsirin	anasırın	1
Yollarn	Yolları	1
muhassesâtini	muhassesatını	1
yaptirmali	yaptırmalı	1
fakrimizla	fakrımızla	1
karanliktir	karanlıktır	1
Hidîv	Hıdiv	1
Misr'in	Mısr'ın	1
açıniz	açınız	1
mümâileyhden	mumaileyhden	1
alacağin	alacağın	1
SEFÎRI	SEFİRİ	1
cim	Çin	1
Paşaliğini	Paşalığını	1
Muhtar'in	Muhtar'ın	1
çalinmiştir	çalınmıştır	1
kalmiştur	kalmıştır	1
dostlarimizdan	dostlarımızdan	1
aşmiştir	aşmıştır	1
teşebbüsâtim	teşebbüsatım	1
şiklarndan	şıklarndan	1
şikka	şıkka	1
adaminın	adamının	1
lanimca	lanımca	1
paçanin	paçanın	1
katildik	katıldık	1
ilânundan	ilanından	1
talimatuna	talimatını	1
Umûmîsinde	Umumisinde	1
uygulamayacağini	uygulamayacağını	1
hazırlklanni	hazırlklannı	1
ayrilmalan	ayrılmalan	1
tutuklanup	tutuklanıp	1
kapatilan	kapatılan	1
uğraştiğ	uğraştığ	1
gyabinda	gyabında	1
kaldirlmasindan	kaldırlmasından	1
aknci	ikinci	1
yükşehir	yüksehir	1
Topbaş’in	Topbaş’ın	1
Mezarliğl'ndaki	Mezarlığl'ndakı	1
Bölüğù'ndeki	Boluğù'ndeki	1
sirasindwa	sırasındwa	1
Cumaovasi'nda	Cumaovası'nda	1
darma	daima	1
baskna	baskın	1
attirdi	attırdı	1
intikamin	intikamın	1
kaçırtip	kaçırtıp	1
kaldirtti	kaldırttı	1
Zindani'nda	Zindanı'nda	1
arkadaşlarinı	arkadaşlarını	1
akrabalariyla	akrabalarıyla	1
çıkarttirdi	çıkarttırdı	1
mebläğ	meblağ	1
rlük	muk	1
başlatirken	başlatırken	1
atasi	atası	1
Mahsûsa'nin	Mahsusa'nın	1
satildiğ	satıldığ	1
tahtasinin	tahtasının	1
Ella	Elli	1
tarudi	tanıdı	1
Kahvalti	Kahvaltı	1
Fair	Für	1
Ocak'nda	Ocak'ında	1
alâkasmi	alakasmı	1
oynadiğ	oynadığ	1
mesâisini	mesaisini	1
UNICEF'in	Ünicef'in	1
kahramanu	kahramanı	1
nünce	rince	1
atçilikla	atçılıkla	1
seyin	şeyin	1
babasiydi	babasıydı	1
oynadiklari	oynadıkları	1
Saläh	Silah	1
edebiyatmizda	edebiyatmızda	1
Enstitüs	Enstitü	1
bazilan	bazılan	1
kaldrdiğ	kaldrdığ	1
Kayınvâlideme	Kayınvalideme	1
anlatiniz	anlatınız	1
familyasina	familyasına	1
metânetinizi	metanetinizi	1
Kaçırildiğ	Kaçırıldığ	1
mesajinda	mesajında	1
sihhatte	sıhhatte	1
anlaılmiştir	anlaılmıştır	1
KUZENI	KUZENİ	1
mains	mamış	1
livré	livre	1
vairai	vaıraı	1
gecirdim	geçirdim	1
çalişmı	çalışmı	1
étais	etaıs	1
délivré	delivré	1
verrai	verraı	1
haydutlarin	haydutların	1
biraktiklarnı	bıraktıklarnı	1
EŞI	EŞİ	1
NIMET	NİMET	1
tertibatiyla	tertibatıyla	1
dirâyet	dirayet	1
ukül!	ikili	1
vicdâni	vicdanı	1
hazirlyor	hazırlyor	1
sun’ihil	sun’ıhıl	1
yavrucağinizi	yavrucağınızı	1
birakildiğına	bırakıldığına	1
CINAYET	CİNAYET	1
necât	mecit	1
emväl	emval	1
masärif	masarıf	1
firârda	firarda	1
yataklik	yataklık	1
giyabiye	gıyabiye	1
maznuniyetleri	maznunıyetleri	1
mücâseretleri	mücaseretleri	1
ittihamlari	ittihamları	1
merkumânin	merkumanın	1
idamlarina	idamlarına	1
Atanaş’in	Atanaş’ın	1
mahsüsasina	mahsusasına	1
konmalarina	konmalarına	1
Aslna	Aşina	1
mutabiktir	mutabıktır	1
kaçırttiğ	kaçırttığ	1
hazırlandiğ	hazırlandığ	1
ğidina	gidina	1
OCAGI	OCAĞI	1
ibtidâiye	ibtidaiye	1
idhâlât	idhalat	1
Yemişçarşısi'nda	Yemişçarşısı'nda	1
Kapancioğlu	Kapancıoğlu	1
ithâfen	ithafen	1
şimartilmiş	şımartılmış	1
velâyeti	velayeti	1
tevâbînin	tevabînın	1
Izmirin	İzmirin	1
simâlan	şimalan	1
tahmîn	tahmini	1
vâkidir	vakidir	1
mütecâsirleri	mütecasirleri	1
sâiyasi	saiyası	1
vahşiyânesinde	vahşiyanesinde	1
zâtiyesinin	zatiyesinin	1
hâtir	hatır	1
Mütecâsirleri	Mütecasirleri	1
mâhiyeten	mahiyeten	1
ziddiyet	zıddıyet	1
meyânunda	meyanında	1
âguş	Ağus	1
kilinacaktir	kılınacaktır	1
Mutavâsitin	Mutavâsıtın	1
mütecâsirîn	mütecasirîn	1
istimzâci	istimzacı	1
kanciklik	kancıklık	1
ticâriyemi	ticariyemi	1
Idris’e	İdris’e	1
biImülâki	bıımülâki	1
mutälebâti	mutalebatı	1
Cehl	Celil	1
Idris’in	İdris’in	1
pervâlari	pervaları	1
kadîmleri	kadimleri	1
lâzimu'1	lazımu'1	1
buyurulmasin	buyurulmasın	1
mutavassitîn	mutavassıtîn	1
birçoklarin	birçokların	1
lâyütezelzil	layütezelzil	1
mektûmiyet	mektumıyet	1
Arslan’in	Arslan’ın	1
akrabasindan	akrabasından	1
râhiye	rahiye	1
müstagniyim	müstağniyim	1
âlidir	alidir	1
ziyâya	ziyaya	1
oylari	oyları	1
arttirici	arttırıcı	1
CEMIYETI	CEMİYETİ	1
UMÛMISI	UMUMİSİ	1
muhtäc	muhtaç	1
kardaşimiza	kardaşımıza	1
kardaşımiz	kardaşımız	1
Osmanliliğin	Osmanlılığın	1
levâzimiyle	levazımıyle	1
bekaasi	bekaası	1
kâfiyeye	kafiyeye	1
inkisâma	inkısama	1
itikadindayiz	itikadındayız	1
Ulahlar’in	Ulahlar’ın	1
Bulgarlar'n	Bulgarlar'ın	1
ittihâdi	ittihadı	1
livasi	livası	1
ifâdât	ifadat	1
erkamin	erkamın	1
riyâziyedir	riyaziyedir	1
çikmazsa	çıkmazsa	1
Ittidad	İttidad	1
vicdânen	vicdanen	1
kalkmi	kalkmı	1
kardaşlarin	kardaşların	1
tahsîsâtin	tahsisatın	1
fenaliğin	fenalığın	1
Umûmîsi	Umumisi	1
AMIRAL	AMİRAL	1
IZMIRI	İZNİNİ	1
TESLIM	TESLİM	1
ETMESI	ETMESİ	1
ÜLTIMATOM	ÜLTİMATOM	1
bataryalarin	bataryaların	1
bilâkayd	bilakayd	1
mecrânin	mecranın	1
lağimlar	lağımlar	1
içtinab	ictinab	1
mesâib	mesaib	1
mütehassistirler	mütehassıstırler	1
muktezasinca	muktezâsınca	1
metâlibin	metalibin	1
icbâr	icbar	1
elîmesine	elimesine	1
metâlib	metalib	1
buyurulacağıni	buyurulacağını	1
müşarileyhim	musarıleyhim	1
müşârünileyhayi	müşarünileyhayı	1
dostlarnin	dostlarnın	1
dostâneyi	dostaneyi	1
istilâsi	istilası	1
akamet	ikamet	1
kat’iyyeyi	kat’ıyyeyi	1
müzakerâtin	müzakeratın	1
sûiniyet	suiniyet	1
şerâitin	şeraitin	1
âlîlerince	alilerince	1
anlaşilmasini	anlaşılmasını	1
tahribati	tahribatı	1
vilâyetiniz	vilayetiniz	1
tehvînine	tehvinine	1
metâlibe	metalibe	1
Mart'in	Mart'ın	1
buyurmalarini	buyurmalarını	1
mûti	inti	1
Vis	Vıı	1
METROPOLITI	METROPOLİTİ	1
ilânu	ilan	1
Tirilye'ye	Tırılye'ye	1
Tirilye'de	Tırılye'de	1
igalden	ığalden	1
kurtarilmasinin	kurtarılmasının	1
ricasinda	ricasında	1
tarafimiza	tarafımıza	1
vâlâlanni	valalannı	1
âlîleri	alileri	1
isdârini	isdarını	1
buyurmalari	buyurmaları	1
teşekkürâtimi	teşekküratımı	1
bekaasini	bekaasını	1
Metropolid	Metropolıd	1
IZMIR'DEKI	İZMİR'DEKİ	1
ÖNCESINDE	ÖNCESİNDE	1
Frangiin	Frangıın	1
yardiminizla	yardımınızla	1
ayrilmaktan	ayrılmaktan	1
IZMIR'DE	İZMİR'DE	1
kolonosinin	kolonosının	1
mensuplarni	mensuplarnı	1
çağirdiğimi	çağırdığımı	1
davranişınizdaki	davranışınızdakı	1
halkna	halkın	1
kullanilm	kullanılm	1
davranilarni	davranılarnı	1
kinar	kınar	1
şükranlarni	şükranlarnı	1
Ekselânslarn	Ekselansları	1
şükranlarini	şükranlarını	1
hizmetkârlarnin	hizmetkarlarnın	1
bağliliğinin	bağlılığının	1
bozamadiği	bozamadığı	1
halkanizin	halkımızın	1
kolaylaştiracağimiz	kolaylaştıracağımız	1
açımizdan	açımızdan	1
saygilarimizin	saygılarımızın	1
Imzalar	İmzalar	1
ELÇISI	ELÇİSİ	1
varmamizdan	varmamızdan	1
aktardim	aktardım	1
astahatioss	astahatıoss	1
akrabalarinin	akrabalarının	1
kurulmamasini	kurulmamasını	1
Cursonlar'in	Cursonlar'ın	1
anlaşilryor	anlaşılryor	1
INGILTERE'NIN	İNGİLTERE'NİN	1
TEKLIF	TEKLİF	1
kazanmişlardir	kazanmışlardır	1
duygularimin	duygularının	1
Confict	Confıct	1
Almanlar’n	Almanlar’ın	1
kiyaslandiğinda	kıyaslandığında	1
denizaltilari	denizaltıları	1
batirilan	batırılan	1
denizaltisini	denizaltısını	1
batirdik	batırdık	1
batrlmadi	batrlmadı	1
denizaltilar	denizaltılar	1
yaknliklarni	yaknlıklarnı	1
sağlamamiz	sağlamamız	1
savaştik	savaştık	1
denizaltisi	denizaltısı	1
batirlan	batırlan	1
konumlari	konumları	1
sikşmiş	sıkşmış	1
anladiklari	anladıkları	1
savaşindaki	savaşındaki	1
katliamlari	katliamları	1
anlaşalim	anlaşalım	1
saldirrlarsa	saldırrlarsa	1
ihtiyacindadir	ihtiyacındadır	1
vârolmayacaktir	varolmayacaktır	1
uzlaşilmasinda	uzlaşılmasında	1
yazdiklarimi	yazdıklarımı	1
düşmanlarimizi	düşmanlarımızı	1
teb’asina	teb’asına	1
davranmadiğiniz	davranmadığınız	1
vilâyetinizdeki	vilayetinizdeki	1
BEY'N	BEY'İN	1
BES	BEŞ	1
rahatsizliklarna	rahatsızlıklarna	1
Biyiksiz	Bıyıksız	1
satmaktaymi	satmaktaymı	1
Paralarni	Paralarnı	1
Mektuplarinizi	Mektuplarınızı	1
sitmal	sıtmal	1
Allah'n!	Allah'ın	1
siyâhunda	siyahunda	1
ekali	ekili	1
mâyi	mayı	1
hisâr	hisar	1
âfaki	afakı	1
yazmişsa	yazmışsa	1
nâsiyeme	naşiyeme	1
nasildır	nasıldır	1
Alp’i	Alp’ı	1
yazdirsan	yazdırsan	1
yazdirmaya	yazdırmaya	1
amcan	niçin	1
Fotoğrafinda	Fotoğrafında	1
Alparslanim'a	Alparslanım'a	1
buselerim	büselerim	1
çalştiğini	çalştığını	1
Fotoğrafli	Fotoğraflı	1
yazilarndan	yazılarndan	1
Fotoğrafini	Fotoğrafını	1
fotoğrafimi	fotoğrafımı	1
anneni	annemi	1
itâatinla	itaatinla	1
çalikanliğinla	çalıkanlığınla	1
Annene	Anneme	1
yazacaktin	yazacaktın	1
babanun	babanın	1
babani	babamı	1
çaliştiğina	çalıştığına	1
daynin	dayının	1
kurtulacağimizi	kurtulacağımızı	1
Çantalarmin	Çantalarmın	1
takmim	takmım	1
SUIKAST	SUİKAST	1
GIRIŞIMI	GİRİŞİMİ	1
Bureaubine	Bureaubıne	1
Aldi	Aldı	1
Vaziyetimde	Vaziyetinde	1
Karabiy’e	Karabıy’e	1
kayinpederine	kayınpederine	1
olmadiğunu	olmadığını	1
birakilmişt	bırakılmışt	1
Canuni	Canını	1
UMUMISI	UMUMİSİ	1
Selânikte	Selanikte	1
yargilanup	yargılanup	1
mensuplars	mensupları	1
Hanum’a	Hanım’a	1
Hanum'n	Hanım'ın	1
kocasinun	kocasının	1
anlatirlar	anlatırlar	1
yazmiım	yazının	1
yazacağn	yazacağım	1
mektuplannin	mektuplannın	1
çantasina	çantasına	1
aşkna	aşkın	1
aynim	ayrım	1
üseräyi	üserayı	1
kurtarilmasidir	kurtarılmasıdır	1
üserâyi	üserayı	1
bayildiğini	bayıldığını	1
alacağimi	alacağını	1
rüne	rine	1
Kampi'nda	Kampı'nda	1
Bayrami'ni	Bayramı'nı	1
evlâdimi	evlâdımı	1
çaldirmiş	çaldırmış	1
Mektuplarimin	Mektuplarımın	1
Bâkîsi	Bakışı	1
Refikasinin	Refikasının	1
çiktiğina	çıktığına	1
mudir	müdir	1
kişlanin	kışlanın	1
muvâsalatina	muvasalatına	1
satabilmi	satabılmı	1
annene	anneme	1
kabaliğ	kabalığ	1
birakmayacağini	bırakmayacağını	1
medâyihte	medayıhte	1
vefasizlik	vefasızlık	1
aldanmişım	aldanmışım	1
siklmasin	sıklmasın	1
Hakk’in	Hakk’ın	1
âidine	aidine	1
birakr	bırakr	1
hatirini	hatırını	1
yazacağin	yazacağım	1
Annen	Annem	1
Ihmal	İhmal	1
çıkartin	çıkartın	1
sikilmamakta	sıkılmamakta	1
birakacaktir	bırakacaktır	1
isinmiştir	ısınmıştır	1
yazdiğın	yazdığım	1
icârinin	icarının	1
hitaminda	hitamında	1
Ikmâl	İkmal	1
Hânenin	Hanenin	1
yanaklarindan	yanaklarından	1
gelm	geri	1
çikartacağini	çıkartacağını	1
yazardim	yazardım	1
Malta'nin	Malta'nın	1
saknirm	saknırm	1
karyolami	karyolamı	1
sicaklar	sıcaklar	1
çıkartip	çıkartıp	1
çıkarmasini	çıkarmasını	1
odalik	odalık	1
icâri	icarı	1
icârini	icarını	1
äfiyetteyim	afiyetteyim	1
faydas1	faydası	1
kartlarim	kartlarım	1
sihhatine	sıhhatine	1
hâneyi	haneyi	1
satarsiniz	satarsınız	1
sihhatime	sıhhatime	1
siklmamaya	sıklmamaya	1
çaliıyorum	çalııyorum	1
mektuplarmi	mektuplarmı	1
yanlişlkla	yanlışlkla	1
telâşsiz	telaşsız	1
aldirt	aldırt	1
mukavvasiz	mukavvasız	1
Monoiuer	Monoıuer	1
birakacaklarnni	bırakacaklarnnı	1
inaallah	ınaallah	1
icâra	icara	1
yattiktan	yattıktan	1
doyamadi	doyamadı	1
RÂMI	RAMİ	1
Haramî	Hanım	1
nâzirlarndan	nazırlarndan	1
almasindan	almasından	1
iştimâl	istimal	1
âmîn	nin	1
velînimet	velinimet	1
müteakibü	müteakıbü	1
duâ	du	1
mâlânihâye	malanıhâye	1
hilâfetpenâh	hilafetpenah	1
âzamilerine	azamilerine	1
lâhika	lahika	1
şehriyâri	şehriyari	1
tâcdârileri	taçdârıleri	1
bânîlerine	banilerine	1
âbidânemle	abidânemle	1
avâtifihtivâ	avatıfıhtıvâ	1
bîminnet	bımınnet	1
vecâib	veçâib	1
IMZASIZ	İMZASIZ	1
TEHDIT	TEHDİT	1
ittila	ıttıla	1
zâbitâni	zabitanı	1
padişâhîyi	padişahiyi	1
nifaki	nifakı	1
mecnûniyetiniz	mecnunıyetiniz	1
cezasinu	cezasını	1
ahläkiyeniz	ahlakiyeniz	1
tab'iniz	tab'ınız	1
hirsizliğniz	hırsızlığnız	1
alçakhğiniz	alçakhğınız	1
cihândir	cihandır	1
yaşatmayacaktir	yaşatmayacaktır	1
kat’iyyetini	kat’ıyyetini	1
ahkâmini	ahkamını	1
fedâkârliğa	fedakarlığa	1
Mesâvi	Mesavı	1
atiniz	atınız	1
ISTIFA	İSTİFA	1
esâsî	esası	1
zâbitânın	zabıtanın	1
sudûr	şudur	1
kit’a	kıt’a	1
çarkçi	çarkçı	1
pâdişâhîyi	padişahiyi	1
esâsînin	esasının	1
itimâlini	itimalını	1
mes'udiyet	mes'udıyet	1
mübârekeyi	mübarekeyi	1
muvaffakiyâtiniza	muvaffakiyatınıza	1
DAHILIYE	DAHİLİYE	1
ŞEHREMANETI	ŞEHREMANETİ	1
ihrâcina	ihracına	1
vesâtetiyle	vesatetiyle	1
miktarindaki	miktarındaki	1
Bidâyet	Bidayet	1
kilinmami	kılınmamı	1
devâire	devaire	1
metâlibesine	metalibesine	1
satilmakta	satılmakta	1
şikâyâta	şikayata	1
yapilamyor	yapılamyor	1
varakalari	varakaları	1
vilayâti	vilayatı	1
mülhâkatinda	mülhakatında	1
tevzîinin	tevziinin	1
kazasindaki	kazasındaki	1
tevziâtinin	tevziatının	1
buyurulmasinin	buyurulmasının	1
istizânina	istizanına	1
Cemâziyelâhir	Cemaziyelahir	1
Şehremîni	Şehremini	1
ISMA	İSMİ	1
umüminin	umuminin	1
karanna	kararın	1
müsteşarlik	müsteşarlık	1
mükilâta	mukılâta	1
çalitim	çalıtım	1
mizacima	mizacıma	1
ayrilmadim	ayrılmadım	1
aniza	ariza	1
nizamin	nizamın	1
olunmadikça	olunmadıkça	1
ciddîye	ciddiye	1
devamima	devamına	1
Celîlesine	Celilesine	1
âsâbim	asabım	1
müsteşarliktan	müsteşarlıktan	1
VEKÎLI	VEKİLİ	1
RICA	RİCA	1
izdivac	izdivaç	1
vekâletimin	vekaletimin	1
Nâmütenâhi	Namütenahi	1
tasdîimden	tasdiimden	1
olmayacağinizi	olmayacağınızı	1
kararlaştirmanizi	kararlaştırmanızı	1
kararlaştirmasini	kararlaştırmasını	1
mîrim	rinin	1
teşekkürâtimin	teşekküratımın	1
HAYRIYE	HAYRİYE	1
YETKILILER	YETKİLİLER	1
rmediğini	mediğini	1
miktarni	miktarnı	1
cigörüşmek	çiğörüşmek	1
çikmamişti	çıkmamıştı	1
Derlin	Derin	1
goädige	göadıge	1
Infoige	İnfoıge	1
niplt	nıplt	1
uas	üs	1
habg	habs	1
peredulied	peredulıed	1
Las	Lis	1
gans	ğini	1
leuntbiter	leuntbıter	1
karşilaşmak	karşılaşmak	1
saygilarmi	saygılarmı	1
selâmlarmi	selamlarmı	1
Hürmetkârniz	Hürmetkarnız	1
vermemisiniz	vermemişiniz	1
kurun	kurum	1
bonolarinizi	bonolarınızı	1
çikarttiğinizi	çıkarttığınızı	1
zorlamadi	zorlamadı	1
kaybinizi	kaybınızı	1
selâmlarimla	selamlarımla	1
Hürmetkâriniz	Hürmetkarınız	1
bağlantim	bağlantım	1
yaklaşacağini	yaklaşacağını	1
Ekselânslarini	Ekselanslarını	1
defaliğina	defalığına	1
Bakanliğr’ni	Bakanlığr’nı	1
Mektuplarinizin	Mektuplarınızın	1
mruar	mimar	1
tsi	tu	1
venen	vermem	1
purtiecmeie	pürtiecmeie	1
goegiuigen	goegiuıgen	1
erblesionie	erblesionıe	1
techuaiales	techuaıales	1
cigeeur	çiğeeur	1
Leinsfelder	Leınsfelder	1
hakaretâmiz	hakaretamiz	1
defalik	defalık	1
vurgulanmaktadir	vurgulanmaktadır	1
Hakkanda	Hakkında	1
gruplarn	grupları	1
oynamiştir	oynamıştır	1
Almanyasi'nun	Almanyası'nun	1
satirlarmla	satırlarmla	1
saygilanni	saygılannı	1
hizmetkâriniz	hizmetkarınız	1
Harun'un	Hanım'ın	1
ekselânslan	ekselansları	1
siğnmak	sığınmak	1
kocamin	kocamın	1
korumasiz	korumasız	1
miktardadir	miktardadır	1
ekselânslarinun	ekselanslarınun	1
yardimlarnizi	yardımlarnızı	1
ekselânslari	ekselansları	1
ekselânslarinin	ekselanslarının	1
ekselânslarnin	ekselanslarnın	1
Ekselânslarinin	Ekselanslarının	1
yardimlarnizdan	yardımlarnızdan	1
varliğimin	varlığının	1
mektuplarndaki	mektuplarndakı	1
Kardaşim	Kardaşım	1
uzaklaştirip	uzaklaştırıp	1
imtisâlen	imtisalen	1
Etrafinizdaki	Etrafınızdaki	1
samîmînin	samiminin	1
yakininizda	yakınınızda	1
bulunmakliğim	bulunmaklığım	1
inkalab	inkılab	1
tâmmi	Tanrı	1
kurûn	kurum	1
rûhiyeyi	ruhiyeyi	1
inkiafa	inkıafa	1
kânûniye	kanuniye	1
muhîtimizde	muhitimizde	1
mârifetiyle	marifetiyle	1
ibtidäiyeye	ibtidaiyeye	1
äri	arı	1
tesmîm	temin	1
bilistif	biliştif	1
Tecârib	Tecarib	1
itfäsina	itfasına	1
ahirlardan	ahırlardan	1
nişâne	nişane	1
inili	ınili	1
akntilarn	akntılarn	1
ilaâhir	ilaâhır	1
sihhiyece	sıhhiyece	1
lâğimlar	lağımlar	1
kadîmeyi	kadimeyi	1
simsarlari	simsarları	1
iflâsi	iflası	1
irtihâlidir	irtihalıdır	1
iğmâz	iğmaz	1
bakilamaz	bakılamaz	1
istidâdi	istidadı	1
arabalarnun	arabaların	1
kantari	kantarı	1
muhâcir	muhacir	1
mevcutlarin	mevcutların	1
ihzârna	ihzarna	1
tedâvide	tedavide	1
muhâcirlerin	muhacirlerin	1
iskânina	iskanına	1
mündericâti	mündericatı	1
sâmiyelerini	samiyelerini	1
Mârüzâtim	Maruzatım	1
müsted'âdir	müşted'âdir	1
Bâk	Bık	1
Batakliklarn	Bataklıklarn	1
karşisindaym	karşısındaym	1
âmâlimdir	amalimdir	1
inzimâmi	inzimam	1
Mesâib	Mesaib	1
sikiştirmamanizi	sıkıştırmamanızı	1
kâfiyeyi	kafiyeyi	1
sardiniz	sardınız	1
yân	yani	1
yabancisiyim	yabancısıyım	1
bulunmasidir	bulunmasıdır	1
nâzrin	nazrın	1
âfiyetleri	afiyetleri	1
HILÂFET	HİLAFET	1
saknca	sakınca	1
Risaleyi	Risâleyi	1
mesâlih	mesalih	1
yazaridir	yazarıdır	1
yazarliğindan	yazarlığından	1
yazilardir	yazılardır	1
LÂYIHA	LAYİHA	1
Tahrîri	Tahmin	1
Bismillahirrahmânirrahîm	Bismillahirrahmanirrahim	1
muhteremi	muhterem	1
mücâhid	mücahid	1
kebîri	kebiri	1
nâçizidir	naçizidir	1
ibâdetle	ibadetle	1
Islâmiyeti	İslamiyeti	1
devletime	devletine	1
teâli	teali	1
mülâhazalardir	mülahazalardır	1
ibrâzindan	ibrazından	1
Padişahlari	Padişahları	1
hâizdirler	haizdirler	1
nâfiasini	nafıasını	1
iktitäf	iktitaf	1
ümem	men	1
katliâma	katliamı	1
mesîhiye	mesihiye	1
nasrânîyi	nasranîyı	1
mâr	mir	1
livâ	liva	1
şeriatimiz	şeriatımız	1
şerîatidir	şeriatıdır	1
mübârekinden	mübarekinden	1
gâye	saye	1
mâlen	rilen	1
ilândan	ilandan	1
vâkiaya	vakıaya	1
diyâneten	diyaneten	1
dîniyesini	diniyesini	1
irâdesi	iradesi	1
mâna	mani	1
ğreneceğiz	greneceğiz	1
sâhibih	sahibih	1
târih	tarih	1
sinîn	sının	1
uzmâ	izin	1
buyurduklari	buyurdukları	1
sâlinde	salınde	1
risâlet	risalet	1
hilâfetine	hilafetine	1
ahrâdir	ahrâdır	1
saîd	sud	1
râşidîn	raşidîn	1
padişahlari	padişahları	1
âzamîleridir	azamileridir	1
Abbâsîler’in	Abbasiler’in	1
Emevîler’in	Emeviler’in	1
râşidîne	raşidîne	1
Islâmiyân’in	İslamiyân’in	1
altincisidir	altıncısıdır	1
emirü	emiri	1
dîniyenin	diniyenin	1
ibzâl	ibzal	1
Lâzimdir	Lazımdır	1
dîniyemizde	diniyemizde	1
râşidînden	raşidînden	1
ictih	içtih	1
icmâl	icmal	1
hükümdarân	hükümdarın	1
adâ	adı	1
padişahân	padişahın	1
îzahtir	izahtır	1
Islâmiyân'dan	İslamiyân'dan	1
hükümâtin	hükümatın	1
Abbâsiyyeye	Abbasiyyeye	1
Abbâsiyye'nin	Abbasiyye'nin	1
bidäyeten	bidayeten	1
Abbâsiyye’nin	Abbasiyye’nin	1
kiyâseti	kıyaseti	1
istî'mâl	isti'mâl	1
emâretleri	emaretleri	1
tâbiyetinde	tabiyetinde	1
vasl	vasi	1
îsâl	ışıl	1
hanedanlarnin	hanedanlarnın	1
siddîka	sıddıka	1
ittihâd	Ittihad	1
fâhirini	fahirini	1
doğuramamiti	doğuramamıtı	1
Itirâf	İtiraf	1
sâhibinin	sahibinin	1
âzamina	azamına	1
hâdimü'1	hadimü'1	1
buyurmasiyla	buyurmasıyla	1
istinâdgâhi	istinadgahı	1
bâl	bil	1
mübârekenin	mübarekenin	1
sâhibidirler	sahibidirler	1
râşidin	raşidin	1
hazerâti	hazeratı	1
ridvânullâhi	rıdvanullâhı	1
radiyallâhu	radıyallâhu	1
bârî	biri	1
yâdedilmesi	yadedilmesi	1
küş	kuş	1
hâilenin	hailenin	1
târîhi	tarihi	1
Fâtih’in	Fatih’in	1
târîhiyesi	tarihiyesi	1
Osmanlilar’a	Osmanlılar’a	1
ahîr	ahır	1
Hilâfeti	Hilafeti	1
Misir'dir	Mısır'dır	1
şehm	şehri	1
atacaği	atacağı	1
muazzamin	muazzamın	1
irtihâli	irtihalı	1
uçurumlarina	uçurumlarına	1
gâib	gaıb	1
cesîmeyi	cesimeyi	1
târihiyelerini	tarihiyelerini	1
memâlikin	memalikin	1
âzamini	azamını	1
çibanlar	çıbanlar	1
inhitâtimizi	inhitatımızı	1
isr	ıır	1
Misır'n	Mısır'ın	1
iktifäen	iktifaen	1
muazzami	muazzam	1
Misriye'ye	Mısriye'ye	1
siddik	sıddık	1
HALIFE	HALİFE	1
ISLÂM	İSLAM	1
ISLÂMIYE	İSLAMİYE	1
Islâmiye'de	İslamiye'de	1
Sinîn	Sının	1
zâhid	zahid	1
sifatin	sıfatın	1
sâhibü1	sahibü1	1
diyâne	diyane	1
vâkîin	vakiin	1
izâminin	izamının	1
malûmeleri	malumeleri	1
şeyhülislâmlarimizin	şeyhülislamlarımızın	1
dînimizin	dinimizin	1
merâsim	merasim	1
maneviyâtiyla	maneviyatıyla	1
bidâyeten	bidayeten	1
diyânetine	diyanetine	1
Islâmiyet’e	İslamiyet’e	1
ibrâzina	ibrazına	1
mebrûredir	mebruredir	1
padişahliğinin	padişahlığının	1
maneviyâta	maneviyata	1
itinâ	itina	1
avâmilin	avamilin	1
Avâmil	Avamil	1
mezkûreyi	mezkureyi	1
şuracikta	şuracıkta	1
meşrûa	mesini	1
itirâz	itiraz	1
hâzirimiz	hazırımız	1
iktisâya	iktisaya	1
slâmiyemiz	slamıyemiz	1
şeyhülislâmimizi	şeyhülislamımızı	1
Islâmiyemiz	İslamiyemiz	1
padiahumizin	padiahumızın	1
buyurmasini	buyurmasını	1
imâmü'1	imamü'1	1
müslimîndirler	müslimindirler	1
MEDENIYET	MEDENİYET	1
nûru	Nuri	1
Müslümanlar'indir	Müslümanlar'ındır	1
Kur'anlardir	Kur'anlardır	1
kalmamiza	kalmamıza	1
Kerîm’inde	Kerim’inde	1
mükevvenâtin	mukevvenâtin	1
mânevîyelerini	maneviyelerini	1
şânlarinda	sanlarında	1
buyurmulardir	buyurmulardır	1
rübûbiyetin	rubûbıyetin	1
dünyevîyenin	dünyeviyenin	1
berâhini	berahini	1
hâş	has	1
fehm	Fehmi	1
mânsiz	mansız	1
celîlenin	celilenin	1
fünûnu	fünun	1
müfad	müfid	1
mazmûnu	maznun	1
tahsîlini	tahsilini	1
havsalamiza	havsalamıza	1
siğdirmi	sığdırmı	1
nazarisinden	nazarısınden	1
bilistifäde	bilistifade	1
kaçirmiş	kaçırmış	1
bulunsaydik	bulunsaydık	1
ibdâ	ibda	1
hârikalarn	harikalarn	1
yegânesi	yeganesi	1
Ahlâksizliğa	Ahlaksızlığa	1
yalanciliğa	yalancılığa	1
zenân	zemin	1
Islâmiye’dir	İslamiye’dir	1
âbidât	abidât	1
nisvân	nisvan	1
Âbidât	Abidât	1
sâihât	saihât	1
seyyândir	seyyandır	1
Tabüdir	Tabidir	1
bulunacaklarindan	bulunacaklarından	1
şerîye	seniye	1
taksîmine	taksimine	1
ziânin	zianin	1
ibâdetin	ibadetin	1
mesâîmizin	mesaimizin	1
tarîki'1	tariki'1	1
şer'îyemizin	ser'îyemizin	1
inkilab	inkılab	1
malimiz	malımız	1
hakaaik	hakaaık	1
bedîhiyedendir	bedihiyedendir	1
cevâmi've	cevamı've	1
mesâcid	mesacıd	1
Islâmiyemiz’in	İslamiyemiz’in	1
imamlarinin	imamlarının	1
şer'iyemizi	ser'iyemizi	1
Iktiza	İktiza	1
hitta	hıtta	1
imâm	iman	1
Misriye'de	Mısriye'de	1
ekremîmiz	ekremimiz	1
kaliımiz	kalıımız	1
serlevhasi	serlevhası	1
Islâmiye’nin	İslamiye’nin	1
Müslümanlar’ina	Müslümanlar’ına	1
Müslümanlar’ni	Müslümanlar’nı	1
dîniyemizin	diniyemizin	1
mecbûriyet	mecburiyet	1
dîniyemiz	diniyemiz	1
diyânete	diyanete	1
irtibâtimiz	irtibatımız	1
teâlînin	tealinin	1
silâhu	silahı	1
muhîti	muhiti	1
karalari	karaları	1
ibdâ'eder	ibda'eder	1
ihzârni	ihzarnı	1
mefkûrelerin	mefkurelerin	1
mürebbîsi	mürebbisi	1
yedullahi	yedullahı	1
müşeyyedi	museyyedi	1
mefkûresiyle	mefkuresiyle	1
minallâhi't	minallâhı't	1
istinâdi	istinadı	1
zirinde	zırınde	1
lâyihayi	layihayı	1
hâdimü1	hadimü1	1
Şerîfeyn'deki	Şerifeyn'deki	1
ihtiyär	ihtiyar	1
mans	mani	1
rât	rit	1
fedâkarliklara	fedakarlıklara	1
Emâreti’nin	Emareti’nin	1
avâmil	avamil	1
siyasîyeyi	siyasiyeyi	1
Islâm’n	İslam’ın	1
diyânetidir	diyanetidir	1
kalbgâhidir	kalbgahıdır	1
uzmâsina	uzmasına	1
ulyâsina	ulyasına	1
tabî’atiyla	tabi’atıyla	1
müstakîli	müstakili	1
çiğircik	çığırcık	1
açabilmiştim	açabılmıştım	1
dâr	dir	1
muhîtin	muhitin	1
ihâtalarinin	ihatalarının	1
mücâhedeyi	mücahedeyi	1
saltanatinca	saltanatınca	1
mücâhedelerimde	mücahedelerimde	1
kirâmin	kiramın	1
hususîlerine	hususilerine	1
yazacaklarim	yazacaklarım	1
uğraştklarim	uğraştklarım	1
kirâminin	kiramının	1
izâmimizin	izamımızın	1
yazilsa	yazılsa	1
vâkifâne	vakıfane	1
buyurulacaktir	buyurulacaktır	1
kirâmindir	kiramındır	1
CEMIYETININ	CEMİYETİNİN	1
KONGRESINDE	KONGRESİNDE	1
nindan	nından	1
açili	acılı	1
konuşmasidir	konuşmasıdır	1
iftitâhi	iftitahi	1
âmed	med	1
mübahi	mübahı	1
hâdisi	hadisi	1
muakkibi	muakkıbı	1
kardaşlarmizin	kardaşlarmızın	1
mütalââtini	mütalaatını	1
metîne	metne	1
münakaşâtimizin	münakaşatımızın	1
nevâkis	nevakıs	1
ibkasi	ibkası	1
müncî	rinci	1
istisnâ	istisna	1
inkiraz	inkıraz	1
bahtiyâri	bahtiyarı	1
hülasâ	hulasa	1
hirsizlikla	hırsızlıkla	1
riyâkârlikla	riyakarlıkla	1
yalancilikla	yalancılıkla	1
dolandircilkla	dolandırcılkla	1
fezâyih	fezayıh	1
istibdâdi	istibdadı	1
inkilâb	inkılab	1
ahlâkisi	ahlakisi	1
kurtarilacağini	kurtarılacağını	1
fevkalâdesi	fevkaladesi	1
metâneti	metaneti	1
esâsîyesini	esasiyesini	1
inkilâbin	inkılabın	1
hayretbahâsini	hayretbahâsını	1
nazarlarimizi	nazarlarımızı	1
imâle	imale	1
Dağlari'ndaki	Dağları'ndakı	1
kiyamlarnı	kıyamlarnı	1
vahşiyânesini	vahşiyanesini	1
elîmini	elimini	1
payitahtimizda	payitahtımızda	1
irzlarina	ırzlarına	1
kocalari	kocaları	1
sefâhatini	sefahatini	1
birakildiğini	bırakıldığını	1
mühimmatina	mühimmatına	1
paylaşıldiğini	paylaşıldığını	1
âhir	ahır	1
toprağnda	toprağında	1
kazandirdi	kazandırdı	1
mülâkatinı	mülakatını	1
seyyiât	seyyiat	1
tahribatin	tahribatın	1
sefâletini	sefaletini	1
anlayalim	anlayalım	1
muvaffakiyâtimizin	muvaffakiyatımızın	1
siyasîyesini	siyasiyesini	1
darbâni	darbanı	1
itminâni	itminanı	1
efrâdini	efradını	1
istibdâda	istibdadı	1
tabakalarina	tabakalarına	1
mübârezesini	mübarezesini	1
netäyicine	netayicine	1
hülâsâ	hulasa	1
düvelînin	düvelinin	1
kucakliyor	kucaklıyor	1
âhire	ahire	1
daimâ	daimi	1
ittihäd	ittihad	1
ittifakn	ittifakın	1
firsatlardan	fırsatlardan	1
ittihâdimizi	ittihadımızı	1
mutabassir	mutabassır	1
ahlâkiyesini	ahlakiyesini	1
isindirmaya	ısındırmaya	1
efrâdina	efradına	1
maârifte	maarifte	1
siyasîyede	siyasiyede	1
toplanirsa	toplanma	1
toplansin	topların	1
câmianun	caminin	1
sînesinde	sinesinde	1
kardaşlarmiz	kardaşlarmız	1
toplanacaktir	toplanacaktır	1
dakaik	dakaık	1
ahfâdimiz	ahfadımız	1
kardalarimiz!	kardalarımız!	1
SAMI	SAMİ	1
Yargitay	Yargıtay	1
kapatilmiti	kapatılmıtı	1
miyetinde	niyetinde	1
Türkiye'nn	Türkiye'nin	1
Istikl	İstikl	1
yargilanmı	yargılanmı	1
kuracağini	kuracağını	1
Cumhurbakani	Cumhurbakanı	1
hastaliğ	hastalığ	1
aştiği	astığı	1
camiasinin	camiasının	1
Paşakapisi	Paşakapısı	1
açıkliğ	acıklığ	1
lâkardi	lakırdı	1
yazdiklarn	yazdıkları	1
Evlâtciğim	Evlatcığım	1
kurnazlik	kurnazlık	1
Ahläk	Ahlak	1
mükâfati	mükafatı	1
cefalarni	cefalarnı	1
Ankarali	Ankaralı	1
iläçsizliktan	ilaçsızlıktan	1
imiim	müm	1
SAHIBI	SAHİBİ	1
firkann	fırkanın	1
şeytanina	şeytanın	1
Firkayi	Fırkayı	1
Zem	Zen	1
cânina	canına	1
Mürşid	Murşıd	1
balçik	balçık	1
sivar	sıvar	1
irfânna	irfanna	1
Ictihâdi	İçtihadı	1
Firkaya	Fırkaya	1
sâlik	salık	1
muâriz	muarız	1
kerubîyânina	kerubîyânına	1
dirâyetsin	dirayetsin	1
Ictihadindan	İçtihadından	1
kussun	kuşun	1
gîr	Sir	1
Fazladir	Fazladır	1
komak	konak	1
Ismin	İsmin	1
muârizsan	muarızsan	1
muâvin	muavin	1
yuhti	yuhtı	1
şânina	şanına	1
ictihâdi	içtihadı	1
karşiliktir	karşılıktır	1
noksanina	noksanına	1
Çikmadin	Çıkmadın	1
vicdanina	vicdanına	1
Kibt	Kıbt	1
işhâd	ishâd	1
mizâc	mizaç	1
mollamiz	mollamız	1
Kastamoni	Kastamonı	1
âyânina	ayanına	1
fermânina	fermanına	1
mukarrib	mukarrıb	1
Hidiv’in	Hıdiv’in	1
istihsânina	istihsanına	1
Sorsaniz	Sorsanız	1
Câhid’e	Cahid’e	1
fâil	fiil	1
ünvânina	unvanına	1
sezâdir	sezadır	1
yapsaniz	yapsanız	1
Câvid'i	Cavid'i	1
muhasib	muhasıb	1
dükkânina	dükkânına	1
pâyânina	payanına	1
çapkindir	çapkındır	1
rânina	rinin	1
Langa’nin	Langa’nın	1
bostanina	bostanına	1
serdarlikta	serdarlıkta	1
yektâdir	yektadır	1
Âdili	Adili	1
sükkânina	şükkânina	1
günahdir	günahdır	1
Kâzim'n	Kâzım'n	1
hâcib	hacıb	1
fetvâsi	fetvası	1
firkadir	fırkadır	1
oğlanina	oğlanına	1
sandi	şimdi	1
Istemez	İstemez	1
Şîa	Şu	1
itiyâd	itiyad	1
Şeyhülislâmdam	Şeyhülislamdam	1
ihvânina	ihvanına	1
müctehid	müçtehid	1
bâzergânina	bazergânina	1
fetvânin	fetvanın	1
mîzânina	mizanına	1
Irân'ina	İran'ına	1
rân’ina	ran’ına	1
cenginde	çenginde	1
cihânda	cihanda	1
mezâristânina	mezarıstânına	1
sevket	Şevket	1
Zulmile	Zulmıle	1
pâyidâr	payidar	1
yaziktir	yazıktır	1
hüsrânina	hüsranına	1
sâkit	sakıt	1
gerdânina	gerdanına	1
cihâni	cihanı	1
ityânina	ityanına	1
ITTIHADÇI	İTTİHADÇI	1
EFENDIN	EFENDİM	1
tüccarn	tüccarı	1
Konyali'nun	Konyalı'nun	1
Mizân	Nizam	1
başladiklar	başladıklar	1
ulemâsinin	ulemasının	1
takdîrini	takdirini	1
yazilarn	yazıları	1
Hayatini	Hayatını	1
Hanım'n	Hanım'ın	1
sorgulandi	sorgulandı	1
mutasarnfliğina	mutasarnflığına	1
kaçmayacaklari	kaçmayacakları	1
evliyasindan	evliyasından	1
mânevi	manevi	1
Mebusani'na	Mebusan'ın	1
tarikatinin	tarikatının	1
Zelitan'daki	Zelitan'dakı	1
baytarliğina	baytarlığına	1
serbaytarliğina	serbaytarlığına	1
atlanmi	atların	1
zabitlarin	zabıtların	1
zabitlarda	zabıtlarda	1
Mîzan	Nizam	1
dahl	dahi	1
Yakn	Yakın	1
iğfâlâtina	iğfalâtına	1
münderacâtina	münderacâtına	1
kâfffesi	kafffesi	1
irâd	irad	1
esrarini	esrarını	1
kaderle	kademe	1
ubûdiyetim	ubudiyetim	1
iktizasinca	iktizasınca	1
âliyelerine	aliyelerine	1
Oyrizde	Oyrızde	1
tecemmü'ettiklerini	tecemmu'ettiklerini	1
Tecemmü'leri	Tecemmu'leri	1
edenim	ederim	1
ihbâratim	ihbaratım	1
maksadiniz	maksadınız	1
muziro	muzıro	1
zevâti	zevatı	1
sûitevil	suitevil	1
uğratilacaği	uğratılacağı	1
âzâlar	azalır	1
çaliiyorsunuz	çalııyorsunuz	1
mesm	men	1
emâresi	emaresi	1
çağirlarak	çağırlarak	1
isticvâb	isticvab	1
çağirilmayanlar	çağırılmayanlar	1
memurînin	memurinin	1
şuhâdatiniz	sühadatınız	1
Nân	Nin	1
Evrakn	Evrakın	1
velînimetimiz	velinimetimiz	1
padiahimiz	padiahımız	1
îfâyi	ifayı	1
iitip	ııtıp	1
slari	ilanı	1
âhur	ahır	1
tutulmasina	tutulmasına	1
âcize	acize	1
Câbirizâde	Cabirizâde	1
Abdülkadir’n	Abdülkadir’in	1
arzuhalci	arzuhalcı	1
hânesini	hanesini	1
bastiklarnda	bastıklarnda	1
mekâtibi	mekatibi	1
Inkâra	İmkanı	1
mekâtip	mekatıp	1
Emîrü	Emiri	1
dağilir	dağılır	1
desâis	desais	1
muzirrdir	muzırrdır	1
âcizleri	acizleri	1
âcizâne	acizane	1
BILDIREN	BİLDİREN	1
dûzenlemi	düzenlemi	1
Kanalindan	Kanalından	1
saldirlar	saldırlar	1
saldir	saldır	1
başkaldiran	başkaldıran	1
Bakumandan	Bakımından	1
Bakanliği’nın	Bakanlığı’nın	1
telgrafinin	telgrafının	1
NEZARETI	NEZARETİ	1
ktâatimiz	ktaatımız	1
cenahlariyla	cenahlarıyla	1
mevâzimize	mevazimize	1
Kitaâtmiz	Kıtaatmız	1
numaralidir	numaralıdır	1
Terînsâni	Terinsâni	1
ISYANI	İSYANI	1
ŞIFRELI	ŞİFRELİ	1
ayırdim	ayırdım	1
sâmî	sani	1
aldatilmi	aldatılmı	1
şâhâneye	sahneye	1
kayâmin	kayamın	1
istihzâra	istihzara	1
çaliacağini	çalıacağını	1
taarruzlarina	taarruzlarına	1
bulunacağıni	bulunacağını	1
ihtiläf	ihtilaf	1
Kumandanliği’nda	Kumandanlığı’nda	1
küllîyelerini	külliyelerini	1
kat'iyyeyi	kat'ıyyeyi	1
uğramadi	uğramadı	1
SAID	SAİD	1
YETKI	YETKİ	1
BELGESI	BELGESİ	1
alinmamıtir	alınmamıtır	1
Osmanlilar'in	Osmanlılar'ın	1
muâhedeyi	muahedeyi	1
murahhasimizi	murahhasımızı	1
Nâzirmiz	Nazırmız	1
Murahhasimizın	Murahhasımızın	1
zirine	zırıne	1
RIŞIMIZ	MİSİNİZ	1
kumandanliğına	kumandanlığına	1
Sarkamiş	Şarkamış	1
paşaliğ	paşalığ	1
Vicdani	Vicdanı	1
Şehriyâri	Şehriyari	1
yaynlanmami	yaynlanmamı	1
Sarkami	Şarkamı	1
safhalarini	safhalarını	1
donanmasiyla	donanmasıyla	1
başlami!	başlamı!	1
häkimiyetini	hakimiyetini	1
kazaniniz	kazanınız	1
kafasiyla	kafasıyla	1
EFENDILER	EFENDİLER	1
MAKALESI	MAKALESİ	1
ağzinizi	ağzınızı	1
yikamadan	yıkamadan	1
yapişmiş	yapışmış	1
kanimizi	kanımızı	1
tahtakurulari	tahtakuruları	1
Ücrâ	İçin	1
boyunlari	boyunları	1
saçip	saçıp	1
aldıniz	aldınız	1
dolaplari	dolapları	1
pitirti	pıtırtı	1
bohçalari	bohçaları	1
aşirip	aşırıp	1
foyaniz	foyanız	1
yakaniz	yakanız	1
astilar	astılar	1
kastilar	kastılar	1
aştilar	astılar	1
palali	palalı	1
yaptiniz	yaptınız	1
ağizlar	ağızlar	1
kurtariyordu	kurtarıyordu	1
olmadiniz	olmadınız	1
asesbaşilik	asesbaşılık	1
isirttiniz	ısırttınız	1
Çakici'ya	Çakıcı'ya	1
sirtinizda	sırtınızda	1
darağaçlari	darağaçları	1
dolaştiniz	dolaştınız	1
çattiniz	çattınız	1
bastiniz	bastınız	1
kastiniz	kastınız	1
kartallari	kartalları	1
programiniz	programınız	1
Urun	Ürün	1
akni	akın	1
dükkânimiz	dükkânımız	1
pîrimiz	pirimiz	1
üstâdimiz	üstadımız	1
başınizin	başınızın	1
birakmadiniz	bırakmadınız	1
igüzarliklar	ığuzarlıklar	1
kazanacaktik	kazanacaktık	1
caka	çıka	1
sadrazamlikla	sadrazamlıkla	1
nâzirlikla	nazırlıkla	1
doymamişti	doymamıştı	1
nâminiza	namınıza	1
viläyete	vilayete	1
basişta	basista	1
tulumbaci	tulumbacı	1
ağzndan	ağzından	1
tiktilar	tıktılar	1
yaptirdilar	yaptırdılar	1
lokmasini	lokmasını	1
bunalanlarin	bunalanların	1
aşirp	asırp	1
havuzlarni	havuzlarnı	1
yiktilar	yıktılar	1
sattilar	sattılar	1
tanidilar	tanıdılar	1
Anamiza	Anamıza	1
babamizi	babamızı	1
tirnaklarimizi	tırnaklarımızı	1
bacağindan	bacağından	1
alirdik	alırdık	1
damarlarimizda	damarlarımızda	1
kollarimizda	kollarımızda	1
yakalarindan	yakalarından	1
yapişır	yapışır	1
kollarni	kollarnı	1
soramadik	soramadık	1
hakkinizdir	hakkınızdır	1
Lâyıkamiz	Layıkamız	1
kaliçta	kalıçta	1
Baska	Başka	1
ÂMEDÎ	MEDİ	1
yayinlanmitir	yayınlanmıtır	1
ibâresi	ibaresi	1
arabaşlikli	arabaşlıklı	1
takti	taktı	1
Ağila	Ağıla	1
kabartip	kabartıp	1
boynuzlarinizi	boynuzlarınızı	1
sirtinizi	sırtınızı	1
kinalayip	kınalayıp	1
tasmayi	tasmayı	1
toslamaktir	toslamaktır	1
meler	neler	1
nâlesi	nalesi	1
baliş	balış	1
kuzularini	kuzularını	1
azdirdin	azdırdın	1
Babaşa	Babası	1
nâzirlik	nazırlık	1
ayağinizla	ayağınızla	1
findikli	fındıklı	1
ağilinda	ağılında	1
tahisat	tahısat	1
yalayiniz	yalayınız	1
mer’asi	mer’ası	1
otlanip	otlanıp	1
sirtinizdaki	sırtınızdaki	1
bulaşti	bulaştı	1
Boynuzlarinizdaki	Boynuzlarınızdakı	1
çikarirsiniz	çıkarırsınız	1
şirlağan	sirlağan	1
Içinizde	İçinizde	1
ayrip	ayrıp	1
Çingirağinizi	Çıngırağınızı	1
Ödağacimizi	Odağacımızı	1
yakalim	yakalım	1
kazalim	kazalım	1
bağlayalim	bağlayalım	1
anamiz	anamız	1
yâdigâr	yadigar	1
Minakyan	Mınakyan	1
Kumpanyasi'nda	Kumpanyası'nda	1
hatirlatyor	hatırlatyor	1
Tâlim	Talim	1
ikmâline	ikmaline	1
firildak	fırıldak	1
intihâbatta	intihabatta	1
kakariko	kakarıko	1
Hülâsâ	Hulasa	1
sâk	sık	1
FALIH	FALİH	1
ŞEHID	ŞEHİD	1
yayinladiğ	yayınladığ	1
çıkşıni	çıksını	1
Rifk'nun	Rıfk'nun	1
kaybinda	kaybında	1
olmadiğr	olmadıgr	1
Muhafizliğrndan	Muhafızlığrndan	1
Ayrilacağimiz	Ayrılacağımız	1
Karşimdaki	Karşımdaki	1
hummâlari	hummaları	1
haken	hakem	1
irtifâin	irtifaın	1
bazit	bazıt	1
zaafindan	zaafından	1
imari	mani	1
islahati	ıslahatı	1
kalsaydi!	kalsaydı!	1
birakanlar	bırakanlar	1
onlardir	onlardır	1
kaymakamina	kaymakamına	1
Kanal'in	Kanal'ın	1
Pozanti	Pozantı	1
mâverâlarina	maveralarına	1
çalişanbu	çalışanbu	1
çatlami	çatlamı	1
bataklari	batakları	1
kuyulari	kuyuları	1
havzalari	havzaları	1
beyâbanlari	beyabanları	1
Sina’nun	Sına’nun	1
hatasidir!	hatasıdır!	1
unutmamiştir	unutmamıştır	1
kazdiği	kazdığı	1
yardiğ	yardığ	1
istiläyi	istilayı	1
kolaylaştirdiğni	kolaylaştırdığnı	1
tanimayanlar	tanımayanlar	1
ziyâindan	ziyaından	1
aradiklarini	aradıklarını	1
hatrasini	hatrasını	1
baskisinda	baskısında	1
çikmami	çıkmamı	1
kumandanlarnin	kumandanların	1
dağdağamiz	dağdağamız	1
paşalaridir	paşalarıdır	1
destandir	destandır	1
kirlari	kırları	1
sakalina	sakalına	1
Boyaciköyü'ndeki	Boyacıköyü'ndeki	1
basmadiğini	basmadığını	1
itâbta	itabta	1
itâb	itab	1
taraftarlaridir	taraftarlarıdır	1
vefasiz	vefasız	1
arkadaşlarimi	arkadaşlarımı	1
kullandiğimiz	kullandığımız	1
tanimal	tanımal	1
bühtani	buhtanı	1
aldirtmak	aldırtmak	1
ahbabindan	ahbabından	1
Adanalilar	Adanalılar	1
birakmiştı	bırakmıştı	1
Vak’ayi	Vak’ayı	1
Yanndan	Yanından	1
Vatanim	Vatanım	1
kivrildi	kıvrıldı	1
Yalidan	Yalıdan	1
karişacakti	karışacaktı	1
zaaflarindan	zaaflarından	1
HERIF	HERİF	1
yakaşikhliğ	yakasıkhlığ	1
basksinda	basksında	1
baskisinu	baskısını	1
farklarini	farklarını	1
şahsiyla	şahsıyla	1
risâledir	risaledir	1
hutût	Hitit	1
aksâ	aksi	1
mâhiyetler	mahiyetler	1
vatanimiza	vatanımıza	1
çirkâb	cirkâb	1
isâle	isale	1
utanmazini	utanmazını	1
acîbedir	acıbedir	1
hilkatin	hilkatın	1
derecâtiyle	derecatıyle	1
güzârişini	güzarışını	1
nâz	maz	1
hükümdarî	hükümdarı	1
bîkesin	bikesin	1
umümîdeki	umumideki	1
rizkini	rızkını	1
tahsîline	tahsiline	1
lîme	line	1
sâbikni	sabıkın	1
şenîa	Şeria	1
bekâm	Bekri	1
adalâti	adalatı	1
kalmişt	kalmışt	1
Pangalti'daki	Pangaltı'dakı	1
müştehîreyi	müştehireyi	1
Sultânî'nin	Sultanı'nın	1
şâkird	şakird	1
tanidiklarindan	tanıdıklarından	1
mâlettiler	malettiler	1
asdika	asdıka	1
pâdişâhîden	padişahiden	1
mütemâyiziyle	mütemayiziyle	1
formasi	forması	1
iştihâr	iştihar	1
şâhid	şahid	1
itikadimizca	itikadımızca	1
cinâs	cinas	1
dâne	dine	1
kurbündeki	kurbundeki	1
Mutasarrifliğina	Mutasarrıflığına	1
avân	İvan	1
Riyâ	Riya	1
mehâfilde	mehafilde	1
meçhulâtini	meçhulâtını	1
Sancaği'nda	Sancağı'nda	1
irz	ırz	1
ridâ	rıda	1
Tirnova'dan	Tırnova'dan	1
intisâbi	intisabı	1
Ingilizler’den	İngilizler’den	1
müctemiân	müctemian	1
menfüreyi	menfureyi	1
fazâili	fazaili	1
levs	Levi	1
mütecessîsi	mütecessisi	1
efşânini	efşanını	1
rezîleyi	rezileyi	1
Vezâreti	Vezareti	1
mükâfatidir	mükafatıdır	1
takilmiş	takılmış	1
mümeyyîzliğinin	mümeyyizliğinin	1
tahsîsâtindan	tahsisatından	1
kitâbet	kitabet	1
vizr	vızr	1
vezâreti	vezareti	1
şitâb	şitab	1
kit’alarla	kıt’alarla	1
devrân	devrin	1
Kildi	Kıldı	1
şâdân	Sadri	1
lûtfa	Lütfi	1
Âsârna	Aşama	1
asdakayi	asdakayı	1
Vâcibdir	Vacibdir	1
şuarâdan	şuradan	1
hân	ham	1
imtinâna	imtinana	1
mihmân	mıhmân	1
vekîlharci	vekilharcı	1
inâsina	masına	1
eczâsindandir	eczasındandır	1
cânîler	camiler	1
şânini!	şanını!	1
garîb	canib	1
cânini	canını	1
şerm	seni	1
Simâh	Şimali	1
efsânedir	efsanedir	1
Vâhibü’l	Vahibü’l	1
idrâk	idrak	1
irfânini	irfanını	1
sikar!	sıkar!	1
müdâhin	müdahın	1
sikmaz	sıkmaz	1
vicdânini	vicdanını	1
nâzimü1	nazımü1	1
selâsesini	selasesini	1
nehâr	nehir	1
istird	iştird	1
vicdânini!	vicdanını!	1
hitâma	hitam	1
hatirda	hatırda	1
sokaklarini	sokaklarını	1
âbâ	iba	1
evl	evi	1
darildim	darıldım	1
oğlanin	oğlanın	1
takazasini	takazasını	1
müz’ic	muz’ıc	1
muttarid	muttarıd	1
necîbedir	necibedir	1
ecdâdi	ecdadı	1
ahfadi	ahfadı	1
hilkatine	hilkatıne	1
mâhiyeti	mahiyeti	1
utanmamiti!	utanmamıtı!	1
hûn	hin	1
Aklinca	Aklınca	1
sâdikinin	sadıkının	1
mîrânlik	miranlık	1
ahfâdinın	ahfadının	1
murdârdir!	murdardır!	1
edn	edin	1
intişâr	intişar	1
fitraten	fıtraten	1
şuûn	sun	1
zararsizlarndan	zararsızlarndan	1
babasidir	babasıdır	1
Vatandaşlarimiz	Vatandaşlarımız	1
münâfika	münafıka	1
idâdinda	idadinda	1
şenî	seni	1
ilcâ	ilca	1
milyonlarinin	milyonlarının	1
muazzamasi	muazzaması	1
metrûkâti	metrukâtı	1
maaşâtinin	maaşatının	1
irtikâbâtinin	irtikabâtının	1
alrdi	alrdı	1
câizeleri	caizeleri	1
ferîkleri	ferikleri	1
olmamiti	olmamıtı	1
ekalinde	ekalınde	1
çaliiyordu	çalııyordu	1
makbuzlarinı	makbuzlarını	1
faturalarina	faturalarına	1
ihtimâm	ihtimam	1
hifz	hıfz	1
Äharen	Ahiren	1
Fün	Fin	1
baskdaki	baskdakı	1
tânesi	tanesi	1
inkilâptan	inkılaptan	1
hâmi	hani	1
sübha	Subhi	1
tâzim	tazim	1
münafik	münafık	1
Riyâsiz	Riyasız	1
mecmuasini	mecmuasını	1
kadincağizin	kadıncağızın	1
karişmak	karışmak	1
mevzû	mevzi	1
infikâki	infikaki	1
olunamamasidir	olunamamasıdır	1
delâletinden	delaletinden	1
Karişsa	Karışsa	1
Ingiltereyi	İngiltereyi	1
cihânin	cihanın	1
müstemlekâtinda	müstemlekatında	1
irticâiyesinde	irticaiyesinde	1
Basilmamak	Basılmamak	1
asilmamak	asılmamak	1
darağacinin	darağacının	1
mürtesîmi	murtesîmi	1
duracaktir	duracaktır	1
cânî	canı	1
âdemine	ademine	1
yağiz	yağız	1
sîmâ	sına	1
samîmiyesini	samimiyesini	1
korkmadiği	korkmadığı	1
baskada	baskıda	1
tilâl	tilal	1
nesl	mesi	1
ensâl	emsal	1
hâzirdan	hazırdan	1
evlâdina	evladına	1
kaniksamişlar	kanıksamışlar	1
alişmişlardir	alışmışlardır	1
siyâhina	siyahina	1
çalişsin	çalışsın	1
evlâdinin	evladının	1
iddiasinu	iddiasını	1
şenâyi	senayı	1
rezâil	rezaıl	1
ahlâkiyeye	ahlakiyeye	1
hânesinde	hanesinde	1
taniştiğ	tanıştığ	1
dünyasindaki	dünyasındaki	1
Arapçılik	Arapçılık	1
Harekâtina	Harekatına	1
katildı	katıldı	1
Lâzkiye	Lazkiye	1
aydinlarnin	aydınların	1
hayatnun	hayatının	1
yillarni	yıllarnı	1
Edebiyati'nun	Edebiyatı'nun	1
belâgatin	belagatın	1
hâdiseleri	hadiseleri	1
karnk	kırık	1
imläsini	imlasını	1
braktim	braktım	1
bendegâniniz	bendeganınız	1
arizayi	arızayı	1
hâkipâ	hakipâ	1
Çâvi	Çivi	1
drà	din	1
Istihbâr	İstihbar	1
Kurhavis	Kurhavıs	1
çiktiğinizi	çıktığınızı	1
Kafkasya'dadirlar	Kafkasya'dadırlar	1
izahdir	izahdır	1
hastalanip	hastalanıp	1
durmamiştir	durmamıştır	1
çekmitim	cekmitim	1
Maamaafih	Maamafih	1
anladiğimdan	anladığımdan	1
beyâna	beyan	1
kumandanlarindan	kumandanlarından	1
Rusya’dasiniz	Rusya’dasınız	1
Azerbaycan'dadirlar	Azerbaycan'dadırlar	1
Türkistan'dasiniz	Türkistan'dasınız	1
sikiştiran	sıkıştıran	1
ihtilâlini	ihtilalini	1
Câmiü1	Camiü1	1
iğtişâşa	iğtişaşa	1
vasitaniz	vasıtanız	1
Islâmiye’de	İslamiye’de	1
istilâm	istilam	1
başlamaniz	başlamanız	1
şahsiniz	şahsınız	1
filvâkî	filvaki	1
Müşârünileyhe	Müşarünileyhe	1
imkânindan	imkanından	1
açilmalarini	açılmalarını	1
ayrildiğiniz	ayrıldığınız	1
kaldiğinizi	kaldığınızı	1
iittik	ııttık	1
Tuhaftir	Tuhaftır	1
fsila	fiili	1
mantukli	mantıklı	1
Tûrâniye	Turaniye	1
arayacaksiniz	arayacaksınız	1
yâtini	yatını	1
saltanatlarini	saltanatlarını	1
râzi	razı	1
kit’asini	kıt’asını	1
tâmlarini	tamamını	1
Irtikab	İrtikab	1
işâr	işar	1
muhâberâtin	muhaberatın	1
başlamilar	başlamılar	1
Fransa’nn	Fransa’nın	1
kabäil	kabul	1
Karâin	Kararı	1
harekâtinı	harekatını	1
alkişlyorlar	alkışlyorlar	1
Firsatlari	Fırsatları	1
kayam	kıyam	1
Ahvâli	Alıvali	1
budalalktir!	budalalktır!	1
lâzmdir	lazımdır	1
teşkilâtuni	teşkilatını	1
tarafdarâni	tarafdarânı	1
Fransiz'in	Fransız'ın	1
alkaşliyorlar	alkaşlıyorlar	1
kit'asini	kıt'asını	1
iş’är	iş’ar	1
kabâil	kabul	1
almilardir	almılardır	1
Araplar'in	Araplar'ın	1
alkışliyorlar	alkışlıyorlar	1
Ingilizin	İngilizin	1
itmâ	itina	1
Ingilizya'y	İngilizya'y	1
budalaliktir!	budalalıktır!	1
Fransiz’n	Fransız’n	1
muhâdenetleri	muhadenetleri	1
imâlâti	imalatı	1
ustalarin	ustaların	1
yaptirirsiniz	yaptırırsınız	1
anlasinlar	anlasınlar	1
Islâm'dir	İslam'dır	1
Arabî’nin	Arabi’nin	1
müdafaasinda	müdafaasında	1
Pacifiste	Pacıfıste	1
Kasin	Kasım	1
ahbabim	ahbabım	1
Vâh	Vali	1
toplanmitir	toplanmıtır	1
Misirlilar'dan	Mısırlılar'dan	1
irtihäl	irtihal	1
âzâsiyla	azasıyla	1
eczâsina	eczasına	1
mallarni	mallarnı	1
olmalidırlar	olmalıdırlar	1
Tunusi	Tunusı	1
çalimişti	çalımıştı	1
çalimaya	çalmaya	1
Salâh	Silah	1
rüfekamizdan	rüfekamızdan	1
yazinizdan	yazınızdan	1
imzanizi	imzanızı	1
bûs	bu	1
hazirm	hazırm	1
açilacaklari	açılacakları	1
velînimetim	velinimetim	1
âtimi	atımı	1
mütalââtimi	mütalaatımı	1
koyacaktir	koyacaktır	1
akvâmin	akvamın	1
Tacikistan'in	Tacikistan'ın	1
çatimada	çatımada	1
Satilmı119	Satılmı119	1
sabahtir	sabahtır	1
ciçeklerinden	çiçeklerinden	1
iştiyâkmla	iştiyakmla	1
Hüdâ'nin	Hüda'nın	1
Gölpinarli	Gölpınarlı	1
Buharali	Buharalı	1
Mâhir	Mahir	1
Findikliyan	Fındıklıyan	1
iragyan	ıragyan	1
kizz	kızz	1
$akir	Şakir	1
kizkardei	kızkardei	1
Akpinarh	Akpınarh	1
Celäsin	Celasın	1
Dağstan	Dağıtan	1
Hanyali	Hanyalı	1
laan	ları	1
Omer	Ömer	1
hanumı	hanım	1
Eçina	Ecina	1
Fanni	Fannı	1
Kardiçali	Kardicalı	1
Beyîin	Beyiin	1
Buillon	Buıllon	1
Beşikta'in	Beşikta'ın	1
PAşa'nun	Paşa'nın	1
Seydahmed'in	Şeydahmed'in	1
Marah	Manlı	1
Lûtfiye	Lütfiye	1
rrahim	rrahım	1
mülazimi	mülazımı	1
nir	nır	1
Câbirîzâde	Cabirizâde	1
Nizâmi	Nizami	1
Oyrizade	Oyrızade	1
Ozbekistan	Özbekistan	1
Selma	Selim	1
hanımi	hanımı	1
Tarnk	Tarık	1
Soris	Sons	1
Tirilye	Tırılye	1
Karnik	Karnık	1
Usk	Uk	1
knzi	krizi	1
Ittihadçilar’n	İttihadçılar’ın	1
Kirm’n	Kırm’n	1
kaynbiraderi	kayınbiraderi	1
takmi	takım	1
sakalini	sakalını	1
çadirnda	çadırnda	1
Paşa'hnin	Paşa'hnın	1
kapağinda	kapağında	1
kaçınidiğ	kaçınıdığ	1
Aralik’inin	Aralık’ının	1
Mezarliğ'ndaki	Mezarlığ'ndakı	1
çıkartilip	çıkartılıp	1
torbasina	torbasına	1
Aralk'inda	Aralk'ında	1
Salah	Silah	1
Émin	Emin	1
Universitesi'nde	Üniversitesi'nde	1
Kadiköy’e	Kadıköy’e	1
Hanım’n	Hanım’ın	1
Mühürdar'daki	Mühürdar'dakı	1
taşiniyor	taşınıyor	1
Intihar	İntihar	1
kaldirlan	kaldırlan	1
SAMT	ÜMİT	1
sevkimize	şevkimize	1
suikasdi	suikasdı	1
Umûmisi'nin	Umumisi'nin	1
Umûmîsinin	Umumisinin	1
armasinin	armasının	1
FRON	FROM	1
VIa	VII	1
PANA	PAN	1
MLATION	NATİON	1
Ansi	Misi	1
ilikilerin	ılıkılerin	1
vatandaşlarni	vatandaşlarnı	1
mensuplariyla	mensuplarıyla	1
NSLAS	MİLİS	1
SALD	SAİD	1
Naşir	Nasır	1
baskininın	baskınının	1
baskni	baskın	1
VAAN	VAN	1
Cevi	Çevi	1
Aanoritse	Aanorıtse	1
conduit	conduıt	1
kasicn	kasıcn	1
lens	leri	1
saamn	samimi	1
abdul	Abdül	1
Nechse	Meclise	1
Adul	Adil	1
gondaienaz	göndaıenaz	1
Inus	İmiş	1
Efkär	Efkar	1
Ayliklar	Aylıklar	1
Beiin	Beıın	1
Ittihadçılar’n	İttihadçılar’ın	1
Misir'n	Mısır'ın	1
Hidivi	Hıdivi	1
yolladiğ	yolladığ	1
kartpostalin	kartpostalın	1
irm	iri	1
