original	corrected	count
Naciyecigim	Naciyeciğim	203
Naciyecigim!	Naciyeciğim!	165
efendicigim	efendiciğim	40
Sahverdi	Şahverdi	28
Räik	Raik	23
inçaallah	incaallah	22
Dinav	Dınav	22
yavrularimla	yavrularımla	20
Puli	Pulı	20
Muhyiddin	Muhyıddın	19
Efendicigim	Efendiciğim	18
Arivi	Arıvı	15
Käbil'e	Kabil'e	15
yazdig	yazdıg	13
Kâmil'e	Kamil'e	13
Kämil'e	Kamil'e	13
efendicigim!	efendiciğim!	12
Käbil'den	Kabil'den	11
Läkaylar'in	Lakaylar'ın	11
Toksabay'in	Toksabay'ın	11
atlandik	atlandık	11
aldig	aldıg	10
yazdiktan	yazdıktan	10
Abdülvähid	Abdülvahid	10
Ibrahim'e	İbrahim'e	10
yollandik	yollandık	9
gideceginden	gideceğinden	9
intizären	intizaren	9
Abdülkaim	Abdülkaım	8
Dinav'a	Dınav'a	8
Mirkalar'in	Mirkalar'ın	8
yazamadim	yazamadım	7
uzandim	uzandım	7
melegim!	meleğim!	7
Afganhlar'in	Afganhlar'ın	7
simalinde	şimalinde	7
yavrularim	yavrularım	7
Abdülhakim	Abdülhakım	7
Agalik	Ağalık	7
karakollarin	karakolların	7
olmadig	olmadıg	6
Arslancigum	Arslancıgum	6
ocagin	ocağın	6
elmasim	elmasım	6
ismarlarum	ısmarlarum	6
Paça'nin	Paça'nın	6
Ismeti	İsmeti	6
Yunanlilar'in	Yunanlılar'ın	6
civarndaki	civarndakı	6
Yavrularmi	Yavrularmı	6
Afganlilar	Afganlılar	6
Baysun'daki	Baysun'dakı	6
Rahti	Rahtı	6
Ibrahim'i	İbrahim'i	6
Esikagass	Eşikagass	5
äfiyetle	afiyetle	5
arslancigum	arslancıgum	5
teçkil	teckil	5
Efendicigim!	Efendiciğim!	5
Cevad'in	Cevad'ın	5
hiçbirseye	hiçbirşeye	5
göndermistim	göndermiştim	5
hodbin	hodbın	5
gönderecegini	göndereceğini	5
gikarttum	gıkarttum	5
vesäireyi	vesaireyi	5
Sâbircan	Sabırcan	5
Basmacilar	Basmacılar	5
Yavrularim	Yavrularım	5
Yavrularimi	Yavrularımı	5
tufekli	tüfekli	5
Häkiyan	Hakiyan	5
Käfirun	Kâfirun	5
yazdiklar	yazdıklar	4
herseyimi	herşeyimi	4
Naciyocigim	Naciyocıgım	4
yazdiklan	yazdıklan	4
iein	ıeın	4
meveudiyetim	meveudıyetim	4
Ciçerin'e	Çiçerin'e	4
çaligacagum	çalıgacagum	4
yavrularmiz	yavrularmız	4
valkit	valkıt	4
arslancigim	arslancıgım	4
müçabih	mücabıh	4
Adamcagiz	Adamcağız	4
Kämil'den	Kamil'den	4
Säbircan	Sabırcan	4
garbina	garbına	4
kägidh	kağıdh	4
Karahan'in	Karahan'ın	4
dolayisyla	dolayısyla	4
adamcagiz	adamcağız	4
illk	ıllk	4
kucaklarim	kucaklarım	4
akrabasindan	akrabasından	4
sardim	sardım	4
ismarlanm	ısmarlanm	4
arzettigim	arzettiğim	4
Kantoroviç'e	Kantorovıç'e	4
geçtigim	geçtiğim	4
vesâire	vesaire	4
alikoymak	alıkoymak	4
muhtacim	muhtacım	4
vesäireden	vesaireden	4
Yunanhlar'in	Yunanhlar'ın	4
kangik	kangık	4
Hakk'in	Hakk'ın	4
simalden	şimalden	4
Tirmiz'e	Tırmız'e	4
Käfirnihan	Kafirnihan	4
Rualar'in	Rualar'ın	4
Fäzaleddin	Fazaleddin	4
Afganlilar'in	Afganlılar'ın	4
Dinav'dan	Dınav'dan	4
Sehrisebz	Şehrisebz	4
yatagima	yatağıma	4
Häkiyan'a	Hakiyan'a	4
Kafirun	Kâfirun	4
sehadetinden	şehadetinden	3
Kurumu'ndadir	Kurumu'ndadır	3
Ikinei	İkinei	3
çikarttum	çıkarttum	3
Nociyecigim	Nocıyecigim	3
fiskiyeden	fıskiyeden	3
âfiyet	afiyet	3
Ozerinde	Özerinde	3
Fransizlar'a	Fransızlar'a	3
yavrularmizs	yavrularmızs	3
alsinlar	alsınlar	3
yavrularimuz	yavrularımuz	3
yavrularmizla	yavrularmızla	3
ayriea	ayrıea	3
Eurasie	Eurasıe	3
Bolgevikler'e	Bölgevikler'e	3
kucaklayip	kucaklayıp	3
dolayistyla	dolayıstyla	3
benligimi	benliğimi	3
smarladim	şmarladım	3
Islâmlar'in	İslamlar'ın	3
kaçmiglar	kaçmıglar	3
yollandim	yollandım	3
çaliçan	çalıçan	3
Afganhilar	Afganhılar	3
yavrularmi	yavrularmı	3
özledigim	özlediğim	3
yagiyorum	yağıyorum	3
namazina	namazına	3
teçvik	tecvik	3
Rakofski	Rakofskı	3
Kantoroviç	Kantorovıç	3
hazurlandim	hazurlandım	3
gidecegimden	gideceğimden	3
Igibil	Iğıbıl	3
Käbil'de	Kabil'de	3
kargik	kargık	3
Naciyocigim!	Naciyocıgım!	3
Afganistan'in	Afganistan'ın	3
Manmafih	Manmafıh	3
Sehbenderi	Şehbenderi	3
ayrldik	ayrldık	3
Halbulki	Halbulkı	3
bildirdigini	bildirdiğini	3
silähtan	silahtan	3
ismarlarm	ısmarlarm	3
sarlmis	şarlmıs	3
vesäiresini	vesairesini	3
gelmediginden	gelmediğinden	3
kägitlar	kağıtlar	3
yaptig	yaptıg	3
yavrularmiza	yavrularmıza	3
gösterdiginden	gösterdiğinden	3
söylediginden	söylediğinden	3
beklemedigim	beklemediğim	3
hazurladim	hazurladım	3
satirlan	satırlan	3
Zannimea	Zannımea	3
äfiyet	afiyet	3
alacakmis	alacakmış	3
etrafindakiler	etrafındakiler	3
hazarladim	hazarladım	3
gitmeyecegimi	gitmeyeceğimi	3
ettigimden	ettiğimden	3
yemegimizi	yemeğimizi	3
tarafiru	tarafıru	3
yazmasina	yazmasına	3
ikci	ikçi	3
buselerimi	büselerimi	3
yazamayacagim	yazamayacağım	3
kahvaltidan	kahvaltıdan	3
yavrularimu	yavrularımu	3
Çonki	Conkı	3
seyahatnâmeyi	seyahatnameyi	3
gönderecegimiz	göndereceğimiz	3
hilekär	hilekar	3
üserine	üşerine	3
verilmedigini	verilmediğini	3
Räik'i	Raik'i	3
buselerimle	büselerimle	3
yazild	yazıld	3
Ibrahimof	İbrahimof	3
topladigum	topladıgum	3
yavrularimi	yavrularımı	3
dolaysiyla	dolaysıyla	3
yavrularimun	yavrularımun	3
Sehrisyab	Şehrisyab	3
simalinden	şimalinden	3
esikagass	eşikagass	3
müs'irdi	muş'ırdı	3
Şiräbäd	Şirabad	3
simaline	şimaline	3
sikäyete	şikayete	3
hodbinligini	hodbınlıgını	3
Karlik	Karlık	3
Fäzleddin	Fazleddin	3
garbinda	garbında	3
Hüda'nin	Hüda'nın	3
Karlik'a	Karlık'a	3
cikarttam	çıkarttam	3
Häkiyan'dan	Hakiyan'dan	3
Käfirun'a	Kâfirun'a	3
nizâmi	nizami	3
kivrila	kıvrıla	3
istikbäle	istikbale	3
Egikagass	Eğikagass	3
Fäzileddin	Fazıleddin	3
Käfirun'da	Kâfirun'da	3
tarafindali	tarafındalı	2
kapagin	kapağın	2
kaybolmasin	kaybolmasın	2
yapistirarak	yapıştırarak	2
kägitlara	kağıtlara	2
mektuplarinin	mektuplarının	2
gocirmeye	göçirmeye	2
kullandig	kullandıg	2
Käinatta	Kainatta	2
söyledigimden	söylediğimden	2
cimenligin	çimenligin	2
gerilmis	gerilmiş	2
bagkalarinun	bağkalarınun	2
Çigerin'den	Ciğerin'den	2
hikäyelerini	hikayelerini	2
vekäletinde	vekaletinde	2
bulmadim	bulmadım	2
gidemeyecegiz	gidemeyeceğiz	2
yattik	yattık	2
tegyi	teğyi	2
bilmediginden	bilmediğinden	2
Kirgz	Kırgz	2
Inandik	İnandık	2
tebaiyyeten	tebaıyyeten	2
yardimes	yardımes	2
hazurladigum	hazurladıgum	2
yazilmug	yazılmug	2
yavrularumiza	yavrularumıza	2
Kâmil'den	Kamil'den	2
dolaştim	dolaştım	2
Çanki	Cankı	2
perestis	perestiş	2
Fiser	Fişer	2
yazsin	yazsın	2
SaatDakika	Saatdakıka	2
eglendirir	eğlendirir	2
buyursaniz	buyursanız	2
satirla	satırla	2
simendiferle	şimendiferle	2
tegvikle	teğvikle	2
seyretmis	seyretmiş	2
toplandiktan	toplandıktan	2
darima	darıma	2
hatarmdadir	hatarmdadır	2
hissiyatami	hissiyatamı	2
mütehassil	mütehassıl	2
yazdikça	yazdıkça	2
bastaki	baştaki	2
edemeyecegiz	edemeyeceğiz	2
Letyonyief	Letyonyıef	2
ümidvär	ümidvar	2
istenildigi	istenildiği	2
çalşiyorum	çalşıyorum	2
komnist	komnıst	2
yiyecegimi	yiyeceğimi	2
sevinecegim	sevineceğim	2
olduklarint	olduklarınt	2
yapayalnuzim	yapayalnuzım	2
Ivanovic	İvanoviç	2
Arbatsi	Arbatsı	2
hissettigimden	hissettiğimden	2
sikacak	sıkacak	2
yakacagim	yakacagım	2
tafsilât	tafsilat	2
Kantorovig	Kantorovıg	2
istodikleri	istodıkleri	2
aldiklan	aldıklan	2
serrinden	şerrinden	2
hazarladigum	hazarladıgum	2
ayrlik	ayrlık	2
parçalarcasina	parçalarcasına	2
etmedigim	etmediğim	2
Müslümanlar'in	Müslümanlar'ın	2
yazdrdim	yazdrdım	2
tuhafima	tuhafıma	2
Fransizlar'in	Fransızlar'ın	2
zannettigimi	zannettiğimi	2
sönecegini	sonecegini	2
taraftardir	taraftardır	2
Istediklerine	İstediklerine	2
vizur	vızur	2
namazinda	namazında	2
tarafinuzs	tarafınuzs	2
nizamnâmesini	nizamnamesini	2
Siklanski	Sıklanskı	2
anlagtik	anlagtık	2
kapadim	kapadım	2
zarfinu	zarfınu	2
ihtilälde	ihtilalde	2
dagildik	dağıldık	2
telgrafina	telgrafına	2
zaptetmis	zaptetmiş	2
cür'etli	cur'etli	2
ayaklandirmak	ayaklandırmak	2
yaptiklar	yaptıklar	2
Zähid	Zahid	2
açmadim	açmadım	2
Kämil'in	Kamil'in	2
berabermis	berabermiş	2
zannim	zannım	2
parçalarim	parçalarım	2
tuyin	tüyin	2
sevketmemesini	şevketmemesini	2
ayridak	ayrıdak	2
gonderdiklerini	gönderdiklerini	2
olmadiguu	olmadıguu	2
ayridik	ayrıdık	2
kalmadigin	kalmadığın	2
ahndig	ahndıg	2
Vorogilof	Vorogılof	2
Arzivi	Arzıvı	2
degişmem	değişmem	2
istemedigimizi	istemediğimizi	2
söylemedigini	söylemediğini	2
çaligyoruz	çalıgyoruz	2
tesyi	teşyi	2
koldik	koldık	2
leventsalicerdi	leventsalıcerdi	2
Kazaklar'in	Kazaklar'ın	2
tarafint	tarafınt	2
maglübiyetinden	mağlubiyetinden	2
Duhânizade	Duhanizade	2
kasasina	kasasına	2
bulunsaydim	bulunsaydım	2
yavrulariman	yavrularıman	2
kalmi	kalmı	2
yaptardim	yaptardım	2
hayrdir	hayrdır	2
görmedigimi	görmediğimi	2
zimsa	zımsa	2
vasitastyla	vasıtastyla	2
Arsigi	Arşıgı	2
isliyorum	işliyorum	2
asilz	asılz	2
alamadilar	alamadılar	2
Kirm'da	Kırm'da	2
yazmigsin	yazmıgsın	2
siklmazsan	sıklmazsan	2
yoldadir	yoldadır	2
yazmigtum	yazmıgtum	2
Başkird	Başkırd	2
kenarndaki	kenarndakı	2
kopardim	kopardım	2
sevinmis	sevinmiş	2
çikp	çıkp	2
sararmis	sararmış	2
Unutacaktim	Unutacaktım	2
doyamiyorum	doyamıyorum	2
saşarsin	şaşarsın	2
pişmig	pismig	2
gezdigi	gezdiği	2
saldim	saldım	2
postasim	postasım	2
fotografimizs	fotoğrafımızs	2
kargaklik	kargaklık	2
müs'irdir	muş'ırdır	2
çalsabilmek	çalsabılmek	2
Yunanlilar'n	Yunanlılar'n	2
Yavrularumizs	Yavrularumızs	2
Yunanlilar'dan	Yunanlılar'dan	2
Arsi	Arşı	2
yolundadir	yolundadır	2
Mayis'a	Mayıs'a	2
bulvarin	bulvarın	2
ayrldim	ayrldım	2
cigneniyor	çiğneniyor	2
savmig	savmıg	2
Lamartin'in	Lamartın'ın	2
bildirecegini	bildireceğini	2
sişmanca	şişmanca	2
Saliverdi	Salıverdi	2
istikrazin	istikrazın	2
kaldirdilar	kaldırdılar	2
vesâireden	vesaireden	2
isinmaya	ısınmaya	2
bulunmasin	bulunmasın	2
yaklagtim	yaklagtım	2
adameagiz	adameagız	2
Filoranski	Filoranskı	2
Gennari	Gennarı	2
kararlastardik	kararlaştardık	2
sikilmadan	sıkılmadan	2
kolamadim	kolamadım	2
fotograflarinu	fotoğraflarınu	2
Yavrulanmi	Yavrulanmı	2
yazdimdh	yazdımdh	2
ugradigam	uğradıgam	2
Argioi	Argıoı	2
Seyahatnâmesi'ni	Seyahatnamesi'ni	2
ögretiyor	öğretiyor	2
leventsaliverdi	leventsalıverdi	2
tindan	tından	2
söylodim	söylodım	2
hazırladim	hazırladım	2
olduklarim	olduklarım	2
cekileceklerini	çekileceklerini	2
bahsediyorlardi	bahsediyorlardı	2
Arsici	Arşıcı	2
çekmigler	cekmigler	2
mükrim	mukrım	2
Sâbirean	Sabirean	2
zannimea	zannımea	2
hakkondaki	hakkondakı	2
postasina	postasına	2
hazrladim	hazrladım	2
opmeyi	öpmeyi	2
Semiluki	Şemilukı	2
Gunaris	Gunarıs	2
ögrendigine	öğrendiğine	2
simalde	şimalde	2
Argii	Argıı	2
yalnuzim	yalnuzım	2
Kilkis	Kılkış	2
postasiyla	postasıyla	2
kazdirmak	kazdırmak	2
Liman'in	Liman'ın	2
Yavrularimu	Yavrularımu	2
arslanim	arslanım	2
Ingilizler'le	İngilizler'le	2
taraftandir	taraftandır	2
Agivi	Ağıvı	2
kolmasi	kolması	2
Teshilät	Teshilat	2
defadir	defadır	2
varmadi	varmadı	2
kaçtigindan	kaçtığından	2
sifreleri	şifreleri	2
sifreler	şifreler	2
sikaldh	şikaldh	2
yazilt	yazılt	2
yodik	yodık	2
hesabin	hesabın	2
ismarlarim	ismarlarım	2
hazurlandik	hazurlandık	2
yavrularima	yavrularıma	2
alsaydim	alsaydım	2
odamiza	odamıza	2
Basmacilar'a	Basmacılar'a	2
kerpic	kerpiç	2
Buharakäri	Buharakärı	2
aralarndaki	aralarndakı	2
Maksumi	Maksumı	2
Teçrins	Tecrins	2
tegvike	teğvike	2
Torkistan	Torkıstan	2
hepaine	hepaıne	2
Turkistan'dan	Türkistan'dan	2
sarkin	şarkın	2
söylodi	söylodı	2
kâmileyi	kamileyi	2
Düsenbe'nin	Düşenbe'nin	2
gelemeyecegini	gelemeyeceğini	2
Ekäbir	Ekabir	2
kararlasturdik	kararlaşturdık	2
kucaklagtik	kucaklagtık	2
liçin	lıcın	2
utandirmasin	utandırmasın	2
anladiklarndan	anladıklarndan	2
anladigumiza	anladıgumıza	2
eteginde	eteğinde	2
sarkndaki	şarkndakı	2
mes'udiyet	mes'udıyet	2
desimetre	deşimetre	2
yildizh	yıldızh	2
Sirâbäd	Şirabad	2
çagurdik	çağurdık	2
säyledi	sayledi	2
silählarnu	silahlarnu	2
yavrularimin	yavrularımın	2
Esikagast	Eşikagast	2
sarmaştik	sarmaştık	2
bütin	butın	2
Işabagi	İsabagı	2
Kuşlagi'na	Kuşlagı'na	2
Lakaylar'in	Lakaylar'ın	2
silählan	silahlan	2
silte	şilte	2
Abdulkaim	Abdülkaım	2
yavrularims	yavrularıms	2
çagrdim	çağrdım	2
Ibeahim	Ibeahım	2
olunmasina	olunmasına	2
oderim	öderim	2
kagodi	kagodı	2
Garim'e	Garım'e	2
azâbin	azabın	2
silähl	silahl	2
kaşlagin	kaşlagın	2
Danyal'in	Danyal'ın	2
geliyorlarmıs	geliyorlarmış	2
Tirmiz	Tırmız	2
Yatsidan	Yatsıdan	2
yavrularumin	yavrularumın	2
arslancigm	arslancıgm	2
Siräbäd	Şirabad	2
çarpayorlardi	çarpayorlardı	2
Buharaida	Buharaıda	2
arslancigum!	arslancıgum!	2
sarlip	şarlıp	2
Göktas'taki	Göktaş'takı	2
Siräb	Sırab	2
dermansiz	dermansız	2
yazmayacagim	yazmayacağım	2
Kaşlag'nin	Kaşlag'nın	2
Düsenbe'deki	Düşenbe'deki	2
kisrak	kısrak	2
sikäyetle	şikâyetle	2
cikarttim	çıkarttım	2
omuzlarinin	omuzlarının	2
Känunsâni	Kanunsani	2
eümlenizi	eumlenizi	2
Işan'in	İsan'ın	2
Kislagr'ndan	Kışlagr'ndan	2
kovaladik	kovaladık	2
Podigahumuz	Podıgahumuz	2
Känunsani	Kanunsani	2
gimalinde	ğımalınde	2
Isan'in	İsan'ın	2
Rustar'in	Rustar'ın	2
yatsi	yatsı	2
Rahti'ye	Rahtı'ye	2
tüfegiyle	tüfeğiyle	2
Rahtide	Rahtıde	2
peslinden	peşlinden	2
Kislag	Kışlag	2
Yavrularimla	Yavrularımla	2
cikarttum	çıkarttum	2
Karakollarmiz	Karakollarmız	2
Binbaşinun	Binbaşınun	2
simale	şimale	2
Dinav'da	Dınav'da	2
sikalyor	şikalyor	2
mihmanhanede	mıhmanhanede	2
Karadag'daki	Karadağ'dakı	2
yeşermis	yesermis	2
bezenmis	bezenmiş	2
serpilmis	serpilmiş	2
Hâkiyan	Hakiyan	2
kayaliklar	kayalıklar	2
atlandim	atlandım	2
Cilligol	Çilligöl	2
Kafirun'a	Kâfirun'a	2
yazdirdim	yazdırdım	2
karakollari	karakolları	2
Sahcerdi	Şahcerdi	2
mihman	mıhman	2
Avlad'daki	Avlad'dakı	2
Karhik'a	Karhık'a	2
Mirgadi	Mirgadı	2
Hâkiyan'a	Hakiyan'a	2
kâmileye	kamileye	2
Sirab	Sırab	2
Ibrahim'den	İbrahim'den	2
Tirmiz'den	Tırmız'den	2
oturmaktadir	oturmaktadır	2
Şiräbäd'dan	Şirabad'dan	2
günderdigi	gunderdigi	2
Esikagas	Eşikagas	2
Argivi	Arşivi	1
Basmacs	Basmacı	1
yakunundaki	yakınındaki	1
qua	qui	1
Arsivi	Arşivi	1
amail	nail	1
gai	gü	1
Arig	Ariş	1
Ärsivi	Arşivi	1
Agigi	Açığı	1
gmai	ğini	1
amgi	İngi	1
Yayinlayan	Yayınlayan	1
Bardakcı	Bardakçı	1
Eriver	Enver	1
gnail	gnaıl	1
KULTÜR	KÜLTÜR	1
tasarumu	tasarımı	1
Basam	Basım	1
Basks	Baskı	1
fotograf	fotoğraf	1
Sultanà	Sultana	1
Birincl	Birinci	1
Narie	Marie	1
Agustos	Ağustos	1
gorünmektedir	görünmektedir	1
Kazl	Kazı	1
kullandugs	kullandığı	1
geklindeki	şeklindeki	1
yalilarundo	yalılarundo	1
fotagrafi	fotagrafı	1
kapallardaki	kapallardakı	1
halda	Hilda	1
kitaban	kitabın	1
fotograflar	fotoğraflar	1
yazarn	yazarı	1
uni	üni	1
hicbir	hiçbir	1
bigimde	biçimde	1
Nocie	Nocıe	1
bolomi	bolomı	1
alantalar	alıntılar	1
olmaik	olmaık	1
nune	rine	1
mesana	mesini	1
ano	no	1
sauquansoi	sauquansoı	1
tranamitted	tranamıtted	1
electronie	electronıe	1
includimg	includımg	1
recurding	reçurdıng	1
imformation	ımformatıon	1
TURKIYE	TÜRKİYE	1
yazdiğ	yazdıg	1
Yaynlayan	Yayımlayan	1
IÇINDEKILER	İÇİNDEKİLER	1
hurla	hurma	1
yagadim	yaşadım	1
yapacagum	yapacağım	1
gey	şey	1
sirälmesin	sıralmesin	1
yolniz	yolnız	1
ayrilmasa	ayrılması	1
Daglari'nun	Dağları'nın	1
surasinda	sırasında	1
hanumi	hanım	1
sirasayla	sırasıyla	1
tüfeginden	tüfeğinden	1
yazildiklar	yazıldıklar	1
yeraliyor	yeralıyor	1
karşs	karşı	1
koymalaridır	koymalarıdır	1
etmigtim	etmiştim	1
sürglin	sürgün	1
başkalars	başkaları	1
vardur	vardır	1
etmedigi	etmediği	1
alms	almış	1
dogrultusunda	doğrultusunda	1
atilmi	atılım	1
Islâmi	İslami	1
giristigi	giriştiği	1
Imparatorlugu	İmparatorluğu	1
yaynladiğim	yaynladığım	1
yaçadiklars	yaçadıklars	1
bayali	bayalı	1
macerasunin	macerasunın	1
kasith	kasıtlı	1
kaynags	kaynağı	1
mektuplars	mektupları	1
savaşnda	savaşında	1
aradiga	aradığı	1
kasitstz	kasıtstz	1
çarpitmalan	çarpıtmalan	1
etmektodir	etmektodır	1
Yazdiklar	Yazdıklar	1
ugradigumiz	uğradıgumız	1
çabalarm	çabaları	1
almg	almış	1
hulyalarnmi	hülyalarnmı	1
kunkliklarns	künkliklarns	1
sonrasana	sonrasına	1
yazmistur	yazmıştır	1
Kirum'da	Kırım'da	1
kardegi	kardeşi	1
Kämil	Kamil	1
arasundaki	arasındaki	1
çahgtigr	cahgtıgr	1
yazdiklarndan	yazdıklarndan	1
evraka	evrakı	1
arasundadir	arasındadır	1
teşkiläta	teşkilata	1
gegirilmis	geçirilmiş	1
yayn	yayın	1
edilmiglerdir	edilmişlerdir	1
Paşa'run	Paşa'nın	1
mektuplarnun	mektupların	1
tamamu	tamamı	1
yayınlanmıs	yayınlanmış	1
olmaktadur	olmaktadır	1
torafindan	torafından	1
ulasmamig	ulaşmamıg	1
ulagabilen	ulagabılen	1
anlattigum	anlattığım	1
bahsettigi	bahsettiği	1
macerasin	macerasın	1
ayrntilanna	ayrntılanna	1
Once	Önce	1
genglik	gençlik	1
hayatanin	hayatının	1
dogumundan	doğumundan	1
Megrutiyet'in	Meşrutiyet'in	1
ilânsna	ilanına	1
almis	almış	1
hanimı	hanımı	1
yazmigtar	yazmıgtar	1
dänemini	danemini	1
nisanlilak	nişanlılak	1
Istikld!	İstikld!	1
Mäcodefesi	Macodefesi	1
Erdogan	Erdoğan	1
nsn	nin	1
iletigim	iletişim	1
Yaynlan	Yayınlan	1
hattà	hatta	1
sak	sık	1
mektuplarun	mektupların	1
sözettigi	sözettiği	1
Megrutiyet	Meşrutiyet	1
Kumandans	Kumandanı	1
bağs	bağı	1
olugmuştur	oluşmuştur	1
nişanlilgindan	nişanlılgından	1
Paşa'nan	Paşa'nın	1
tamamum	tanırım	1
yaymnladigum	yaymnladıgum	1
etmigti	etmişti	1
Ittihadçalar'dan	İttihadçalar'dan	1
postasindan	postasından	1
vefatandan	vefatından	1
kuzi	kızı	1
vefats	vefatı	1
Türkän	Türkan	1
yaynla	yayına	1
yazdigs	yazdığı	1
mektuplaran	mektupların	1
tamama	tamamı	1
verdigim	verdiğim	1
Mänih	Manlı	1
Hanioghu	Hanioğlu	1
Yayalan	Yayılan	1
gonderdigi	gönderdiği	1
bagka	başka	1
mektaplarin	mektapların	1
Tripofis	Tripofıs	1
Universiteleri'ndeki	Üniversiteleri'ndeki	1
mam	man	1
genig	geniş	1
dolaştig	dolaştıg	1
cografyanin	coğrafyanın	1
degizik	değizik	1
saglayacaktur	sağlayacaktır	1
yazalanlarin	yazalanların	1
anlagilmasam	anlagılmasam	1
Kosars	Koşan	1
Kurum'n	Kırım'ın	1
Ittihadg	İttihadg	1
Tarkiye'den	Tarkıye'den	1
baçansiz	bacansız	1
aylarn	ayları	1
arasu	arası	1
kapatalci	kapatalcı	1
hapiabaneden	hapıabaneden	1
Agustos'ta	Ağustos'ta	1
döndu	döndü	1
Bakii'den	Bakıı'den	1
gegti	geçti	1
Hazirwn	Hazırwn	1
aynid	aynıd	1
dogusuna	doğusuna	1
Hazar'in	Hazar'ın	1
goçti	göçti	1
Kosam	Koşan	1
ayribp	ayrıbp	1
Kosum	Koşum	1
bazs	bazı	1
Kuzal	Kızıl	1
karg	Kars	1
silähls	silahlı	1
devamh	devamlı	1
degistirdi	değiştirdi	1
LÄkaylar'in	Lakaylar'ın	1
Viläyeti'nde	Vilayeti'nde	1
yazmis	yazmış	1
olmustur	olmuştur	1
Baza	Bazı	1
hanimini	hanımın	1
çabasinun	çabasının	1
mektuplarndaki	mektuplarndakı	1
vasitasryla	vasıtasryla	1
sahsi	şahsi	1
başunda	başında	1
aläkadar	alakadar	1
anlattigs	anlattığı	1
altuna	altına	1
yazdiklarnda	yazdıklarnda	1
ayrintil	ayrıntıl	1
mektuplarmmim	mektuplarmmım	1
yaşlarinun	yaşlarınun	1
ayrintilarla	ayrıntılarla	1
mektuplarina	mektuplarına	1
çabasidar	çabasıdar	1
dedigim	dediğim	1
mektuplarimi	mektuplarını	1
dügünüyorum	düşünüyorum	1
bunlars	bunları	1
aksim	Akşin	1
bulunmug	bulunmuş	1
başlangiçtan	başlangıçtan	1
muhtira	muhtıra	1
yaptigins	yaptığını	1
mektuplarnim	mektupların	1
alnmis	alınmış	1
kaybolmamasini	kaybolmamasını	1
yapisturursan	yapısturursan	1
yapistirsin	yapıştırsın	1
yapraklarina	yapraklarına	1
kâgutlarin	kağutların	1
verdigimiz	verdiğimiz	1
tatla	tatlı	1
acisins	acısını	1
aynu	aynı	1
muhafazasini	muhafazasını	1
karirdik	karırdık	1
kagit	kağıt	1
bulamamis	bulamamış	1
baglamis	başlamış	1
arasim	arasın	1
edebildigi	edebildiği	1
kägitlardan	kağıtlardan	1
çuktig	çüktig	1
kenarlars	kenarları	1
kararmıs	kararmış	1
kaldig	kaldıg	1
eridigi	eridiği	1
silinmisti	silinmişti	1
Mektuplarnun	Mektupların	1
yapranmiş	yıpranmış	1
gruplarum	grupların	1
baza	bazı	1
yanls	yanlı	1
şeli	seli	1
gerektigini	gerektiğini	1
dügündügüm	düşündüğüm	1
okunamamasinin	okunamamasının	1
yazaldiklan	yazaldıklan	1
okuyamadigum	okuyamadıgum	1
eümlenin	eumlenin	1
Mektuplarn	Mektupları	1
konugmalarinda	konuşmalarında	1
yalindir	yalındır	1
Geçmig	Geçmiş	1
yazilmis	yazılmış	1
olmadiguna	olmadığını	1
kaldiracagina	kaldıracagına	1
aldiğn	aldığım	1
kullanar	kullanır	1
icerisine	içerisine	1
düstügü	düştüğü	1
unutmus	unutmuş	1
cekim	çekim	1
bagansizhklar	bagansızhklar	1
koymamstir	koymamstır	1
çahşmalara	çalışmaları	1
olmasma	olmasına	1
çahşmasina	çalışmasına	1
karmagasina	karmagasına	1
anlattig	anlattıg	1
sairâne	şairane	1
kaynaklik	kaynaklık	1
edeceginin	edeceğinin	1
aläkasiz	alakasız	1
cekinmemig	çekinmemig	1
karsina	karşıma	1
män	man	1
hatiralarna	hatıralarna	1
saygosizhk	saygosızhk	1
sekildeki	şekildeki	1
cikarttigim	çıkarttığım	1
kaldum	kaldım	1
hoşlanmadig	hoşlanmadıg	1
rühum	ruhum	1
girisinde	girişinde	1
degisik	değişik	1
yazdaga	yazdığı	1
sultanum	sultanın	1
Rühum	Ruhum	1
Näciyocigim	Naciyocıgım	1
arslancigam	arslancıgam	1
elmasimn	elmasımn	1
canm	canım	1
yeg	yeğ	1
hayatam	hayatım	1
sevdigim	sevdiğim	1
sultam	sultan	1
mektuplann	mektupların	1
birçogunu	birçoğunu	1
okumus	okumuş	1
alntalar	alıntılar	1
yapmaştar	yapmıştır	1
hayatanun	hayatının	1
kitabunun	kitabının	1
kusa	kısa	1
yaynladigim	yaynladıgım	1
yaptiğ	yaptığ	1
nakletmis	nakletmiş	1
Açagida	Açagıda	1
kosaltilmis	koşaltılmıs	1
sekillerini	şekillerini	1
Karanmin	Kararının	1
konusmak	konuşmak	1
cagirdam	çağırdım	1
hazurdir	hazırdır	1
yayladigi	yayladıgı	1
Sariki	Sanki	1
kisi	kişi	1
Raza	Rıza	1
Ruslarn	Rusları	1
olacaklanns	olacaklarını	1
gidecogim	gidecogım	1
zamananun	zamanının	1
Sevket	Şevket	1
Sureyya	Süreyya	1
Mul	Mül	1
Sarki	Şarki	1
icabunda	icabında	1
arkadaglarla	arkadaşlarla	1
arkadaslanma	arkadaşların	1
çalistum	çalıştım	1
sil	sıl	1
getirecegini	getireceğini	1
iläve	ilave	1
Bakahm	Bakalım	1
ahväl	ahval	1
oradalki	oradalkı	1
açacagin	açacağın	1
kaldam	kaldım	1
yemeginde	yemeğinde	1
Aksam	Akşam	1
görügmek	görüşmek	1
arasundan	arasından	1
muv	Mv	1
kulavuz	kılavuz	1
kusmuna	kısmına	1
yarn	yani	1
sutma	sıtma	1
hersey	herşey	1
valcit	valcıt	1
Buharalillar'n	Buharalıllar'n	1
çalistyorlar	çalıştyorlar	1
bakalm	bakanı	1
çaligap	çalıgap	1
hicbirey	hiçbirey	1
Kassm	Kasım	1
kaynaga	kaynağa	1
vardam	vardım	1
ortasanda	ortasında	1
vards	vardı	1
ortasunda	ortasında	1
tegkil	teşkil	1
Uyandim	Uyandım	1
Saraymn	Sarayının	1
yayınladig	yayınladıg	1
menbaina	menbaına	1
cimenlik	çimenlik	1
ortasmndaki	ortasmndakı	1
aradim	aradım	1
süpheye	şüpheye	1
Paga'dan	Paşa'dan	1
gelis	geliş	1
karsa	karşı	1
şartu	şartı	1
baknca	bakınca	1
olmamana	olmanın	1
arzularumin	arzularumın	1
lozmazdin	lozmazdın	1
tercümanu	tercüman	1
yazil	yazıl	1
istemediginden	istemediğinden	1
olobilir	olobılır	1
geçecegimi	geçeceğini	1
kuşkulandirmamak	kuşkulandırmamak	1
Turkistan	Türkistan	1
baskumandana	başkumandan	1
cetelerin	çetelerin	1
daga	dağa	1
dolays	dolayı	1
silählanarak	silahlanarak	1
gaktiklarans	gaktıklarans	1
kalavuz	kılavuz	1
görügmüg	görüşmüş	1
Görügtük	Görüştük	1
Ruslar'n	Ruslar'ın	1
karammi	kararın	1
ettigini	ettiğini	1
geräit	şerait	1
sartiyla	şartıyla	1
Yavas	Yavaş	1
yavas	yavaş	1
hice	hiçe	1
anlastigundan	anlaştıgundan	1
gorüniyor	görüniyor	1
dönmeyecegini	dönmeyeceğini	1
säyledim	sayledim	1
bülümetine	bulumetine	1
birakacaklar	bırakacaklar	1
yaptikian	yaptıkian	1
yayenladige	yayenladıge	1
yazdtkiar	yazdtkıar	1
Bakalam	Bakalım	1
gosterecek	gösterecek	1
namazuna	namazını	1
cars	çarı	1
eaminde	eninde	1
burnda	bunda	1
Ogleden	Öğleden	1
tugla	tuğla	1
ski	iki	1
agag	ağaç	1
iglere	işlere	1
yigun	yığın	1
dägenmis	dağenmis	1
imkäm	imkan	1
plänm	planın	1
gimdilik	şimdilik	1
Igte	İşte	1
aldigima	aldığını	1
güire	güıre	1
Isl	İşi	1
yaynladigi	yayınladığı	1
imkäns	imkanı	1
imkän	imkan	1
yazacagm	yazacağım	1
satirlara	satırlara	1
yazacagim	yazacağım	1
gelds	geldi	1
yazdikiare	yazdıkıare	1
Artilk	Artılk	1
süväri	süvari	1
alayundan	alayından	1
Manasturdaki	Manasturdakı	1
Ogüncüi	Öğüncüi	1
Hacs	Hacı	1
Hagim	Hacim	1
mahk	malik	1
muväfik	muvafık	1
Simdi	Şimdi	1
siväri	sıvarı	1
onbes	onbeş	1
soyledi	söyledi	1
sakalmis	sakalmıs	1
Ciçerin'den	Çiçerin'den	1
Erè	Ere	1
Tufekçi	Tüfekçi	1
ayrildhk	ayrıldhk	1
dügündoklerimi	düğündoklerimi	1
hatarlatan	hatırlatan	1
çektigimi	çektiğini	1
düg	düş	1
omit	ont	1
baglayarak	başlayarak	1
häl	hal	1
anlarmuzi	anlarmuzı	1
çaliacagum	çalıacagum	1
hämilen	hamilen	1
Ingaallah	İnşaallah	1
Buranun	Buranın	1
Buranan	Buranın	1
Ortasi	Ortası	1
açak	açık	1
bagandayim	bagandayım	1
yildszh	yıldszh	1
nâzar	nazır	1
kapalars	kapıları	1
mpaoqzis	mpaoqzıs	1
egns	eğri	1
oldugumu	olduğunu	1
anladalar	anladılar	1
ellerimi	ellerini	1
Harami	Hanım	1
ayaklarm	ayakları	1
iclerinden	içlerinden	1
ihtiyan	ihtiyari	1
yazdiklart	yazdıklart	1
ayrildilar	ayrıldılar	1
vardak	vardık	1
cifte	çifte	1
yansndaki	yanındaki	1
binass	binası	1
Kaslagina	Kulağına	1
sehrine	şehrine	1
Ruza	Rıza	1
simdilik	şimdilik	1
edecegiz	edeceğiz	1
ath	atlı	1
Siläh	Silah	1
Bunlars	Bunları	1
topladam	topladım	1
esim	eşim	1
geldigimi	geldiğini	1
verdigimi	verdiğini	1
anlaturken	anlatırken	1
maksads	maksadı	1
koidalar	koıdalar	1
anlinttam	anlınttam	1
burakarak	bırakarak	1
bagladim	başladım	1
müselläh	müsellah	1
Läknylar'in	Laknylar'ın	1
olmamu	olmam	1
ikiger	ikişer	1
segilmig	seçilmiş	1
olmams	olmamış	1
Keläm	Kelam	1
odeceklerini	ödeceklerini	1
Agladilar	Ağladılar	1
Anladiguma	Anladığıma	1
Kasam	Kasım	1
namazndan	namazından	1
sehrinde	şehrinde	1
Turklerinin	Türklerinin	1
toplanup	toplanıp	1
nasul	nasıl	1
Islämiyet	İslamiyet	1
emrime	emrine	1
padigah	padişah	1
mushafimi	mushafımı	1
fenalagina	fenalagına	1
agladilar	ağladılar	1
nasal	nasıl	1
seyi	şeyi	1
yayntadigi	yayntadıgı	1
damathigundan	damathıgundan	1
namana	namına	1
nlu	mu	1
Bag	Bağ	1
Kur'ans	Kur'an	1
çakararak	çıkararak	1
evvelà	evvela	1
Elimi	Elini	1
bülerek	bilerek	1
edeceklorini	edeceklorını	1
basladam	başladım	1
operek	öperek	1
ekmege	ekmeğe	1
Kargamdakiler	Kargamdakıler	1
tanudik	tanıdık	1
Podigah	Podıgah	1
Isläm'n	İslam'ın	1
ryam	Ryan	1
ingallah	inşallah	1
megveret	meşveret	1
hizmetkäroyum	hizmetkaroyum	1
verdigini	verdiğini	1
Arain	İran	1
dagldilar	dağldılar	1
taragı	tanığı	1
barakmaya	bırakmaya	1
olacagm	olacağım	1
sakalina	sakalına	1
Ayderair	Ayderaır	1
bulunacagam	bulunacağım	1
salivermeye	salıvermeye	1
Darilmazsan	Darılmazsan	1
yazmasanı	yazmasını	1
sikäyet	şikayet	1
ayns	aynı	1
yazmamasindan	yazmamasından	1
arasandan	arasından	1
evraknin	evraknın	1
çakmamig	çakmamıg	1
alsrken	alırken	1
yaymladigim	yaymladıgım	1
yardumlarim	yardumlarım	1
tamaminun	tamamının	1
yaynlams	Yayınları	1
Aynu	Aynı	1
yardam	yardım	1
vermig	vermiş	1
kitabun	kitabın	1
saburla	sabırla	1
sabrs	Sabri	1
zülmesinde	zulmesinde	1
mizanpajins	mizanpajıns	1
evrakani	evrakını	1
hazurlarken	hazırlarken	1
Arsivinde	Arşivinde	1
ihtiyacs	ihtiyacı	1
Başkans	Başkanı	1
kacurmis	kaçurmıs	1
bulunabilecegi	bulunabileceği	1
kitabnan	kitabının	1
Inan'in	İnan'ın	1
sagladigs	sağladığı	1
râhum	Rahmi	1
Arkadasim	Arkadaşım	1
tesvikleri	teşvikleri	1
alinmas	alınmış	1
saglayan	sağlayan	1
suk	sık	1
hälini	halini	1
Bankass	Bankası	1
Titizligi	Titizliği	1
tahammil	tahammıl	1
arsiv	arşiv	1
kazs	kızı	1
arkadasum	arkadaşım	1
kügük	küçük	1
Nociyem	Nocıyem	1
kusmu	kısmı	1
açts	açtı	1
büyükbabass	büyükbabası	1
yazmu	yazın	1
kurtards	kurtardı	1
vefatlarmin	vefatlarmın	1
yazmigtim	yazmıştım	1
kimliginin	kimliğinin	1
meshur	meşhur	1
gıklarindan	gıklarından	1
Bardakçs	Bardakçı	1
dünyasin	dünyasın	1
Tegvikiye	Teğvikiye	1
uzakiiklardir	uzakııklardır	1
ern	en	1
Arslancigim	Arslancıgım	1
Çocuklarums	Çocuklarını	1
kargi	karşı	1
basamu	başarı	1
bahsedildigini	bahsedildiğini	1
acu	acı	1
hikäyeni	hikayeni	1
kanadiguru	kanadıguru	1
aciss	acısı	1
kanayigan	kanayıgan	1
hatarlattigo	hatarlattıgo	1
canlandirdiğa	canlandırdığa	1
tathi	tathı	1
günegli	güneşli	1
aksama	akşama	1
donüyor	dönüyor	1
insaallah	inşaallah	1
yaptiklarins	yaptıklarını	1
çaliarak	çalıarak	1
varur	varır	1
sultanma	sultanın	1
yazmustam	yazmıştım	1
häle	hale	1
yazdagum	yazdığım	1
cakacaktur	çıkacaktır	1
çalşırim	çalşırım	1
almiz	almız	1
Lirasi'nun	Lirası'nun	1
kägid	kağıd	1
Sakan	Sakin	1
egi	eği	1
Bafrah	Bafralı	1
herseyi	herşeyi	1
degişen	değişen	1
yaragtigina	yaragtıgına	1
saçlarinuzi	saçlarınuzı	1
kesmisiniz	kesmişiniz	1
güzelliginizi	güzelliğinizi	1
Kalemimde	Kaleminde	1
yasayor	yaşıyor	1
kalabaligin	kalabalığın	1
hatarludin	hatarludın	1
gecisimizden	geçişimizden	1
ingaallah	inşaallah	1
mânäsuyla	manasıyla	1
oyle	öyle	1
bulunacagimiz	bulunacağımız	1
etrafinuzda	etrafınuzda	1
haturass	hatırası	1
aldum	aldım	1
sandaklar	sandıklar	1
oturdugumuz	oturduğumuz	1
bagan	basan	1
arasunda	arasında	1
canh	canlı	1
bimem	binen	1
istedigim	istediğim	1
geciyor	geçiyor	1
firtunalar	fırtunalar	1
Almanya'nun	Almanya'nın	1
olmah	olmalı	1
sunurndalki	şünürndalkı	1
tarafins	tarafını	1
Cen	Çen	1
Oyle	Öyle	1
Arslanagim	Arslanagım	1
görüsmemizi	görüşmemizi	1
ogleden	öğleden	1
çiktum	çıktım	1
hatarlar	hatırlar	1
kägitlarin	kağıtların	1
oynadikça	oynadıkça	1
ferahlanursinuz	ferahlanursınuz	1
zis	zu	1
giddeti	şiddeti	1
anlaynca	anlayınca	1
satarlars	satırları	1
yazuyorum	yazıyorum	1
güneg	güneş	1
açtam	açtım	1
odanun	odanın	1
havass	havası	1
sakuyor	sıkıyor	1
birgey	birşey	1
bogazami	boğazamı	1
isitilmiyor	işitilmiyor	1
Uzerinde	Üzerinde	1
olmals	olmalı	1
yanimag	yanımag	1
käh	kah	1
vêsil	vesil	1
yaşadigimi	yaşadığını	1
yaçadigumu	yaçadıgumu	1
mana'n	man'ın	1
limanun	limanın	1
onunden	önünden	1
yaklasta	yaklaştı	1
meydanu	meydan	1
barakarak	bırakarak	1
çuktam	çıktım	1
yardum	yardım	1
zäbit	zabit	1
bulundugum	bulunduğum	1
fsal	fiil	1
konustuktan	konuştuktan	1
mäni	mani	1
Dondüm	Döndüm	1
süzilerek	suzılerek	1
yakandan	yakından	1
Karanlakta	Karanlıkta	1
yanumda	yanında	1
kollarm	kolları	1
isteyisim	isteyişim	1
olmugtu	olmuştu	1
Bakalm	Bakanı	1
alap	alıp	1
Bakalum	Bakalım	1
mügkkilät	muğkkılät	1
edeceginden	edeceğinden	1
mehir	nehir	1
meselà	mesela	1
degersiz	değersiz	1
tesaduf	tesadüf	1
Arslancsgim!	Arslancsgım!	1
Kiymetaiz	Kıymetaız	1
takasina	takasına	1
tagirsanaz	tağırsanaz	1
clinizde	clınızde	1
yegillini	yeğillini	1
husül	husul	1
bulacaktar	bulacaktır	1
birlesip	birleşip	1
muradlarim	muradlarım	1
duygularm	duyguları	1
yazilarm	yazıları	1
yazacagam	yazacağım	1
Yazacagm	Yazacağım	1
aniasin	anasın	1
istiyaklanm	iştiyaklanm	1
bilaktis	bilaktıs	1
azaltain	azaltaın	1
oper	öper	1
bagrma	başına	1
çocuklarmi	çocuklarmı	1
edecegine	edeceğine	1
Rahatazhiginuza	Rahatazhıgınuza	1
rahatsizhgun	rahatsızhgun	1
rahatsizhgunuz	rahatsızhgunuz	1
çuktim	çıktım	1
sacak	sıcak	1
karah	kanlı	1
oturmug	oturmuş	1
askan	aşkın	1
Hüläsa	Hülasa	1
Bazalan	Bazıları	1
baslar	başlar	1
arkadaşins	arkadaşını	1
sslik	ıslık	1
hüläsa	hülasa	1
esini	eşini	1
olmug	olmuş	1
yarasinan	yarısının	1
acisani	acısını	1
gayn	gayri	1
adumlarla	adımlarla	1
agaçlikh	ağaçlıkh	1
fisaldiyor	fisaldıyor	1
serzeniste	serzenişte	1
çaliştyor	çalıştyor	1
sukntisindan	şükntisindan	1
çantasinan	çantasınan	1
mottarid	mottarıd	1
uzaklagiyorum	uzaklagıyorum	1
isaiz	isaız	1
duygularum	duyguların	1
arnyor	arıyor	1
igim	için	1
degistirir	değiştirir	1
acs	acı	1
kam	kim	1
mesguliyetim	meşguliyetim	1
dogruya	doğruya	1
igte	işte	1
gozlerini	gözlerini	1
yapuyorsun	yapıyorsun	1
degilsin	değilsin	1
etrafinu	etrafını	1
degilim	değilim	1
hayatan	hayatın	1
aglar	ağlar	1
Isläm	İslam	1
basarm	başarı	1
Aralanum	Araların	1
rühum!	ruhum	1
myim	miyim	1
olacagum	olacağım	1
aklum	aklım	1
zäbitini	zabitini	1
dügündükçe	düşündükçe	1
baglayacakmig	bağlayacakmıg	1
agrilar	ağrılar	1
sizilar	sızılar	1
artuyor	artıyor	1
gorup	görüp	1
imtihanima	imtihanıma	1
Hayur	Hayır	1
cezalarina	cezalarına	1
kalktam	kalktım	1
yemegi	yemeği	1
masanan	masanın	1
yataga	yatağa	1
Beste	Beşte	1
gürultuleri	gürültüleri	1
birsey	birşey	1
sra	iri	1
tarafinin	tarafının	1
soylemez	söylemez	1
gerisi	gemisi	1
yarum	yarım	1
istiham	iştiham	1
gisenin	ğişenin	1
balmumlodim	balmumlodım	1
Yuzuk	Yüzük	1
tarafinu	tarafını	1
parmaklann	parmaklarını	1
tagarsinsz	tağarsınsz	1
parmaginun	parmağınun	1
aghyor	ağlıyor	1
tath	tatlı	1
Cünki	Çünki	1
yanunda	yanında	1
bulunsam	bulunan	1
çocuklarumiz	çocuklarumız	1
aglayacaktir	ağlayacaktır	1
Rühum!	Ruhum	1
sakan	sakin	1
cikti	çıktı	1
sapka	şapka	1
ayakkaba	ayakkabı	1
darlmasin	darlmasın	1
uzanmis	uzanmış	1
düsündukçe	düşündükçe	1
yazdigumu	yazdığını	1
yazacagum	yazacağım	1
Dügünüyorum	Düşünüyorum	1
başam	basım	1
birligine	birliğine	1
yüzbagı	yüzbaşı	1
tertibata	tertibatı	1
tamamlams	tamamlamış	1
arkadaglar	arkadaşlar	1
Cenäb	Cenab	1
ine	ne	1
duan	dün	1
yapmus	yapmış	1
kögkte	köşkte	1
yapamadiguma	yapamadıguma	1
islerim	işlerin	1
doktorlarun	doktorların	1
hatirlayarak	hatırlayarak	1
olmanizs	olmanızs	1
odanda	odamda	1
log	loc	1
çevirmis	çevirmiş	1
hasal	hasıl	1
Dogrusu	Doğrusu	1
sakantisunu	şakantısunu	1
birakanca	bırakanca	1
Degil	Değil	1
dügünüp	düşünüp	1
Yavrucuklarumiz	Yavrucuklarumız	1
Darlirsam	Darlırsam	1
akgam	akşam	1
yemege	yemeğe	1
yakandaki	yakındaki	1
sokaga	sokağa	1
attum	attım	1
sakayor	sıkıyor	1
aglatacakti	ağlatacaktı	1
Kemanin	Kemanın	1
akal	akıl	1
aldigum	aldığım	1
ettigimi	ettiğini	1
yaptaginı	yaptığını	1
gecirdigini	geçirdiğini	1
olayim	olayım	1
imzama	nizami	1
simdiye	şimdiye	1
zannile	zannıle	1
fotograflarimdan	fotoğraflarımdan	1
altlarina	altlarına	1
hazarlasin	hazarlasın	1
yüzbagiya	yüzbagıya	1
Köstrin'dir	Koştrın'dır	1
bagruma	bağrına	1
Allah'n	Allah'ın	1
kalktak	kalktık	1
käfi	kafi	1
oldugumuzu	olduğumuzu	1
yazmalars	yazmaları	1
Kolno'daki	Kolno'dakı	1
hazar	hazır	1
yanss	yansı	1
bulundugumuz	bulunduğumuz	1
uzatilma	uzatılma	1
zäbitimiz	zabitimiz	1
esyamuzi	eşyamuzı	1
esyamizi	eşyamızı	1
kasabaciga	kasabacıga	1
Burass	Burası	1
dizilmig	dizilmiş	1
edememis	edememiş	1
çakap	çıkıp	1
zaysf	zayıf	1
masanun	masanın	1
kalkta	kalktı	1
sunafindan	sınıfından	1
Yalmaz	Yalnız	1
iclerinde	içlerinde	1
giyinmis	giyinmiş	1
karmiza	kırmızı	1
gelmigti	gelmişti	1
karanhk	karanlık	1
karismag	karışmag	1
iliginde	iliğinde	1
simalarinu	simalarınu	1
aynhrken	ayrılırken	1
satur	satır	1
mlar	imar	1
zäbitler	zabitler	1
âmäde	amade	1
seref	şeref	1
Sahi	Şahı	1
yazimı	yazımı	1
Turkçe	Türkçe	1
koysun	köyün	1
yüzbasa	yüzbaşı	1
resmim	resmin	1
Rigada	Ricada	1
kasabasnda	kasabasında	1
hazurlasin	hazurlasın	1
Köstrin'e	Koştrın'e	1
karargähunin	karargahunın	1
ayriligumizdan	ayrılıgumızdan	1
bulunmasindan	bulunmasından	1
icindi	içindi	1
civarinun	civarınun	1
intant	ıntant	1
Dedigim	Dediğim	1
baglayan	bağlayan	1
Yalnuz	Yalnız	1
Yüzbaşs	Yüzbaşı	1
şleri	ileri	1
bagladigumdan	bağladıgumdan	1
Onlarfinl	Onlarfınl	1
ädeta	adeta	1
altnda	altında	1
sofor	şoför	1
yakmnda	yakınında	1
häcet	hacet	1
ziyasi	ziyası	1
caninuz	canınuz	1
sakalmiyor	sakalmıyor	1
yanizda	yanızda	1
alişacagiz	alışacagız	1
geçtigimizi	geçtiğimizi	1
kahvalta	kahvaltı	1
Fotograflar	Fotoğraflar	1
olmugtur	olmuştur	1
sultanlarimizs	sultanlarımızs	1
Karyolanin	Karyolanın	1
kaldirdin	kaldırdın	1
çikardiysanız	çıkardıysanız	1
sabahun	sabahın	1
dalkika	dalkıka	1
anladigamu	anladığını	1
etrafin	etrafın	1
Anlamadigum	Anlamadıgum	1
âfiyetimi	afiyetimi	1
efrädi	efradı	1
gidilecegini	gidileceğini	1
hagrima	hagrıma	1
Bäki	Bakı	1
egya	eşya	1
arabass	arabası	1
yapalmıs	yapılmış	1
olduklars	oldukları	1
gorülüyordu	görülüyordu	1
savag	savaş	1
arasanda	arasında	1
intizami	intizamı	1
Eomia	Eomıa	1
istihkäm	istihkam	1
icindeki	içindeki	1
sehre	şehre	1
anlagilyor	anlagılyor	1
kalabahk	kalabalık	1
ahgveris	alışveriş	1
ordulars	orduları	1
görduk	gördük	1
intizamu	intizam	1
rapti	raptı	1
kumandana	kumandanı	1
karsilads	karşıladı	1
isimiz	işimiz	1
karargähuna	karargâhına	1
Yemege	Yemeğe	1
inäyet	inayet	1
tabüi	tabii	1
sultanim!	sultanın	1
umarum	umarım	1
aldiniz	aldınız	1
görügtükten	görüştükten	1
bagkenti	başkenti	1
malümat	malumat	1
canuma	canım	1
aymilk	aymılk	1
sahhiyeniz	şahhıyeniz	1
burasim	burasım	1
sikyordu	sıkyordu	1
hareketimin	hareketinin	1
Üçüncu	Üçüncü	1
alamamis	alamamış	1
gelmig	gelmiş	1
Näzirs	Nazırı	1
Näzn	Nazım	1
Näzn'na	Nazım'ın	1
konagun	konağın	1
parçasana	parçasını	1
yerlegtik	yerleştik	1
Örozi	Orozı	1
gittigimizden	gittiğimizden	1
näzil	nazil	1
görunce	görünce	1
Maksadam	Maksadım	1
aramzda	aramızda	1
olmadigunu	olmadığını	1
ettiginden	ettiğinden	1
yapacagn	yapacağım	1
näzur	nazır	1
hakkunda	hakkında	1
Muväfik	Muvafık	1
Näzum	Nazım	1
Simdilik	Şimdilik	1
esash	esaslı	1
baglanmas	bağlanmış	1
Hemän	Heman	1
gitmistir	gitmiştir	1
gektim	çektim	1
Turkistan'da	Türkistan'da	1
çalsacaktir	çalsacaktır	1
bulunmadigundan	bulunmadığından	1
alamadiguma	alamadıguma	1
civildayarak	cıvıldayarak	1
dolagtikça	dolagtıkça	1
bagamizi	bağamızı	1
sakinâne	sakınane	1
Fransazca	Fransızca	1
yakanda	yakında	1
kucakiarum	kucakıarum	1
altmis	altmış	1
altn	altın	1
gorügmeye	görüşmeye	1
gitmis	gitmiş	1
dolaynsiyta	dolaynsıyta	1
aldam	aldım	1
teskil	teşkil	1
soylemis	söylemiş	1
karst	kanıt	1
Bolgevikler	Bolşevikler	1
ettirmis	ettirmiş	1
edilmig	edilmiş	1
gecinmelerini	geçinmelerini	1
Dagistan'da	Dağıstan'da	1
Boigevikler	Boıgevikler	1
gursün	günün	1
ordas	ordu	1
mümlkün	mümkün	1
Mazaristan	Mazarıstan	1
malamatlari	malamatları	1
gondermelerini	göndermelerini	1
Qianki	Qiankı	1
talcip	talcıp	1
edecegim	edeceğim	1
iglerimi	işlerini	1
alacagum	alacağım	1
Pasa'run	Paşa'nın	1
Mesguliyetiniz	Meşguliyetiniz	1
gocesi	göçesi	1
ayrilmetar	ayrılmetar	1
Hülüsa	Hulusi	1
Akluma	Aklıma	1
yazmays	yazmayı	1
alamadiniz	alamadınız	1
alocagumi	alocagumı	1
sikintasani	sıkıntasanı	1
akşamlars	akşamları	1
yagmaya	yağmaya	1
Kışan	Kısmı	1
dehgetli	dehşetli	1
gelmedigini	gelmediğini	1
mügkilâtun	muğkılâtun	1
tegrif	teşrif	1
hergeyi	herşeyi	1
vardar	vardır	1
Guzel	Güzel	1
degilse	değilse	1
sarays	sarayı	1
kath	katlı	1
yapmiglar	yapmışlar	1
Moskova'nan	Moskova'nın	1
yangnunu	yangının	1
imig	imiş	1
buranun	buranın	1
anlatayor	anlatıyor	1
yapalms	yapılmış	1
Bânisi	Barışı	1
Oturdugu	Oturduğu	1
odasa	odası	1
gäyet	gayet	1
duvarlars	duvarları	1
birtakam	birtakım	1
takuma	takımı	1
maun	man	1
örtüs	örtü	1
eins	Enis	1
yaldizh	yaldızlı	1
zamanunda	zamanında	1
alksi	alksı	1
Aleksandir	Aleksandır	1
Mihailovic	Mihailoviç	1
bulunmadigina	bulunmadığına	1
Insaallah	İnşaallah	1
oldugumuzdan	olduğumuzdan	1
olmayacaktar	olmayacaktır	1
Abdüläziz	Abdülaziz	1
Näzam	Nazım	1
burakap	bırakıp	1
olacaktar	olacaktır	1
yanamda	yanında	1
baksinlar	baksınlar	1
Çävis	Çaviş	1
Çävis'e	Çaviş'e	1
çalsiyoruz	çalsıyoruz	1
yapayor	yapıyor	1
Umarum	Umarım	1
ayrs	aynı	1
yazarum	yazarın	1
Naciyecigim!s	Naciyeciğim!s	1
bayraminuzs	bayramınuzs	1
diledigimi	dilediğimi	1
gonderdigim	gönderdiğim	1
namazins	namazını	1
yakun	yakın	1
Halkan	Halkın	1
fevkaläde	fevkalade	1
olaninda	olanında	1
birgun	birgün	1
altana	altına	1
düşünduklerimi	düşündüklerimi	1
Ozel	Özel	1
aklm	akım	1
dalgn	dalgın	1
golmiati	gölmiatı	1
heyecanh	heyecanlı	1
yazalmas	yazılmış	1
buinu	bunu	1
koyduklans	koydukları	1
geleceginizi	geleceğinizi	1
cuktam	çıktım	1
bulunacaktur	bulunacaktır	1
unutmazsin	unutmazsın	1
cukmig	çükmig	1
Sai	Şu	1
barakip	bırakıp	1
düsününüz	düşününüz	1
Üçüncüi	Üçüncü	1
Entermasyonal	Enternasyonal	1
edecegimi	edeceğimi	1
täline	talime	1
imänam	inanan	1
dügündukçe	düşündükçe	1
gotürecek	götürecek	1
hatara	hatıra	1
bulundugumu	bulunduğunu	1
anlatur	anlatır	1
yazdaklarm	yazdıkları	1
hos	hoş	1
içinl	içini	1
satarlara	satırlara	1
imkânu	imkanı	1
curpian	curpıan	1
sikagtarmak	şikagtarmak	1
çahabilirim	cahabılırım	1
kalacagim	kalacağım	1
hatura	hatıra	1
konugtuk	konuştuk	1
satarlari	satırları	1
bulamayinea	bulamayınea	1
uyandirmamak	uyandırmamak	1
braktim	braktım	1
göndermisler	göndermişler	1
vermistim	vermiştim	1
Guzelim!	Güzelim!	1
cikarmam	çıkarını	1
mesr	neşr	1
anladigim	anladığım	1
söylemig	söylemiş	1
darl	dan	1
hakkn	hakkın	1
barakup	bırakıp	1
mektuplarinizs	mektuplarınızs	1
ettiginiz	ettiğiniz	1
ayirdi	ayırdı	1
inkär	inkar	1
sanurim	sanırım	1
buyuramazsin	buyuramazsın	1
nasl	nail	1
mudafaaya	müdafaaya	1
hicbirsey	hiçbirşey	1
yazdiklarmun	yazdıklarını	1
karanhik	karanhık	1
okuyacagin	okuyacagın	1
yapmazdin	yapmazdın	1
tuhaflagtim	tuhaflagtım	1
yazmamistam	yazmamıştam	1
yazaldigim	yazaldıgım	1
uzmeyi	üzmeyi	1
gozlerinin	gözlerinin	1
taraflarn	tarafları	1
gorür	görür	1
acilarun	acılarun	1
igitirim	ığıtırım	1
satarlarm	satırları	1
yansana	yanına	1
gözümun	gözümün	1
satarlarn	satırları	1
ilähi	ilahi	1
mälik	malik	1
Arsivoin	Arşivoın	1
aruil	aruıl	1
dügünme	düşünme	1
Allah'ma	Allah'ın	1
sevdigini	sevdiğini	1
karsu	karşı	1
anlatmi	anlatım	1
sevdigine	sevdiğine	1
atalarak	atılarak	1
gözyaşlarm	gözyaşları	1
Rahatsizhgin	Rahatsızhgın	1
dünyays	dünyayı	1
sikmaya	sıkmaya	1
degil!	değil!	1
ssmarladigum	ssmarladıgum	1
kägitla	kâğıtla	1
yazişin	yazısın	1
yazdin	yazdım	1
tatls	tatlı	1
tatlandiğunu	tatlandığunu	1
anlardin	anlardın	1
onlars	onları	1
Yavrularumuzin	Yavrularumuzın	1
shk	ılık	1
saçlarm	saçları	1
almana	Alman	1
sevdiginden	sevdiğinden	1
istediginiz	istediğiniz	1
çalisuyor	çalışıyor	1
icimi	içimi	1
sakastiran	şakastıran	1
aglatmi	ağlatmı	1
cift	çift	1
yalnaz	yalnız	1
yagayacagiz	yağayacagız	1
Yavrularimz	Yavrularımz	1
sevinecegiz	sevineceğiz	1
resimlerimi	resimlerini	1
ressamu	ressam	1
Küçügu	Küçüğü	1
aynadan	ayından	1
yaptardigum	yaptardıgum	1
yapilmgtur	yapılmgtur	1
ortaneasi	ortaneası	1
sara	sıra	1
dusüncelerim	düşüncelerim	1
aldarrdim	aldarrdım	1
halkn	halkın	1
acliktan	açlıktan	1
tabis	tabii	1
tarafns	tarafın	1
Sofor	Şoför	1
Istedigini	İstediğini	1
olmamizdhr	olmamızdhr	1
Birtakum	Birtakım	1
äciz	aciz	1
adetà	adeta	1
ayrilyoruz	ayrılyoruz	1
çalisayum	çalışayum	1
cevabiu	cevabıu	1
yansnda	yanında	1
kalacagum	kalacağım	1
läyak	layık	1
yazmaştam	yazmıştım	1
gittigim	gittiğim	1
olmayacagini	olmayacağını	1
gozlerinden	gözlerinden	1
Sakn	Sakin	1
halimi	halini	1
attu	attı	1
arkadaglarin	arkadaşların	1
esyamun	eşyanın	1
gehrin	şehrin	1
sdins	İdris	1
Almanlar'un	Almanlar'ın	1
gekilde	şekilde	1
yazms	yazmış	1
yokmus	yokmuş	1
cocuklarm	çocukları	1
goz	göz	1
mde	nde	1
geciyordu	geçiyordu	1
yapturdi	yaptırdı	1
kadarl	kadarı	1
Onimden	Onımden	1
aktigam	aktıgam	1
herseyin	herşeyin	1
ansizan	ansızın	1
gorürüm	görürüm	1
kollarum	kolların	1
kollaruma	kollarına	1
çikolatalari	çikolataları	1
zanniyla	zannıyla	1
koziyordum	köziyordum	1
Baltak	Baltık	1
baglamusta	bağlamıştı	1
Oder	Öder	1
çukmaz	çıkmaz	1
üstu	üstü	1
Boylece	Böylece	1
gozle	gözle	1
sikntalar	sıkıntılar	1
dogruca	doğruca	1
häsil	hasıl	1
gürültu	gürültü	1
gozüme	gözüme	1
açalmugti	açalmugtı	1
Limani'na	Limanı'na	1
uzayacagina	uzayacagına	1
sakldim	sakldım	1
mintikalarina	mıntıkalarına	1
girdigimizden	girdiğimizden	1
parçalarin	parçaların	1
çikanca	çıkınca	1
gömülmüs	gömülmüş	1
bahk	balık	1
sekillerde	şekillerde	1
dolmus	dolmuş	1
iligime	iliğime	1
hodbinlige	hodbınlıge	1
acindim	açındım	1
Suinosjiseie	Suinosjıseie	1
yazildig	yazıldıg	1
çakta	çıktı	1
ögleye	öğleye	1
buziarla	buzıarla	1
Baltische	Baltısche	1
Limami'na	Limamı'na	1
arasndan	arasından	1
kaldak	kaldık	1
yazdigm	yazdığım	1
odasana	odasına	1
dolayisayla	dolayısıyla	1
telgrafms	telgrafın	1
baraktilar	bıraktılar	1
yarsi	yirmi	1
bulunacagim	bulunacağım	1
iglerim	işlerin	1
buzlarimu	buzlarımu	1
ciktag	cıktag	1
göndermeyecogim	göndermeyecogım	1
mektuplarinu	mektuplarını	1
kalmus	kalmış	1
soguk	soğuk	1
sicakts	sıcakts	1
kompartumanin	kompartumanın	1
uzandik	uzandık	1
almamigum	almamıgum	1
hatarimda	hatırımda	1
snat	inat	1
umuru	umumi	1
iaim	üni	1
bakmamami	bakmamamı	1
konugacak	konuşacak	1
anlagmasi	anlaşması	1
bayraginin	bayrağının	1
anlaşmamizdan	anlaşmamızdan	1
olmans	olmamış	1
hatarla	hatırla	1
kuskanç	kıskanç	1
Aynhrken	Ayrılırken	1
eglenmesine	eğlenmesine	1
dügünmeyi	düğünmeyi	1
saturlars	satırları	1
numarah	numaralı	1
odasandan	odasından	1
konugarak	konuşarak	1
sokaklars	sokakları	1
tabakass	tabakası	1
yollarsm	yolların	1
Kurm	Kum	1
olduklarnns	olduklarını	1
Kurim'da	Kırım'da	1
takumu	takımı	1
genclerinin	gençlerinin	1
ilän	ilan	1
iggali	işgali	1
Aralk'inda	Aralk'ında	1
kurguna	kurşuna	1
Celebicihan'in	Celebicihan'ın	1
yatagumda	yatağında	1
imamu	imam	1
kolmak	konak	1
sâh	şah	1
nâmana	namına	1
namima	namına	1
keläm	kelam	1
yapalmas	yapılmış	1
Kahvaltidan	Kahvaltıdan	1
yukarilan	yukarılan	1
cinilerle	çinilerle	1
baglanmiş	bağlanmış	1
kapah	kapalı	1
yikulmaya	yıkulmaya	1
vardum	vardım	1
gittigini	gittiğini	1
gelecegini	geleceğini	1
anlatts	anlattı	1
çiktam	çıktım	1
aradigom	aradıgom	1
namazlarins	namazlarıns	1
yaptigums	yaptığını	1
dügünmekten	düşünmekten	1
zamanlarumda	zamanlarında	1
yaptagims	yaptığını	1
bulabildigim	bulabildiğim	1
Mäl	Mal	1
yemegine	yemeğine	1
gidecegiz	gideceğiz	1
Bolgevik	Bolşevik	1
olacakmiş	olacakmış	1
äzäsa	azası	1
tamdigum	tanıdığım	1
Mart'in	Mart'ın	1
altisinda	altısında	1
Bakin	Bakın	1
arkadaglarmin	arkadaşların	1
yapmays	yapmayı	1
Onlars	Onları	1
soylüyor	söylüyor	1
olacaktum	olacaktım	1
yaptarmiyordu	yaptarmıyordu	1
sizlanmyor	sızlanmyor	1
beste	beşte	1
kusmen	kısmen	1
ismimi	ismini	1
kalabahga	kalabalığa	1
canum	canım	1
Subat'in	Şubat'ın	1
tamdiklarmdan	tamdıklarmdan	1
sastilar	şaştılar	1
çamlari	camları	1
ahsap	ahşap	1
näkis	nakış	1
aydinlatyor	aydınlatyor	1
parlatiyor	parlatıyor	1
birlegerek	birleşerek	1
Anadolu'dakilerin	Anadolu'dakılerin	1
yürüyeceginden	yürüyeceğinden	1
Isa'nan	İsa'nın	1
yagl	yağı	1
yazs	yazı	1
usulune	usulüne	1
görügtük	görüştük	1
sevmig	sevinç	1
kazanmis	kazanmış	1
aradimdk	aradımdk	1
äläyis	alayıs	1
sâtar	satır	1
başladigana	başladığını	1
bakalum	bakalım	1
cigerinde	ciğerinde	1
icinden	içinden	1
yemegini	yemeğini	1
sarayun	sarayın	1
aynica	ayrıca	1
vokit	vokıt	1
ekmeginden	ekmeğinden	1
söylece	şöylece	1
Yarun	Yarın	1
gidecegim	gideceğim	1
yapsyor	yapıyor	1
yemeginden	yemeğinden	1
hosuma	hoşuma	1
çaliştam	çalıştım	1
acskh	acıklı	1
atilmus	atılmış	1
yuvasindan	yuvasından	1
diregi	direği	1
bakuyor	bakıyor	1
saraynda	sarayında	1
buralarnnu	buraların	1
ihtisam	ihtişam	1
ayaklarinan	ayaklarının	1
sarmah	sırmalı	1
gimçek	ğimçek	1
bayikl	bayıkl	1
paturtisun	paturtısun	1
şetine	setine	1
mütegekkil	müteşekkil	1
arkadag	arkadaş	1
görügmeye	görüşmeye	1
firkasundan	fırkasundan	1
rüfekasinin	rüfekasının	1
oldüklerini	öldüklerini	1
Işlerinden	İşlerinden	1
aleläcele	alelacele	1
yazldigindan	yazldıgından	1
voln	von	1
bugun	bugün	1
Ogle	Öğle	1
Meger	Meğer	1
serefime	şerefine	1
helvasi	helvası	1
ummazdim	ummazdım	1
Fevkaläde	Fevkalade	1
görüstuk	görüştük	1
varmis	varmış	1
sura	Şura	1
icip	içip	1
dönduk	döndük	1
ruşmeye	inmeye	1
olsum	olsun	1
sesimi	sesini	1
nevazişlerini	nevazışlerini	1
Misar	Mısır	1
gar	çar	1
hoguma	hoşuma	1
kalktum	kalktım	1
ictim	içtim	1
razs	razı	1
Müstegan	Müsteşarı	1
basladik	başladık	1
yapalacak	yapılacak	1
husüsat	hususat	1
görügüp	görüşüp	1
Muzäkere	Müzakere	1
zäbitleri	zabitleri	1
gorünce	görünce	1
yazayor	yazıyor	1
yetistirdigim	yetiştirdiğim	1
yollarun	yolların	1
soyle	şöyle	1
biiyük	büyük	1
Yanumda	Yanında	1
Avusturyah	Avusturyalı	1
tammadigrm	tammadıgrm	1
taniyormuş	tanıyormuş	1
hayatanu	hayatını	1
bakkndaki	bakkndakı	1
igtim	içtim	1
yaptigim	yaptığım	1
islerde	işlerde	1
beraberimde	beraberinde	1
kalanca	kalınca	1
yikandam	yıkandam	1
Yalnizhik	Yalnızhık	1
Yananda	Yanında	1
gonulleri	gönülleri	1
meraaimiyle	meraaımıyle	1
Umarm	Umari	1
kayonbirnderi	kayonbırnderi	1
Yemegi	Yemeği	1
evimde	evinde	1
oturduklan	oturdukları	1
yazalacak	yazılacak	1
hazarlada	hazırladı	1
Gundüz	Gündüz	1
penceremin	pencerenin	1
karsisandaki	karşısındaki	1
gozü	gözü	1
kalrsam	kılınan	1
yalnazca	yalnızca	1
rmedim	Nedim	1
yerlegtirilmis	yerleştirilmiş	1
sarayan	sarayın	1
canl	can	1
cehresi	çehresi	1
hoguna	hoşuna	1
doşemesi	döşemesi	1
Akgam	Akşam	1
Rügdu	Rüşdü	1
Başlarnda	Başlandı	1
bunlarn	bunları	1
Konugtuktan	Konuştuktan	1
çaktam	çıktım	1
yetişmis	yetişmiş	1
çocuklarmin	çocukların	1
fotograflan	fotoğrafları	1
cocuk	çocuk	1
çaluşmakta	çalışmakta	1
Osmanla	Osmanlı	1
katundaki	katundakı	1
sancagmizs	sancağmızs	1
ilähiye	ilahiye	1
zäbitimizin	zabitimizin	1
aşagida	aşağıda	1
açlak	açlık	1
hergey	herşey	1
olmaman	olmanın	1
çlirek	clırek	1
yapayorsun	yapıyorsun	1
Icinde	İçinde	1
Nasalsin	Nasalsın	1
tagadigin	tağadıgın	1
yapugtunimas	yapugtunımas	1
azacik	azıcık	1
raza	Rıza	1
hatarasa	hatırası	1
fotograflars	fotoğrafları	1
masamun	masanın	1
yalnizhk	yalnızhk	1
kullandigom	kullandıgom	1
kläline	klalıne	1
vekäleten	vekaleten	1
gidecegini	gideceğini	1
gezecegini	gezeceğini	1
Tangtik	Tangtık	1
ettirdigim	ettirdiğim	1
meger	meğer	1
diga	diği	1
läysk	layık	1
yakass	yakası	1
güccnmis	güçcnmis	1
atilsa	atılsa	1
kalmadikça	kalmadıkça	1
Baisa'daki	Baisa'dakı	1
alindh	alındh	1
bulursam	bulunan	1
lme	ne	1
yaptrursniz	yaptrursnız	1
singinel	şinginel	1
Elmasim	Elmasım	1
yapuyor	yapıyor	1
yazdum	yazdım	1
baglamus	bağlamış	1
kalrsan	kılınan	1
bakarm	bakanı	1
aralan	anılan	1
ögrenmigtir	öğrenmigtir	1
sasmuglardir	şaşmuglardır	1
nüm	nun	1
yalnuzdim	yalnuzdım	1
telaiz	telaız	1
Çavug	Çavuş	1
goktan	çoktan	1
aldagum	aldığım	1
kitabandan	kitabından	1
fasala	fasıla	1
kumandaru	kumandanı	1
çald	cild	1
saçh	saçlı	1
ubali	ubalı	1
tavirladir	tavırladır	1
ettigimiz	ettiğimiz	1
donmug	dönmüş	1
seyler	şeyler	1
iläahir	ilaahır	1
arkasndan	arkasından	1
Täli	Tali	1
sultanuman	sultanının	1
häk	hak	1
päyine	payıne	1
yaptaklars	yaptıkları	1
olmasinun	olmasının	1
yazdugum	yazdığım	1
Käzam	Kâzım	1
ihtiyac	ihtiyaç	1
Lirasa	Lirası	1
hayirhah	hayırhah	1
Rügdü	Rüşdü	1
Kusa	Kısa	1
aynldik	ayrıldık	1
digerlerine	diğerlerine	1
Osmanhlar'in	Osmanhlar'ın	1
birliginden	birliğinden	1
tathlikla	tathlıkla	1
Bedovan'in	Bedovan'ın	1
pisiriyorlar	pişiriyorlar	1
vermistiler	vermiştiler	1
baslamş	başlamış	1
läzam	lazım	1
Çönki	Conkı	1
Bulundugum	Bulunduğum	1
hizmetgi	hizmetçi	1
bulunmuslar	bulunmuşlar	1
kazanun	kazanın	1
yagh	yaşlı	1
ihtiyara	ihtiyari	1
Asul	Asıl	1
Ihtiyar	İhtiyar	1
bildiginden	bildiğinden	1
Bolsevik'i	Bolşevik'i	1
iglerden	işlerden	1
kalacagima	kalacağına	1
nazarimu	nazarını	1
anlattam	anlattım	1
isittim	işittim	1
etmiglerdir	etmişlerdir	1
hikäyeler	hikayeler	1
istememisler	istememişler	1
birtânem!	birtanem!	1
disarda	dışarda	1
etrafs	etrafı	1
aydinlak	aydınlık	1
aralagindan	aralagından	1
kalkup	kalkıp	1
ceyrek	çeyrek	1
yerime	yerine	1
döndum	döndüm	1
surada	sırada	1
bahgis	bahşiş	1
oldugumdan	olduğundan	1
baluyor	biliyor	1
Söylece	Şöylece	1
kaymeti	kıymeti	1
maag	maaş	1
beginci	beşinci	1
varmus	varmış	1
çagurdilar	çağırdılar	1
canam	canım	1
gosterdi	gösterdi	1
oturdugu	oturduğu	1
lci	içi	1
Simäli	Şimali	1
zamananda	zamanında	1
Näzurs	Nazırı	1
etmigler	etmişler	1
islerinde	işlerinde	1
zim	zım	1
hazuriondak	hazurıondak	1
çalimis	çalımıs	1
bagvekillik	bağvekillik	1
nizamnämesinden	nizamnamesinden	1
Oçünei	Öcünei	1
varms	varis	1
alacagun	alacağım	1
agur	ağır	1
gonderdim	gönderdim	1
ayap	ayıp	1
alanabilirmis	alanabılırmıs	1
alrsuniz	alrsunız	1
Argiv*	Argıv*	1
payloşin	payloşın	1
Meselà	Mesela	1
sivah	sıvah	1
altibin	altıbin	1
Alà	Ali	1
läyik	layık	1
aglik	açlık	1
anlatayordu	anlatıyordu	1
ihtiläl	ihtilal	1
cikmag	çıkmag	1
sarkhbgin	şarkhbgın	1
degiştirmemis	değiştirmemis	1
verilmis	verilmiş	1
dügünerek	düşünerek	1
ahp	alıp	1
adumda	adında	1
yaptagun	yaptığım	1
sakalir	sakalır	1
eglenirken	eğlenirken	1
Istanbul'dakilerden	İstanbul'dakılerden	1
gayntabiilik	gayntabıılık	1
yazlanmi	yazlanmı	1
rüzgär	rüzgar	1
edecegini	edeceğini	1
olacagimizi	olacağımızı	1
yazdm	yazdım	1
buraktum	bıraktım	1
aleyhtarlgina	aleyhtarlgına	1
anlagmasinda	anlagmasında	1
konuguyor	konuşuyor	1
sehrinin	şehrinin	1
sehrin	şehrin	1
çalimi	çalımı	1
Maksadum	Maksadım	1
gelmemig	gelmemiş	1
hazur	hazır	1
aldigimiz	aldığımız	1
Çalgs	Çalgı	1
çalayordu	çalıyordu	1
Nâzun	Nazım	1
Ciçerin	Çiçerin	1
mars	marş	1
çalds	çaldı	1
kayisa	kıyısı	1
kamsak	karışık	1
istiklälini	istiklalini	1
Yukanda	Yukarıda	1
yanhs	yanlış	1
fistiktan	fıstıktan	1
icildi	içildi	1
akmiş	akmış	1
anlaguidagun	anlaguıdagun	1
dargnliga	dargnlıga	1
olunacaktar	olunacaktır	1
hayur	hayır	1
bulurlardi	bulurlardı	1
işlorlik	islorlık	1
Kapunin	Kapının	1
bozulmug	bozulmuş	1
dondum	döndüm	1
kapuys	kapıyı	1
anahtars	anahtarı	1
geleceginden	geleceğinden	1
odasmdan	odasından	1
yazdimd	yazdımd	1
oturacagindan	oturacağından	1
alikoydu	alıkoydu	1
yarumda	yanında	1
aksamüzeri	akşamüzeri	1
almays	almayı	1
pararun	paranın	1
olmadiguni	olmadığını	1
iase	iaşe	1
muzakere	müzakere	1
toplanmş	toplanmış	1
Iaşe	İaşe	1
koylülerin	köylülerin	1
imsäk	Misak	1
kirmizs	kırmızı	1
bekledigini	beklediğini	1
yakan	yakın	1
olmadaguni	olmadığını	1
tinda	tında	1
adamlars	adamları	1
yetişemediginden	yetişemediğinden	1
Jokomotifin	Jokomotıfın	1
mevâniin	mevaniin	1
yegäne	yegane	1
sulhü	sulhu	1
anlatta	anlattı	1
gecti	geçti	1
müskilät	müşkilat	1
gecen	geçen	1
çıktam	çıktım	1
aldtklarina	aldtklarına	1
Antant'in	Antant'ın	1
inkil	inkıl	1
ataldiklarunu	ataldıklarunu	1
çahstigna	çalıştığım	1
kulagma	kulağıma	1
yapiyorsunuz	yapıyorsunuz	1
düşecegini	düşeceğini	1
olmayacaklarin	olmayacakların	1
bitaraflik	bitaraflık	1
şüpbeli	supbeli	1
Nâzar	Nazır	1
yazds	yazdı	1
asaguda	aşağıda	1
çaktum	çıktım	1
yalruzca	yalnızca	1
hasbahäl	hasbıhal	1
yanundalki	yanundalkı	1
canans	canını	1
alanca	alınca	1
tanadigm	tanıdığım	1
oynamig	oynamış	1
ihtilälinde	ihtilalinde	1
yarsandan	yanından	1
gittäk	gittik	1
selämladi	selamladı	1
yasmnda	yanında	1
yurüyen	yürüyen	1
yemegs	yemeği	1
köylu	köylü	1
noktasana	noktasına	1
Şirden	Sirden	1
sairden	şairden	1
almuslar	almışlar	1
yarun	yarın	1
uzere	üzere	1
geng	genç	1
kapsindaki	kapsındakı	1
getirmiglerdi	getirmişlerdi	1
vardà	vardı	1
samura	samimi	1
vasatasiyla	vasıtasıyla	1
smarladigm	şmarladıgm	1
fevkalädesine	fevkaladesine	1
olmasunu	olmasını	1
kullanuniz	kullanunız	1
gondereyim	göndereyim	1
bizinle	bizimle	1
yazda	yazdı	1
begte	beşte	1
yapildignu	yapıldıgnu	1
murahhasasina	murahhasasına	1
konusuldu	konuşuldu	1
inkoläplarinu	inkoläplarınu	1
gecmesin	geçmesin	1
ayrilamuyor	ayrılamuyor	1
eglence	eğlence	1
Aksama	Akşama	1
fevkalädesi	fevkaladesi	1
melerimi	melerini	1
alrsan	Alman	1
umarim	umarım	1
yazarsin	yazarın	1
unuttun	unuttum	1
Nasaisin	Nasaısın	1
suns	sini	1
degistirmek	değiştirmek	1
imkânsaz	imkansız	1
bulunamayacagimazs	bulunamayacağımazs	1
Konugtuk	Konuştuk	1
mesäili	mesaili	1
Agrs	Ağrı	1
taninmassns	tanınmasını	1
beklodim	beklodım	1
kararndaki	kararndakı	1
Igdir	Iğdır	1
Arsisp	Arşısp	1
igi	işi	1
Azerbaycanlilar's	Azerbaycanlılar's	1
metâliple	metaliple	1
Zannumca	Zannımca	1
simendifer	şimendifer	1
olacaginu	olacağını	1
tereümanlik	tereümanlık	1
Ahuska	Ahıska	1
kalmass	kalması	1
olacags	olacağı	1
Cicerin	Çiçerin	1
konugup	konuşup	1
kazasmnin	kazasmnın	1
Igdir'in	Iğdır'ın	1
mukarrerats	mukarreratı	1
kil	kıl	1
slahu	ilahi	1
Bogazlar'in	Boğazlar'ın	1
antanist	antanıst	1
sanurum	sanırım	1
istedigi	istediği	1
görüsürken	görüşürken	1
bulmus	bulmuş	1
degisirse	değişirse	1
satirlars	satırları	1
yazdiklarm	yazdıkları	1
konugmak	konuşmak	1
sartayla	şartıyla	1
esrardir	esrardır	1
görüseceklerimi	görüşeceklerimi	1
yatardiktan	yatardıktan	1
anlarm	anlamı	1
inu	mu	1
mudafaa	müdafaa	1
açakça	açıkça	1
nuydi	miydi	1
sibh	şibh	1
satn	satın	1
ögrendigime	öğrendiğime	1
gimalde	ğımalde	1
Amerikalilar'à	Amerikalılar'à	1
saldirmeya	saldırmeya	1
muvaffaliyet	muvaffalıyet	1
ocagi	ocağı	1
yakmayacngim	yakmayacngım	1
Igi	İşi	1
anlattak	anlattık	1
odasmna	odanın	1
Rustar	Mıştır	1
soyledim	söyledim	1
kizmig	kızmış	1
gitmig	gitmiş	1
Gürcu	Gürcü	1
almglar	almışlar	1
burakmaz	bırakmaz	1
kuymeti	kıymeti	1
anlagma	anlaşma	1
müg'ir	müş'ir	1
hakiundaki	hakiundakı	1
görüstüklerimizden	görüştüklerimizden	1
gistim	ğiştim	1
gocip	göçip	1
Cicerin'e	Çiçerin'e	1
vesikanin	vesikanın	1
olmadigondan	olmadıgondan	1
zaptettigini	zaptettiğini	1
bulunmalars	bulunmaları	1
Dortte	Dörtte	1
Subesi	Şubesi	1
görügtüm	görüştüm	1
olmadagina	olmadığını	1
kalacagin	kalacağım	1
çaligacagunu	çalıgacagunu	1
müdurüne	müdürüne	1
olmadigs	olmadığı	1
aylgi	aylgı	1
bahsedecegini	bahşedeceğini	1
soyleyecekti	söyleyecekti	1
uzamig	uzamıg	1
istedigin	istediğin	1
yag	yağ	1
yemistim	yemiştim	1
Imkân	İmkan	1
konuçabilsem	konuçabılsem	1
olacagini	olacağını	1
şartayla	şartıyla	1
sark	şark	1
aşikär	aşikar	1
Surmeli	Sürmeli	1
seräit	şerait	1
anlattum	anlattım	1
leminde	lerinde	1
çahsmak	çalışmak	1
tun	tün	1
recegi	receği	1
firkanun	fırkanın	1
çahşacagum	çalışacağım	1
Turkiye'den	Türkiye'den	1
denetin	denetim	1
inkalabin	inkalabın	1
bozulmamasinu	bozulmamasınu	1
hakkundaki	hakkındaki	1
programan	programın	1
tamamlamamis	tamamlanmış	1
esâtiri	esatırı	1
iviydi	ıvıydı	1
bulunmayia	bulunmayıa	1
çagrdi	çağrdı	1
sosesinin	şosesinin	1
yatmislar	yatmışlar	1
maäd	mad	1
dolaşurken	dolaşırken	1
buldugum	bulduğum	1
parçass	parçası	1
Ihtiläli	İhtilali	1
kapsci	kapıcı	1
asagida	aşağıda	1
Mobilyasnin	Mobilyasnın	1
kiymetindedir	kıymetindedir	1
kullanalan	kullanılan	1
satun	satın	1
Çigerin'in	Çiçerin'in	1
bunlarun	bunların	1
kararl	kararı	1
cekingen	çekingen	1
geciktiginden	geciktiğinden	1
dähil	dahil	1
yakna	yakın	1
mügterek	müşterek	1
simendiferinin	şimendiferinin	1
uzagindan	uzağından	1
simendiferden	şimendiferden	1
kaybetmis	kaybetmiş	1
Nizamnämesi	Nizamnamesi	1
bitmediginden	bitmediğinden	1
teblig	tebliğ	1
olmadigans	olmadığını	1
odasna	odasına	1
Seyfl	Seyfi	1
cevabun	cevabın	1
lazsm	lazım	1
cünki	çünki	1
Cigerin'in	Çiçerin'in	1
alnan	Alman	1
kalmuyor	kalmıyor	1
monasip	monasıp	1
Näzirt	Nazırt	1
tanuriz	tanurız	1
samani	samanı	1
alsp	alıp	1
gozlerim	gözlerim	1
baglads	bağladı	1
kollarin	kolların	1
karsusanda	karşısında	1
kalamayarak	kalmayarak	1
caktam	çıktım	1
basiadim	başıadım	1
Gayrihtiyari	Gayrihtiyarı	1
artuik	artuık	1
kâg	kaç	1
nicin	niçin	1
satarlarla	satırlarla	1
cansaz	cansız	1
dondüm	döndüm	1
ocagimin	ocağımın	1
yaptiguna	yaptığını	1
duydugunu	duyduğunu	1
yazdagun	yazdığım	1
guna	gün	1
hatarhyor	hatırlıyor	1
guma	gün	1
uzaga	uzağa	1
odamizin	odamızın	1
atildigumu	atıldıgumu	1
bahgetmis	bahsetmiş	1
vis	vıı	1
lin	lın	1
yaratalmis	yaratılmış	1
käfidir	kafidir	1
anlarumiz	anlarumız	1
gelmen	Germen	1
yasayacağim	yaşayacağım	1
yaklaşiyorum	yaklaşıyorum	1
edemeyecegim	edemeyeceğim	1
acisinu	acısını	1
sişman	şişman	1
kadinun	kadının	1
erkegi	erkeği	1
kadinu	kadını	1
huyanet	hıyanet	1
benligini	benliğini	1
izdivacina	izdivacına	1
feläket	felaket	1
lemine	lerine	1
Turkiye'ye	Türkiye'ye	1
yavrulanmizla	yavrulanmızla	1
ocagumiz	ocagumız	1
beçeriyete	beceriyete	1
mantiki	mantıki	1
kalkms	kalkmış	1
perisan	perişan	1
yaptigum	yaptığım	1
haturlayamyorum	hatırlayamıyorum	1
häkkns	hakkın	1
kosmindan	koşmından	1
seylerden	şeylerden	1
aymu	aynı	1
izdivâcumuzun	izdivaçumuzun	1
tagu	tığı	1
alnca	alınca	1
yasams	yaşamı	1
väkuf	vakıf	1
olacaksin	olacaksın	1
hayatandan	hayatından	1
yaklagmis	yaklaşmış	1
birleşmis	birleşmiş	1
mân	nin	1
sayla	sıyla	1
yazdiklarmu	yazdıklarmu	1
yaşayslarmiz	yasayslarmız	1
birtakm	birtakım	1
shhatinden	shhatınden	1
balet	bilet	1
Rusya'nan	Rusya'nın	1
artards	artırdı	1
sikilmasunu	sıkılmasunu	1
sultanumin	sultanının	1
bulunmasans	bulunmasını	1
yalnsz	yalnız	1
sikntiss	sıkıntısı	1
kadnlar	kadınlar	1
çoklars	çokları	1
kasmu	Kasım	1
Nazun	Nazım	1
ihsän	ihsan	1
tebligi	tebliği	1
bürünmüglerdi	burunmüglerdi	1
ihs	iliş	1
Väka	Vaka	1
olacagunu	olacağını	1
dügündügü	düşündüğü	1
rlarn	inan	1
magal	masal	1
cikmadam	çıkmadan	1
yaptam	yaptım	1
ihtilälleri	ihtilalleri	1
hazurlamak	hazırlamak	1
lazm	lazım	1
gelecegi	geleceği	1
gorüsmek	görüşmek	1
Şablinof	Sablınof	1
ihtilällerin	ihtilallerin	1
âmillerini	amillerini	1
hazirlamasi	hazırlaması	1
Birligi'nin	Birliği'nin	1
Egitim	Eğitim	1
Bakanu	Bakanı	1
Şimäli	Şimali	1
saturlari	satırları	1
Hatirlarsin	Hatırlarım	1
tarafimı	tarafını	1
rühani	ruhani	1
kucaguna	kucağına	1
göyle	şöyle	1
istirabat	ıstırabat	1
sokaklarunda	sokaklarında	1
akayor	akıyor	1
sularm	suları	1
degistirmis	değiştirmiş	1
acanacak	acınacak	1
sursiklam	sursıklam	1
Hattà	Hatta	1
programans	programını	1
Bazu	Bazı	1
Iran'da	İran'da	1
vesäire	vesaire	1
gäirüstük	gaırüstük	1
açaldi	açıldı	1
Ralkofçi'nin	Ralkofçı'nın	1
biraktuktan	bıraktuktan	1
lisaniyeden	lisanıyeden	1
Nazin'nan	Nazın'nan	1
kiyunün	kıyunün	1
koymugtu	koymuştu	1
Ädeta	Adeta	1
Sak	Sık	1
binanun	binanın	1
kögesinde	köşesinde	1
insaaliah	inşaalıah	1
vizaltisndan	vizaltısndan	1
igitmiyorum	ığıtmıyorum	1
Bugun	Bugün	1
çıkts	çıktı	1
zamanuns	zamanın	1
çalisayorum	çalışıyorum	1
Güneg	Güneş	1
münäsebetle	münasebetle	1
igine	içine	1
dolasarken	dolaşırken	1
Pasalin	Paşalın	1
muhassil	muhassıl	1
sahhatime	şahhatıme	1
geldigimde	geldiğimde	1
Ial	Iıl	1
gençligine	gençliğine	1
gazetecilige	gazeteciliğe	1
kägit	kağıt	1
istedigimi	istediğimi	1
uzatts	uzattı	1
yazsyorlar	yazıyorlar	1
saltanatlarina	saltanatlarına	1
murahhasasi	murahhasası	1
tesyie	teşyie	1
gonderilen	gönderilen	1
geçmigti	geçmişti	1
Aziandan	Azıandan	1
Amerikala	Amerikalı	1
yaptum	yaptım	1
atmasa	atması	1
başanda	başında	1
dügünüyor	düşünüyor	1
yaptagina	yaptığını	1
saşta	usta	1
donanmasunan	donanmasının	1
istikbäl	istikbal	1
hazarhyor	hazırlıyor	1
mahvolmai	mahvolmaı	1
Ingilizler'den	İngilizler'den	1
atalmis	atılmış	1
notalarinin	notalarının	1
niyetimde	niyetinde	1
yazam	yazan	1
birakyorum	bırakyorum	1
Pergembe	Perşembe	1
iste	işte	1
Yanamda	Yanında	1
aramazda	aramızda	1
imtiyäzat	imtiyazat	1
isletmek	işletmek	1
kasmen	kısmen	1
burakmak	bırakmak	1
saga	sağa	1
koydugu	koyduğu	1
vesäiti	vesaiti	1
cakts	çıktı	1
baglamak	bağlamak	1
Istihkâmu	İstihkam	1
Petropaviosk	Petropavıosk	1
zarhlisindan	zarhlısından	1
täifeleri	taifeleri	1
düir	dur	1
Finfandivn'ya	Finfandıvn'ya	1
silerin	şilerin	1
atilmabdir	atılmabdır	1
Turkive'ye	Türkive'ye	1
Fransaz	Fransız	1
sanurm	sınırı	1
havâdise	havadise	1
Belçikalilar	Belçikalılar	1
Almanlarl'in	Almanlarl'ın	1
çahsma	çalışma	1
yazmuş	yazmış	1
gelmisti	gelmişti	1
Madar	Midir	1
oynadilar	oynadılar	1
birçoklarn	birçokları	1
gak	cak	1
zamananan	zamanının	1
isg	uğ	1
dünyann	dünyanın	1
olmasandan	olmasından	1
paralannu	paraların	1
kizdig	kızdıg	1
vardiracaklanns	vardıracaklanns	1
kalacagam	kalacağım	1
baglanmass	bağlanması	1
bagls	bağlı	1
igler	işler	1
kompozitor	kompozitör	1
besteledigi	bestelediği	1
gecirdigim	geçirdiğim	1
nnlarn	mimari	1
rür	rur	1
gundür	gündür	1
kogtu	koştu	1
halkun	halkın	1
izhär	izhar	1
Maksadi	Maksadı	1
bagrismasi	bağrışması	1
bagladik	başladık	1
bagmdaki	başındaki	1
açtum	açtım	1
başladum	başladım	1
soylece	şöylece	1
dort	dört	1
kuymetli	kıymetli	1
cevabans	cevabını	1
hitäbun	hitabun	1
siylodigini	siylodıgını	1
isbâta	isbata	1
ruhunla	ruhuna	1
tegrih	teşrih	1
sagkin	şaşkın	1
bilemedigim	bilemediğim	1
Argir	Argır	1
alamak	almak	1
yapacagumi	yapacağını	1
sasirdim	şaşırdım	1
Saşurdim	Şaşırdım	1
cevabuna	cevabını	1
tädil	tadil	1
arkadaginan	arkadagınan	1
geldigi	geldiği	1
bum	bin	1
olman	orman	1
aldiysan	aldıysan	1
sihhattir	sıhhattır	1
dişanda	dışında	1
zayaf	zayıf	1
dügen	düşen	1
nazarmndan	nazarından	1
mânen	mamen	1
gekerini	şekerin	1
aclik	açlık	1
yavrucaklarumiz	yavrucaklarumız	1
igitiyor	ığıtıyor	1
mânäsiyla	manasıyla	1
bekledigi	beklediği	1
fazlasayla	fazlasıyla	1
istirhamlarmin	istirhamlarmın	1
imânan	inanan	1
sakun	sakin	1
isinde	işinde	1
yaptignda	yaptıgnda	1
degismesin	değişmesin	1
yolum	yolun	1
uzands	uzandı	1
qus	qui	1
basalmak	başarmak	1
satarcik	satarcık	1
sapirografla	şapirografla	1
tâmimlere	tamimlere	1
Turkiye'de	Türkiye'de	1
digeri	diğeri	1
nâgir	Nasır	1
kurtulmass	kurtulması	1
maksatlarumiza	maksatlarumıza	1
Ittihad'nun	İttihad'nun	1
çalsşmak	çalışmak	1
Müslüman'n	Müslüman'ın	1
anlasmaya	anlaşmaya	1
vasatalar	vasıtalar	1
mlar'in	mlar'ın	1
bayraginu	bayrağını	1
dügürmek	düşürmek	1
Amerikahlar	Amerikalılar	1
simdiki	şimdiki	1
Imparatorlugu'na	İmparatorluğu'na	1
yapmas	yapmış	1
bulunacagum	bulunacağım	1
verecegiz	vereceğiz	1
dolagmak	dolaşmak	1
cunki	çünki	1
maäda	maada	1
almamis	almamış	1
taraftarn	taraftan	1
zäbitlerinin	zabitlerinin	1
vasutasayla	vasıtasıyla	1
edilmedigini	edilmediğini	1
zannamca	zannımca	1
kirmuza	kırmızı	1
Gürcüi	Gürcü	1
kaçmus	kaçmış	1
aldigina	aldığına	1
istendigini	istendiğini	1
sancaklarini	sancaklarını	1
bildirildigini	bildirildiğini	1
aktedildigini	aktedildiğini	1
Kütayis'in	Kutayıs'ın	1
zaptedildigini	zaptedildiğini	1
Kronstadt'dali	Kronstadt'dalı	1
Kronstadt'in	Kronstadt'ın	1
bayrams	bayram	1
Amerikah	Amerikalı	1
Çar'in	Çar'ın	1
çagirmists	çağırmışts	1
Sabah'in	Sabah'ın	1
hesabana	hesabına	1
inâden	maden	1
çaligmasa	çalıgmasa	1
etrafins	etrafını	1
cakardimd	çakardımd	1
Seyh	Şeyh	1
karsaya	karşıya	1
yazdam	yazdım	1
silesine	şilesine	1
gog	göç	1
esn	en	1
musan	insan	1
görügürüz	görüşürüz	1
verdiginizi	verdiğinizi	1
bulunmosina	bulunmosına	1
tavaiyesine	tavaıyesine	1
saraym	sarayın	1
asal	asıl	1
samyorum	sanıyorum	1
parmakliklarnda	parmaklıklarnda	1
kurmiz	kurmız	1
yahmizin	yahmızın	1
maad	mad	1
edilecegini	edileceğini	1
koylü	köylü	1
isyananun	isyanının	1
olacagun	olacağım	1
cereyannin	cereyannın	1
hazarlayarak	hazırlayarak	1
igini	işini	1
sanatam	sanatın	1
başladigumi	başladığını	1
satap	satıp	1
aldiguma	aldığını	1
dôhil	dohil	1
almas	almış	1
olabilecegini	olabileceğini	1
ihtiyath	ihtiyatlı	1
Läzam	Lazım	1
Komänist	Komanıst	1
toplayinea	toplayınea	1
bagladaginu	bağladagınu	1
cereyanlarinu	cereyanlarınu	1
esasana	esasına	1
kätipligini	katipliğini	1
müstereken	müştereken	1
fedakärhk	fedakarlık	1
calarak	çalarak	1
däir	dair	1
uzadsya	uzadıya	1
konuguldu	konuşuldu	1
Ciçerin'in	Çiçerin'in	1
Izmir'den	İzmir'den	1
olacagans	olacağını	1
menäfi	menafi	1
Fransszlar	Fransızlar	1
müsasdemizi	musasdemizi	1
Maamafib	Maamafıb	1
muhurebenin	mühürebenin	1
iJe	ıje	1
Tarkiye	Tarkıye	1
olmalarum	olmalarını	1
olmaynca	olmayınca	1
Bähusus	Bahusus	1
ümitaiz	ümitaız	1
Ikdam	İkdam	1
maksadinu	maksadını	1
mandass	mandası	1
telägh	telaşlı	1
yazdak	yazdık	1
yetisinceye	yetişinceye	1
yetistirerek	yetiştirerek	1
ginderecegim	ğinderecegim	1
yaptigumu	yaptığını	1
lmek	mek	1
yazdiklarums	yazdıklarını	1
igime	içine	1
siddetle	şiddetle	1
kaldakça	kaldıkça	1
Sultam	Sultan	1
oldugunuzu	olduğunuzu	1
istirek	iştirek	1
gizlodigim	gizlodıgım	1
yatagimda	yatağında	1
sikantalara	sıkıntılara	1
seläm	selam	1
çukacak	çıkacak	1
gotürdü	götürdü	1
onlaran	onların	1
soylüyorlar	söylüyorlar	1
olamadiginu	olmadığını	1
yapsyorsun	yapıyorsun	1
baglamadi	bağlandı	1
ayagindan	ayağından	1
sakar	Şakir	1
canuna	canına	1
Türkäncik	Türkancık	1
Hattä	Hatta	1
kalmamigtar	kalmamıgtar	1
sultanum!	sultanın	1
namazams	namazını	1
deruni	derin	1
namazanu	namazını	1
şaşacaksin	şaşacaksın	1
Mälâm	Malın	1
imalät	imalat	1
fabrikalan	fabrikaları	1
guya	güya	1
olacagina	olacağına	1
kapuda	kapıda	1
goren	gören	1
anarzist	anarzıst	1
buradalki	buradalkı	1
säylemig	saylemig	1
gıktik	çıktık	1
gelemeyeceginden	gelemeyeceğinden	1
baslada	başladı	1
Almancaniz	Almancanız	1
Fransizcanuz'a	Fransızcanuz'a	1
söyleniyormus	söyleniyormuş	1
vosaire	vosaıre	1
çahgmaya	çalışmaya	1
basladim	başladım	1
hiläfet	hilafet	1
cereyanu	cereyan	1
yaptiga	yaptığı	1
etmiglerdi	etmişlerdi	1
tegvikiyle	teşvikiyle	1
etmislerdi	etmişlerdi	1
geçmisler	geçmişler	1
istiyormus	istiyormuş	1
yazmus	yazmış	1
acidim	acıdım	1
umulmadik	umulmadık	1
altada	altıda	1
zum	züm	1
yardimlars	yardımları	1
läzm	lazım	1
verecegim	vereceğim	1
isler	işler	1
kararlagturdik	kararlagturdık	1
ugradum	uğradım	1
yanamdaki	yanındaki	1
Çavug'un	Çavuş'un	1
hazarladigim	hazarladıgım	1
Fabrikass	Fabrikası	1
hahlara	halıları	1
bakayordu	bakıyordu	1
gekmek	çekmek	1
esyasana	eşyasını	1
gosteriyordu	gösteriyordu	1
öbüru	öbürü	1
Amerikals	Amerikalı	1
yakunda	yakında	1
çukarmak	çıkarmak	1
verebilecegini	verebileceğini	1
bäbda	babda	1
konugmug	konuşmuş	1
Amerikalilar'in	Amerikalılar'ın	1
imzalandgindan	imzalandgından	1
masraflarm	masrafları	1
yarnki	yankı	1
altun	altın	1
tegkilätlan	teğkilätlan	1
yazayorum	yazıyorum	1
herseyim!	herşeyim!	1
caktum	çıktım	1
hurss	Hıris	1
cahmaya	çalmaya	1
olunacaguni	olunacağını	1
Simali	Şimali	1
Regid	Reşid	1
alişarak	alışarak	1
altidaki	altıdaki	1
yetistirmek	yetiştirmek	1
degistirip	değiştirip	1
hazurlanmak	hazırlanmak	1
edildiginden	edildiğinden	1
Londra'nun	Londra'nın	1
çahşmasinu	çalışmasını	1
inkigaf	inkişaf	1
kaymetli	kıymetli	1
esya	eşya	1
Konusurken	Konuşurken	1
kuymetini	kıymetini	1
asags	aşağı	1
Hergey	Herşey	1
Nâzn	Nazım	1
müstegan	müsteşarı	1
Dagustan	Dağıstan	1
kaşak	kaşık	1
igareti	işareti	1
hävi	havi	1
alinmis	alınmış	1
asagiki	aşağıki	1
hatirna	hatırna	1
Islanski	İslanskı	1
Kontoroviç	Kontorovıç	1
yakişmayor	yakışmayor	1
Nsine	Rine	1
Yalnaz	Yalnız	1
Uzerindeki	Üzerindeki	1
barona	Baron	1
lazam	lazım	1
demeyim	deneyim	1
gore	göre	1
Nezäreti	Nezareti	1
Almanlar'sn	Almanlar'ın	1
yapap	yapıp	1
yardimuyla	yardımıyla	1
zsm	zim	1
çahnmi	cahnmı	1
akdettiginden	akdettiğinden	1
Isveçtelki	İsveçtelki	1
yapamayacaklarni	yapamayacaklarnı	1
dostindo	dostındo	1
Turkler'in	Türkler'in	1
dügmanlarn	düşmanları	1
esnasnda	esnasında	1
maksadana	maksadına	1
bittä	bitti	1
Lran	İran	1
iginin	işinin	1
olunacagunu	olunacağını	1
olmadiguns	olmadığını	1
olacaguns	olacağını	1
alurlar	alırlar	1
edinmis	edinmiş	1
Şorkin	Sorkın	1
sarfinu	sarfınu	1
görüsemedigine	görüşemediğine	1
Iskalanski'nin	Iskalanskı'nın	1
saştilar	şaştılar	1
yinäbit	yınabıt	1
aujaiées	aujaıées	1
eurside	eursıde	1
tarafnu	tarafın	1
Oralar	Onlar	1
çakmuyor	çıkmıyor	1
baslamus	başlamış	1
Arsigg	Arşıgg	1
münhasar	münhasır	1
buranan	buranın	1
gözyaşlars	gözyaşları	1
Siyahlik	Siyahlık	1
oturmasani	oturmasanı	1
sultanuma	sultanın	1
olmadakça	olmadıkça	1
canunu	canını	1
baraktim	bıraktım	1
yukars	yukarı	1
adamlan	adamları	1
başkasayla	baskısıyla	1
düşünmüs	düşünmüş	1
artuk	artık	1
zâm	zan	1
hainim	hanım	1
stirabs	ştırabs	1
Hanum'a	Hanım'a	1
ayrihk	ayrılık	1
kapadiktan	kapadıktan	1
cizimlerinden	çizimlerinden	1
dugu	duğu	1
çakarmak	çıkarmak	1
mufettig	müfettiş	1
smndan	rından	1
islere	işlere	1
sahst	şahit	1
oldugumuz	olduğumuz	1
arkadaslar	arkadaşlar	1
Haläsa	Halası	1
boylece	böylece	1
birlestirmek	birleştirmek	1
Sakir'e	Şakir'e	1
teskilätimizan	teşkilatımızan	1
çahsabilecck	cahsabılecck	1
teşkilättan	teşkilattan	1
çıkarmamalarins	çıkarmamalarıns	1
yanndaki	yanındaki	1
Komänisti	Komanıstı	1
Farkası	Fırkası	1
Näzim	Nazım	1
Musvini	Muşvını	1
Oteden	Öteden	1
getirdigi	getirdiği	1
Masamda	Masında	1
gat	git	1
ciktam	çıktım	1
Hic	Hiç	1
Allah'un	Allah'ın	1
taraflanndan	taraflarından	1
muhtura	muhtıra	1
masan	insan	1
düsündügum	düşündüğüm	1
nür	nur	1
ags	ağı	1
yazumis	yazumıs	1
dügüncemi	düğüncemi	1
bogluk	boşluk	1
mektuplanmin	mektuplanmın	1
dügünmeye	düşünmeye	1
yalruz	yalnız	1
leminin	lerinin	1
isine	işine	1
simdikinden	şimdikinden	1
yaprandiguna	yaprandıguna	1
hodbinligi	hodbınlıgı	1
vardinyor	vardınyor	1
arslanegumiz	arslanegumız	1
gotürerek	götürerek	1
garbs	Garbi	1
adaman	adamın	1
ihtiyarladigumiz	ihtiyarladıgumız	1
bayragin	bayrağın	1
olamadigum	olmadığım	1
müslümanin	Müslümanın	1
tasayan	taşıyan	1
ettigine	ettiğine	1
gözbebegi	gözbebeği	1
babamu	babam	1
disleri	dişleri	1
sökülmüs	sokulmuş	1
govdeleri	gövdeleri	1
kollarn	kolları	1
dusündüm	düşündüm	1
konustum	konuştum	1
olmasan	olmasın	1
konugtugu	konuştuğu	1
igitiyorum	ığıtıyorum	1
teklifät	teklifat	1
ahnacagindan	ahnacagından	1
Ankara'dakilerin	Ankara'dakılerin	1
aramizdaki	aramızdaki	1
iyileştigini	iyileştiğini	1
kullanmalarina	kullanmalarına	1
Masar	Mısır	1
yagda	yağdı	1
kozartmişlar	kozartmışlar	1
gorülmemeli	görülmemeli	1
Şüra	Şura	1
yukandan	yukarıdan	1
Prkasi	Prkası	1
Nizamnämesi'ni	Nizamnamesi'ni	1
nizamnâmeyi	nizamnameyi	1
kulaklarins	kulaklarını	1
subesi	şubesi	1
sanyorum	sanıyorum	1
yaptagumı	yaptığını	1
ögrenip	öğrenip	1
kurtarsa	kurtarma	1
resmimin	resminin	1
häsi	hası	1
säyledigim	sayledigim	1
söylesivor	söyleşivor	1
çiharsanuz	ciharsanuz	1
harekâtindan	harekatından	1
yolumu	yolunu	1
oteden	öteden	1
mutäbak	mutabık	1
lemi	leri	1
cizmiş	çizmiş	1
geker	şeker	1
balak	balık	1
piläv	pilav	1
öglenin	öğlenin	1
kulaguma	kulağıma	1
soviniyor	sovınıyor	1
tandigm	tanıdığım	1
yapalm	yapan	1
egmek	eğmek	1
umarm	Umari	1
adams	adamı	1
Naciyecigimn!	Naciyeciğimn!	1
yazilds	yazıldı	1
islerinin	işlerinin	1
iglerine	işlerine	1
ngiltere'nin	İngiltere'nin	1
simendiferini	şimendiferini	1
girismeden	girişmeden	1
Furka	Fırka	1
ikrnal	ikmal	1
Ittihada	İttihada	1
kägodinu	kağodınu	1
sefarctin	sefarctın	1
yemis	yemiş	1
Buhara'nan	Buhara'nın	1
girmis	girmiş	1
soktugu	soktuğu	1
yardimyla	yardımyla	1
birgok	birçok	1
Ihtiläl	İhtilal	1
gedid	cedid	1
Mari	Mani	1
Igibi	Iğıbı	1
acmaya	açmaya	1
kadun	kadın	1
kats	katı	1
isyanun	isyanın	1
bastarmak	bastırmak	1
oldürülen	öldürülen	1
beklemediginden	beklemediğinden	1
acimamak	acımamak	1
hesabinca	hesabınca	1
hazrlamig	hazrlamıg	1
Maläyàni	Malayanı	1
almistam	almıştım	1
Bagumi	Bağını	1
yikamgtum	yıkamgtum	1
haturlar	hatırlar	1
yatagandan	yatağından	1
bozülmeyeydim	bozulmeyeydim	1
kovardin	kovardın	1
mektuplarumu	mektuplarını	1
verdin	verdim	1
yapayum	yapayım	1
susmamu	şişman	1
darslrsin	darslrsın	1
masamin	masanın	1
parmaklanm	parmaklarını	1
kägut	kağıt	1
mügtak	Müştak	1
günegi	güneşi	1
karsuya	karşıya	1
slak	ılık	1
Arzrvi	Arzrvı	1
geciktigimden	geciktiğimden	1
görugmek	görüşmek	1
vesoire	vesoıre	1
günderdim	gunderdim	1
izalnâme	ızalnâme	1
mütelagi	niteliği	1
nâzurlan	nazırları	1
çaligmak	çalışmak	1
Yaran	Yarın	1
olanun	olanın	1
obür	öbür	1
Bolgevizm	Bolşevizm	1
komonistler	komonıstler	1
hapsetmisler	hapsetmişler	1
Säim	Saim	1
Biriai	Biriaı	1
aginaligum	ağınalıgum	1
Sevki	Şevki	1
Bandirma	Bandırma	1
bulunmassna	bulunmasına	1
yanuma	yanına	1
ihtilälin	ihtilalin	1
büdayinäbit	budayınäbıt	1
geligimde	gelişinde	1
varnuş	varmış	1
kumandanlarindan	kumandanlarından	1
Mensevikler	Menşevikler	1
anarsiatler	anarşiatler	1
kumandanana	kumandanına	1
nişam	Nisan	1
vermisler	vermişler	1
nigan	Nisan	1
yararligona	yararlıgona	1
istiruk	iştiruk	1
kâtibeei	katibeei	1
zurhlilar	zurhlılar	1
müsnade	risinde	1
hemem	hemen	1
cekmedik	çekmedik	1
yataginda	yatağında	1
mugal	İngil	1
egilmig	eğilmiş	1
kulagina	kulağına	1
Turkân	Türkan	1
danlacagima	danlacagıma	1
äfiyeti	afiyeti	1
zamanlarn	zamanları	1
Gozlerinden	Gözlerinden	1
ipegi	ipeği	1
enaretti	emretti	1
almadiguma	almadığını	1
satildignu	satıldıgnu	1
duramadi	duramadı	1
yavrumuzia	yavrumuzıa	1
Buhara'nm	Buhara'nın	1
gençligi	gençliği	1
bulusmak	buluşmak	1
liaan	lıaan	1
yetistirsinler	yetiştirsinler	1
gencligi	gençliği	1
kormak	konak	1
siddetiyle	şiddetiyle	1
gayns	gayri	1
ngiltere'ye	İngiltere'ye	1
düger	diğer	1
degistirme	değiştirme	1
esnasmda	esnasında	1
katalarak	katılarak	1
tanumaya	tanımaya	1
attardilar	attardılar	1
yukarki	yukarkı	1
Icenberil	İçenberil	1
Şämil'in	Şamil'in	1
kndincagiz	kndincagız	1
tathilar	tathılar	1
çalgn	çılgın	1
sarkilar	şarkılar	1
calistm	çalıştım	1
yarsun	yarın	1
varmyor	varıyor	1
çaldirdt	çaldırdt	1
eigarasi	eigarası	1
mâtemli	matemli	1
bahşedilmig	bahsedilmig	1
döktu	döktü	1
öldürürmüs	öldürümü	1
yapildagna	yapıldığına	1
yazalan	yazılan	1
mütaläalar	mütalaalar	1
gelememis	gelememiş	1
hazrladig	hazrladıg	1
protestonâmeyi	protestonameyi	1
satirin	satırın	1
Artuk	Artık	1
Zälim	Zalim	1
akgamüstü	akşamüstü	1
tarafim	tarafın	1
Yüzbasass	Yüzbaşısı	1
yananda	yanında	1
açap	icap	1
koklayayim	koklayayım	1
actum	açtım	1
açis	açış	1
gozden	gözden	1
Munih'e	Münih'e	1
Läzum	Lazım	1
gidilmis	gidilmiş	1
aranmis	aranmış	1
eglenilmis	eğlenilmis	1
çukmayisins	çükmayısıns	1
kayntsizhga	kayntsızhga	1
davramsunu	davranışını	1
azacak	azıcık	1
aldanirmigm	aldanırmıgm	1
firlayislarni	fırlayıslarnı	1
ugratmamalydin	uğratmamalydın	1
buraksaydin	buraksaydın	1
seytanun	şeytanın	1
anladigum	anladığım	1
yaksaydi	yaksaydı	1
sevdigime	sevdiğime	1
tamu	tam	1
Soyle	Şöyle	1
seytan	şeytan	1
intikamanu	intikamını	1
batün	Batum	1
donmus	dönmüş	1
kalmas	kalmış	1
Arzicn	Arzıcn	1
dolasip	dolaşıp	1
yaşayor	yaşıyor	1
faydass	faydası	1
almuş	almış	1
uessir	üessir	1
ciyan	çıyan	1
Dug	Düş	1
hissimi	hissini	1
karşa	karşı	1
biraktam	bıraktım	1
bagtan	baştan	1
aşags	aşağı	1
kesilmis	kesilmiş	1
yildirmla	yıldırmla	1
kenetlenmis	kenetlenmiş	1
yumruklarim	yumruklarım	1
mütekallis	mütekallıs	1
suna	şuna	1
Ayagans	Ayağını	1
karss	karşı	1
benligime	benliğime	1
istihzà	istihza	1
pekalà	pekala	1
yakucs	yakıcı	1
gevsek	gevşek	1
firtanadan	fırtanadan	1
yataşmis	yataşmıs	1
birtakum	birtakım	1
bagladm	başladım	1
firtananun	fırtınanın	1
anlaman	anlamını	1
kayitsizliginin	kayıtsızlığının	1
dehsetini	dehşetini	1
hälimle	halimle	1
simdikini	şimdikini	1
yazdagm	yazdığım	1
saturlar	satırlar	1
haturalar	hatıralar	1
acasins	acısını	1
vasata	vasıta	1
almadinuz	almadınuz	1
kurgunlgimza	kurgunlgımza	1
gänderdigimn	ğanderdigimn	1
çagardi	çağırdı	1
dönügünde	dönüşünde	1
Yüzbagi	Yüzbaşı	1
fabrikalars	fabrikaları	1
ismimin	isminin	1
häsl	hail	1
Anlattiklarna	Anlattıklarna	1
cocukiaran	çocukıaran	1
corba	çorba	1
yapup	yapıp	1
ikrama	ikram	1
vazgectigimden	vazgeçtiğimden	1
uzaduya	uzadıya	1
büsbutun	büsbütün	1
olmugtum	olmuştum	1
cakar	çıkar	1
diyu	diyü	1
sakrakhgima	şakrakhgıma	1
geyleri	şeyleri	1
gna	ğim	1
gürüyor	sürüyor	1
Mufettig	Müfettiş	1
yapmala	yapmalı	1
acadim	açadım	1
aliçacaktur	alıçacaktur	1
yazimis	yazımıs	1
beratina	beratına	1
aldarmigtar	aldarmıgtar	1
yazilen	yazılen	1
sük	sık	1
yapaym	yapayım	1
olanu	olan	1
çalisabilmek	çalışabilmek	1
göndermediginizden	göndermediğinizden	1
yazdigimdan	yazdığımdan	1
çahşur	çalışır	1
cevaplarin	cevapların	1
mütesekki	müteşekki	1
cerçeve	çerçeve	1
müstahaksin	müstahaksın	1
operim	öperim	1
häla	hala	1
kurtulmug	kurtulmuş	1
kägitak	kağıtak	1
aydar	aydır	1
olmugtuk	olmuştuk	1
Bolsevikler'den	Bolşevikler'den	1
geklinde	şeklinde	1
hälin	halin	1
girecegini	gireceğini	1
Lazm	Lazım	1
icabanda	icabında	1
arkadaglara	arkadaşlara	1
tannmass	tanınması	1
teşkilät	teşkilat	1
caligmak	çalışmak	1
artayor	artıyor	1
yapalmak	yapılmak	1
görügtügünü	görüştüğünü	1
Tagkent	Taşkent	1
memurlarmun	memurların	1
konsoloslan	konsolosları	1
ihtilälini	ihtilalini	1
olacagine	olacağıne	1
cahsmasi	çalışması	1
çalişur	çalışır	1
Näzur	Nazır	1
Därülfünün	Darülfünun	1
raka	rakı	1
degiller	değiller	1
vasitasayla	vasıtasıyla	1
mücibince	mucibince	1
tädilat	tadilat	1
sanarum	sanırım	1
gekil	şekil	1
içivorlardi	içivorlardı	1
istikläline	istiklaline	1
umuriyesini	umurıyesini	1
kazdilar	kazdılar	1
konugurken	konuşurken	1
intizärâtumuz	intizaratumuz	1
yazdhginu	yazdhgınu	1
yetistirmis	yetiştirmiş	1
Anladigum	Anladığım	1
Läzm	Lazım	1
istodigini	istodıgını	1
rahatsizhk	rahatsızlık	1
rahatssz	rahatsız	1
yarisa	yarısı	1
açalmass	açılması	1
igleriyle	işleriyle	1
ugraşmak	uğraşmak	1
ivisi	ıvısı	1
yaptak	yaptık	1
tanda	tında	1
çalssacak	çalışacak	1
ugramasa	uğraması	1
masarifät	masarifat	1
Iranl	İran	1
cikarmak	çıkarmak	1
tegrik	teşrik	1
yaplmak	yapmak	1
olmadigrun	olmadığının	1
ayrildak	ayrıldık	1
ihtiläli	ihtilali	1
hazarlamak	hazırlamak	1
yazacagmizi	yazacagmızı	1
yazilmasina	yazılmasına	1
Yavrularmuzi	Yavrularmuzı	1
namazumi	namazını	1
teskiden	teşkiden	1
olmadigundan	olmadığından	1
namaziyla	namazıyla	1
nler	mer	1
tuhafim	tuhafım	1
hatrladigun	hatrladıgun	1
dükkän	dükkan	1
altan	altın	1
kitabs	kitabı	1
lisanu	lisan	1
dişarnda	dışarıda	1
kitaplarn	kitapları	1
parass	parası	1
baligunin	baliğunın	1
şasmazsiniz	şaşmazsınız	1
kitaplarima	kitaplarıma	1
Näzan	Nazım	1
olmadsgna	olmadığına	1
olmadigint	olmadığınt	1
kurtulmasina	kurtulmasına	1
kiymetinde	kıymetinde	1
ayrildum	ayrıldım	1
Kapada	Kapıda	1
başkumandanhk	başkumandanlık	1
zamanim	zamanın	1
sekli	şekli	1
hazarlayor	hazırlıyor	1
temislemesini	temişlemesini	1
yapalan	yapılan	1
baslayarak	başlayarak	1
kssmuna	kısmına	1
Hos	Hoş	1
alnms	alınmış	1
bahsis	bahşiş	1
muvaffik	muvaffık	1
ocags	ocağı	1
konugtum	konuştum	1
yagliktan	yağlıktan	1
isandigmdan	isandıgmdan	1
nizâmname	nizarnname	1
çahsayor	çalışıyor	1
näzurliga	nazırlığı	1
dâhiliyesi	dahiliyesi	1
bilmedigim	bilmediğim	1
yapacaguma	yapacağını	1
sikalyorum	şikalyorum	1
çildirnm	çıldırnm	1
çaksp	çıkıp	1
ugradim	uğradım	1
müzâkeresi	müzakeresi	1
nazanmiza	nazanmıza	1
bulunacagiz	bulunacağız	1
çaligma	çalışma	1
gekl	şekl	1
hukümete	hükümete	1
teşkilâtinda	teşkilatında	1
kusumlan	kısımları	1
olmabdir	olmabdır	1
hazirlansin	hazırlansın	1
tegkilâts	teğkilâts	1
yapta	yaptı	1
müzäkere	müzakere	1
run	rum	1
burakayor	bırakıyor	1
istedigimiz	istediğimiz	1
yazilars	yazıları	1
cahşmaya	çalışmaya	1
Pasa'dan	Paşa'dan	1
olmadignu	olmadığım	1
ink	mik	1
baglodik	bağlodık	1
kalkap	kalkıp	1
çalstik	çalstık	1
bilafasila	bilafasıla	1
masamda	masında	1
baygun	Baysun	1
dügündüklerini	düşündüklerini	1
ihtiyacm	ihtiyacım	1
olmalsin	olmalsın	1
kagida	kağıda	1
ölürum	olurum	1
çaktim	çıktım	1
däim	daim	1
getirmigler	getirmişler	1
sars	sarı	1
konustuk	konuştuk	1
genelerin	senelerin	1
pişmis	pişmiş	1
begenmişti	beğenmişti	1
Käzim	Kâzım	1
Rusdü	Rüşdü	1
çahşmak	çalışmak	1
aklumdan	aklımdan	1
Nasilsan	Nasılsan	1
igimi	işini	1
musar	Mısır	1
ekmegi	ekmeği	1
cıkarmaya	çıkarmaya	1
çaliştaklarini	çalıştıklarını	1
degismezse	değişmezse	1
yapamayacaklarin	yapamayacakların	1
degistirecekler	değiştirecekler	1
muna	müna	1
topladiga	topladığı	1
sahsanu	şahsını	1
arkadaslars	arkadaşları	1
kalmasans	kalmasını	1
yetigtirmek	yetiştirmek	1
halks	halkı	1
läzsm	lazım	1
etrafnda	etrafında	1
Ittihadça	İttihadçı	1
nazarmun	nazarını	1
pilävla	pilavla	1
yedigim	yediğim	1
mahvolacagins	mahvolacagıns	1
dagsttignu	dağsttıgnu	1
firlatildaguns	firlatıldaguns	1
Itiläfça	İtilafça	1
degiliz	değiliz	1
arkadaslarin	arkadaşların	1
müman	Numan	1
hükumetler	hükümetler	1
maksadumuz	maksadımız	1
Zsl	Zil	1
Konferanss'na	Konferansı'na	1
olamayinca	olamayınca	1
çalişmaniza	çalışmanıza	1
sahsinaz	şahsınaz	1
gitmedigimi	gitmediğimi	1
ihtiyacr	ihtiyaçr	1
mütegekkir	müteşekkir	1
çahşkan	çalışkan	1
yapalmamas	yapılmamış	1
Karum'da	Kırım'da	1
çalsgmasins	çalsgmasıns	1
olunabilecegini	olunabileceğini	1
sslak	ıslak	1
gitmigtik	gitmiştik	1
hälä	hala	1
kätip	katip	1
äsinin	işinin	1
yarsidur	yarsıdur	1
görülmediginden	görülmediğinden	1
mantikassndan	mantıkassndan	1
Orsda	Onda	1
Resit	Reşit	1
nizamnäme	nizamname	1
tegkilat	teşkilat	1
umumu	umumi	1
seyleri	şeyleri	1
nizamnämelerinden	nizamnamelerinden	1
hâhisger	hahişger	1
vidir	vıdır	1
göndermig	göndermiş	1
tarafimda	tarafında	1
cerçevede	çerçevede	1
dudaklann	dudaklarını	1
bakugi	bakügi	1
kabarmis	kabarmış	1
räkid	rakid	1
sakarak	sıkarak	1
kucagina	kucağına	1
igit	ığıt	1
buselerinle	büselerinle	1
duygulanmu	duyguların	1
komgu	komşu	1
kapiss	kapısı	1
olmalyim	olmalyım	1
odebildigin	ödebildigin	1
gitmigtir	gitmiştir	1
yanumdaki	yanındaki	1
cekiliyormus	çekiliyormuş	1
çıktum	çıktım	1
Arsi1	Arşı1	1
eshas	eşhas	1
sormus	sormuş	1
Taskent'teki	Taşkent'teki	1
yapilms	yapılmış	1
Vahsi	Vahşi	1
oglunun	oğlunun	1
başuna	başına	1
nâme	rine	1
nuru	Nuri	1
olmadigindan	olmadığından	1
cete	çete	1
talimâtanu	talimatını	1
mahirâne	mahirane	1
kirdaki	kırdaki	1
yaziglarim	yazıglarım	1
cadinun	cadınun	1
basilmasina	basılmasına	1
Şahst	Şahit	1
tegebbüs	teşebbüs	1
nazarlarsn	nazırların	1
ugraşurken	uğraşırken	1
kägitlarla	kağıtlarla	1
talimätanu	talimatını	1
çahskan	çalışkan	1
Ilya	Uya	1
ehemmiyetaiz	ehemmiyetaız	1
Yazmalan	Yazmaları	1
karisakhga	karışıklığa	1
Lazum	Lazım	1
hazarhga	hazırlığı	1
ilänihaye	ilanihaye	1
yardimcumdir	yardımcumdır	1
yazdaginza	yazdagınza	1
eglenmeniz	eğlenmeniz	1
ernanet	emanet	1
halà	hala	1
arslanum!	anılarını	1
olacagindan	olacağından	1
yapacagim	yapacağım	1
ogrenmeye	öğrenmeye	1
çalstiktan	çalstıktan	1
çalsp	çalıp	1
sucak	sıcak	1
dökülmüg	dökülmüş	1
dun	dün	1
matbas	matbu	1
görügmüs	görüşmüş	1
ädetà	adeta	1
insanun	insanın	1
fursatta	fırsatta	1
donmüs	dönmüş	1
Karmin	Karın	1
sokulmus	sokulmuş	1
küçuk	küçük	1
bakayor	bakıyor	1
Gozlerini	Gözlerini	1
dikmis	dikmiş	1
baglams	başlamış	1
babasuna	babasına	1
kadins	kadını	1
bastan	baştan	1
çakarana	çıkaran	1
mutehevvir	mütehevvir	1
hen	hem	1
dogmug	doğmuş	1
yapulmasa	yapılması	1
Buruda	Bunda	1
nädir	nadir	1
kosa	koşa	1
hallerime	hallerine	1
şaliniz	şalınız	1
gonderemedim	gönderemedim	1
dügündügun	düşündüğüm	1
budalaligina	budalalığına	1
inansam	inanan	1
Dogrudan	Doğrudan	1
çikmig	çıkmış	1
verecegi	vereceği	1
islerimi	işlerini	1
Yunanlalar'in	Yunanlalar'ın	1
aldiklarumuz	aldıklarumuz	1
çekiliyormus	çekiliyormuş	1
odecegim	ödecegim	1
uzaktara	uzaktan	1
kenanndaki	kenarındaki	1
tagtigandan	tagtıgandan	1
yazalar	yazılar	1
basanda	başında	1
ziyasinda	ziyasında	1
çarpayor	çarpıyor	1
dügünmek	düşünmek	1
göndermisindir	göndermişindir	1
yazilarnun	yazıların	1
anlattags	anlattığı	1
anlayamadin	anlayamadım	1
icime	içine	1
sokacagin	sokacağın	1
düçünemedin	ducünemedin	1
kalds	kaldı	1
ugradam	uğradım	1
basaldiktan	başaldıktan	1
oluyormus	oluyormuş	1
Hüläsasi	Hülasası	1
çalişacakmıg	çalışacakmıg	1
sehbenderlik	şehbenderlik	1
tirag	tıraş	1
Moskova'nun	Moskova'nın	1
gimal	şimal	1
hissiyatans	hissiyatını	1
canlanmasina	canlanmasına	1
cadasina	cadasına	1
düzelmis	düzelmiş	1
karugik	karugık	1
Turkleri'nin	Türkleri'nin	1
tesllim	teşllim	1
çocuklarimla	çocuklarımla	1
hergeyin	herşeyin	1
alacagams	alacağını	1
ugramayayim	uğramayayım	1
hastahk	hastalık	1
olurmus	olurmuş	1
dogmadan	doğmadan	1
alacagm	alacağım	1
ayaklaruna	ayaklarına	1
darlir	darlır	1
karistardam	karıştardam	1
yetisecek	yetişecek	1
duymasin	duymasın	1
kalrmi	kalrmı	1
Yaknda	Yakında	1
alacagim	alacağım	1
kig	kış	1
aldigam	aldığım	1
väsil	vasıl	1
hursi	hırsı	1
naz	maz	1
äşak	aşık	1
sekerim	şekerin	1
balum	bilim	1
usandirur	usandırur	1
darldim	darldım	1
dügünür	düşünür	1
çıkmiglar	çıkmışlar	1
yattiktan	yattıktan	1
Kasabasi'nda	Kasabası'nda	1
muhafazasinda	muhafazasında	1
emrioaki	emrioakı	1
nezäretteydim	nezaretteydim	1
boylayacagiz	boylayacagız	1
göremeyecegimi	göremeyeceğimi	1
iscilerinin	işçilerinin	1
oyuncakçi	oyuncakçı	1
oyuncaklardir	oyuncaklardır	1
başlatur	başlatır	1
başlattiysa	başlattıysa	1
arslansmin	anılarının	1
aşağs	aşağı	1
yaptaracagim	yaptaracagım	1
begenirse	beğenirse	1
Beraberimdeki	Beraberindeki	1
vermigtim	vermiştim	1
digerleri	diğerleri	1
ahyorum	alıyorum	1
geldiginden	geldiğinden	1
çaligtk	çalıgtk	1
Farsi	Farsı	1
Rüşdu	Rüşdü	1
etmedigini	etmediğini	1
kusum	kısım	1
arkadaslarnun	arkadaşların	1
girdigini	girdiğini	1
Huläsa	Hülasa	1
zannmca	zannımca	1
çalismg	çalışmış	1
Enternasyonalin	Enternasyonalın	1
firkasina	fırkasına	1
görüstum	görüştüm	1
isläm'm	İslam'ın	1
softaliktan	softalıktan	1
Tataristan'da	Tatarıstan'da	1
tunda	tında	1
başlamuslardir	başlamışlardır	1
yazdhkiarmu	yazdhkıarmu	1
karnuma	kanuna	1
ndüm	indim	1
gut	git	1
misirunundan	mısırunundan	1
istahum	iştahum	1
biçaklarma	bıçaklarma	1
kucagnda	kucağında	1
umo	no	1
dalardik	dalardık	1
muztarip	muztarıp	1
dudaklarm	dudakları	1
süküt	sukut	1
aclarima	aclarıma	1
hatarlayasin	hatarlayasın	1
Duhänizäde	Duhanizäde	1
islerle	işlerle	1
zivarete	zıvarete	1
pesinie	peşinie	1
yordammi	yordammı	1
bitiremediginizi	bitiremediğinizi	1
battà	bitti	1
rahatsaz	rahatsız	1
yaziyorlard	yazıyorlard	1
Havanin	Havanın	1
Azerbaycan'n	Azerbaycan'ın	1
cıkmadimn	çıkmadımn	1
kumas	kumaş	1
Otede	Ötede	1
mayasindan	mayasından	1
yagandaki	yağandakı	1
kadn	kadın	1
birkac	birkaç	1
koymus	koymuş	1
tabaginu	tabağınu	1
agrs	ağrı	1
säik	saik	1
dusünür	düşünür	1
siddetine	şiddetine	1
pismanum	pişmanum	1
yazilanms	yazıların	1
hazurlamaya	hazırlamaya	1
yarmn	yarın	1
Matbaamiz	Matbaamız	1
sâbak	sabık	1
oralarn	onları	1
läzim	lazım	1
yaguyor	yağıyor	1
elbirligiyle	elbirliğiyle	1
rüzgärli	rüzgarlı	1
yaptardigm	yaptardıgm	1
gomlegi	gömleği	1
soylemem	söylemem	1
gulersin	gülersin	1
olmasinlar	olmasınlar	1
cinäyete	cinayete	1
gindermekten	ğindermekten	1
uzerinde	üzerinde	1
yaptuklamnu	yaptıklarını	1
sanuyorum	sanıyorum	1
çocuklarmiza	çocuklarmıza	1
uyayim	uyayım	1
Darilma	Darılma	1
düsündüklerim	düşündüklerini	1
hakkamu	hakkını	1
saçmadir	saçmadır	1
ismarlamazdan	ısmarlamazdan	1
gormus	görmüş	1
bükometinin	bukometinin	1
altu	altı	1
cakacak	çıkacak	1
hazırladik	hazırladık	1
anlamadum	anlamadım	1
kurginhik	kurgınhık	1
Bursa'nin	Bursa'nın	1
edildigini	edildiğini	1
istemedigini	istemediğini	1
dähilinde	dahilinde	1
olacaganu	olacağını	1
olacaguni	olacağını	1
hazurlanmass	hazırlanması	1
demis	demiş	1
edecegimiz	edeceğimiz	1
olacagins	olacağını	1
etmisler	etmişler	1
alindigina	alındığına	1
imkänt	imkant	1
yapmadilar	yapmadılar	1
sabar	sabır	1
salladikça	salladıkça	1
biraklarsa	bıraklarsa	1
sabarsazhkla	sabırsızlıkla	1
basanuzi	basanuzı	1
agrittam	ağrıttam	1
yarst	yanıt	1
Arsipés	Arşıpés	1
Binbass	Binbaşı	1
ismarladm	ısmarladm	1
igimize	işimize	1
nüshasinda	nüshasında	1
tanumadigum	tanumadıgum	1
almşlar	almışlar	1
dähili	dahili	1
Eskisehir	Eskişehir	1
hattanu	hattını	1
maglüp	mağlup	1
Afyonkarahisar'in	Afyonkarahisar'ın	1
simallinle	şimallınle	1
Afyonkarahisari'na	Afyonkarahisarı'na	1
simâldeki	şimaldeki	1
umdugunu	umduğunu	1
Mebüsan	Mebusan	1
aleyhime	aleyhine	1
çalişacakti	çalışacaktı	1
bizirole	bızırole	1
sehadeti	şehadeti	1
Ankara'nun	Ankara'nın	1
teskilätlarns	teşkilatlarns	1
ass	işi	1
mütaläada	mütalaada	1
tatlilikla	tatlılıkla	1
sormayiniz	sormayınız	1
yürütecegimi	yürüteceğimi	1
çasardim	casardım	1
akhma	aklıma	1
aklma	aklıma	1
kadarcak	kadarcık	1
kägitçagum	kağıtçagum	1
yazdhğim	yazdhğım	1
häricindedir	haricindedir	1
isciligini	işçiliğini	1
rânedir	ranedir	1
hassıniz	hassınız	1
acilik	acılık	1
tathlikta	tathlıkta	1
soz	söz	1
agzuma	ağzına	1
acindirmaktan	acındırmaktan	1
yaçadigim	yaçadıgım	1
didistigim	didiştigim	1
acimiyorsun	acımıyorsun	1
namazumu	namazını	1
uzadim	uzadım	1
Snde	Sinde	1
yurekli	yürekli	1
müsluman	Müslüman	1
aynids	aynıds	1
Näzın	Nazın	1
uzadaya	uzadıya	1
teskilätana	teşkilatına	1
olmadagani	olmadığını	1
müzäkereleri	müzakereleri	1
teskilätan	teşkilatın	1
anladiguma	anladığıma	1
Bolseviklere	Bolşeviklere	1
igaretimle	ığaretimle	1
hocalardandir	hocalardandır	1
Hayatinu	Hayatını	1
Nakgibendi	Nakşibendi	1
ayraldak	ayrıldık	1
dügünürlermis	duğunurlermis	1
seyhlige	şeyhlige	1
sokagu	sokağı	1
demislerdi	demişlerdi	1
gormedim	görmedim	1
gonderilmesinden	gönderilmesinden	1
täzim	tazim	1
Mesfekaisdir	Mesfekaısdır	1
Şämdilik	Şimdilik	1
kosum	koşum	1
yavrularmia	yavrularmıa	1
Alinh'a	Alınh'a	1
ugradigs	uğradığı	1
aldaklaran	aldıklarını	1
gitta	gitti	1
dedigine	dediğine	1
giire	süre	1
Dala	Dili	1
Moskova'ys	Moskova'yı	1
olmayacaganu	olmayacağını	1
Siodi	Siodı	1
göisterdi	göısterdi	1
yazdirdin	yazdırdın	1
yorulmazsaniz	yorulmazsanız	1
doksanhik	doksanhık	1
bagura	bağıra	1
bagra	Basra	1
cekise	çekişe	1
gıkardigum	gıkardıgum	1
üizere	üzere	1
yetistirmck	yetiştirmck	1
Altana	Altına	1
parçasadir	parçasıdır	1
gözüim	çözüm	1
hatarlatar	hatırlatır	1
fildisinden	fildişinden	1
bolunabilecek	bölünabılecek	1
baskiso	baskıso	1
çaliçacagum	çalıçacagum	1
salendaki	salendakı	1
gakmig	gakmıg	1
degdikçe	değdikçe	1
mümkun	mümkün	1
parçays	parçayı	1
hazirladà	hazırladı	1
yapmig	yapmış	1
ziyanciliktan	ziyancılıktan	1
alikoyamadim	alıkoyamadım	1
hocasmun	hocanın	1
sekline	şekline	1
ragrnen	rağmen	1
yuk	yük	1
apartmanu	apartman	1
Dersimden	Derinden	1
okudugum	okuduğum	1
saçsizhguna	saçsızhguna	1
tüccarmis	tüccarmıs	1
zenginligine	zenginliğine	1
senligini	şenliğini	1
Kagsd	Kağıd	1
imkans	imkanı	1
olmadigandan	olmadığından	1
deriai	deriaı	1
esyasins	eşyasını	1
varmig	varmış	1
mis	miş	1
Nâzari'nin	Nazırı'nın	1
gondermek	göndermek	1
Avusturyals	Avusturyalı	1
kalmig	kalmış	1
saşurmişts	şaşurmışts	1
oyuncakiar	oyuncakıar	1
darilmazson	darılmazson	1
eginin	eşinin	1
bulunacagunu	bulunacağını	1
Rusya'nun	Rusya'nın	1
Isterseniz	İsterseniz	1
alnamaz	alınmaz	1
altanina	altanına	1
beklemem	beklenen	1
doldurmus	doldurmuş	1
bakamadan	bakmadan	1
okumass	okuması	1
siklp	sıklp	1
bikacagum	bıkacagum	1
Sktilälin	Şktilälin	1
Arslancagim	Arslancagım	1
Binbagı	Binbaşı	1
kusmanu	kuman	1
Oyuneaklarin	Oyuneakların	1
mektuplarum	mektupların	1
parays	parayı	1
etmeyisleri	etmeyişleri	1
cikmuyor	çıkmıyor	1
alinyor	almıyor	1
Halbulti	Halbultı	1
dinmüs	dinini	1
Anlattigina	Anlattığına	1
bunlaran	bunların	1
baslamis	başlamış	1
tufekle	tüfekle	1
efräd	efrad	1
aktedildiginden	aktedildiğinden	1
kabäilinden	kabailinden	1
demig	demiş	1
igimiz	işimiz	1
dog	doğ	1
ternin	temin	1
kumag	kumaş	1
Äli	Ali	1
nişanins	nişanını	1
kaynpederi	kayınpederi	1
enigtesi	eniştesi	1
näil	nail	1
Serdär	Serdar	1
hurçia	hürçia	1
pâyesine	payesine	1
çinlasin	çınlasın	1
sanrm	sinin	1
hammu	hanım	1
kuymetlidir	küymetlidir	1
samuru	samimi	1
edebildigim	edebildiğim	1
degilmis	değilmiş	1
aldigamiz	aldığımız	1
bakahm	bakalım	1
digerlerini	diğerlerini	1
persembe	perşembe	1
vasstalar	vasıtalar	1
çaligyorum	çalıgyorum	1
artmus	artmış	1
egsiz	eşsiz	1
ayriliktan	ayrılıktan	1
acitarak	acıtarak	1
aldigom	aldıgom	1
Paga'yla	Paşa'yla	1
yazmstur	yazmıştır	1
Yorulmus	Yorulmuş	1
çikmug	çıkmug	1
fotografins	fotoğrafıns	1
mesâimden	mesaimden	1
siksntada	sıksntada	1
Yanundalki	Yanundalkı	1
yaramadign	yaramadıgn	1
arkadaşlardandir	arkadaşlardandır	1
kagt	kast	1
sarsp	sarıp	1
sagumda	sağında	1
arabasinun	arabasının	1
dalgin	dalgın	1
fotograflarniza	fotoğraflarnıza	1
Turkän'in	Türkan'ın	1
ressamin	ressamın	1
bagara	bağıra	1
cevabina	cevabını	1
cevabunu	cevabını	1
çagiryor	çağıryor	1
begenmedigimden	beğenmediğimden	1
ismarlayarak	ısmarlayarak	1
bag	bağ	1
Yalmz	Yalnız	1
kollarunan	kollarının	1
samurlar	sınırlar	1
gole	göle	1
torunlarundan	torunlarından	1
egyasi	eşyası	1
kadanu	kadını	1
savdim	savdım	1
vezäifi	vezaifi	1
talimats	talimatı	1
izahats	izahatı	1
üclerine	içlerine	1
kargladi	kargladı	1
Afgan'in	Afgan'ın	1
Kätip	Katip	1
çagurarak	çağırarak	1
nizamnämemiz	nizamnamemiz	1
Yüzbagiss	Yüzbagıss	1
äzäsindandir	azasındandır	1
bitirdiginden	bitirdiğinden	1
bagunu	bağını	1
Villamizdaki	Villamızdakı	1
nazarlarum	nazırların	1
dalmıs	dalmış	1
yaşadgimiz	yasadgımız	1
mdir	midir	1
kusurlarmi	kusurlarmı	1
arasna	arasına	1
yüzunu	yüzünü	1
aca	acı	1
yasamak	yaşamak	1
kastinla	kastınla	1
nugil	İngil	1
yavrularirm	yavrularırm	1
karnandakini	karnandakını	1
ciktum	çıktım	1
olacağunu	olacağını	1
görecegimizi	göreceğimizi	1
Imamu	İmam	1
altms	altın	1
tegkilät	teşkilat	1
Yazak	Yazık	1
Basmoci	Basmocı	1
Basmacalar'in	Basmacalar'ın	1
isteniyormus	isteniyormuş	1
zarardir	zarardır	1
liranan	liranın	1
kisiyi	kişiyi	1
nasfins	nasfıns	1
edigi	edici	1
kalacaktur	kalacaktır	1
aldirp	aldırp	1
gonderirseniz	gönderirseniz	1
gifreli	şifreli	1
yazslar	yazılar	1
lki	iki	1
surmektedir	sürmektedir	1
yanligiak	yanlıgıak	1
Kagudin	Kagudın	1
kasmindaki	kasmındakı	1
Yidir	Yıdır	1
Sehir'de	Şehir'de	1
anladak	anladık	1
seferiyosi	seferiyosı	1
bulamams	bulamamış	1
Manastur	Manastır	1
muntakasi	mıntıkası	1
vardiga	vardığı	1
çahşmas	çalışmış	1
olmasinu	olmasını	1
olacaguna	olacağını	1
buldugunu	bulduğunu	1
kalacaginu	kalacağını	1
takibäti	takibatı	1
karilan	karılan	1
huläsasi	hülasası	1
covabi	covabı	1
kararlaştaracagiz	kararlaştaracagız	1
yaginda	yaşında	1
olmadigndan	olmadığından	1
siir	sur	1
siirleri	şiirleri	1
siirler	şiirler	1
Dârülfinünu	Darülfinünu	1
sairlerinden	şairlerinden	1
Sefri'nin	Şefri'nin	1
çuldirasiya	çuldırasıya	1
umduklarinuzla	umduklarınuzla	1
geciriyorsunuz	geçiriyorsunuz	1
tarafn	tarafın	1
Minak	Minik	1
çalasmak	çalışmak	1
olacagu	olacağı	1
istiraki	iştiraki	1
olscaginu	olscagınu	1
kazandiklanndan	kazandıklanndan	1
intibäbana	intibabana	1
sast	Sait	1
kaldards	kaldırdı	1
Intihap	İntihap	1
binasa	binası	1
deg	des	1
Evvelà	Evvela	1
imkt	Mkt	1
intihäbät	intihabat	1
kargusandaki	kargusandakı	1
yazid	yazıd	1
intähäbätun	ıntahäbätun	1
komanistler	komanıstler	1
yalms	yılın	1
soylemek	söylemek	1
soylerken	söylerken	1
häzirun	hazırım	1
çalistalar	çalıştılar	1
soylendi	söylendi	1
degistirerek	değiştirerek	1
älet	alet	1
yapms	yapmış	1
olduklarans	olduklarını	1
olacaklannu	olacaklarını	1
kiaum	kum	1
ezilmig	ezilmiş	1
kalmasana	kalmasına	1
yanm	yarım	1
olmayacaguni	olmayacağını	1
Muhnlifler	Muhnlıfler	1
komünistligi	komünistliği	1
sehirlilerin	şehirlilerin	1
kurtulacagino	kurtulacağıno	1
Komanist	Komanıst	1
karistarmak	karıştarmak	1
cikmak	çıkmak	1
taraftars	taraftarı	1
programu	programı	1
Suralar	Şuralar	1
kaldirmakla	kaldırmakla	1
bitmis	bitmiş	1
kalabahgn	kalabalığın	1
çuktak	çıktık	1
intihäba	intihaba	1
görmüg	görmüş	1
nümüne	numune	1
telgrafinu	telgrafını	1
kämilen	kamilen	1
halletmisler	halletmişler	1
altins	altını	1
lirasna	lirasına	1
ald	aid	1
tums	tüm	1
alacagunu	alacağını	1
imzaladik	imzaladık	1
alikonacak	alıkonacak	1
emrettigini	emrettiğini	1
çaligmig	çalışmış	1
aynldim	ayrıldım	1
aramuzda	aramızda	1
kalmasinu	kalmasını	1
başkasana	başkasına	1
aldhgimuz	aldhgımuz	1
ocaginda	ocağında	1
yazacaktiun	yazacaktıun	1
iglerini	işlerini	1
olacaklaruni	olacaklarını	1
çahgmakla	çalışmakla	1
istedigimixi	istediğimixi	1
rna	na	1
Vakua	Vakıa	1
hazirland	hazırland	1
sincabunan	şıncabunan	1
ufagin	ufagın	1
kuzarunki	kuzarunkı	1
nâdirdir	nadirdir	1
kadunlar	kadınlar	1
kardes	kardeş	1
kaybetmig	kaybetmiş	1
seklini	şeklini	1
anlagmaya	anlaşmaya	1
düşmüs	düşmüş	1
onün	onun	1
alinmasuna	alınmasına	1
kisiye	kişiye	1
yetmig	yetmiş	1
sahsan	şahsın	1
Islämlar	İslamlar	1
komünistliginin	komünistliğinin	1
islâmlar'n	islamlar'n	1
çaligmas	çalıgmas	1
ogrenmesini	öğrenmesini	1
odecegiz	ödecegiz	1
komisori	komisorı	1
dizildigini	dizildiğini	1
Bunlarn	Bunları	1
boyatilsp	boyatılsp	1
yaptirmazdan	yaptırmazdan	1
magazasina	mağazasına	1
yaptartursaniz	yaptartursanız	1
resmimi	resmini	1
imzamu	nizami	1
Mütebäkisi	Mütebakisi	1
hanumlar	hanımlar	1
yaptiryor	yaptıryor	1
boyatalmasins	boyatalmasıns	1
bulunmass	bulunması	1
imkänu	imkanı	1
digerlerinin	diğerlerinin	1
samurun	sanırım	1
kollars	kolları	1
kismana	kısmını	1
artarmak	artırmak	1
icabana	icabına	1
genisligini	genişliğini	1
yetistirirsem	yetiştirirsem	1
maädà	maada	1
getirecegi	getireceği	1
kürku	kürkü	1
taşirsiniz	taşırsınız	1
yapmni	yapının	1
görügmeyi	görüşmeyi	1
ugraşacak	uğraşacak	1
baglamadan	başlamadan	1
seving	sevinç	1
Arkasinda	Arkasında	1
kayitsizca	kayıtsızca	1
zarfini	zarfını	1
sagirdi	şaşırdı	1
karşasanda	karşısında	1
obur	öbür	1
ânunda	anında	1
açhga	açlığa	1
iştihasi	iştihası	1
doymadim	doymadım	1
mânis	mamış	1
hatirima	hatırıma	1
multefit	mültefit	1
Arsivist	Arşivist	1
defasanda	defasında	1
başkn	baskın	1
alamadu	alamadı	1
sefis	şefis	1
ilävesini	ilavesini	1
gozüm	gözüm	1
sähum	şahin	1
gördun	gördün	1
ruya	rüya	1
uyannca	uyarınca	1
soylüyorsunuz	söylüyorsunuz	1
karniruza	karnıruza	1
okşadigins	okşadığıns	1
hosuna	hoşuna	1
olmaysnca	olmayınca	1
hatarlatmak	hatırlatmak	1
sikmasam	sıkmasam	1
geldikge	geldikçe	1
yazdiklarmi	yazdıklarmı	1
süpheyi	şüpheyi	1
yalana	yılına	1
käfiye	kafiye	1
kosup	koşup	1
Yunanlilarà	Yunanlılara	1
soyluyorsun	söylüyorsun	1
dünyanun	dünyanın	1
pergembe	perşembe	1
yazmizsn	yazmızsn	1
cakmıs	çıkmış	1
başladin	başladım	1
almadiktan	alındıktan	1
varamadigumuz	varamadıgumuz	1
yazdirmiyorsa	yazdırmıyorsa	1
häkim	hakim	1
âdetà	adeta	1
yuh	yılı	1
unutabilsen	unutabılsen	1
acilaryla	acılaryla	1
koymugtur	koymuştur	1
bem	ben	1
halimden	halinden	1
ayrihğumizin	ayrıhğumızın	1
silaşturdigin	sılaşturdıgın	1
çılgn	çılgın	1
anlyor	arıyor	1
atâsidir	atasıdır	1
kalkmis	kalkmış	1
çakmisti	çıkmıştı	1
Regit	Reşit	1
unutmamis	unutmamış	1
kaplip	kaplıp	1
sapmamasim	sapmamasım	1
karaladim	karaladım	1
toplandiklarnu	toplandıklarnu	1
Başkirdistan'a	Başkırdistan'a	1
Başkardistan'da	Başkardıstan'da	1
livânn	livann	1
sevkodiliyor	sevkodılıyor	1
Karim'da	Kırım'da	1
Kirum	Kırım	1
alayan	alayın	1
Rusyasi	Rusyası	1
sevkedilmis	sevkedilmiş	1
mahvettigini	mahvettiğini	1
Tataristan'dan	Tatarıstan'dan	1
çarhik	çarhık	1
nümânesi	numanesi	1
karnunun	kanunun	1
boyanmıg	boyanmış	1
kullarunu	kullanımı	1
mukemmel	mükemmel	1
yolarlarmis	yolarlarmıs	1
yaptinrsanuz	yaptınrsanuz	1
hazurlarlarmiş	hazurlarlarmış	1
naklettigim	naklettiğim	1
daralmazsin	daralmazsın	1
lirasans	lirasını	1
lirasins	lirasını	1
airada	aırada	1
Koylerde	Köylerde	1
Asal	Asıl	1
Ilerideki	İlerideki	1
arasandaki	arasındaki	1
kaymet	kıymet	1
konmug	konmuş	1
otesi	ötesi	1
getirilmis	getirilmiş	1
binasu	binası	1
sanatkärânesi	sanatkâranesi	1
yapilmug	yapılmug	1
hocasa	hocası	1
alds	aldı	1
kurmiza	kırmızı	1
hemsire	hemşire	1
fotografima	fotoğrafıma	1
dayist	dayıst	1
anladigmiz	anladıgmız	1
kisive	kişive	1
anladsk	anladık	1
cicegi	çiçeği	1
parkindan	parkından	1
payine	payıne	1
Naciyecigim'e	Naciyeciğim'e	1
baslamas	başlamış	1
Mayns	Mayın	1
kormizi	körmizi	1
yanmizda	yanımızda	1
tutmus	tutmuş	1
gube	şube	1
mudurlerinden	müdürlerinden	1
çagrmiti	çağrmıtı	1
pilävdan	pilavdan	1
boçaldikça	bocaldıkça	1
birtakomi	birtakomı	1
acimastar	acımastar	1
ahl	ahi	1
almamigtim	almamıgtım	1
Aleyhimde	Aleyhinde	1
anladam	anladım	1
yalancinin	yalancının	1
fenalginu	fenalgınu	1
yapigtanrsan	yapıgtanrsan	1
yapagtursin	yapagtursın	1
aug	aus	1
kapuss	kapısı	1
dizilmis	dizilmiş	1
yipranmıs	yıpranmış	1
oturmus	oturmuş	1
kaps	kapı	1
insanlarn	insanları	1
çömelmis	çömelmiş	1
tavasindan	tavasından	1
mayasi	mayası	1
yagin	yağın	1
pazarmiz	pazarmız	1
takm	takım	1
çegit	çeşit	1
Masanin	Masanın	1
takum	takım	1
yapacagins	yapacağını	1
almu	alın	1
almus	almış	1
gümüg	gümüş	1
gömülmüg	gömülmüş	1
cevabs	cevabı	1
duşüncelere	düşüncelere	1
sifre	şifre	1
olmadhginı	olmadhgını	1
frkamizin	frkamızın	1
bildirecegiz	bildireceğiz	1
yazdiklanmin	yazdıklanmın	1
kaldigumizs	kaldıgumızs	1
gönderecegimizi	göndereceğimizi	1
varda	vardı	1
gifre	şifre	1
yaptagam	yaptığım	1
etmistir	etmiştir	1
malumatam	malumatım	1
mahfazasins	mahfazasıns	1
aynldi	aynldı	1
kalpaga	kalpağı	1
kâgt	kast	1
çıksp	çıkıp	1
tasindan	taşından	1
kägida	kağıda	1
esyays	eşyayı	1
cay	çay	1
cakardi	çıkardı	1
inkalap	inkılap	1
kaçmays	kaçmayı	1
devama	devam	1
Çarhk	Çarlık	1
Türkistan'n	Türkistan'ın	1
aks	iki	1
teşkilätlarni	teşkilatlarnı	1
tamamlamalarni	tamamlamalarnı	1
olamazsinaz	olamazsınaz	1
etmiyorlarmis	etmiyorlarmıs	1
kargisinda	karşısında	1
igimden	içinden	1
gelecegim	geleceğim	1
cogurdiguma	çoğurdıguma	1
çalgiyor	çalgıyor	1
alamad	Aland	1
Duhânizâde	Duhanizâde	1
Fransazlar	Fransızlar	1
basknina	basknına	1
anlasmasina	anlaşmasına	1
hazimsuzhktan	hazımsuzhktan	1
göndermigler	göndermişler	1
arkadaglanyla	arkadaşlarıyla	1
Guya	Güya	1
adamlarun	adamların	1
Koyun	Köyün	1
yazdsgum	yazdığım	1
boyayip	boyayıp	1
yaptarrsinsz	yaptarrsınsz	1
Sarn	Sarı	1
bizam	bizim	1
gitmedigi	gitmediği	1
istediginden	istediğinden	1
yaptaguma	yaptığına	1
dayanur	dayanır	1
hâsal	hasıl	1
kigiyi	kişiyi	1
burakup	bırakıp	1
yapamamis	yapamamış	1
Fükrimce	Fukrımce	1
komunistlik	komünistlik	1
Bizam	Bizim	1
siçanr	sıçanr	1
Ingilizcesi	İngilizcesi	1
yazlmig	yazlmıg	1
görügmeden	görüşmeden	1
düsunüyordum	düşünüyordum	1
tamah	tarih	1
ülâve	ilave	1
gündensin	gündemin	1
alacagumu	alacağını	1
ginosli	ginoslı	1
firlamg	fırlamış	1
kalpaklign	kalpaklıgn	1
kans	kan	1
çaligacagiz	çalışacağız	1
buyurursanz	buyurursanız	1
fazlasinu	fazlasını	1
kuyafetlerini	kıyafetlerini	1
boyals	boyalı	1
ufiak	ufuk	1
tag	taş	1
arkadastir	arkadaştır	1
galugtik	galugtık	1
edebilecegil	edebileceğil	1
esyanan	eşyanın	1
masam	insan	1
bakislarn	bakışları	1
dudaklars	dudakları	1
cerçevenfin	çerçevenfin	1
egyasini	eşyasını	1
isaret	işaret	1
yardimdan	yardımdan	1
çalmamiza	çalmamıza	1
iâne	une	1
Kätibi	Katibi	1
döneceginden	döneceğinden	1
yazmami	yazmamı	1
görügerek	görüşerek	1
sanmyorum	sanmıyorum	1
etmeyecegini	etmeyeceğini	1
anlamadim	anlamadım	1
Enstitüsu	Enstitüsü	1
Müdurü	Müdürü	1
Kazanl	Kazan	1
getirmig	getirmiş	1
karşt	kanıt	1
Torkiye'nin	Torkıye'nin	1
beslemedigini	beslemediğini	1
degilken	değilken	1
megguliyetim	meggulıyetim	1
sikmamak	sıkmamak	1
yaparm	yapan	1
maâd	mad	1
beger	beşer	1
alacagiz	alacağız	1
süretle	suretle	1
Bolgevikler'in	Bolşevikler'in	1
degiecek	değiecek	1
salladiklarinu	salladıklarınu	1
eäiz	eaız	1
başkasuna	başkasına	1
çalşiyoruz	çalşıyoruz	1
veremeyecegimizi	veremeyeceğimizi	1
yazama	yazma	1
yazisı	yazısı	1
basiu	başıu	1
yazdirds	yazdırds	1
gösterdigimde	gösterdiğimde	1
akgamin	akşamın	1
ögleyin	öğleyin	1
makarnaai	makarnaaı	1
altuns	altmış	1
varmss	varmış	1
yaln	yani	1
gocuklarunin	göçüklarunın	1
yanunuza	yanımıza	1
gecip	geçip	1
sandig	sandıg	1
haysr	hayır	1
görügmüş	görüşmüş	1
Yunanhlar	Yunanlılar	1
Mudürü	Müdürü	1
ugrayarak	uğrayarak	1
gönderdigimi	gönderdiğini	1
Nezâreti'nde	Nezareti'nde	1
silâhlarnin	silahların	1
kasminu	kısmını	1
mânäsayla	manasıyla	1
yangandan	yangından	1
toplanmig	toplanmış	1
Malam	Malın	1
teskilatana	teşkilatına	1
Cavus	Çavuş	1
arkadaglardan	arkadaşlardan	1
yazayorlardi	yazayorlardı	1
yazdigam	yazdığım	1
açagi	açığı	1
Yenig	Yemiş	1
Seref	Şeref	1
kalur	kalır	1
kaldigindan	kaldığından	1
vermisti	vermişti	1
zir	zır	1
zatan	zatın	1
Gozetesi'ne	Gözetesi'ne	1
Etrafimda	Etrafında	1
alikoyacak	alıkoyacak	1
yazdagim	yazdığım	1
saatim	saatin	1
namazamu	namazını	1
ill	ıll	1
Taskentl'in	Taşkentl'in	1
çalsmaya	çalmaya	1
Yazilan	Yazılan	1
çaligacagim	çalışacağım	1
sormaynniz	sormaynnız	1
aldardi	aldardı	1
ogreniyorum	öğreniyorum	1
almisti	almıştı	1
sok	şok	1
oranun	oranın	1
ayaginun	ayağının	1
eşkiyassndan	eşkıyassndan	1
diyormus	diyormuş	1
fisebililläh	fişebililläh	1
altanu	altını	1
paralarum	paraların	1
almuşlar	almışlar	1
çakarmialar	çakarmıalar	1
zanlarinca	zanlarınca	1
olmamalydi	olmamalydı	1
çakmasandan	çıkmasından	1
firkadan	fırkadan	1
teşkilätumuz	teşkilatumuz	1
görüstükten	görüştükten	1
etmeyecegim	etmeyeceğim	1
Isimizi	İşimizi	1
müdur	müdür	1
aldigm	aldığım	1
agagn	ağacın	1
sikints	sıkıntı	1
Gule	Güle	1
gule	güle	1
süphelerimi	şüphelerimi	1
dizmis	dizini	1
begeneceksin	beğeneceksin	1
konusmaya	konuşmaya	1
namazindan	namazından	1
ugradm	uğradım	1
sige	şişe	1
Aym	Aynı	1
yapmamus	yapmamış	1
yazap	yazıp	1
başladigim	başladığım	1
sultanama	sultanın	1
cekişmede	çekişmede	1
olduklarmi	olduklarmı	1
simodi	simodı	1
yapmayacaklarini	yapmayacaklarını	1
söylemigler	söylemişler	1
Basvekil	Başvekil	1
müdafaasa	müdafaası	1
hayatlarm	hayatları	1
fenahginun	fenahgınun	1
başlamadigun	başlamadıgun	1
Gunnaris	Gunnarıs	1
degistirmediklerini	değiştirmediklerini	1
attiklannu	attıklannu	1
zâbitlerinin	zabitlerinin	1
inzibatsizlga	inzibatsızlga	1
yapamadiguni	yapamadıgunı	1
Afyonkarahisari	Afyonkarahisarı	1
sabursizhkla	sabırsızlıkla	1
bandan	bindim	1
yazacaginuza	yazacağınuza	1
cukagelirsen	çukagelirsen	1
yagmur	yağmur	1
ortass	ortası	1
guneşi	güneşi	1
agliyor	ağlıyor	1
sikayor	sıkıyor	1
üstune	üstüne	1
duserek	düşerek	1
yagmadhgindan	yağmadhgından	1
yegerdi	yeğerdi	1
yagla	yağlı	1
hatarladim	hatarladım	1
süphelendigim	şüphelendiğim	1
talkip	talkıp	1
çikmissin	çıkmışsın	1
gittiginizi	gittiğinizi	1
görmug	görmüş	1
kapunun	kapının	1
birakalmis	bırakılmış	1
teläşla	telaşla	1
dolmugtu	dolmuştu	1
heyecanans	heyecanını	1
Tuylerim	Tüylerim	1
kapadinuz	kapadınuz	1
denim	derin	1
odanan	odanın	1
Pesend'in	Peşend'in	1
sivek	şivek	1
karat	kanıt	1
ayriliga	ayrılığa	1
satulik	satulık	1
ignesini	iğnesini	1
haturimda	hatırımda	1
dügüncelerle	düşüncelerle	1
cikarmaya	çıkarmaya	1
hayatuma	hayatına	1
çaiz	caiz	1
ilacmsin	ilaçmsın	1
teftis	teftiş	1
olmadigun	olmadığım	1
maksadama	maksadına	1
meslege	mesleğe	1
külgesi	kulgesi	1
Darilfun	Darılfun	1
istihläsuna	istihlasuna	1
musur	Mısır	1
tandigim	tanıdığım	1
naçma	niçin	1
Rusya'run	Rusya'nın	1
sevkettigi	sevkettiği	1
ulemasindan	ulemasından	1
heveali	hevealı	1
derslerimi	derslerini	1
Hocamun	Hocanın	1
iil	ül	1
siiri	şiiri	1
yazdirdhg	yazdırdhg	1
yakigar	yakıgar	1
Ähü	Ahi	1
istäden	istaden	1
arkasna	arkasına	1
etrofinda	etrofında	1
hocamin	hocanın	1
söylemigtir	söylemiştir	1
hattamı	hattını	1
suraya	şuraya	1
yazayla	yazıyla	1
başlaynca	başlayınca	1
yarna	yana	1
görecelomig	görecelomıg	1
getirecekmis	getirecekmiş	1
kalmyor	kalmıyor	1
hayatuns	hayatını	1
razsyima	razsyıma	1
yazilarumu	yazılarını	1
ölgü	olgu	1
yüruyerek	yürüyerek	1
kalmıg	kalmış	1
sartana	sırtına	1
giydigi	giydiği	1
sarnasta	sarmıştı	1
Isa'nun	İsa'nın	1
yapilmig	yapılmış	1
yaldszh	yaldızlı	1
gerçeve	çerçeve	1
aldign	aldığım	1
duymus	duymuş	1
almig	almış	1
usulu	usulü	1
yapilmus	yapılmış	1
Içine	İçine	1
vâks	vaki	1
istir	iştir	1
samurum	sanırım	1
yaplmasina	yapmasına	1
dhsarida	dhsarıda	1
anasiz	anasız	1
babasiz	babasız	1
yaslarndaki	yaşlarndakı	1
icinin	içinin	1
maskaralik	maskaralık	1
darlmazsinuz	darlmazsınuz	1
dayansin	dayansın	1
sattanrsiniz	sattanrsınız	1
marisa	Manisa	1
mâlüm	malum	1
almustuniz	almustunız	1
igibil	ığıbıl	1
satturirlar	şattürirlar	1
kapasana	kapısına	1
kalap	kalıp	1
calsmak	çalmak	1
düsündugunü	düşündüğünü	1
maglübiyet	mağlubiyet	1
mutemayil	mütemayil	1
kurün	kurum	1
kabäili	kabaili	1
umidvär	ümidvar	1
sürüvorlarmig	sürüvorlarmıg	1
alkislarla	alkışlarla	1
babasu	babası	1
alur	alır	1
Pes	Peş	1
öldurür	öldürür	1
kaatuasim	kaatuasım	1
masterih	masterıh	1
telgrafins	telgrafını	1
alndigina	alındığını	1
geteler	çeteler	1
gidemedigime	gidemediğime	1
bagkumandan	başkumandan	1
vatanum	vatanın	1
çaligmasina	çalışmasına	1
maamafik	maamafık	1
isläm	İslam	1
läzamdar	lazımdır	1
sahsen	şahsen	1
kasmet	kısmet	1
dalginbk	dalgınbk	1
olmadigna	olmadığına	1
Resid	Reşid	1
kadans	kadını	1
yazulmus	yazılmış	1
esastur	esastır	1
zamans	zaman	1
kahç	kılıç	1
ginderdim	ğinderdim	1
muhtaciz	muhtacız	1
vastadir	vaştadır	1
yazieu	yazıeu	1
hazarlamaya	hazırlamaya	1
gitmigti	gitmişti	1
släm	ilan	1
baslamass	başlaması	1
isten	işten	1
postasani	postasanı	1
yazacakti	yazacaktı	1
yagls	yağlı	1
Väku	Vaki	1
sehriye	şehriye	1
pilavi	pilavı	1
kozarmis	kozarmıs	1
yüzmektodir	yüzmektodır	1
arkadaslarla	arkadaşlarla	1
baskn	baskın	1
Müsteşars	Müsteşarı	1
yanmdaki	yanındaki	1
Turkistan'a	Türkistan'a	1
Uçte	Üçte	1
gubesi	şubesi	1
cikarlr	çıkarır	1
adamlarinu	adamlarını	1
bakagtagindan	bakagtagından	1
diganda	dığında	1
kumandanu	kumandanı	1
mälümat	malumat	1
Ankara'ys	Ankara'yı	1
buldugumu	bulduğunu	1
Çikt	Çıkt	1
frkadaki	frkadakı	1
icimden	içimden	1
dügündum	düşündüm	1
ilerlemig	ilerlemiş	1
edecegimden	edeceğinden	1
zamam	zaman	1
yaklagtikça	yaklaştıkça	1
Ädet	Adet	1
olmadginu	olmadgınu	1
yerimde	yerinde	1
oturamadim	oturamadım	1
çikartmaya	çıkartmaya	1
cikartmak	çıkartmak	1
aldrdim	aldrdım	1
gelmemigti	gelmemişti	1
telgraflarins	telgrafların	1
buçuga	buçuğa	1
yaknds	yakındı	1
Oylece	Öylece	1
Dorde	Dörde	1
nämma	namına	1
degisecegine	değişeceğine	1
komunistlerin	komünistlerin	1
Kantoroviç'i	Kantorovıç'ı	1
hatirindan	hatırından	1
bulamamas	bulamamış	1
bulamyor	bilmiyor	1
salsiz	salsız	1
imzah	mizah	1
Kantoroviç'n	Kantorovıç'n	1
etruftaki	etruftakı	1
Yalnz	Yalnız	1
duvarlarm	duvarları	1
çalsyordu	çalıyordu	1
isliyor	işliyor	1
cocuklar	çocuklar	1
gaklari	cakları	1
yanundan	yanından	1
yanndan	yanından	1
yapilmaş	yapılmış	1
dedigimiz	dediğimiz	1
kögede	köşede	1
konugan	konuşan	1
ayaguni	ayağını	1
lästik	lastik	1
agzinda	ağzında	1
civarunda	civarında	1
kusmunda	kısmında	1
ölurken	olurken	1
yazilaruma	yazılarını	1
binasunin	binasının	1
kurmizs	kırmızı	1
yazih	yazılı	1
yiktaklarm	yıktaklarm	1
kaldarumfil	kaldarumfıl	1
asilmu	asılmu	1
şapkalarin	şapkaların	1
Preşistenski	Presistenski	1
Bulvari'nun	Bulvarı'nun	1
mügabih	muğabıh	1
boyaciss	boyacıss	1
saharinden	saharınden	1
meydancik	meydancık	1
Komiserligi'nin	Komiserliği'nin	1
igitilir	ığıtılır	1
agiz	ağız	1
agiza	ağıza	1
sorarsun	sorarım	1
uzatmayayim	uzatmayayım	1
gst	git	1
Islâmlan'nin	İslamlan'nın	1
adamlarn	adamları	1
dügünüyordum	düşünüyordum	1
yavrularmizdan	yavrularmızdan	1
zannumca	zannımca	1
hergeyden	herşeyden	1
baskuna	baskına	1
tarafinı	tarafını	1
hazurlanmis	hazırlanmış	1
kasaca	kısaca	1
cerçevesini	çerçevesini	1
arasana	arasına	1
olacakms	olacakmış	1
mütebäkisini	mütebakisini	1
karimamak	karımamak	1
sikuştardim	sıkuştardım	1
sals	salı	1
muväsalat	muvasalat	1
soyleyerek	söyleyerek	1
Kantorovic	Kantorovıc	1
kâgitlanms	kâğıtlanms	1
başlamis	başlamış	1
giddetini	şiddetini	1
Kark	Kırk	1
pahals	pahalı	1
gec	geç	1
Hig	Hiç	1
ayrildam	ayrıldım	1
yansina	yanına	1
canimu	canım	1
balm	bilim	1
cikardim	çıkardım	1
kanlmig	kanlmıg	1
cikarp	çıkarp	1
saktigundan	saktıgundan	1
hurçınliktan	hürçınlıktan	1
yaptigumuz	yaptığımız	1
achk	açlık	1
isyansn	isyanın	1
hayatn	hayatın	1
Hapishancsi'nde	Hapishancsı'nde	1
gecmncsini	geçmncsini	1
iatiyorum	ıatıyorum	1
yapmaşlar	yapmışlar	1
kapanin	kapının	1
süngülu	süngülü	1
caba	çaba	1
Mizaka	Mızaka	1
kurmıza	kırmızı	1
altandan	altından	1
egilerek	eğilerek	1
çakip	çıkıp	1
itisip	itişip	1
alnabiliyordu	alnabılıyordu	1
mezbuhäneyi	mezbuhaneyi	1
baglamislardi	bağlamışlardı	1
unutmug	unutmuş	1
agagida	aşağıda	1
cagirarak	çağırarak	1
hayats	hayatı	1
hayatans	hayatını	1
hazsrladim	hazsrladım	1
karsasnda	karşısında	1
azscik	azıcık	1
olamayacaginu	olamayacağını	1
baslayacakmig	başlayacakmıg	1
olmadugundan	olmadığından	1
etrmek	etmek	1
sanacagum	sancağın	1
bildirmig	bildirmiş	1
yazmuslar	yazmışlar	1
istemigti	istemişti	1
gahsen	şahsen	1
toplandagumiz	toplandagumız	1
erkäniyla	erkanıyla	1
Çerkezistanllar'in	Çerkezistanllar'ın	1
arkadaşlarmizflal	arkadaşlarmızflal	1
görüsemediniz	görüşemediniz	1
çaliştiklarndan	çalıştıklarndan	1
Korkarm	Korkan	1
hanedans	hanedanı	1
sanayorum	sanıyorum	1
Müsluman	Müslüman	1
ciddilesince	ciddileşince	1
mukaddesatinu	mukaddesatınu	1
hafifletmis	hafifletmiş	1
Fransuzlar	Fransızlar	1
ameaniz	ameanız	1
ayağumi	ayağını	1
kapada	kapıda	1
öldurmek	öldürmek	1
dügunerek	düşünerek	1
siktigindan	sıktıgından	1
sakalacagimi	sakalacagımı	1
makarnali	makarnalı	1
kusmun	kısmını	1
Misur	Mısır	1
göylece	şöylece	1
hayà	haya	1
rlik	rlık	1
Afrikalilar's	Afrikalılar's	1
Irlandahlar'in	İrlandahlar'ın	1
diplomatlari	diplomatları	1
olmayans	olmayan	1
mdur	midir	1
Fisenkler	Fişenkler	1
atilyor	atılyor	1
sagarsin	sagarsın	1
Bazs	Bazı	1
yanl	yani	1
teläkki	telakki	1
daglar	dağlar	1
haläss	halası	1
sahuslarun	şahısların	1
şahuslarin	şahısların	1
çahsmasinu	çalışmasını	1
etmigim	etmişim	1
olacagumizi	olacağımızı	1
sanacaksin	sanacaksın	1
Napolyon'unki	Napolyon'unkı	1
yasayişan	yaşayışan	1
yazmglardi	yazmglardı	1
gecmemistir	geçmemiştir	1
çaligtu	çalıgtu	1
yazalmiştar	yazılmıştır	1
ibäresini	ibaresini	1
yagasin	yaşasın	1
Car	Çar	1
basturmak	bastırmak	1
Irili	İrili	1
havasim	havasım	1
diyecegim	diyeceğim	1
mektubumdan	mektubundan	1
ayridir	ayrıdır	1
yapsyorlar	yapıyorlar	1
kansik	kanşık	1
atalan	atılan	1
bakunuz	bakınız	1
Anlataldgina	Anlataldgına	1
sekl	şekl	1
başans	başarı	1
olanlars	olanları	1
zaafina	zaafına	1
yanaginu	yanağınu	1
kaldinp	kaldınp	1
indigini	indiğini	1
binecegim	bineceğim	1
bayraklan	bayrakları	1
bulunacagins	bulunacağını	1
parasanu	parasını	1
Kapaya	Kapıya	1
sallanmiyor	sallanmıyor	1
sikaldim	şikaldım	1
komänistlerine	komanıstlerine	1
istiyorlarmus	istiyorlarmış	1
odamun	odanın	1
emretmis	emretmiş	1
anahtarin	anahtarın	1
gahsindan	gahsından	1
Cigerin'e	Ciğerin'e	1
geçiremediginden	geçiremediğinden	1
bulamadum	bulamadım	1
akgama	akşama	1
girigimde	girişimde	1
kitabanan	kitabının	1
birara	birini	1
kitabns	kitabın	1
Masar'daki	Mısır'daki	1
hakh	haklı	1
yapmuslar	yapmışlar	1
Misirhlar	Mısırlılar	1
Seyahoti	Seyahotı	1
barakmamak	bırakmamak	1
Musur	Mısır	1
bulmaltyiz	bulmaltyız	1
savaşalim	savaşalım	1
bege	beşe	1
olacağins	olacağını	1
olacagana	olacağını	1
buraktigs	bıraktığı	1
kasmundan	kısmından	1
çocuklarmn	çocukların	1
faydah	faydalı	1
dolaynsiyla	dolaynsıyla	1
hocasini	hocasını	1
Kânun	Kanuni	1
sla	ila	1
isiyle	işiyle	1
altiya	altıya	1
hazsrim	hazırım	1
takndaginu	takndagınu	1
bdaki	bdakı	1
Resad	Reşad	1
alemi	ileri	1
olacagam	olacağım	1
konusarak	konuşarak	1
baskalarindan	başkalarından	1
hayar	hayır	1
kalmadum	kalmadım	1
çaktak	çıktık	1
bildirmisti	bildirmişti	1
harekät	harekat	1
olmadigins	olmadığını	1
sormug	sormuş	1
olundugunu	olunduğunu	1
karşu	karşı	1
konugulan	konuşulan	1
alamadginu	alamadgınu	1
telgrafindan	telgrafından	1
sorsaniz	sorsanız	1
barakldigns	barakldıgns	1
konugamadik	konuğamadık	1
Pagadan	Paşadan	1
cikmis	çıkmış	1
ciplak	çıplak	1
haturima	hatırıma	1
kitabans	kitabını	1
Maupassant'in	Maupassant'ın	1
ategini	ateşini	1
bulunmuglar	bulunmuşlar	1
aynldiktan	ayrıldıktan	1
levazm	levazım	1
hesaplars	hesapları	1
aldsk	aldık	1
sikayet	şikayet	1
Kutahya'ya	Kütahya'ya	1
gitmigler	gitmişler	1
alayuns	alayını	1
konugulamamis	konuğulamamıs	1
teokif	teokıf	1
Teofik'in	Teofık'ın	1
hikäyeye	hikayeye	1
dememe	deneme	1
uzaklasturmak	uzaklaştırmak	1
istedigine	istediğine	1
oyaliyorfar	oyalıyorfar	1
anlattiklarna	anlattıklarna	1
ayridum	ayrıdum	1
cüçecegimi	cücecegimi	1
Sup	Şüp	1
harekätunu	harekatını	1
länet	lanet	1
bulunacagun	bulunacağım	1
bogmak	boğmak	1
Seyahatnämesinden	Seyahatnamesinden	1
tahlkir	tahlkır	1
haturladikça	haturladıkça	1
häkime	hakime	1
anarsistinden	anarşistinden	1
Çargamba	Çarşamba	1
Bilmern	Bilinen	1
degismis	değişmiş	1
isini	işini	1
beçi	beci	1
Sals	Salı	1
Mayas'ta	Mayıs'ta	1
peks	Peki	1
biraktum	bıraktım	1
Mälüm	Malum	1
okumug	okumuş	1
Yagmur	Yağmur	1
açalmis	açılmış	1
açtm	açtım	1
yazmustu	yazmıştı	1
biläkis	bilakis	1
yavrularmin	yavrularmın	1
Kopardigum	Kopardıgum	1
enistesine	eniştesine	1
kuryesindodir	kuryesindodır	1
dügünüyorlar	düşünüyorlar	1
görüsmüsler	görüşmüşler	1
kataâta	kıtaatı	1
hazarlar	hazırlar	1
ayun	aynı	1
olmasans	olmasını	1
almalarm	almaları	1
taallük	taalluk	1
çalsmak	çalmak	1
atmişlar	atmışlar	1
birlesiyor	birleşiyor	1
Käfidir	Kafidir	1
burakmadigma	burakmadıgma	1
sasurdilar	şaşurdılar	1
Ayns	Aynı	1
alup	alıp	1
bahşis	bahşiş	1
başlads	başladı	1
yaklastikça	yaklaştıkça	1
tarlalari	tarlaları	1
alinmıs	alınmış	1
dönmüg	dönmüş	1
saya	sayı	1
sekixdo	şekixdo	1
esyami	eşyamı	1
bahçis	bahçıs	1
sabirsuzh	sabırsuzh	1
samldim	şamldım	1
görmediginden	görmediğinden	1
koparilmis	koparılmış	1
asurdide	asurdıde	1
bakalmamis	bakalmamıs	1
gieartisi	gieartısı	1
patlican	patlıcan	1
hazirim	hazırım	1
satana	satan	1
minldanmiat	minldanmıat	1
dügünceye	düşünceye	1
Esass	Esası	1
çocuklarumdan	çocuklarından	1
dügüncemin	düşüncenin	1
Turkiye'deki	Türkiye'deki	1
teşkilâtan	teşkilatın	1
yapacagm	yapacağım	1
hataruma	hatırıma	1
aytramiyor	aytramıyor	1
ilâveyi	ilaveyi	1
görüstüler	görüştüler	1
arkasmdan	arkasından	1
çöregiyle	coregiyle	1
sakgmig	sakgmıg	1
yarsin	yarın	1
altima	altına	1
yarisanu	yarısını	1
sakh	saklı	1
tamahkärig	tamahkarıg	1
aydmnhikta	aydmnhıkta	1
kumaganin	kumaganın	1
pijamami	pijamamı	1
turas	tıraş	1
yars	yani	1
yanlişmig	yanlışmıg	1
yikayarak	yıkayarak	1
kahvaltisins	kahvaltısıns	1
karnum	kanun	1
saklnca	sakınca	1
ormanlarin	ormanların	1
agaçlaram	ağaçların	1
çahsarak	çalışarak	1
cig	çiğ	1
arkadaşuma	arkadaşına	1
ogluna	oğluna	1
acsktikça	acsktıkça	1
kizap	kızap	1
findigin	fındığın	1
karards	karardı	1
anladik	anladık	1
yazarim	yazarın	1
yatagma	yatağın	1
hazirliguna	hazırlıguna	1
kaldirsrlar	kaldırsrlar	1
pasaportlarmizs	pasaportlarmızs	1
edilmeyecegimizi	edilmeyeceğimizi	1
rahatsizliktan	rahatsızlıktan	1
yastigums	yaştıgums	1
yalinkat	yalınkat	1
yagan	yağan	1
isitmaya	ısıtmaya	1
anlattaklarina	anlattıklarına	1
kalksp	kalkıp	1
dişars	dışarı	1
Cay	Çay	1
olmadiginu	olmadığını	1
attalar	attılar	1
varmistak	varmıştak	1
hazırlandim	hazırlandım	1
kalkabilmiştim	kalkabılmıştım	1
kâtiple	katiple	1
Bilähare	Bilahare	1
aldigumuz	aldığımız	1
kasabass	kasabası	1
imzalatti	imzalattı	1
Karargâhi'nda	Karargâhı'nda	1
edecegimizi	edeceğimizi	1
ögrenerek	öğrenerek	1
surf	sırf	1
häline	haline	1
kalacagmizi	kalacagmızı	1
Misurlilar'a	Misurlılar'a	1
Misr'dan	Mısr'dan	1
cakarmaya	çıkarmaya	1
yardumna	yardımına	1
boyundurugu	boyunduruğu	1
mürivvetkär	murıvvetkär	1
Ingiltere'siz	İngiltere'siz	1
çaligsin	çalıgsın	1
yim	yım	1
Misur'da	Mısır'da	1
Fransazlar'in	Fransazlar'ın	1
gayrimülayim	gayrimülayım	1
müläyim	mülayim	1
mahvina	mahvına	1
yaratilms	yaratılmış	1
yazilarsna	yazılarını	1
hulüskärlgina	huluskärlgına	1
yazahp	yazılıp	1
yazahdir	yazılıdır	1
ogluyla	oğluyla	1
mühurlenmis	mühürlenmiş	1
vagonlarinda	vagonlarında	1
mânia	Maria	1
ölçüsu	ölçüsü	1
duzelttim	düzelttim	1
görünüglü	görünüşlü	1
akintasa	akıntasa	1
biraktagum	bıraktagum	1
yatakli	yataklı	1
varacagimı	varacağımı	1
odeougini	ödeougını	1
çaligmaktayum	çalıgmaktayum	1
islerden	işlerden	1
dogruluk	doğruluk	1
hikäyclerini	hikayclerini	1
koguyor	koşuyor	1
güclesti	güçleşti	1
umanm	umarım	1
girdigi	girdiği	1
sfik	sfık	1
Nociyecigim!	Nocıyecigim!	1
topraguna	toprağına	1
dügünmeden	düşünmeden	1
vardiğumazdan	vardığumazdan	1
esyasiz	eşyasız	1
hirsey	hırsey	1
miruru	mirüru	1
altandaki	altındaki	1
yuz	yüz	1
rmeye	meye	1
noktasa	noktası	1
çakaran	çıkaran	1
islemiyormus	işlemiyormus	1
serinliginde	serinliğinde	1
kenarindan	kenarından	1
gecidin	geçidin	1
pasaportlarmiza	pasaportlarmıza	1
dagda	dağda	1
dolana	doları	1
aşagiya	aşağıya	1
sirastyla	sırastyla	1
aradiksa	aradıksa	1
bulunacagina	bulunacağına	1
Kaldarda	Kaldırdı	1
yanimuzda	yanımızda	1
bulunmadagundan	bulunmadığından	1
Via	Vıı	1
katanda	katında	1
inmig	inmiş	1
burass	burası	1
bagina	başına	1
asarhk	asırlık	1
hasir	hasır	1
anlatmis	anlatmış	1
yemegiyle	yemeğiyle	1
geçecegimizi	geçeceğimizi	1
Roma'nun	Roma'nın	1
gehre	şehre	1
yapilmag	yapılmag	1
iceri	içeri	1
çıktak	çıktık	1
Hakka	Hakkı	1
isaretim	işaretim	1
telgrafinzin	telgrafınzın	1
Anlattagina	Anlattığına	1
Mälik	Malik	1
ediyormus	ediyormuş	1
bilà	bila	1
vekäletini	vekaletini	1
devamunu	devamını	1
olacagiz	olacağız	1
Abdülmälik'in	Abdülmalik'in	1
devaminun	devamınun	1
celbetmis	celbetmiş	1
alacagums	alacağını	1
Begte	Beşte	1
Abdulhamid	Abdülhamid	1
görüstüklerini	görüştüklerini	1
alacaklarmis	alacaklarmış	1
sakalh	sakallı	1
yetigtirdigi	yetiştirdiği	1
harsi	hırsı	1
Vehüb	Vehib	1
çagarmas	çağırmış	1
arturmaya	artırmaya	1
çahsmus	çalışmış	1
Turklük	Türklük	1
Misarh	Mısırlı	1
durmug	durmuş	1
hurs	hırs	1
garipligini	garipliğini	1
Araplik	Araplık	1
sefri	şefri	1
hazarlandiklar	hazarlandıklar	1
çıktuk	çıktık	1
anlatacagim	anlatacağım	1
Muv	Mv	1
tafsilâtun	tafsilatun	1
hayatim	hayatım	1
Dupcig	Dupcıg	1
aynlik	ayrılık	1
ayrilgun	ayrılgun	1
aciyn	acıyn	1
duymamiştum	duymamıştum	1
ömüir	omuır	1
cezasin	cezasın	1
kusurlarim	kusurlarım	1
niyazin	niyazın	1
ayrilga	ayrılga	1
beyhüde	beyhude	1
hastalarn	hastaları	1
iläç	ilaç	1
säireye	saireye	1
vermeyecegini	vermeyeceğini	1
sasiyor	şaşıyor	1
soramiyorlar	soramıyorlar	1
barakma	bırakma	1
sanirum	sanırım	1
Yanumdaki	Yanındaki	1
Hindistan'n	Hindistan'ın	1
salonundayim	salonundayım	1
nâmundaki	namundakı	1
cikmistum	çıkmıştum	1
yarayacaktir	yarayacaktır	1
yazdigandan	yazdıgandan	1
dagl	dağı	1
öldürm	oldum	1
Abdurrab'in	Abdurrab'ın	1
mansip	mansıp	1
anlaçiliyor	anlaçılıyor	1
tesekkül	teşekkül	1
yazmasuni	yazmasını	1
yalnazim	yalnazım	1
kesilmisti	kesilmişti	1
yapalam	yapılan	1
Misırh	Mısırlı	1
bogaz	boğaz	1
veremi	veren	1
aradum	aradım	1
kaptanu	kaptan	1
râzs	razı	1
arkadaglari	arkadaşları	1
batmasina	batmasına	1
sanunm	sanırım	1
Abdul	Abdül	1
Çavis	Çaviş	1
isinuyoruz	işinuyoruz	1
çahgtim	çalıştım	1
dügünürken	düşünürken	1
akhm	aklım	1
akhna	aklına	1
caninu	canını	1
ihtiyatsuzlik	ihtiyatsuzlık	1
sikmasa	sıkmasa	1
Limans	Limanı	1
Içeride	İçeride	1
istifäde	istifade	1
aldm	aldım	1
ressamliktan	ressamlıktan	1
kusmda	kısımda	1
yattigumdan	yattıgumdan	1
arkadass	arkadaşı	1
oma	ona	1
fasla	faslı	1
One	Öne	1
iaimli	ıaımlı	1
cabuk	çabuk	1
Dun	Dün	1
sanuram	sanırım	1
hayatimz	hayatımz	1
Butun	Bütün	1
hergeyim	herşeyin	1
ayriligin	ayrılığın	1
häli	hali	1
hälà	hala	1
yanmis	yanmış	1
kiginin	kişinin	1
boçanmig	bocanmıg	1
kormazi	kormazı	1
kazartmasi	kazartması	1
kalabalgin	kalabalgın	1
yikalmag	yıkalmag	1
meydannin	meydannın	1
Marks'in	Marks'ın	1
yagmurlu	yağmurlu	1
Isimler	İsimler	1
yazalds	yazıldı	1
digerlerinden	diğerlerinden	1
odass	odası	1
igindeki	içindeki	1
Zät	Zat	1
halisa	Halisi	1
isran	ismin	1
Kazal	Kızıl	1
karslandik	karslandık	1
Ikiden	İkiden	1
igerisini	iğerisini	1
häne'nin	hane'nin	1
Nikolayovic	Nikolayovıc	1
bilmedigini	bilmediğini	1
namazana	namazını	1
Cikip	Çıkıp	1
taparlarmis	taparlarmıs	1
yazdirdi	yazdırdı	1
täyin	tayin	1
karsusndaki	karşısındaki	1
Arkadaglarn	Arkadaşları	1
odalarn	odaları	1
yerlestim	yerleştim	1
karsaladi	karşıladı	1
muhtara	muhtıra	1
prensliginden	prensliğinden	1
görüştürecegini	görüştüreceğini	1
tesri'ini	teşri'ini	1
Nâzam	Nazım	1
Isten	İşten	1
birakap	bırakıp	1
gutlarinla	gutlarınla	1
rahatsin	rahatsın	1
yazacaksin	yazacaksın	1
Nüm	Nun	1
bölügu	bölüğü	1
olacakmıg	olacakmış	1
teskilâta	teşkilata	1
alanmak	alınmak	1
kalmasins	kalmasını	1
dagitmak	dağıtmak	1
hazarlamus	hazırlamış	1
Çigerin'e	Ciğerin'e	1
kägadin	kağadın	1
yihasan	yıhasan	1
oturduklars	oturdukları	1
Gargani	Sarsan	1
fabrikalarn	fabrikaları	1
bulunacaginu	bulunacağını	1
Meydanu'nda	Meydanı'nda	1
oyunlara	oyunları	1
çilgna	çılgın	1
tarafm	tarafın	1
azicak	azıcık	1
acilarma	acılarma	1
azäba	azabı	1
istedigimdendir	istediğimdendir	1
yaptagan	yaptığım	1
Inaan	İnan	1
tarafimu	tarafını	1
yazlp	yazıp	1
hazirlanacak	hazırlanacak	1
Meydan'nda	Meydanı'nda	1
ugradik	uğradık	1
Nâmuma	Namına	1
haturlarsin	hatırlarım	1
çakardigumuz	çakardıgumuz	1
aldırdik	aldırdık	1
unutmadigunu	unutmadıgunu	1
dügünmeni	düğünmeni	1
olduklarins	olduklarını	1
arkadaglarm	arkadaşları	1
istihläsina	istihlasına	1
teşkilâtumuzi	teşkilatumuzı	1
katledilmis	katledilmiş	1
edilmediginden	edilmediğinden	1
gıkarldigins	gıkarldıgıns	1
dagolip	dagolıp	1
aydinland	aydınland	1
görüşecegim	görüşeceğim	1
nus	muş	1
yatagmda	yatağında	1
danima	danıma	1
boşana	Bosna	1
baga	bağa	1
icine	içine	1
vükelânun	vükelanın	1
Nisana	Nisan	1
nişamyla	nisamyla	1
fenalagmis	fenalagmıs	1
Baskaca	Başkaca	1
müläkat	mülakat	1
Sekib	Şekib	1
vereceklermis	vereceklermiş	1
büyik	buyık	1
hiçbirgey	hiçbirşey	1
mânäsaz	manasız	1
cikmasundan	çıkmasından	1
Viläyät	Vilayat	1
cukarlmis	çukarlmıs	1
geçecegimden	geçeceğimden	1
Sarkiyye'yi	Şarkiyye'yi	1
erécif	erecif	1
hakkandaki	hakkındaki	1
dähilde	dahilde	1
karanmiz	karanmız	1
degistirmeyecektir	değiştirmeyecektir	1
Anladaguma	Anladığıma	1
dolabins	dolabıns	1
yaptgimuzs	yaptgımuzs	1
erkännın	erkanının	1
samana	samimi	1
bulunmamasi	bulunmaması	1
olmasani	olmasını	1
konuşmus	konuşmuş	1
harekâtfnil	harekatfnıl	1
anlamustik	anlamustık	1
Sonrasa	Sonrası	1
halriçlte	halrıçlte	1
Rahatsiz	Rahatsız	1
Teskilat'na	Teşkilat'na	1
olmayacaktur	olmayacaktır	1
dusünüyorum	düşünüyorum	1
Ceteleri	Çeteleri	1
kägitlan	kağıtları	1
almiglar	almışlar	1
tedâhuli	tedahüli	1
yikmagik	yıkmagık	1
imkänsszdr	imkansszdr	1
anlamadigm	anlamadıgm	1
karanyla	kararıyla	1
caktiguni	çıktığını	1
yakmus	yakmış	1
Alämetleri	Alametleri	1
nazarmiza	nazarmıza	1
aralarinu	aralarınu	1
toplandak	toplandık	1
Fransiz'a	Fransız'a	1
Yuzbagı	Yüzbaşı	1
äzä	aza	1
Kusaca	Kısaca	1
Pasa'nan	Paşa'nın	1
olmadagmu	olmadığım	1
anlatmus	anlatmış	1
muglak	muğlak	1
dagaldigunu	dağaldıgunu	1
çalsmasindan	çalsmasından	1
Râhum	Rahmi	1
mektuplarm	mektupları	1
satars	satan	1
istiyorlarmis	istiyorlarmış	1
tamamlayip	tamamlayıp	1
Kätibine	Katibine	1
darlacaksin	darlacaksın	1
sultancigum	sultancıgum	1
koydugumu	koyduğunu	1
Nazum	Nazım	1
Bunlarun	Bunların	1
mukadderatinu	mukadderatını	1
hazurladigumuz	hazurladıgumuz	1
kägdi	kağdı	1
lagvedildigini	lağvedildiğini	1
Evraka	Evrakı	1
Arkadaşlarn	Arkadaşları	1
arkadaşlarnun	arkadaşların	1
kagtlannin	kağtlannın	1
rayice	rayiçe	1
olamayacaguni	olamayacağını	1
soyledik	söyledik	1
kägdin	kağdın	1
gönderilecegini	gönderileceğini	1
yazalmasina	yazalmasına	1
Sabircan	Sabırcan	1
kararlaştrldiguna	kararlaştrldıguna	1
söylemedigimden	söylemediğimden	1
mübäyin	mübayın	1
verilmistir	verilmiştir	1
almams	Alman	1
Itihad	İtihad	1
ricâlini	ricalini	1
canumu	canım	1
yardmcimuz	yardmcımuz	1
ksskançhik	kşskançhık	1
Canam	Canım	1
olacakmig	olacakmış	1
siktakça	şıktakça	1
orass	orası	1
Ikisini	İkisini	1
çocuklarimiza	çocuklarımıza	1
Riza'ya	Rıza'ya	1
ssz	siz	1
mânäsuz	manasız	1
Läzistan	Lazistan	1
bususi	bususı	1
imaminan	imamınan	1
yagmurdan	yağmurdan	1
baçinu	biçimi	1
haturasi	hatırası	1
dusunceleri	düşünceleri	1
yapturmak	yaptırmak	1
hesabinu	hesabını	1
tercumelerinin	tercümelerinin	1
yazmasin	yazmasın	1
yazmamis	yazmamış	1
düşunüyorum	düşünüyorum	1
Väkia	Vakıa	1
degildim	değildim	1
arkadaslara	arkadaşlara	1
sisli	Şişli	1
Masur	Mısır	1
sustum	üstün	1
yapmali	yapmalı	1
Sabahli	Sabahlı	1
Misirl	Mısırl	1
mütaläalarina	mütalaalarını	1
sabarsizlikla	sabırsızlıkla	1
opmek	öpmek	1
yaklaşmasinu	yaklaşmasınu	1
bahtiyarlig	bahtiyarlıg	1
Persembe	Perşembe	1
dalgnlik	dalgnlık	1
arkadagla	arkadaşla	1
Onlarm	Onları	1
havassns	havasını	1
hayatumda	hayatımda	1
hikäyemize	hikayemize	1
olacakta	olacaktı	1
Nigan	Nisan	1
haril	harıl	1
hanl	hani	1
Vekäleten	Vekaleten	1
kalkmştim	kalkmştım	1
çikartmalk	çıkartmalk	1
Enternasyonali	Enternasyonalı	1
hazrlattik	hazrlattık	1
tegyi'ettik	teğyi'ettik	1
lyice	iyice	1
cerçeveyi	çerçeveyi	1
bilmeni	bilmem	1
tuhaflastim	tuhaflastım	1
çagardim	çağırdım	1
mina	mına	1
yazalmis	yazılmış	1
nâmuna	namına	1
Mukarrerati'na	Mukarreratı'na	1
kuzmıs	kızmış	1
yerlegmeye	yerleşmeye	1
alists	ilişti	1
pisirildi	pişirildi	1
Alacagim	Alacağım	1
paramuz	paramız	1
bittiginden	bittiğinden	1
ayligumu	aylıgumu	1
sandiga	sandığa	1
Basa	Başa	1
bakayorlar	bakıyorlar	1
Çigerin	Çiçerin	1
başladam	başladım	1
Sag	Sağ	1
hatarladin	hatarladın	1
Näzm	Nazım	1
Kararnämesini	Kararnamesini	1
çuktiktan	çıktıktan	1
soyleri	söylemi	1
taraflaruma	taraflarına	1
hazsrlamas	hazırlamış	1
Bädehu	Badehu	1
Ban	Bin	1
nişanun	insanın	1
camu	cami	1
gondermis	göndermiş	1
uniformastyla	üniformastyla	1
nisanlarmu	nişanlarmu	1
alindiğndan	alındığndan	1
amen	men	1
toplams	toplam	1
cicege	çiçeğe	1
Ädetà	Adeta	1
lütufnâmenizi	lütufnamenizi	1
sultanam	sultanın	1
Gonlüm	Gönlüm	1
aldigun	aldığım	1
darlmazsin	darlmazsın	1
hazrlatasin	hazrlatasın	1
Darlmadin	Darlmadın	1
hüsr	hür	1
dunyaya	dünyaya	1
tatlhlik	tatlhlık	1
degismem	değişmem	1
olayum	olayın	1
Kaymeti	Kıymeti	1
ismarladagum	ısmarladagum	1
hayatum!	hayatını	1
Arzici	Arzıcı	1
dalgun	dalgın	1
araştardim	arastardım	1
biraktiktan	bıraktıktan	1
görecegini	göreceğini	1
yemegim	yemeğin	1
bulutlan	bulutları	1
baligini	balığını	1
yaldizlayarak	yaldızlayarak	1
artturdi	artturdı	1
olacaguz	olacağız	1
hüläsà	hülasa	1
edecegimde	edeceğimde	1
atalmak	atılmak	1
etrafima	etrafıma	1
esyasunu	eşyasını	1
asc	üç	1
cakms	çıkmış	1
yikandum	yıkandum	1
gözlüyorlardi	gözlüyorlardı	1
Ahvälden	Ahvalden	1
vaatasiyla	vaatasıyla	1
dermansizdir	dermansızdır	1
sikta	sıktı	1
Väkua	Vakıa	1
gorüyorum	görüyorum	1
Dalginlagums	Dalgınlagums	1
olamadigom	olamadıgom	1
But	Bit	1
sikaliyor	sıkılıyor	1
Samyorum	Sanıyorum	1
tahtanda	tahtında	1
baraktigm	baraktıgm	1
Masır	Mısır	1
mälüm	malum	1
davransam	davranan	1
Kämile	Kamile	1
görüşmüg	görüşmüş	1
ayrilurmus	ayrılurmus	1
çukmak	çıkmak	1
yakndaki	yakındaki	1
yaptagimizi	yaptığımızı	1
kusminu	kısmını	1
yaptlmig	yaptlmıg	1
gitmisler	gitmişler	1
kalknus	kalkmış	1
anlattagum	anlattığım	1
nmek	inmek	1
sokagundaki	sokagundakı	1
yapaldigin	yapaldıgın	1
çalistyorlardi	çalıştyorlardı	1
teskilâtamiz	teşkilatamız	1
Arnè	Ame	1
Maumafih	Mamafih	1
anlattalar	anlattılar	1
çalgies	çalgıes	1
Sakir'den	Şakir'den	1
filän	filan	1
varmas	varmış	1
sualim	sualin	1
Hayar	Hayır	1
oldugunuzus	olduğunuzu	1
görmedigine	görmediğine	1
carumu	çarın	1
iglerimde	içlerinde	1
alamams	alınmış	1
sikyor	sıkyor	1
Cigerin'i	Ciğerin'i	1
başuma	başına	1
agn	Asım	1
odann	odanın	1
havasini	havasını	1
namazs	namazı	1
cizmelerimi	çizmelerimi	1
cannu	canım	1
kollarnun	kollarını	1
silantasa	şılantasa	1
saraynun	sarayının	1
toplanmis	toplanmış	1
yikmak	yıkmak	1
şünüyor	sunuyor	1
Başkumandans	Başkumandan	1
islâm's	İslam'ı	1
aluyor	alıyor	1
gayrihtiyari	gayrihtiyarı	1
pencerelorin	pencerelorın	1
ceberuti	ceberutı	1
kargisanda	kargışanda	1
sehriyäri	şehriyari	1
canumiza	canumıza	1
sâik	saik	1
münazarasi	münazarası	1
bulunmah	bulunmalı	1
Paçal'yil	Paçal'yıl	1
kozip	közip	1
stivmedigini	ştivmedigini	1
birakmayor	bırakmayor	1
çalmasina	çalmasına	1
olunmamali	olunmamalı	1
imisik	imişik	1
dagaldigindan	dağaldıgından	1
çahgalmasini	cahgalmasını	1
teçrik	tecrik	1
alinar	alınır	1
Ige	İse	1
siklmyorum	sıklmyorum	1
gocugun	çocuğun	1
peginde	peşinde	1
akh	aklı	1
csplak	çıplak	1
harcketi	harçketi	1
insafsuzi	insafsuzı	1
odeceğim	ödeceğim	1
yazlmaya	yazmaya	1
izahnâmeyi	izahnameyi	1
namustu	mamıştı	1
tandiğom	tandığom	1
yolculuga	yolculuğa	1
barakmak	bırakmak	1
kanştu	kanıtı	1
onlarun	onların	1
varacağin	varacağın	1
Bogazlar'daki	Boğazlar'dakı	1
häkimiyetlerini	hakimiyetlerini	1
burasinun	burasınun	1
emriväki	emrivaki	1
yapamayacagiz	yapamayacağız	1
yazmig	yazmış	1
çalsyor	çalıyor	1
getirdiginizi	getirdiğinizi	1
Kumandani'na	Kumandanı'na	1
ahndgindan	ahndgından	1
Kardegini	Kardeşini	1
kayga	kaygı	1
oldurüp	öldürüp	1
lazum	lazım	1
Parasizi	Parasızı	1
başkumandanlgi	başkumandanlgı	1
karmizı	kırmızı	1
diyemeyecegim	diyemeyeceğim	1
Kagitlarn	Kağıtları	1
çagirtmugtum	çağırtmugtum	1
kadanlar	kadınlar	1
eşyasim	eşyasım	1
isunuyorum	umuyorum	1
çıkup	çıkıp	1
tandikça	tandıkça	1
bulmug	bulmuş	1
imkänsizdur	imkansızdır	1
aymilmis	ayrılmış	1
Kurk	Kürk	1
kabineainin	kabineaının	1
sagurdi	sagurdı	1
ucuzlamis	ucuzlamıs	1
bagından	başından	1
istemig	istemiş	1
imkäru	imkanı	1
isimize	işimize	1
savmis	savmıs	1
düçüneceğiz	ducüneceğiz	1
yürümüs	yürümüş	1
olduguma	olduğuna	1
Nüzim	Nuzım	1
verilmemis	verilmemiş	1
Han'n	Han'ın	1
Seyahatnâme'yi	Seyahatname'yi	1
kaygunin	kaygunın	1
kalrm	kalın	1
muhaberatumi	muhaberatumı	1
saklarsaniz	saklarsanız	1
ziyäya	ziyaya	1
yazdags	yazdığı	1
häsal	hasıl	1
olmayacagins	olmayacağını	1
odasndaki	odasndakı	1
basiyorlar	basıyorlar	1
çaligmakla	çalışmakla	1
yemegin	yemeğin	1
alamadam	alamadım	1
hazla	hızla	1
affina	affına	1
ismarlamaktan	ısmarlamaktan	1
imänl	iman	1
altundan	altından	1
zamanandaki	zamanındaki	1
çaligayum	çalıgayum	1
yeik	yeık	1
acimyorum	açımyorum	1
Yarndan	Yandan	1
Bodri	Bodrı	1
çagordim	çağordım	1
pahah	pahalı	1
mektuplarura	mektuplarını	1
is'ar	iş'ar	1
yemegindeki	yemeğindeki	1
hayrl	Hayri	1
almamus	almamış	1
Augivi	Augıvı	1
atalmus	atılmış	1
rahatsizsuniz	rahatsızsunız	1
agladigumi	ağladıgumı	1
olmalars	olmaları	1
gelmeyecegimi	gelmeyeceğini	1
gotürüp	götürüp	1
Cicerin'den	Çiçerin'den	1
getirdiginden	getirdiğinden	1
sikmayacak	sıkmayacak	1
Kämil'de	Kamil'de	1
masrafina	masrafına	1
ihtilälci	ihtilalci	1
olduklarunu	olduklarını	1
tegkilâtun	teğkilâtun	1
dolayisryla	dolayısryla	1
vastasiyla	vaştasıyla	1
vasitaya	vasıtaya	1
fenaliga	fenalığa	1
tegkilätan	teğkilätan	1
carumin	caminin	1
aglayarak	ağlayarak	1
saçmaladim	saçmaladım	1
yaptigans	yaptığını	1
yapsyordum	yapıyordum	1
bölugün	bölüğün	1
müläzim	mülazım	1
alayh	alaylı	1
anlatar	anlatır	1
daglan	dağları	1
agarak	açarak	1
arkalarmnda	arkalarında	1
häricinde	haricinde	1
kahyor	kalıyor	1
Avrupa'nan	Avrupa'nın	1
ittisali	ittisalı	1
çukmas	çıkmış	1
Pagalar	Paşalar	1
gelmigtir	gelmiştir	1
barakmayan	bırakmayan	1
cizmekle	çizmekle	1
yanumizdadir	yanumızdadır	1
gamlarmi	gamlarmı	1
yür	yur	1
çukarlan	çıkarları	1
Kalkts	Kalktı	1
istiyormug	istiyormuş	1
basilmak	basılmak	1
Torkiye'ye	Torkıye'ye	1
şagarmis	sağarmıs	1
Fikori	Fikorı	1
Arkadaglara	Arkadaşlara	1
teskilät	teşkilat	1
nizamnâmeleri	nizamnameleri	1
ciseliyordu	çiseliyordu	1
buluşmamizs	buluşmamızs	1
häriçte	hariçte	1
ihtiläle	ihtilale	1
düsmanlarumiza	düşmanlarumıza	1
serrişte	şerrişte	1
konugmaya	konuşmaya	1
igle	işle	1
yarsinu	yarsınu	1
düsüncelerimi	düşüncelerimi	1
sämit	Saint	1
toplanmislar	toplanmışlar	1
ugradig	uğradıg	1
säkit	sakıt	1
saçam	saçan	1
ahnan	Alman	1
alnmasina	alınmasına	1
faala	faali	1
yapts	yaptı	1
başkalanm	başkalarını	1
yazdiklarum	yazdıklarum	1
Rumlar'in	Rumlar'ın	1
çalştagir	çalştagır	1
sikalmak	şikalmak	1
cevabins	cevabını	1
kägitlarnun	kağıtlarnun	1
harekâtun	harekatın	1
yazdiklaruma	yazdıklaruma	1
yazdamdi	yazdamdı	1
kullamlmasi	kullanılması	1
Çariç	Çarıç	1
teçhizatiyla	teçhizatıyla	1
aldiguna	aldığını	1
Nâzsm	Nazım	1
yapacaguni	yapacağını	1
vurulmus	vurulmuş	1
bogazum	boğazın	1
benligi	benliği	1
sanursin	sanursın	1
aglayabilsem	ağlayabılsem	1
girtlagimdan	gırtlagımdan	1
tikayor	tıkayor	1
gelmigtim	gelmiştim	1
hissetmis	hissetmiş	1
alk	ilk	1
zarfi	zarfı	1
Kargimda	Karşımda	1
zarfins	zarfıns	1
degişmeye	değişmeye	1
farkunda	farkında	1
gahsa	şahsa	1
siktigin	sıktıgın	1
yildirimdan	yıldırımdan	1
simsekler	şimşekler	1
Asabim	Asabım	1
vechiyyem	veçhiyyem	1
fiskiran	fışkıran	1
ayagans	ayağını	1
savaşarken	savaşırken	1
karsumda	karşımda	1
hurçan	hırçın	1
yapacağumi	yapacağını	1
karadiken	karadıken	1
maksadum	maksadım	1
hizim	hızım	1
yasdiguma	yaşdıguma	1
hazsr	hazır	1
raziyum	razıyum	1
adamum	adamın	1
yaptigam	yaptığım	1
lânetlerin	lanetlerin	1
koselerinde	köşelerinde	1
but	bit	1
mektubunla	mektubuna	1
geciriyor	geçiriyor	1
hayatima	hayatına	1
erim	emin	1
kaldigums	kaldığını	1
anladigumu	anladığını	1
müerim	menin	1
olmadaguma	olmadığına	1
getirdigini	getirdiğini	1
oldürmesini	öldürmesini	1
Sakm	Sakin	1
Sultamm!	Sultanın	1
yozdigin	yozdıgın	1
satarlarin	satarların	1
bagumi	bağını	1
ortasana	ortasına	1
Talät'an	Talat'ın	1
hakls	haklı	1
canums	canım	1
rahatsizhguna	rahatsızhguna	1
guzetelerini	güzetelerini	1
çakarlmasi	çakarlması	1
yazdirdig	yazdırdıg	1
yapsp	yapıp	1
Lutfen	Lütfen	1
telgrofi	telgrofı	1
Kâbil'den	Kabil'den	1
imkänsz	imkansz	1
anlaşildh	anlaşıldh	1
Gennari'nin	Gennarı'nın	1
kararlaşturilmak	kararlaşturılmak	1
itäst	itast	1
yüzune	yüzüne	1
kizmak	kızmak	1
bagans	bağını	1
rahatsizligi	rahatsızlığı	1
agritmak	ağrıtmak	1
çagarttim	çağarttım	1
bâhis	bahis	1
sapinan	sapınan	1
somsiye	somsıye	1
sapina	sapına	1
markanizi	markanızı	1
hâsl	hail	1
mağlübiyet	mağlubiyet	1
muväfiktur	muvafıktur	1
dügmanlara	düşmanlara	1
yazdirarak	yazdırarak	1
çaligsa	çalıgsa	1
korkularm	korkuları	1
çakmasa	çıkması	1
arkadaçinun	arkadaçınun	1
Isläm'a	İslam'a	1
Liväyü'l	Livayü'l	1
ayrdigim	ayrdıgım	1
kullanulmak	kullanılmak	1
ibrigi	ibriği	1
Ibrigin	İbriğin	1
kapagina	kapağına	1
anladhgindan	anladhgından	1
alrm	alim	1
kagik	kaşık	1
aymldik	ayrıldık	1
yagayla	yasayla	1
konmus	konmuş	1
fiyatlars	fiyatları	1
kayas	kıyas	1
Buharalilar	Buharalılar	1
Buharalilar'in	Buharalılar'ın	1
asçisi	aşçısı	1
çorbasinin	çorbasının	1
kararlaşmig	kararlaşmıg	1
agzumdan	ağzından	1
Bagınizs	Bağınızs	1
agrittim	ağrıttım	1
kozginca	kozgınca	1
gasiz	gasız	1
teşkiläts	teşkilatı	1
lâzam	lazım	1
izâhat	izahat	1
yetistirecek	yetiştirecek	1
hazurlanmig	hazurlanmıg	1
teşkilâtandan	teşkilatandan	1
Buharallar'in	Buharallar'ın	1
seyahatnâmesini	seyahatnamesini	1
Sultanum!	Sultanın	1
almama	Alman	1
Argigà	Argıgà	1
almadam	almadan	1
kägat	kağıt	1
Gidecegim	Gideceğim	1
maglübiyete	mağlubiyete	1
aldiklarnu	aldıklarnu	1
Kakisehir	Kakışehir	1
Arslancgim!	Arslancgım!	1
onumde	önünde	1
Simodi	Simodı	1
zilunimden	zilunımden	1
tuttugu	tuttuğu	1
tagı	taşı	1
taglar	taşlar	1
fiyatins	fiyatını	1
satalsin	satalsın	1
Türklügün	Türklüğün	1
dolagiyor	dolaşıyor	1
alacagimiz	alacağımız	1
olanlarunu	olanların	1
degistirilecek	değiştirilecek	1
Incisi	İncisi	1
dugünen	düşünen	1
aldigimdan	aldığımdan	1
hazirlatacagam	hazırlatacagam	1
Şür	Sur	1
Yunanlalar	Yunanlılar	1
Tatar'in	Tatar'ın	1
maglübiyeti	mağlubiyeti	1
himmset	himmet	1
ihtilälcilerinden	ihtilalcilerinden	1
diyormuslar	diyormuşlar	1
gelein	gelen	1
islerin	işlerin	1
dônmeyi	dönmeyi	1
mutemadiyen	mütemadiyen	1
coldirmamak	coldırmamak	1
başladiginu	başladığını	1
dalarm	daları	1
äfiyettesin	afiyettesin	1
rahatsizhklarn	rahatsızhklarn	1
heyecandayim	heyecandayım	1
canunuzi	canunuzı	1
nevazislerine	nevazıslerine	1
haricte	hariçte	1
çahstogumazi	cahstogumazı	1
yaptarmak	yaptırmak	1
gotirdi	götirdi	1
Şinşinella	Sinsinella	1
cür'etimi	cur'etimi	1
sumrim	şumrım	1
hazirhg	hazırhg	1
ismarladig	ısmarladıg	1
çıkmus	çıkmış	1
Iglerden	İşlerden	1
intähap	intihap	1
aniz	anız	1
aymlium	aymlıum	1
Anladiğum	Anladığım	1
oruda	onda	1
hazarlandim	hazarlandım	1
azdur	azdır	1
aldun	aldım	1
tarafunu	tarafını	1
gidememistim	gidememiştim	1
Masamin	Masanın	1
yavrucuklarumlinl	yavrucuklarumlınl	1
aysrdim	aysrdım	1
cocuklanma	çocukların	1
birleşecegiz	birleşeceğiz	1
ilähide	ilahide	1
olmadagun	olmadığım	1
birakt	bırakt	1
sükünetle	sükunetle	1
aynidam	ayından	1
müskilâttan	müşkilattan	1
hazsrlamstim	hazsrlamstım	1
âfiyetle	afiyetle	1
deyisime	deyişime	1
danlmazsin	danlmazsın	1
taglarniz	taglarnız	1
çalisacagum	çalışacağım	1
Sinçinella	Şincinella	1
hazarladik	hazarladık	1
husüsi	hususi	1
çuktum	çıktım	1
gönderildigini	gönderildiğini	1
altam	altın	1
gönderdigimizi	gönderdiğimizi	1
aymiea	aymıea	1
Aydinh	Aydınh	1
bulunacağiz	bulunacağız	1
kätiplerinden	kâtiplerinden	1
Isklanski'nin	İsklanskı'nın	1
çaldigam	çaldıgam	1
gitmisti	gitmişti	1
karsisinda	karşısında	1
dalgan	dalgın	1
uyanunca	uyarınca	1
sarldim	şarldım	1
aşkmla	aşkına	1
sultarum!	sultanın	1
lAyik	layık	1
Fiyatlan	Fiyatları	1
cizmeden	çizmeden	1
fildisi	fildişi	1
aradigum	aradıgum	1
Singinella	Şinginella	1
Tamdagum	Tanıdığım	1
kuymetinde	küymetinde	1
kullandaginizs	kullandagınızs	1
sdi	idi	1
Eskigehir	Eskişehir	1
duşmügtür	düşmüştür	1
Izvestiya	İzvestiya	1
miimkün	mıımkün	1
imaläthaneleri	imalathaneleri	1
güvenmislerdir	güvenmişlerdir	1
suz	siz	1
gormeden	görmeden	1
derim	derin	1
gitumek	gitmek	1
alunur	alınır	1
kalmamin	kalmamın	1
sivamak	sıvamak	1
yukanda	yukarıda	1
fiyatanu	fiyatını	1
arkadaglann	arkadaşların	1
çaligmalarna	çalıgmalarna	1
verisimizi	verişimizi	1
sahsina	şahsına	1
mna	nin	1
isgüzarlarn	işgüzarlarn	1
paramiza	paramıza	1
arttirmıg	arttırmıg	1
Emirine	Emrine	1
fotografi	fotoğrafı	1
Bes	Beş	1
Kütahya'yi	Kütahya'yı	1
nikäh	nikah	1
talimâta	talimatı	1
Nazam	Nazım	1
çalştigindan	çalştıgından	1
açacakmig	açacakmıg	1
meggul	meşgul	1
bulamamig	bulamamış	1
vermigler	vermişler	1
olmamas	olmamış	1
beklemis	beklemiş	1
caya	çaya	1
çagurda	çağırdı	1
Cunki	Çünki	1
bulamamus	bulamamış	1
Dunya	Dünya	1
muuayyen	muayyen	1
Hakks	Hakkı	1
degilmig	değilmiş	1
Yalruz	Yalnız	1
Birligine	Birliğine	1
hissettigi	hissettiği	1
Sabanin	Sabanın	1
Müçaviri	Mücaviri	1
yagayan	yaşayan	1
boymu	boynu	1
egarbinim	egarbınım	1
kuzmis	kızmış	1
alsnca	alınca	1
oderdigim	öderdigim	1
iys	iyi	1
Lste	İşte	1
bugunun	bugünün	1
yerina	yerini	1
tahaile	tahaıle	1
saturia	saturıa	1
gonderilecelk	gönderilecelk	1
Sirodi	Sirodı	1
gunler	günler	1
sansyorum	sanıyorum	1
yarsins	yanmış	1
kazarain	kazanın	1
gecirmesem	geçirmesem	1
Sultanum	Sultanın	1
cikarta	çıkarta	1
bassp	basıp	1
Arslancigim!	Arslancıgım!	1
almastum	almıştım	1
kostum	koştum	1
kollanna	kollarına	1
Munib'e	Münib'e	1
yolladigum	yolladıgum	1
yaralanmuş	yaralanmış	1
Eskisehiri	Eskişehiri	1
beginde	beşinde	1
bulunmadum	bulunmadım	1
geref	şeref	1
ettirdigi	ettirdiği	1
tegvik	teşvik	1
irçad	ircad	1
gözyaglarn	gözyaşları	1
nodir	nodır	1
kararimu	kararını	1
yazanm	yazarın	1
päk	pak	1
hissodiyorum	hissodıyorum	1
yasiyor	yaşıyor	1
yakmdan	yakından	1
Usak	Uşak	1
olunmus	olunmuş	1
girigmek	girişmek	1
maddl	maddi	1
verecegini	vereceğini	1
mänäsiz	manasız	1
muhtac	muhtaç	1
aldigamuzz	aldıgamuzz	1
yardiminuza	yardımınuza	1
sirin	şirin	1
dügünecegini	düğünecegini	1
oturmanizs	oturmanızs	1
burak	bırak	1
agzana	ağzına	1
yaçamasina	yaçamasına	1
Agiti	Ağıtı	1
nuf	müf	1
dedigime	dediğine	1
anlattagima	anlattığına	1
Insaf	İnsaf	1
çildirasiya	çıldırasıya	1
tathdir	tathdır	1
hazurlayarak	hazırlayarak	1
sormayniz	sormaynız	1
toparladim	toparladım	1
yazlms	yazmış	1
hanumu	hanım	1
daan	dan	1
attak	attık	1
mla	ma	1
sunaf	sınıf	1
Esyalar	Eşyalar	1
Nâzirr'nin	Nazırr'nın	1
esyasiru	eşyasıru	1
geçistirdik	geçiştirdik	1
yikmis	yıkmış	1
beklediginden	beklediğinden	1
çunki	çünki	1
bakalam	bakalım	1
müteradiyen	müteradıyen	1
menâbinin	menabinin	1
etamis	etamıs	1
yapmadigumiz	yapmadıgumız	1
daragaçlarina	darağaçlarına	1
yikandim	yıkandım	1
hazirlandim	hazırlandım	1
masmafih	mamafih	1
romanunu	romanın	1
halkväri	halkvärı	1
altinun	altının	1
cikta	çıktı	1
Yanmuzdaki	Yanmuzdakı	1
barakmig	barakmıg	1
olsaydam	olsaydım	1
dugru	diğim	1
açmamis	açmamış	1
Ieinde	Ieınde	1
agkamia	agkamıa	1
kemdisini	kendisini	1
aragtirmak	araştırmak	1
tarudigimin	tarudıgımın	1
Viçeli	Viceli	1
edildigi	edildiği	1
varuncaya	varıncaya	1
yazulaydı	yazılıydı	1
Mediha'nin	Mediha'nın	1
yazilydh	yazılydh	1
arkadagin	arkadaşın	1
bildirmis	bildirmiş	1
sabiks	sabıkı	1
Sükru	Şükrü	1
hâzirada	hazırada	1
olmayacagin	olmayacağın	1
yazalmus	yazılmış	1
Hanam	Hanım	1
sigmis	sığmış	1
irileşmis	irileşmiş	1
hayirh	hayırlı	1
tarafni	tarafın	1
muhafazasana	muhafazasına	1
Esya	Eşya	1
arkasana	arkasına	1
bulamamş	bulamamış	1
Räik's	Raik's	1
Viçe'ye	Vice'ye	1
dolaşap	dolaşıp	1
yazmstim	yazmıştım	1
tutulmasa	tutulması	1
arkadaglarumiza	arkadaglarumıza	1
maglübiyetle	mağlubiyetle	1
canu	can	1
gelmistir	gelmiştir	1
mesäibine	mesaibine	1
çaligmaya	çalışmaya	1
num	nun	1
näzik	nazik	1
kucaklayabilsem	kucaklayabılsem	1
arkadagi	arkadaşı	1
sanmayorum	sanmıyorum	1
akillh	akıllh	1
davranmasina	davranmasına	1
yazarm	yazarı	1
hatarassnin	hatarassnın	1
mütaläami	mütalaamı	1
Egya	Eşya	1
sultanm	sultanın	1
dogma	doğma	1
bakunca	bakınca	1
seridi	şeridi	1
safhasa	safhası	1
akap	akıp	1
dusünürken	düşünürken	1
yalmizan	yalmızan	1
hayatumizun	hayatumızun	1
cezasna	cezasına	1
günduz	gündüz	1
sscaktan	sıcaktan	1
agar	ağır	1
vatanun	vatanın	1
digerimiz	diğerimiz	1
bunalirken	bunalırken	1
selâmetine	selametine	1
hazarlarken	hazırlarken	1
altust	altüst	1
mânäsiz	manasız	1
muzirr	muzırr	1
ugrasarken	uğraşırken	1
myız	miyiz	1
husômeti	hüsômeti	1
koparacagindan	koparacagından	1
hâlitayn	halitayn	1
varmamis	varmamış	1
muamelâttaki	muamelattakı	1
Häla	Hala	1
Zannamca	Zannımca	1
mänäsız	manasız	1
aluriz	alırız	1
çıkardiklar	çıkardıklar	1
noktasndan	noktasından	1
husüsât	hususat	1
anlaşalan	anlaşılan	1
kuskulu	kuşkulu	1
kaçurmak	kaçırmak	1
yazldigundan	yazldıgundan	1
görememis	görememiş	1
Sahverti	Şahverti	1
biraktak	bıraktık	1
târizlere	tarizlere	1
vassta	vasıta	1
vasuta	vasıta	1
ugraşmaya	uğraşmaya	1
haberlerimi	haberlerini	1
goturecek	götürecek	1
gelmigler	gelmişler	1
poliainden	poliaınden	1
beyannäme	beyanname	1
evvelä	evvela	1
iginden	içinden	1
vesäitle	vesaitle	1
aksimi	aksini	1
Caminde	Camınde	1
kosmuni	koşmunı	1
karmakarsşık	karmakarışık	1
kadnin	kadının	1
dügünmeli	düğünmeli	1
sukntida	şükntida	1
Toma	Ton	1
dolagıp	dolaşıp	1
yalandaki	yılındaki	1
baglada	bağladı	1
çamagarlarinu	camagarlarınu	1
yikamus	yıkamus	1
sakntasindan	sakntasından	1
ceşmesinden	çeşmesinden	1
yazacagun	yazacağım	1
süriyorum	suriyorum	1
muziks	müziks	1
yaldizn	yaldızn	1
sekie	şekie	1
yanandaki	yanındaki	1
egleniyorlards	eğleniyorlards	1
okunmamasinun	okunmamasınun	1
ataf	atıf	1
salähiyet	salahiyet	1
maglübiyetin	mağlubiyetin	1
karismasuna	karışmasuna	1
etaniş	etanış	1
dône	döne	1
giremeyecegimi	giremeyeceğimi	1
âläyisle	alayısle	1
balikçahga	balıkçahga	1
baçladik	bacladık	1
arkadagı	arkadaşı	1
kitabam	kitabın	1
mernleket	memleket	1
kararsizhktan	kararsızhktan	1
sscak	sıcak	1
köskün	köşkün	1
birakuyor	bırakıyor	1
Näzum'in	Nazım'ın	1
hastahklarm	hastalıkları	1
yicini	yıcını	1
alâimini	alaimini	1
Aramzda	Aramızda	1
çagriyor	çağrıyor	1
Ifadelerinden	İfadelerinden	1
Häfiz	Hafız	1
demigler	demişler	1
vazgeçirmis	vazgeçirmiş	1
filén	filen	1
Riza'nun	Rıza'nın	1
arkadaşuyla	arkadaşıyla	1
vâsal	vasıl	1
mus'ir	müş'ir	1
haml	hami	1
kat'ti	kat'tı	1
bulunamayacagima	bulunamayacağıma	1
Orass	Orası	1
yakmumizda	yakmumızda	1
istihkâmin	istihkâmın	1
agaçigs	ağacıgs	1
Yavrularmizi	Yavrularmızı	1
rihtimdan	rıhtımdan	1
zäiridir	zairidir	1
sikanti	sıkıntı	1
geldigimizden	geldiğimizden	1
agaclan	ağaçları	1
yazsyorum	yazıyorum	1
ayirmak	ayırmak	1
başlamaş	başlamış	1
kucaginda	kucağında	1
aglaya	ağlaya	1
yazima	yazıma	1
Hissiyatim	Hissiyatım	1
istihkâmatanin	istihkamatanın	1
hayatamizin	hayatamızın	1
cirkin	çirkin	1
manzarasa	manzarası	1
anhyorum	anlıyorum	1
cekecegiz	çekeceğiz	1
säir	şair	1
fasila	fasıla	1
igitiliyor	işitiliyor	1
Istâmlar'in	İstamlar'ın	1
yaptiklarni	yaptıklarnı	1
isitilmez	işitilmez	1
donanmis	donanmış	1
kemäl	Kemal	1
huşû	husu	1
mahsuslari	mahsusları	1
kapadan	kapıdan	1
tutmug	tutmuş	1
hayatins	hayatını	1
geciyorum	geçiyorum	1
arkadaşinun	arkadaşının	1
verilecegini	verileceğini	1
emdi	endi	1
kurtarsin	kurtarsın	1
burasa	burası	1
sekerlerinden	şekerlerinden	1
kollarimin	kollarının	1
sakantisindan	şakantısından	1
kallariru	kallarıru	1
yapturdind	yapturdınd	1
Şipelevskaya	Şıpelevskaya	1
Nâzum'n	Nazım'ın	1
odays	odayı	1
odaman	odanın	1
bolmesinde	bölmesinde	1
genişliginde	genişliğinde	1
uzunlugunda	uzunluğunda	1
ädi	adı	1
kamig	karış	1
masass	masası	1
kirini	Kırım	1
serilmig	serilmiş	1
asah	asılı	1
karyolasindan	karyolasından	1
muçambanin	mücambanın	1
cini	çini	1
kesilmig	kesilmiş	1
sişenin	şişenin	1
buramn	buranın	1
yatacaktik	yatacaktık	1
kadsn	kadın	1
säz	siz	1
yanbagumdaki	yanbagumdakı	1
bozmamig	bozmamıg	1
giddetiyle	şiddetiyle	1
yagiyor	yağıyor	1
kurtulmus	kurtulmuş	1
daşarsina	dasarsına	1
Şipelevakaya	Şıpelevakaya	1
kuyas	kıyas	1
yapilmass	yapılması	1
anlasmak	anlaşmak	1
hazirda	hazırda	1
Hog	Hoş	1
kalmamis	kalmamış	1
mukadderatani	mukadderatını	1
Amerika'nan	Amerika'nın	1
vastalarino	vaştalarıno	1
kararlaştardik	kararlaştardık	1
onlarfin	onlarfın	1
gaymik	gaymık	1
anlatacagiz	anlatacağız	1
yaptarmus	yaptırmış	1
sikalmamak	şikalmamak	1
sayilmuyor	sayılmuyor	1
taslar	taşlar	1
ayagma	ayağına	1
cikarken	çıkarken	1
saatimi	saatini	1
atmuş	atmış	1
durmadim	durmadım	1
Viçe'den	Vice'den	1
kararsaz	kararsız	1
versek	vermek	1
teşkilätt	teşkilatt	1
Mutasarri	Mutasarrı	1
Viçel'yel	Vicel'yel	1
aradagins	aradığını	1
sordugu	sorduğu	1
nul	mil	1
soyledigini	söylediğini	1
çaldigunı	çaldıgunı	1
kaldardigam	kaldardıgam	1
geceyansi	geceyansı	1
yapmamasina	yapmamasına	1
hayurh	hayırlı	1
atldagimdan	atldagımdan	1
yavrularumi	yavrularumı	1
Oteberi	Öteberi	1
eçkayasinu	eckayasınu	1
tagandi	tağandı	1
yatacagiz	yatacağız	1
kaçmş	kaçmış	1
cekecek	çekecek	1
boçaltirken	bocaltırken	1
zurhlisinin	zurhlısının	1
Yunanhilar	Yunanhılar	1
dugünüyorum	düşünüyorum	1
gimsekler	ğimsekler	1
kapassnda	kapısında	1
günderiyorum	gunderiyorum	1
yatmus	yatmış	1
soylemisti	söylemişti	1
kazmı	Kâzım	1
bulunmami	bulunmamı	1
yapacaginu	yapacağını	1
kozganlikla	kozganlıkla	1
mügkil	müşkil	1
istemigler	istemişler	1
Tesaduf	Tesadüf	1
Oturmus	Oturmuş	1
atiyordu	atıyordu	1
tanumas	tanımış	1
olduklanns	olduklarını	1
görülmüg	görülmüş	1
gezdigine	gezdiğine	1
imkânum	imkanını	1
suhilde	şuhılde	1
yazaya	yazıya	1
Käh	Kah	1
dügüyor	düşüyor	1
atap	atıp	1
boçanircasna	bocanırcasna	1
kismt	kısmt	1
sivesiyle	şivesiyle	1
degisti	değişti	1
akgamüzeri	akşamüzeri	1
dükkäns	dükkan	1
Yanmdaki	Yanındaki	1
Aksamdan	Akşamdan	1
yagmurun	yağmurun	1
vasitayn	vasıtayn	1
iktisädi	iktisadi	1
yazdigumiz	yazdığımız	1
anlagiltyor	anlagıltyor	1
kararlagtardik	kararlagtardık	1
yikanmakta	yıkanmakta	1
kiraclardan	kıraçlardan	1
yikayacak	yıkayacak	1
dükkänlar	dükkanlar	1
sach	saçlı	1
girdüm	girdim	1
masir	Mısır	1
Bulamadim	Bulamadım	1
firndan	fırndan	1
Acidim	Acıdım	1
Räsim	Rasim	1
yazayorlar	yazıyorlar	1
Ittähad	İttihad	1
memh	nemli	1
iyiligi	iyiliği	1
täbi	tabi	1
umçs	inci	1
guzelim	güzelim	1
singinella	şinginella	1
yegânedir	yeganedir	1
çorbasin	çorbasın	1
kizacaksin	kızacaksın	1
istahrm	iştahrm	1
birseyde	birşeyde	1
dogrudur	doğrudur	1
agarlak	ağırlık	1
kazanacaklarini	kazanacaklarını	1
zäbitti	zabitti	1
kitabanu	kitabını	1
yapmamis	yapmamış	1
bähusus	bahusus	1
reisligi	reisliği	1
gülunç	gülünç	1
ugragir	uğraşır	1
görüşmedigime	görüşmediğime	1
kumandanbgni	kumandanbgnı	1
plänlars	planları	1
yapahrken	yapılırken	1
gehri	şehri	1
sevkiyat	sevkıyat	1
Tekfurdags	Tekfurdağı	1
hattunda	hattında	1
hatur	hatır	1
yalam	yalan	1
irtikäb	irtikab	1
istird	iştird	1
darlmis	darlmıs	1
degistirmesiydi	değiştirmesiydi	1
gekmig	çekmiş	1
acindigum	açındıgum	1
güçlesiyor	güçleşiyor	1
sikantah	sıkıntılı	1
ânnda	rında	1
bedbahtlik	bedbahtlık	1
kenaruna	kenarına	1
babalarinu	babaların	1
gelebilecegi	gelebileceği	1
saturlarn	satırları	1
çıkarttim	çıkarttım	1
humla	hurma	1
başladigum	başladığım	1
yapmasana	yapmasına	1
kuzgin	kızgın	1
haturâtins	haturâtıns	1
etmodiğimden	etmodığımden	1
yanhslakla	yanlışlıkla	1
dügündüm	düşündüm	1
arahk	aralık	1
kayafetle	kıyafetle	1
gorügtüm	görüştüm	1
kagndumizan	kağndumızan	1
teşkilätimiz	teşkilatımız	1
bulacagin	bulacağın	1
aldurdik	aldurdık	1
kagadim	kağadım	1
sagardi	sagardı	1
gormeyi	görmeyi	1
soyleniyor	söyleniyor	1
vefata	vefatı	1
öldugu	olduğu	1
ahyor	alıyor	1
padigahlikta	padigahlıkta	1
yapiyorlarmus	yapıyorlarmus	1
göndermistik	göndermiştik	1
görüçecegiz	görücecegiz	1
Mektuplaruma	Mektuplarını	1
bucaginda	bucağında	1
gaml	şamil	1
kuslar	kuşlar	1
yaklaşmas	yaklaşmış	1
gönülluler	gönüllüler	1
Hälid	Halid	1
ediliyormus	ediliyormuş	1
tanigmak	tanıgmak	1
edeceklermis	edeceklermiş	1
zähitlerden	zahitlerden	1
sürdügu	sürdüğü	1
yapacagiz	yapacağız	1
çaligtagum	çalıgtagum	1
çaligacagam	çalıgacagam	1
sanmuyorum	sanmıyorum	1
Arqii	Arqıı	1
fasilada	fasılada	1
Binbası	Binbaşı	1
Yüzbaşa	Yüzbaşı	1
teşkilâtlarunun	teşkilatlarunun	1
siklyorsun	sıklyorsun	1
sakntina	sakntına	1
sikldikça	sıkldıkça	1
alämetmig	alametmig	1
bogazimdan	boğazımdan	1
geçmedigini	geçmediğini	1
sapkam	sapkın	1
satup	satıp	1
çargisuu	çargısuu	1
firçass	fırçass	1
Buguin	Bugün	1
beräy	beray	1
Kitabumun	Kitabının	1
parmaklarunu	parmaklarını	1
basikça	basıkça	1
bahtiyardir	bahtiyardır	1
vasitalara	vasıtalara	1
muteselli	müteselli	1
çaliçayorum	çalıçayorum	1
hatarlatiyor	hatırlatıyor	1
konuştuklarumuzi	konuştuklarumuzı	1
muzäkere	müzakere	1
Moskova'dakilere	Moskova'dakılere	1
Yavrularimı	Yavrularımı	1
agrlarim	agrlarım	1
LLZ	UZ	1
hatarâta	hatıratı	1
kögesine	köşesine	1
ugraşuyordu	uğraşıyordu	1
siklmadan	sıklmadan	1
hahlarunin	hahlarunın	1
oralarm	onları	1
kerâmetine	kerametine	1
kucaklardim	kucaklardım	1
duama	durma	1
kolayhkla	kolaylıkla	1
çakagelmesin	cakagelmesin	1
yalnuzhgim	yalnuzhgım	1
ayhk	aylık	1
seylere	şeylere	1
biktarmaktan	bıktarmaktan	1
faili	fiili	1
kumandans	kumandanı	1
paşalars	paşaları	1
zuhür	zuhur	1
peyniryattim	peyniryattım	1
çakmadim	çakmadım	1
hatrasinu	hatrasınu	1
zâbitlerinden	zabitlerinden	1
Almanlaridaresinde	Almanlarıdaresinde	1
girdigimiz	girdiğimiz	1
hatarima	hatırıma	1
müzäkerede	müzakerede	1
aymica	ayrıca	1
smna	rına	1
Bunlans	Bunları	1
Ayriea	Ayrıea	1
hemsiresi	hemşiresi	1
ettirecegiz	ettireceğiz	1
onlann	onların	1
säyän	şayan	1
gehirleri	şehirleri	1
daglarda	dağlarda	1
üki	iki	1
buraktuk	bıraktık	1
keräts	kenti	1
gerâiti	şeraiti	1
bagladiklars	bağladıklars	1
Kamarasa'ndaki	Kamarasa'ndakı	1
Herseyi	Herşeyi	1
isyanu	isyanı	1
Äfiyet	Afiyet	1
hesabuna	hesabına	1
yapalacagini	yapılacağını	1
ogrenmelerini	öğrenmelerini	1
müslümanun	Müslümanın	1
taraftarryiz	taraftarryız	1
yahuslarin	yahusların	1
taraftaryiz	taraftaryız	1
ikiligin	ikiliğin	1
lözumdir	lozumdır	1
itimadin	itimadın	1
karsimda	karşımda	1
kurgun	kurşun	1
dagaldik	dağaldık	1
yapayam	yapayım	1
bufunmazdin	bufunmazdın	1
aldagim	aldığım	1
Kazum	Kâzım	1
bilânço	bilanço	1
konugabilsem	konuğabılsem	1
Nuri'oin	Nuri'oın	1
rahatazlig	rahatazlıg	1
dolansiyla	dolansıyla	1
Nezkroti	Nezkrotı	1
apli	aplı	1
yatmig	yatmış	1
Talät'in	Talat'ın	1
olmuglar	olmuşlar	1
sube	şube	1
ciktaganu	cıktaganu	1
görüşmüs	görüşmüş	1
dersek	demek	1
imigler	imişler	1
seräitle	şeraitle	1
nazariyatçilara	nazariyatçılara	1
sabak	sabık	1
adamun	adamın	1
teşkilätumuzi	teşkilatumuzı	1
sehbenderligin	şehbenderliğin	1
muzurr	muzırr	1
herseyden	herşeyden	1
toplanmas	toplanmış	1
çalismalyiz	çalışmalyız	1
yaptirirz	yaptırırz	1
konugmalarda	konuşmalarda	1
duşündük	düşündük	1
motorlarinin	motorlarının	1
cektirdim	çektirdim	1
mebüsu	mebusu	1
arkadaşlarumzdandir	arkadaşlarumzdandır	1
adamu	adamı	1
icabnda	icabında	1
sifreli	şifreli	1
aldiginu	aldığını	1
zäil	zail	1
geldigim	geldiğim	1
çikarmiglar	çıkarmıglar	1
alikoymus	alıkoymuş	1
temsilciligini	temsilciliğini	1
ris	miş	1
yarsindan	yanından	1
dagunak	dağınık	1
saksntih	sıkıntılı	1
canma	canım	1
Arigi	Arıgı	1
bulunamadigum	bulunamadıgum	1
almadiguni	almadığını	1
durdugu	durduğu	1
hazrlandik	hazrlandık	1
kesildiginden	kesildiğinden	1
takilmasann	takılmasann	1
bahsettiginden	bahsettiğinden	1
Nazm	Nazım	1
gonderilmek	gönderilmek	1
baraktum	bıraktım	1
yavrularimiz	yavrularımız	1
cikacak	çıkacak	1
surtunda	sırtında	1
başkasani	başkasını	1
gülümsedigi	gülümsediği	1
göremedigime	göremediğime	1
gecivorum	geçivorum	1
çahsıyor	çalışıyor	1
mânasaz	manasız	1
faraziyâta	faraziyata	1
hâhisgerdir	hahişgerdir	1
gelmislerdi	gelmişlerdi	1
kuzdilar	kuzdılar	1
ordularn	orduları	1
kuseyindelki	kuşeyindelki	1
Cumburia	Cümbüria	1
Komunist	Komünist	1
inanilan	inanılan	1
komtnist	komtnıst	1
katalan	katılan	1
Anlagmasi'na	Anlagması'na	1
delegosi	delegosı	1
ormanhk	ormanlık	1
masar	Mısır	1
Gori	Son	1
sonrass	sonrası	1
gösteriyorlards	gösteriyorlardı	1
bulunmasinu	bulunmasını	1
kalmasa	kalması	1
arkadaslarunuzdan	arkadaşlarınızdan	1
Turkiye'nin	Türkiye'nin	1
çikmass	çıkması	1
edebilecegini	edebileceğini	1
dügünselerdi	düğünselerdi	1
haabil	haabıl	1
cafugiyoruz	cafugıyoruz	1
yardiman	yardımın	1
masin	misin	1
toplanap	toplanıp	1
olmadigumizi	olmadığımızı	1
gostermek	göstermek	1
çaligryor	çalıgryor	1
züncemiz	zuncemiz	1
düsünmüş	düşünmüş	1
arssnda	anında	1
Süralar	Şuralar	1
Sosyaliat	Sosyalıat	1
Komiserligi	Komiserliği	1
Anlkara	Ankara	1
Torkiye	Torkıye	1
Dagigleri	Dağıgleri	1
Gurgonovig	Gürgonovıg	1
mensupiannu	mensupıannu	1
levataloalie	levataloalıe	1
yerlesip	yerleşip	1
cibinligi	cibinliği	1
başbaçayim	başbaçayım	1
başamdaki	başındaki	1
daganukligin	daganuklıgın	1
kaaniyim	kaanıyım	1
Ittihadçs	İttihadçı	1
Näzum'n	Nazım'ın	1
akrabasidir	akrabasıdır	1
bulunmadikça	bulunmadıkça	1
mütalaasinda	mütalaasında	1
goce	göçe	1
Nâzım'in	Nazım'ın	1
kaldinuz	kaldınız	1
intizan	intizam	1
hernen	hemen	1
mäl	mal	1
geve	seve	1
golmis	gölmis	1
calişyoruz	çalışyoruz	1
kamldigni	kamldıgnı	1
alacağumu	alacağını	1
yaldizimz	yaldızımz	1
bulundugumdan	bulunduğundan	1
Egini	Eşini	1
baçami	biçimi	1
yaşayalm	yaşayan	1
hayatumiza	hayatumıza	1
hazurhgs	hazırlığı	1
sayân	şayan	1
Mâlüm	Malum	1
Çarsafinu	Çarşafınu	1
äriyeten	arıyeten	1
yastiklik	yastıklık	1
yorgani	yorganı	1
beyân	beyin	1
geçecegi	geçeceği	1
teshilät	teshilat	1
görüsecegini	görüşeceğini	1
muhtrada	rıhtımda	1
matüf	matuf	1
alacaklars	alacakları	1
nüllü	milli	1
imkâns	imkanı	1
olacakmis	olacakmış	1
almasns	almamış	1
nasibedâr	nasibedar	1
Baku'de	Bakü'de	1
Tasbuladik'e	Taşbuladık'e	1
tamamladim	tamamladım	1
Räilk	Railk	1
sehbenderine	şehbenderine	1
ahläksizhgindan	ahlaksızhgından	1
Räik'e	Raik'e	1
pancurlarina	pancurlarına	1
isitiliyordu	işitiliyordu	1
kus	kuş	1
hatts	hattı	1
kug	kuş	1
zorlayip	zorlayıp	1
ric'atin	ric'atın	1
şarkndaki	şarkndakı	1
müskilâta	müşkilata	1
simendiferler	şimendiferler	1
larna	lama	1
hazirlanmalarni	hazırlanmalarnı	1
vapurlarn	vapurları	1
Ajanss	Ajansı	1
düşmanun	düşmanın	1
alts	altı	1
yaplmakta	yapmakta	1
ilâveten	ilaveten	1
dükkänlarnin	dükkanlarnın	1
kiskandiguni	kıskandıgunı	1
arkadaslarimin	arkadaşlarımın	1
sahsa	şahsi	1
cekilmek	çekilmek	1
istihsäl	istihsal	1
kargaliyorum	kargalıyorum	1
yazildhg	yazıldhg	1
Saminin	Sanırım	1
Teskil	Teşkil	1
münäsip	münasip	1
iäne	iane	1
kararlagti	kararlagtı	1
veriliyormus	veriliyormuş	1
firtuna	fırtına	1
girisimizi	girişimizi	1
haturladim	haturladım	1
firtana	fırtına	1
Istedigine	İstediğine	1
ignelerden	iğnelerden	1
kucakladikça	kucakladıkça	1
kng	King	1
ahväli	ahvali	1
yazmasani	yazmasını	1
päyinize	payinize	1
uzatacagins	uzatacagıns	1
tedärik	tedarik	1
bulunmasa	bulunması	1
yürüyemedigimizden	yürüyemediğimizden	1
olamadik	olamadık	1
zâhiri	zahiri	1
durmayacagiz	durmayacağız	1
kaçnci	kaçıncı	1
sikalmis	şikalmıs	1
basladumdi	başladumdı	1
kâgidina	kağıdına	1
iştiyâkla	iştiyakla	1
yagayor	yağıyor	1
mukarrerät	mukarrerat	1
konuşmays	konuşmayı	1
toplamig	toplamış	1
Terakkf'nin	Terakkf'nın	1
Ihtil	İhtil	1
olaydam	olaydan	1
sânisi	şansı	1
istiyorlarda	istiyorlardı	1
kalacagm	kalacağım	1
zamanundan	zamanından	1
aynimamak	aynımamak	1
sorduracagim	sorduracagım	1
yazaci	yazıcı	1
kazanlmiş	kazanmış	1
olmads	olmadı	1
gordüm	gördüm	1
Furkass	Fırkası	1
ihtilälei	ihtilalei	1
uzaklaşiyorum	uzaklaşıyorum	1
teşkilâtamuzi	teşkilatamuzı	1
iktizäss	iktizass	1
Kurmizs	Kırmızı	1
zurhh	zırhlı	1
karmuzi	kırmızı	1
tegkilâtunan	teğkilâtunan	1
yapild	yapıld	1
yaplmis	yaplmıs	1
iktifà	iktifa	1
mukarrerâtins	mukarreratını	1
yazdigumı	yazdığını	1
suistimäl	suistimal	1
baçinda	bacında	1
kurtarmis	kurtarmış	1
firkasuni	fırkasunı	1
kaybettiginden	kaybettiğinden	1
Evl	Evi	1
riyäsetine	riyasetine	1
tegkiline	teşkiline	1
edermis	edermiş	1
zâhiren	zahiren	1
içinmis	içinmiş	1
hissiyatima	hissiyatıma	1
çahşacak	çalışacak	1
tegrin	Teşrin	1
kos	koş	1
muhassasâtimi	muhassasatımı	1
sarfoxdilmek	sarfoxdılmek	1
sahhatini	şahhatını	1
esäretten	esaretten	1
gecişlere	geçişlere	1
cıkartmak	çıkartmak	1
yazalmş	yazılmış	1
Hakkmizda	Hakkmızda	1
maksatsiz	maksatsız	1
yazal	yazıl	1
âfiyette	afiyette	1
aldaktan	aldıktan	1
cıktum	çıktım	1
säkin	sakin	1
Häl	Hal	1
Dügunüyorum	Düşünüyorum	1
Umanm	Umarım	1
bitirmemis	bitirmemiş	1
häriç	hariç	1
mahsüben	mahsuben	1
Kayamet	Kıyamet	1
kalmasunu	kalmasını	1
Halhuki	Halhukı	1
plänlar	planlar	1
sikryor	sıkryor	1
yaldizina	yaldızına	1
ismarladim	ısmarladım	1
yavrularimuza	yavrularımuza	1
darilmazsin	darılmazsın	1
emläk	emlak	1
aldigumizs	aldıgumızs	1
Kemäl	Kemal	1
firtanasi	fırtınası	1
saşilacak	şaşılacak	1
çikmg	çıkmış	1
fenaligins	fenalığıns	1
mevâni	mevani	1
mukarreräts	mukarreratı	1
yapihp	yapılıp	1
tanuds	tanıdı	1
yaptlmadagini	yaptlmadagını	1
Hazarlamişlar	Hazarlamışlar	1
bozmasi	bozması	1
anlamamig	anlamamıg	1
sikilmaya	sıkılmaya	1
Evrâks	Evrakı	1
hazırlanmigts	hazırlanmıgts	1
disi	dışı	1
Hanumlar	Hanımlar	1
dönecekmis	dönecekmiş	1
Fotografinu	Fotoğrafınu	1
kitabim	kitabın	1
izähat	izahat	1
havâdisler	havadisler	1
sarsaldiklanm	sarsaldıklanm	1
Yunanhlar!	Yunanlıları	1
gur	gür	1
kalmads	kalmadı	1
dalgals	dalgalı	1
dolasap	dolaşıp	1
toplanmass	toplanması	1
baraktalar	bıraktılar	1
tahrirâtinu	tahriratınu	1
tembelligi	tembelliği	1
okudugun	okuduğum	1
câniler	camiler	1
lisânanda	lisananda	1
Liväyu'l	Livayu'l	1
yazicilk	yazıcılk	1
sakiyor	sıkıyor	1
hakku	hakkı	1
almamig	almamış	1
karsasinda	karşısında	1
sikald	şikald	1
ayrilrken	ayrılrken	1
agladigin	ağladığın	1
sonrasinu	sonrasını	1
dügünecek	düşünecek	1
nanda	manda	1
çalssma	çalışma	1
Sue	Ue	1
Franaz	Franz	1
yazdhklarim	yazdhklarım	1
diktatörlüge	diktatörlüğe	1
iami	ıamı	1
sarkta	şarkta	1
müskil	müşkil	1
ugursuz	uğursuz	1
ikmäl	ikmal	1
gidecegime	gideceğime	1
Cev	Çev	1
biraktigins	bıraktığını	1
Yazdiğunu	Yazdığını	1
hazurlanmas	hazırlanmış	1
uzatiyorlar	uzatıyorlar	1
yazyorlardi	yazyorlardı	1
alacaguma	alacağını	1
sikulyor	sıkulyor	1
kavuşacagumi	kavuşacagumı	1
alrim	alrım	1
hazarlanyor	hazırlanıyor	1
Kadins	Kadını	1
arkasundan	arkasından	1
kocasunun	kocasının	1
baskaruna	başkanına	1
ahläka	ahlaka	1
gorecegim	göreceğim	1
ettiginin	ettiğinin	1
melegimi	meleğimi	1
baçladim	bacladım	1
saldirmak	saldırmak	1
plänans	planını	1
yapmıg	yapmış	1
unvanuyla	unvanıyla	1
ettirmig	ettirmiş	1
Samni'yi	Şamnı'yı	1
mügirlik	muğırlık	1
konugmamiz	konuşmamız	1
garkta	şarkta	1
zähiren	zahiren	1
väkua	vakıa	1
aldiga	aldığı	1
tegekkülü	teşekkülü	1
yazah	yazılı	1
kurtanr	kurtarır	1
yazdigom	yazdıgom	1
sandiginu	sandığınu	1
nans	nin	1
çahşmays	çalışmayı	1
yapalabilmek	yapalabılmek	1
kagitian	kağıtıan	1
ciktik	çıktık	1
alamada	alamadı	1
yarmki	yankı	1
ismarladik	ısmarladık	1
alamadikts	alamadıkts	1
verememisler	verememişler	1
karsamuzdaki	karşımızdaki	1
esasuni	esasını	1
hazurlanmaktir	hazurlanmaktır	1
dolayusiyla	dolayısıyla	1
çaligtuk	çalıgtuk	1
parasina	parasına	1
dogrulugunu	doğruluğunu	1
etmistim	etmiştim	1
çakmiyor	çıkmıyor	1
hikäyeleriyle	hikayeleriyle	1
kägidina	kağıdına	1
çahndgindan	cahndgından	1
astarin	astarın	1
kaçmustu	kaçmıştı	1
dalgah	dalgalı	1
satrla	satma	1
Butin	Butın	1
kararmi	karnını	1
Çarçuy'daki	Çarçuy'dakı	1
bakslirsa	bakılırsa	1
miitem	mııtem	1
Bagum	Bağım	1
cikmadh	çıkmadh	1
sikaldigamu	şikaldıgamu	1
anlhyorum	anlıyorum	1
yavrulanmi	yavrulanmı	1
buraktm	bıraktım	1
Altuna	Altına	1
acemk	içerik	1
ridir	midir	1
gahin	şahin	1
ciçek	çiçek	1
Kenarndaki	Kenarndakı	1
avcisanu	avcısanu	1
ihtiyacndayum	ihtiyaçndayum	1
etraflakiler	etraflakıler	1
bogazima	boğazıma	1
tikanan	tıkanan	1
Tegrinsäni	Teşrinsanî	1
tahsisâtumu	tahsisatumu	1
Sefaretà	Sefareti	1
rûhum!	ruhum	1
yurtik	yırtık	1
mütoessir	mutoessir	1
parçalanms	parçalanmış	1
dugundugumu	düşündüğünü	1
degigmemizi	değigmemizi	1
yurtilmis	yurtılmıs	1
konuşmaksizan	konuşmaksızan	1
huncimdan	huncımdan	1
Anladak	Anladık	1
yattilar	yattılar	1
ictik	içtik	1
konugur	konuşur	1
yansyor	yanıyor	1
anmssindir	anmssındır	1
tutulmus	tutulmuş	1
Binäenaleyh	Binaenaleyh	1
olunacaguns	olunacağını	1
Maamäfih	Maamafih	1
hazrlanmis	hazrlanmıs	1
disarya	dışarya	1
tamdig	tamdıg	1
ellerime	ellerine	1
sarlarak	sanarak	1
sagrdim	sağrdım	1
Tegrinevvel	Teşrinevvel	1
hayrhsiyle	hayrhsıyle	1
burann	buranın	1
häriciye	hariciye	1
Iranls	İranlı	1
yarsn	yarın	1
nizâmn	nizamn	1
kassmdan	kasından	1
Azerbaycanhlar'in	Azerbaycanhlar'ın	1
kalmamiç	kalmamıç	1
çalgabilir	çalgabılır	1
nefyedilmis	nefyedilmiş	1
anlattigini	anlattığını	1
plânlarsns	planlarını	1
ihtiläliye	ihtilaliye	1
ümer	mer	1
sandan	sından	1
tegkiläts	teğkiläts	1
Arsivi'nde	Arşivi'nde	1
bulamadigum	bulamadıgum	1
Tariktal	Tarıktal	1
grai	ğini	1
sanuf	sınıf	1
istemiyorlarmis	istemiyorlarmış	1
Cernal	Cemal	1
yetismesi	yetişmesi	1
Bununia	Burnuna	1
ittähaz	ittihaz	1
almislar	almışlar	1
soyluyor	söylüyor	1
soylemi	söylemi	1
seyl	şeyi	1
göetermis	goetermis	1
onunu	önünü	1
Oturdugumuz	Oturduğumuz	1
kumandam	kumandan	1
Näzun	Nazım	1
Iatiklal	Iatıklal	1
kusalmig	kusalmıg	1
nazarlarm	nazırları	1
dünyanan	dünyanın	1
bitirdigim	bitirdiğim	1
dolagtigh	dolagtıgh	1
icim	için	1
dügünemeyecegin	düğünemeyecegin	1
mevcüdiyetimle	mevcudiyetimle	1
yazmistum	yazmıştım	1
Tegrinevvel'de	Teğrinevvel'de	1
äfiyetinden	afiyetinden	1
bulmustur	bulmuştur	1
soyledigine	söylediğine	1
çabmig	cabmıg	1
yaptiguni	yaptığını	1
kandirdaganu	kandırdaganu	1
deläletiyle	delaletiyle	1
karanhgnda	karanlığında	1
kaçurdigma	kaçurdıgma	1
olmadum	olmadım	1
yardumuyla	yardımıyla	1
limamndaki	limamndakı	1
Tibbiyesinin	Tıbbiyesinin	1
Aklim	Aklım	1
isursin	isursın	1
sizim	sizin	1
aras	araş	1
Kazancik	Kazancık	1
ortasins	ortasıns	1
kögeye	köşeye	1
Mum	Müm	1
Turkmen	Türkmen	1
kum	kim	1
gecirmig	geçirmiş	1
çadirdan	çadırdan	1
kizryla	kızryla	1
bagriuma	bağrına	1
müthig	müthiş	1
aşkma	aşkın	1
açıca	açıcı	1
cuplak	çıplak	1
bürünmüg	bürünmüş	1
müvazi	muvazi	1
bagındaki	başındaki	1
götürmüg	götürmüş	1
olamamus	olamamış	1
altamizdaki	altamızdakı	1
adimin	adımın	1
suru	sürü	1
burasn	biran	1
Länet	Lanet	1
Krah	Kralı	1
Hanri	Hanım	1
dügündükleri	düşündükleri	1
dügüncesi	düşüncesi	1
icyüzünü	içyüzünü	1
hayatum	hayatım	1
adamam	adamın	1
boyleyim	böyleyim	1
defasunda	defasında	1
mamür	mamur	1
arasndaki	arasındaki	1
kenannda	kenarında	1
häkimiyetine	hakimiyetine	1
vermiglerdir	vermişlerdir	1
kuzdiryor	kuzdıryor	1
ayrliyor	ayrlıyor	1
vâhadir	vahadır	1
temizlemislerdir	temizlemişlerdir	1
binmig	binmiş	1
kalpakh	kalpaklı	1
bilmedigi	bilmediği	1
Daglar	Dağlar	1
eseklerine	eşeklerine	1
mütehassusimuz	mütehassusımuz	1
yetistigini	yetiştiğini	1
geçan	geçim	1
büyigui	buyıguı	1
kumandanundan	kumandanından	1
malümata	malumata	1
telgrafimu	telgrafını	1
zähiti	zahiti	1
almadiysa	almadıysa	1
bagdag	bağdaş	1
sirketleri	şirketleri	1
nim	nin	1
kägitlanmiz	kâğıtlanmız	1
fikorimi	fikorımı	1
açtirmak	açtırmak	1
isteyecekmis	isteyecekmiş	1
naaib	naaıb	1
aynlan	ayrılan	1
sulanmaktadir	sulanmaktadır	1
kavunu	kavun	1
çukmıs	çıkmış	1
emretmig	emretmiş	1
firtanass	fırtınası	1
kazal	kızıl	1
kullanslan	kullanılan	1
örtulmüs	örtülmüş	1
açihp	açılıp	1
kapanur	kapanır	1
aksamüzerinden	akşamüzerinden	1
Disandan	Dışından	1
dögenmig	döşenmiş	1
sekildedir	şekildedir	1
ikametgähu	ikametgahu	1
yapalmigtar	yapalmıgtar	1
sivanmis	sıvanmış	1
halilarla	halılarla	1
yatakhik	yatakhık	1
konugmaktan	konuşmaktan	1
bulunmaktayim	bulunmaktayım	1
Hen	Hem	1
Büt	But	1
hazarladiklars	hazırladıkları	1
Näzarlar	Nazırlar	1
Ärif	Arif	1
yerlestik	yerleştik	1
kurulmug	kurulmuş	1
hazards	hazırdı	1
igtik	istik	1
näzirlar	nazırlar	1
Nâzan	Nazım	1
yokndik	yokndık	1
geldigime	geldiğime	1
üzorine	uzorıne	1
içice	içiçe	1
yaptardigam	yaptardıgam	1
yardimlardan	yardımlardan	1
Akgama	Akşama	1
akşamu	akşam	1
Yalnsz	Yalnız	1
edilmedigi	edilmediği	1
yagma	yağma	1
kezà	keza	1
kosmu	konu	1
geçmemis	geçmemiş	1
nâzur	nazır	1
hazrlanmig	hazrlanmıg	1
sikntils	sıkıntılı	1
vermemig	vermemiş	1
kat'iyi	kat'ıyı	1
bazalan	bazıları	1
kademli	kıdemli	1
sarayna	sarayın	1
kogulu	koşulu	1
toplanmus	toplanmış	1
dolambach	dolambaçlı	1
kararmugti	kararmugtı	1
Inkil	İnkıl	1
Esâsiyesi	Esasiyesi	1
toplanmigta	toplanmıgta	1
anladilar	anladılar	1
yaptiklars	yaptıkları	1
ayaklanmss	ayaklanmış	1
kullandiğam	kullandığam	1
sitayişkäräne	sitayişkaräne	1
viläyatta	vilayatta	1
edilmemis	edilmemiş	1
Ihtilafta	İhtilafta	1
Hâşim	Hasım	1
Yazdigum	Yazdığım	1
Nazam'in	Nazım'ın	1
Süra	Şura	1
dagildak	dağıldak	1
kögke	köşke	1
dolastik	dolaştık	1
kogede	köşede	1
uzerine	üzerine	1
doldurulmus	doldurulmuş	1
Buhara'nun	Buhara'nın	1
olmamusta	olmamıştı	1
kildiktan	kıldıktan	1
yikanup	yıkanup	1
sundurmadir	sundurmadır	1
yazmasinu	yazmasını	1
teçkilät	teckilät	1
konugacagiz	konuğacagız	1
Akgamdan	Akşamdan	1
Afganistanf'in	Afganistanf'ın	1
uzadikça	uzadıkça	1
harekäts	harekatı	1
bulunmams	bulunmamış	1
benzemedigini	benzemediğini	1
Serin	Senin	1
Namazumi	Namazını	1
Nâzirs	Nazırı	1
värid	varid	1
çahsmaya	çalışmaya	1
Näzurn	Nazırı	1
Dähiliye	Dahiliye	1
olamadiklarnu	olamadıklarnu	1
gümügleri	ğumugleri	1
sarayins	sarayını	1
selâmhk	selamlık	1
aynal	ayrıl	1
Näzurlar	Nazırlar	1
Sarayn	Sarayın	1
toplamis	toplamış	1
zäbitänan	zabitanın	1
arasmndaki	arasmndakı	1
imkänundan	imkanundan	1
tamamlanda	tamamlandı	1
kalkmıg	kalkmış	1
däbil	dabil	1
Müzäkereye	Müzakereye	1
başlands	başlandı	1
Kurgiz	Kırgız	1
Ozbek	Özbek	1
davass	davası	1
Türkistan'un	Türkistan'ın	1
kaldiklarinı	kaldıklarını	1
aymildik	ayrıldık	1
Basmacilari'run	Basmacıları'run	1
Basmacilan'yla	Basmacılan'yla	1
ihtilälcilerini	ihtilalcilerini	1
ihtilälcileri	ihtilalcileri	1
ihtiläleilerinden	ihtilaleilerinden	1
azaldigmndan	azaldıgmndan	1
bozulacagini	bozulacağını	1
bulunmamin	bulunmanın	1
yaptiğum	yaptığım	1
niza	Rıza	1
alähalihi	alahalıhı	1
mahvolacakti	mahvolacaktı	1
istikläli	istiklali	1
kadmlars	kadınları	1
odemedim	ödemedim	1
günderilen	gunderilen	1
anlayamadigimdan	anlayamadığımdan	1
hayatamı	hayatını	1
halkan	halkın	1
çocuklaruman	çocuklarının	1
isciyorum	işçiyorum	1
cilem	çilem	1
yagamamizi	yağamamızı	1
ustura	üstün	1
bulunmustur	bulunmuştur	1
kusbeyi	kuşbeyi	1
kullanilmadiğindan	kullanılmadığından	1
vâridat	varidat	1
masarifäta	masarifata	1
vatanumiza	vatanumıza	1
alda	aldı	1
konags	konağı	1
saraynan	sarayının	1
verecegimi	vereceğini	1
inkalabivenin	inkalabıvenin	1
kalacagumi	kalacağını	1
hayatamda	hayatımda	1
anlan	anlam	1
dügüncesiz	düğüncesiz	1
lirasana	lirasına	1
Yavrularumiza	Yavrularumıza	1
kullanursin	kullanursın	1
kalacagims	kalacağını	1
mügir	müşir	1
saknts	sıkıntı	1
imdar	midir	1
sahsimi	şahsımı	1
çikmıs	çıkmış	1
gupta	gıpta	1
alnins	alnını	1
calismis	çalışmış	1
kaldirp	kaldırp	1
Ruslar'sn	Ruslar'ın	1
olduklarun	olduklarını	1
hognutsuzluk	hoşnutsuzluk	1
çahşayor	çalışıyor	1
pazars	pazarı	1
kuzlara	kızları	1
asalan	asılan	1
parçasins	parçasını	1
saturlik	saturlık	1
esyasa	eşyası	1
altlik	altlık	1
mahfazasinda	mahfazasında	1
katimizda	katımızda	1
bulunacagumu	bulunacağını	1
işitecegi	işiteceği	1
tahayyul	tahayyül	1
ayagnda	ayağında	1
tutuldugu	tutulduğu	1
evliyasindan	evliyasından	1
agaçla	ağaçlı	1
kapandigandan	kapandıgandan	1
bilmecburiye	bilmecburıye	1
gecilmeye	geçilmeye	1
duasina	duasına	1
ihtiyacun	ihtiyacın	1
Sunra	Sünni	1
yarasina	yarısına	1
aynlds	ayrıldı	1
gönlermek	görmemek	1
toplandig	toplandıg	1
Izinde	İzinde	1
yavasca	yavaşça	1
firan	fırın	1
Türkge	Türkçe	1
nisangäh	nişangâh	1
Hallbuki	Hallbukı	1
Mohiddin	Mohıddın	1
mumaileytin	mumaıleytin	1
ginderilmig	ğinderilmig	1
Rusler	Mişler	1
Aal	Ül	1
gördu	gördü	1
subesinde	şubesinde	1
kadmla	kadına	1
evlenmig	evlenmiş	1
Näzar	Nazar	1
çagurmak	çağırmak	1
Ärifoglu	Arifoglu	1
Semerkand'dadir	Semerkand'dadır	1
aeyahatinden	aeyahatınden	1
aldgindan	aldgından	1
oglunu	oğlunu	1
ihtivardir	ihtivardır	1
ediyormaus	ediyormuş	1
musademe	müsademe	1
silählar	silahlar	1
müs	muş	1
Rualar	Malar	1
ihtilälcilerden	ihtilalcilerden	1
etamig	etamıg	1
cagardum	çağırdım	1
ismarludum	ısmarludum	1
konusacaiom	konuşacaıom	1
istiyak	iştiyak	1
Coma	Com	1
aralancigum	aralancıgum	1
maaglan	maaşları	1
altm	altın	1
maas	maaş	1
parasins	parasını	1
Maas	Maaş	1
itasa	itası	1
burakabilecek	burakabılecek	1
maaginan	maagınan	1
miktans	miktarı	1
gonderilecek	gönderilecek	1
cikaraldh	çıkaraldh	1
Argivé	Argıvé	1
taraflaruna	taraflarına	1
kalacaguma	kalacağına	1
alinlik	alınlık	1
gerdanligi	gerdanlıgı	1
celbetmisler	celbetmişler	1
konuşacagiz	konuşacağız	1
onbesine	onbeşine	1
ballandira	ballandıra	1
döçecigime	doçecigime	1
odasanu	odasını	1
Kargisinda	Karşısında	1
karşusinda	karşısında	1
kätipten	katipten	1
mülâzumuni	mülazumunı	1
yapahyor	yapılıyor	1
baslamigtur	başlamıgtur	1
iptidäi	iptidai	1
okumustur	okumuştur	1
cikmadum	çıkmadum	1
Därülmuallimini'nde	Darülmuallimini'nde	1
soylüyordu	söylüyordu	1
cakap	çıkıp	1
toplaysp	toplayıp	1
düşeceginden	düşeceğinden	1
Tegrinsâniye	Teğrinsâniye	1
konuşacagim	konuşacağım	1
mesäi	mesai	1
ulem	ileri	1
gencligini	gençliğini	1
aksülâmelinden	aksülamelinden	1
kazandiguru	kazandıguru	1
Teşrins	Teşrin	1
Müläzum	Mülazım	1
dügündügünü	düşündüğünü	1
Tegrinsânide	Teğrinsânide	1
Nezäreti'nde	Nezareti'nde	1
näfiz	Nafiz	1
konusuşu	komşusu	1
diglerini	dişlerini	1
ädet	adet	1
siskin	şişkin	1
olanlarun	olanların	1
ögreneceklerini	öğreneceklerini	1
buyikhs	buyıkhs	1
imkänanu	imkanını	1
kangiklklara	kangıklklara	1
mahviyla	mahvıyla	1
Yanumiza	Yanımıza	1
yapalmass	yapılması	1
muzarr	muzırr	1
takarrur	takarrür	1
çakmamalarni	çakmamalarnı	1
görülmedigini	görülmediğini	1
cökmüs	çökmüş	1
kms	kim	1
zayifta	zayıftı	1
Sitma	Sıtma	1
taraftarm	taraftarı	1
etmemle	etmeme	1
gorüsmüs	görüşmüş	1
olmadagandan	olmadığından	1
almasins	almasını	1
çıktiklarn	çıktıkları	1
çagirp	çağırp	1
istifasina	istifasına	1
Kirgi'ye	Kırgı'ye	1
konugmadan	konuşmadan	1
istifasani	istifasını	1
yarildhg	yarıldhg	1
kusaca	kısaca	1
ciçekli	çiçekli	1
Agsivi	Agsıvı	1
Teskilätan	Teşkilatın	1
kazanup	kazanıp	1
gecerek	geçerek	1
kurilms	kırılmış	1
çahsacak	çalışacak	1
yamnda	yanında	1
bardaga	bardağı	1
yatagumun	yatağının	1
yaptarursaniz	yaptarursanız	1
sultamm	sultanın	1
nädiren	nadiren	1
yapturdigum	yapturdıgum	1
Paga'nnkilere	Paga'nnkılere	1
Tegrinsâni	Teşrinsanî	1
kisinin	kişinin	1
teskilâtumazda	teşkilatumazda	1
Fergana'daki	Fergana'dakı	1
okarttim	okarttım	1
yanuna	yanına	1
Akprinecve	Akprınecve	1
yazimig	yazımıg	1
tegkiläta	teşkilata	1
dagilmm	dağılmm	1
gikmayarak	gıkmayarak	1
baglamamiz	bağlamamız	1
harekâtanun	harekatının	1
alndiguni	alındığını	1
Reiai	Reiaı	1
yaplmadan	yapmadan	1
çahgmak	çalışmak	1
havzasinda	havzasında	1
hikäyelerine	hikayelerine	1
Arslanim	Arslanım	1
egyanin	eşyanın	1
yatmıg	yatmış	1
dudaklarn	dudakları	1
dudaklarum	dudaklarını	1
yazilarunu	yazılarını	1
kapayacağim	kapayacağım	1
ginderiyorum	ğinderiyorum	1
hissedecekain	hissedecekaın	1
pembeligini	pembeliğini	1
azäbins	azabıns	1
sonin	sonın	1
sakladhgins	sakladhgıns	1
şeytanan	şeytanın	1
dolaşuyor	dolaşıyor	1
uymazsin	uymazsın	1
Esyays	Eşyayı	1
haturuma	hatırıma	1
hikäyesi	hikayesi	1
Mutareke	Mütareke	1
bakmis	bakmış	1
dügünmüş	düşünmüş	1
cams	cami	1
karilmuş	kırılmış	1
olmamş	olmamış	1
camin	çarın	1
Samiye	Saniye	1
Isviçre'den	İsviçre'den	1
markasins	markasıns	1
degiştirtmis	değiştirtmis	1
verememis	verememiş	1
masasinu	masasınu	1
nazarlarmi	nazarlarmı	1
mamulät	mamulat	1
Yavrularmiza	Yavrularmıza	1
masnuâtidhr	masnuâtıdhr	1
ayaklarniza	ayaklarnıza	1
olacaklars	olacakları	1
bagilasin	bağılasın	1
altmig	altmış	1
altani	altını	1
hazirlatmak	hazırlatmak	1
altmıs	altmış	1
koymug	koymuş	1
dolagarak	dolaşarak	1
istediklerimi	istediklerini	1
hazarlanmass	hazırlanması	1
çakardum	çıkardım	1
plâtin	platın	1
hayalâtmi	hayalatmı	1
çapani	çapanı	1
çikardigum	çıkardıgum	1
başkasna	başkasına	1
gönderilmis	gönderilmiş	1
yaptiguns	yaptığını	1
tegkili	teşkili	1
Mülâzima	Mülazıma	1
muallimliginden	muallimliğinden	1
Umumf'nin	Umumf'nın	1
Häsim	Haşim	1
kalmaktir	kalmaktır	1
darid	darıd	1
canni	canım	1
çukmaya	çıkmaya	1
Sâmi	Sani	1
äti	atı	1
bakumsizlktan	bakümsizlktan	1
Akgamüzeri	Akşamüzeri	1
Mülazmu	Mülazım	1
Zäbit	Zabit	1
Nâzari'na	Nazırı'na	1
yazmasa	yazması	1
Veodi	Veodı	1
çahgtigim	çalıştığım	1
Hoca'nan	Hoca'nın	1
vilayâta	vilayatı	1
selähiyet	selahiyet	1
Nazir'ron	Nazır'ron	1
gonderiyurum	gönderiyurum	1
bahtiyer	bahtıyer	1
bahtivar	bahtıvar	1
arslancsgim	arslancsgım	1
namazinu	namazını	1
muvakkati	muvakkatı	1
ayikhga	ayıkhga	1
arttardi	arttardı	1
akluma	aklıma	1
kalacagina	kalacağına	1
nla	na	1
arkasanda	arkasında	1
Indim	İndim	1
duasunu	düşünü	1
üti	iti	1
selämliyorlard	selamlıyorlard	1
tarafru	tarafın	1
ukamayacagin	ukamayacagın	1
ihtiläfa	ihtilafa	1
Ruas	İmiş	1
uzaktar	uzaktır	1
dolagirken	dolaşırken	1
syaavtanin	syaavtanın	1
haltikat	haltıkat	1
Käinattan	Kainattan	1
sicakta	sıcakta	1
ahr	alır	1
teçci	tecci	1
aynliktan	aynlıktan	1
mecälsiz	mecalsiz	1
kalirum	kalırum	1
Etrafi	Etrafı	1
bahgenin	bahçenin	1
solmaya	sormaya	1
agaçlan	ağaçları	1
agladigm	ağladıgm	1
Müsteşarn	Müsteşarı	1
müs'ir	müş'ir	1
Müzäkere	Müzakere	1
Ögleyin	Öğleyin	1
sarldigr	şarldıgr	1
saymig	saymıg	1
çahgmasim	cahgmasım	1
Haydar'n	Haydar'ın	1
inaallah	ınaallah	1
demisti	demişti	1
hastalig	hastalıg	1
gösterdigim	gösterdiğim	1
yazaliyds	yazılıydı	1
orodadir	orodadır	1
kalacagums	kalacağını	1
kararum	kararın	1
harekâtum	harekatın	1
iştiyäkumla	iştiyakumla	1
Hägim	Hacim	1
Fitrat'in	Fıtrat'ın	1
bargtirmg	bargtırmg	1
affiyla	affıyla	1
alinacaganu	alınacaganu	1
inkuläp	inkılap	1
hükimet	Hikmet	1
umaumiyeyi	umumiyeyi	1
etmemosi	etmemosı	1
oturmanin	oturmanın	1
Yegäne	Yegane	1
hesmän	heman	1
bagislasun	bağışlasun	1
Diln	Dün	1
hazurdar	hazırdır	1
olacaklaranu	olacaklarını	1
gekip	çekip	1
Efeodiyi	Efeodıyı	1
gorügecegim	görügecegim	1
zamanunun	zamanının	1
dus	düş	1
Müläzm	Mülazım	1
muteessir	müteessir	1
mue	ne	1
kilavuz	kılavuz	1
Esyanun	Eşyanın	1
kasmana	kısmına	1
görüsevegiz	görüşevegiz	1
gorüş	görüş	1
muväfakat	muvafakat	1
çahşiyorlar	çalışıyorlar	1
inandiklarndan	inandıklarndan	1
maneviyâtuma	maneviyatını	1
Tegrinsani	Teşrinsanî	1
yesil	yeşil	1
ortassnda	ortasında	1
ortasundaki	ortasındaki	1
Saraysn	Sarayın	1
atuyor	atıyor	1
sipheye	şıpheye	1
bagkalarnin	başkalarını	1
olmamanu	olmanın	1
arzularman	arzularını	1
snsi	sini	1
acardin	açardın	1
kzmazdin	kzmazdın	1
Rua	Na	1
tercümans	tercüman	1
cekildigi	çekildiği	1
vasgectikse	vaşgectikse	1
görüsmüg	görüşmüş	1
Asya'nn	Asya'nın	1
anlagmak	anlaşmak	1
karanmin	kararının	1
Kondisi	Kondısı	1
aningtigindan	anıngtıgından	1
donmeyecegini	dönmeyeceğini	1
Teşrinsâni	Teşrinisani	1
eghas	eşhas	1
Vekälet	Vekalet	1
bagvekili	bağvekili	1
armagan	armağan	1
Arè	Are	1
hergun	hergün	1
makarm	makam	1
tastan	taştan	1
kasm	Kasım	1
âzam	azim	1
yikalmus	yıkılmış	1
başhklar	başlıklar	1
örtülmüs	örtülmüş	1
gorünür	görünür	1
yanmas	yanmış	1
silähsaz	silahsız	1
liden	lideri	1
edilecekmis	edilecekmiş	1
kalacaguz	kalacağız	1
kalacagiz	kalacağız	1
Gelemeyecegini	Gelemeyeceğini	1
bulugtuk	buluştuk	1
toplanacağinu	toplanacağınu	1
kurultaya	kurultayı	1
iktidär	iktidar	1
âdetinden	adetinden	1
islähuyla	ıslahuyla	1
Kirgnz	Kırgnz	1
cocuklanm	çocukların	1
yazdgim	yazdgım	1
iftirakin	iftirakın	1
roa	roi	1
çars	çarı	1
dögenmis	döşenmiş	1
yiginu	yığını	1
plânanu	planını	1
enkazindan	enkazından	1
olaun	olan	1
Ruslar'an	Ruslar'ın	1
görüçecegim	görücecegim	1
alindiguns	alındığını	1
olmasum	olmasın	1
kullanalacaginu	kullanalacagınu	1
Goce	Göçe	1
kadimi	kadını	1
Haydar'in	Haydar'ın	1
müduru	müdürü	1
Manastar'daki	Manastar'dakı	1
yüzbagiss	yüzbagıss	1
maväfik	maväfık	1
hirisi	hırisi	1
taayyin	taayyın	1
sikalmg	şikalmg	1
Sefureti	Şefureti	1
kiçük	kıçük	1
yuprakik	yuprakık	1
yazlmigtur	yazlmıgtur	1
ustas	istas	1
hüan	hun	1
dügündüklerimi	düşündüklerini	1
haturlatan	hatırlatan	1
anlarimizi	anlarımızı	1
olduklannu	olduklarını	1
hâmilen	hainleri	1
olunacaktur	olunacaktır	1
agkimla	agkımla	1
tegebbüste	teşebbüste	1
Tegrins	Teğrins	1
Bki	Bkı	1
yapalarak	yapılarak	1
Idaresinin	İdaresinin	1
çaligalirsa	çalıgalırsa	1
cizimlerinin	çizimlerinin	1
Burasu	Burası	1
naasa	maaşı	1
mülmüs	rilmiş	1
tasunmis	taşunmıs	1
bulustuk	buluştuk	1
mübayaass	mubayaası	1
yasadum	yaşadım	1
baglangei	bağlangei	1
yagadigm	yaşadığım	1
Muridda'in	Muridda'ın	1
Salan	Şalan	1
yarundan	yanından	1
hayrli	hayrlı	1
mükafatlandirsin	mükafatlandırsın	1
Argigi	Argıgı	1
Tesrinsâni	Teşrinsanî	1
kapalar	kapılar	1
kervansaraylarnin	kervansaraylarnın	1
fisek	fişek	1
Kagan	Kaçan	1
çaktik	çıktık	1
yakonundaki	yakonundakı	1
varmamgtik	varmamgtık	1
atamadik	atamadık	1
nuzzär	nuzzar	1
yagindadir	yaşındadır	1
çalismalarnu	çalışmalarnu	1
Shtilal	İhtilal	1
attamdi	attamdı	1
zäbiti	zabiti	1
bolüklerinin	bölüklerinin	1
yakugikh	yakugıkh	1
yaptagim	yaptığım	1
buraktam	bıraktım	1
hanimu	hanım	1
Ayaginda	Ayağında	1
çizne	çizme	1
çalss	çalış	1
atayor	atıyor	1
kargidan	karşıdan	1
yapilmis	yapılmış	1
yorulmus	yorulmuş	1
kozdiran	kozdıran	1
konakçi	konakçı	1
Soguk	Soğuk	1
açakta	açıkta	1
yapalmakta	yapılmakta	1
gorüyor	görüyor	1
Bugday	Buğday	1
taraflars	tarafları	1
gehirde	şehirde	1
imamuna	namına	1
bugday	buğday	1
Muhtara	Muhtıra	1
verdiklori	verdiklorı	1
gotürdükleri	götürdükleri	1
konugurlar	konuşurlar	1
farkh	farklı	1
kulip	kulıp	1
gonderdik	gönderdik	1
gidecegimiz	gideceğimiz	1
sehirlere	şehirlere	1
olacagundan	olacağından	1
burasinu	burasını	1
Cumapazari'na	Cumapazarı'na	1
ayaklarums	ayaklarını	1
aymildilar	ayrıldılar	1
Tegrinsânf	Teğrinsânf	1
kaldsk	kaldık	1
gehrine	şehrine	1
Cumapazani'na	Cumapazanı'na	1
oküzlerini	öküzlerini	1
Yaylag'nin	Yaylag'nın	1
çadirinda	çadırında	1
yazmş	yazmış	1
Karsi'ya	Karşı'ya	1
kut'asiyla	kut'asıyla	1
mümanaatina	mümanaatına	1
Bagyeniköy'e	Bağyeniköy'e	1
çiktak	çıktık	1
Karsi	Karşı	1
RuslarÀ	Ruslara	1
olmustu	olmuştu	1
meskün	meskun	1
Turkistan'in	Türkistan'ın	1
çadirla	çadırla	1
mansiplarina	mansıplarına	1
çakayor	çıkıyor	1
cekiliyor	çekiliyor	1
derinse	derine	1
ceker	çeker	1
suluyorlardi	suluyorlardı	1
dag	dağ	1
aukardgamiz	aukardgamız	1
Buralamna	Buraların	1
uçlars	uçları	1
açahp	açılıp	1
alacagimizi	alacağımızı	1
Zäbitlere	Zabitlere	1
çadirlarunm	çadırlarunm	1
uzaginda	uzağında	1
çadirlan	çadırlan	1
aydinhgundan	aydınhgundan	1
yoluma	yoluna	1
simal	şimal	1
uzagiz	uzağız	1
kalmigtur	kalmıgtur	1
Tavanin	Tavrını	1
ortasndaki	ortasındaki	1
Kargalikh	Kargalıkh	1
bacalig	bacalıg	1
yiginlar	yığınlar	1
tuziu	tuzıu	1
Açıldi	Açıldı	1
kögeli	köşeli	1
çadaruna	çadırına	1
aldaklars	aldıkları	1
damads	damadı	1
çadirlarna	çadırlarna	1
Agid	Ağıd	1
duyduklarinu	duyduklarınu	1
Evvelä	Evvela	1
bogazdan	boğazdan	1
Bogazi'nan	Boğazı'nın	1
Yuz	Yüz	1
hayvanu	hayvan	1
çiknca	çıkınca	1
yalçun	yalçın	1
Turkleri	Türkleri	1
çadirlarda	çadırlarda	1
konaga	konağa	1
konusmaktadirlar	konuşmaktadırlar	1
harekâtana	harekatına	1
anlattigina	anlattığına	1
mutaassiptur	mutaassıptur	1
biçaklarla	bıçaklarla	1
agac	ağaç	1
koparttim	koparttım	1
vardigumiz	vardıgumız	1
surta	sırtı	1
Bags	Bağı	1
ems	en	1
gonderdigini	gönderdiğini	1
agardiktan	ağardıktan	1
altmiglak	altmıglak	1
ihtiyardir	ihtiyardır	1
Oglunu	Oğlunu	1
kesmis	kesmiş	1
genigliginde	genişliğinde	1
köge	köşe	1
varm	van	1
kadardar	kadardır	1
cuktik	çıktık	1
daldik	daldık	1
irtifainda	irtifaında	1
dügundükçe	düşündükçe	1
dumanu	dumanı	1
topragun	toprağın	1
kalktik	kalktık	1
keci	keçi	1
Mutemadiyen	Mütemadiyen	1
acikl	açıkl	1
basnda	başında	1
baktikça	baktıkça	1
mechul	meçhul	1
Allah’n	Allah’ın	1
Şirabäd	Şirabad	1
legherbagis	legherbagıs	1
säyledik	sayledik	1
zararsaz	zararsız	1
Koyün	Köyün	1
baglamusti	bağlamıştı	1
yerlegti	yerleşti	1
Oldugumuz	Olduğumuz	1
binasidir	binasıdır	1
yakmıg	yakmış	1
sinarak	sınarak	1
Kilavuzsuz	Kılavuzsuz	1
Astana	İstan	1
bulunmadilar	bulunmadılar	1
kaldiguma	kaldığını	1
kia	ku	1
çaligiyorum	çalışıyorum	1
Kokayti	Kokaytı	1
baglamig	başlamış	1
batakhk	bataklık	1
güclükle	güçlükle	1
caktagindan	çıktığından	1
hanuna	hanım	1
kalktigum	kalktıgum	1
Akpulak'in	Akpulak'ın	1
hals	hali	1
çadarla	çadırlı	1
kayiktur	kayıktur	1
sermisti	sermişti	1
duzenlettikten	düzenlettikten	1
varacaktik	varacaktık	1
çadirlarin	çadırların	1
musavat	müsavat	1
hayatuyla	hayatıyla	1
ayru	aynı	1
tutuldugunu	tutulduğunu	1
alamarnis	alamarnıs	1
kumandanlarint	kumandanlarınt	1
dönmügtür	dönmüştür	1
korkmaktadir	korkmaktadır	1
barakmasa	bırakması	1
alamadigama	alamadıgama	1
teikrar	teıkrar	1
ngaallah	inşaallah	1
cezalandiryor	cezalandıryor	1
olacagumiz	olacagumız	1
gelmeyecegini	gelmeyeceğini	1
söylüyorlarda	söylüyorlardı	1
Kokayti'yn	Kokaytı'yn	1
güsterdi	ğüsterdi	1
Akdag	Akdağ	1
anzah	mizah	1
ogrendik	öğrendik	1
çadur	çadır	1
silähunu	silahını	1
tarafà	tarafa	1
alinmasanu	alınmasını	1
Amnuderya'daki	Amnuderya'dakı	1
getirttigini	getirttiğini	1
yapalmig	yapalmıg	1
alinabilecegini	alınabileceğini	1
karzisindaki	karzısındakı	1
bulundurmasinu	bulundurmasınu	1
Kabadyan'daki	Kabadyan'dakı	1
silähunun	silahunun	1
Käy	Kay	1
girmig	girmiş	1
Yavrularmiz	Yavrularmız	1
bagkasinu	bağkasınu	1
Cilliköy	Çilliköy	1
rastgeldigimiz	rastgeldiğimiz	1
atlalar	atlılar	1
isgalden	işgalden	1
kägst	kağıt	1
süphelenmişler	şüphelenmişler	1
Eşikbaşi'nun	Eşikbaşı'nun	1
çocuklanmı	çocukların	1
silählarimizs	silahlarımızs	1
girmigtir	girmiştir	1
kägodi	kağodı	1
duass	duası	1
baglamişlar	başlamışlar	1
damatligundan	damatlıgundan	1
mushafim	mushafım	1
fenaligana	fenalığana	1
hizmetkärym	hizmetkarym	1
yardumuniz	yardumunız	1
çalişiriz	çalışırız	1
dagildilar	dağıldılar	1
Eşikagasi	Eşikagası	1
Kirgzlar'in	Kırgzlar'ın	1
solumda	solunda	1
yanamizca	yanamızca	1
modhalinde	modhalınde	1
Abdüssettar'in	Abdüssettar'ın	1
yorulmug	yorulmuş	1
gecelodik	gecelodık	1
parolanin	parolanın	1
gekerek	çekerek	1
gorba	çorba	1
ämin	Amin	1
icmekten	içmekten	1
vazgeciyorum	vazgeçiyorum	1
birçoklars	birçokları	1
altisanda	altısanda	1
tamamliyorum	tamamlıyorum	1
yazmıglar	yazmışlar	1
Sars	Sarı	1
kulags	kulağı	1
bulunmadigins	bulunmadığını	1
Läkaylarin	Lakayların	1
Bölügu	Bölüğü	1
kavusmak	kavuşmak	1
aydinlanmakta	aydınlanmakta	1
öptu	öptü	1
hayvanlarumun	hayvanlarının	1
efrädaman	efradının	1
kaşlagidhr	kaşlagıdhr	1
kucakladim	kucakladım	1
yiyeceginden	yiyeceğinden	1
Muhyiddin'in	Muhyıddın'ın	1
niyetimi	niyetini	1
gectik	geçtik	1
hayvanan	hayvanın	1
karnuna	kanun	1
kollarnin	kollarını	1
kaşlaga	kulağa	1
pilâvi	pilavı	1
nasalsin	nasalsın	1
Tegrin	Teşrin	1
Säni	Sani	1
kuşlaga	kulağa	1
almadiğandan	almadığandan	1
çakmig	cakmıg	1
teşrifatçilar	teşrifatçılar	1
Bogaz'daki	Boğaz'dakı	1
sopah	sopalı	1
teskilätina	teşkilatına	1
yaptigundan	yaptığından	1
yaklaginea	yaklagınea	1
Tohsa'nin	Tohsa'nın	1
birakop	bırakop	1
cıktam	çıktım	1
atlanip	atlanıp	1
kurmizi	kırmızı	1
gerit	şerit	1
harka	hırka	1
atmus	atmış	1
Ikisinin	İkisinin	1
kismn	kısmını	1
dogmeleri	doğmeleri	1
kollarnnu	kollarını	1
bildigimiz	bildiğimiz	1
gozlüklü	gözlüklü	1
islenmis	işlenmiş	1
silähla	silahla	1
muzi	mizi	1
takumlan	takımları	1
ihtilälinin	ihtilalinin	1
efradin	efradın	1
kucaklastik	kucaklaştık	1
işabaglar	isabaglar	1
Nihuyet	Nıhuyet	1
silählarumuzun	silahlarumuzun	1
yaptiklarnu	yaptıklarnu	1
muvaffakiyetsialik	muvaffakiyetsialık	1
silählarmu	silahlarmu	1
vanp	varıp	1
aarihp	aarıhp	1
altumizdaki	altumızdakı	1
stinük	ştinük	1
ssrar	ısrar	1
yapayorum	yapıyorum	1
Abdürresid	Abdurresid	1
Umidim	Ümidim	1
kaldurmak	kaldırmak	1
Aglayarak	Ağlayarak	1
canumdan	canından	1
asars	aşırı	1
fotograflarni	fotoğraflarnı	1
mutaassip	mutaassıp	1
başlayunca	başlayınca	1
degistirmeye	değiştirmeye	1
Onümde	Önünde	1
bagirdi	bağırdı	1
çagirds	çağırdı	1
arad	and	1
taşindik	taşındık	1
yaptalar	yaptılar	1
Simdiki	Şimdiki	1
dam	dan	1
yanuyor	yanıyor	1
namunda	namında	1
konusma	konuşma	1
efrâdin	efradın	1
olmadigumu	olmadığını	1
eglendirmek	eğlendirmek	1
hlarinu	hlarınu	1
serif	şerif	1
esasans	esasını	1
igleyen	işleyen	1
cigerime	ciğerime	1
yanmasidir	yanmasıdır	1
namazmdan	namazından	1
namazandan	namazından	1
Efräda	Efrada	1
iage	iaşe	1
silählarn	silahları	1
Anladagma	Anladığım	1
odasanan	odasının	1
Efräd	Efrad	1
kargimizda	karşımızda	1
sahane	şahane	1
mûtekid	mütekid	1
Känunevvel	Kanunevvel	1
Tutulmug	Tutulmuş	1
silählaruma	silahlarını	1
Süreyya'nin	Süreyya'nın	1
inn	nin	1
büride	buride	1
sanmis	sanmış	1
ölmeyecegimi	ölmeyeceğimi	1
Arahk	Aralık	1
koyacaklarmis	koyacaklarmıs	1
alinur	alınır	1
baglarina	başlarına	1
hazirlamakta	hazırlamakta	1
almam	Alman	1
şenbe'yi	senbe'yi	1
atamin	atının	1
dayisandan	dayısandan	1
çikamayor	çıkarıyor	1
vekälet	vekalet	1
tamamlanacağinu	tamamlanacağınu	1
yazilacaga	yazılacaga	1
Askerlerim	Askerlerin	1
olacagna	olacağına	1
sikuntidan	sıkuntıdan	1
sartlar	şartlar	1
kararlaçti	kararlaçtı	1
gamh	Samih	1
yaklagmig	yaklaşmış	1
toplandilar	toplandılar	1
olunacagini	olunacağını	1
kalacaguna	kalacağına	1
tarafimiza	tarafımıza	1
edilmeyecegine	edilmeyeceğine	1
edecegimize	edeceğimize	1
Raza'ya	Rıza'ya	1
basmasini	basmasını	1
görüserek	görüşerek	1
ayrilmamaya	ayrılmamaya	1
gostermis	göstermiş	1
Ruza'ya	Rıza'ya	1
bädehu	badehu	1
Düsenbe'yi	Düşenbe'yi	1
kaldigun	kaldığım	1
yaylm	yayın	1
ategleri	ateşleri	1
imamimuz	imamımuz	1
Arnlik	Arnlık	1
yerlinin	yerinin	1
adamunm	adamının	1
famail	famaıl	1
Isumail	İsmail	1
olduklarm	oldukları	1
aksamn	akşamın	1
bunn	binin	1
nümayis	nümayiş	1
Rudur	Midir	1
silählaruna	silahlarını	1
nobetçileri	nöbetçileri	1
Ibrnhim	İbrnhim	1
vosfire	vosfıre	1
tarafindun	tarafındun	1
Suh'in	Şuh'ın	1
Maamofih	Maamofıh	1
silâblaruna	sılablaruna	1
gerife	şerife	1
inayotiyle	ınayotıyle	1
oziyetten	öziyetten	1
gamim	canım	1
alamayngima	alamayngıma	1
yemig	yemiş	1
gelmemisti	gelmemişti	1
açalda	açıldı	1
sadak	sadık	1
alamadigundan	alamadıgundan	1
kalrsin	kalrsın	1
yapmasuna	yapmasına	1
karismuyorum	karışmuyorum	1
karyolasnin	karyolasnın	1
arici	arıcı	1
muhät	Nihat	1
silâhl	silahl	1
vahgileri	vahgıleri	1
Genis	Geniş	1
Arabacs	Arabacı	1
hayvans	hayvan	1
alabildigine	alabildiğine	1
Yanumuzda	Yanımızda	1
yürüdu	yürüdü	1
uyandm	uyandım	1
atls	atlı	1
alrsak	almak	1
anlagilanca	anlagılanca	1
civarnin	civarnın	1
soylediklerim	söylediklerim	1
bagında	başında	1
amcass	amcası	1
Iage	İaşe	1
igtirak	iştirak	1
civanndan	civarından	1
getirilmig	getirilmiş	1
simass	Şinasi	1
Turkler	Türkler	1
strülerini	strulerini	1
Cavug'un	Çavuş'un	1
Vâla	Vali	1
kandirmug	kandırmug	1
addedecegim	addedeceğim	1
arkasandaki	arkasındaki	1
yarduma	yardıma	1
Efrädun	Efradın	1
kalktagumizdan	kalktagumızdan	1
kislagn	kışlagn	1
gonderecegini	göndereceğini	1
efrädin	efradın	1
çagarmis	çağırmış	1
Silählarum	Silahların	1
yazmslar	yazmışlar	1
silählarims	silahlarını	1
baglamıs	başlamış	1
karsalanmıs	karşılanmış	1
yaralanmis	yaralanmış	1
anlattiklarmdan	anlattıklarmdan	1
anladigimiza	anladığımıza	1
silahia	silahıa	1
aldigins	aldığını	1
kumandanlars	kumandanları	1
väsal	vasal	1
tutmamam	tutmanın	1
yapahm	yapalım	1
sayiasuna	şayiasuna	1
Serifi'ne	Şerifi'ne	1
Karahindiye	Karahındıye	1
varmadim	varmadım	1
Rahatsizligim	Rahatsızlığım	1
Yavag	Yavaş	1
akgamdan	akşamdan	1
müsande	risinde	1
sulars	suları	1
silählaryla	silahlaryla	1
çagiracaklar	çağıracaklar	1
çikmamasini	çıkmamasını	1
silâhlarumu	silahlarını	1
Digerleri	Diğerleri	1
takrar	takrir	1
daridh	darıdh	1
rüfekasi	rüfekası	1
kozdiklar	kozdıklar	1
alamayacagins	alamayacağıns	1
bildirecegimi	bildireceğimi	1
Aymu	Aynı	1
toplanp	toplanıp	1
kisam	kısım	1
atlarins	atlarını	1
nizams	nizami	1
adamlarm	adamları	1
gelecegime	geleceğine	1
gidemeyecegimi	gidemeyeceğimi	1
Saldirttim	Saldırttım	1
sstarabim	sstarabım	1
uzanyor	uzanıyor	1
Bogazama	Boğazına	1
istiyäkla	iştiyakla	1
paranaz	paramız	1
kaplamaktadir	kaplamaktadır	1
eglencesi	eğlencesi	1
biakol	bıakol	1
ogleye	öğleye	1
atege	ateşe	1
Älem	Alem	1
giddetli	şiddetli	1
altimatom	altımatom	1
Mubyiddin	Mübyiddin	1
Abdülkaim'i	Abdülkaım'ı	1
Getirdigi	Getirdiği	1
sardirmı	sardırmı	1
yapmann	yapmanın	1
olmayacagunu	olmayacağını	1
Arkasandan	Arkasından	1
iggal	işgal	1
bulunamads	bulunamadı	1
Ruslar'un	Ruslar'ın	1
alacogiz	alacogız	1
emniyetaizligi	emniyetaızlıgı	1
ezilecegim	ezileceğim	1
yarsa	yana	1
cighk	çığlık	1
anca	rica	1
astam	İstan	1
teläsa	telaşa	1
Isan	İşin	1
alacaginu	alacağını	1
atumi	atımı	1
arkasndaki	arkasındaki	1
dügmanhk	düşmanlık	1
silähh	silahlı	1
alirds	alırdı	1
Raza'nan	Rıza'nın	1
yansan	yanan	1
kaçstilar	kaçstılar	1
patladig	patladıg	1
isleyen	işleyen	1
hostahaneyi	hoştahaneyi	1
tüfegine	tüfeğine	1
Män	Man	1
çakunca	çıkınca	1
ayaklandirmişlardh	ayaklandırmışlardh	1
çalnmit	çalnmıt	1
Sifäh	Şifah	1
Afganllar'in	Afganllar'ın	1
çalnmis	çalnmıs	1
çakmays	çıkmayı	1
gikmis	çıkmış	1
yaylmis	yaylmıs	1
koldilar	koldılar	1
harçhik	harçhık	1
seyim	şeyim	1
Hergeyim	Herşeyin	1
çalnds	çalındı	1
atumun	atının	1
dönügünden	dönüşünden	1
kazarsun	kazanın	1
baktum	baktım	1
kursuni	kurşun	1
olmustum	olmuştum	1
bulmadhgim	bulmadhgım	1
kuzarsin	kuzarsın	1
dügünen	düşünen	1
isittigimi	işittiğimi	1
olunacagina	olunacağına	1
utandigunu	utandıgunu	1
alişacaklarinu	alışacaklarınu	1
kilina	kılına	1
anlars	anlamı	1
mle	ne	1
gehid	şehid	1
insanlars	insanları	1
inanulamaz	inanılmaz	1
hurmet	hürmet	1
Ayaguma	Ayağına	1
askerimin	askerinin	1
çekileceginin	çekileceğinin	1
görügür	görüşür	1
Isler	İşler	1
toplanmasuna	toplanmasına	1
Yär	Yar	1
dagaldigans	dağaldıgans	1
dagitp	dağıtp	1
Yatsi	Yatsı	1
kilip	kılıp	1
istemisler	istemişler	1
çikup	çıkıp	1
Ruza'nan	Rıza'nın	1
vurugtuklarmi	vurugtuklarmı	1
dem	den	1
sonrnki	sonrnkı	1
kagitlara	kağıtlara	1
yazilmugtus	yazılmugtus	1
sartuyla	şartıyla	1
yardimu	yardımı	1
Raza'nun	Rıza'nın	1
aldiklarun	aldıklarını	1
tutacaklarins	tutacaklarıns	1
müharlerini	muharlerini	1
indigi	indiği	1
Çilligol	Çilligöl	1
iltihakni	iltihaknı	1
Nişandag'a	Nisandag'a	1
asikärdir	aşikardır	1
Gefir	Sefir	1
olmasanu	olmasını	1
Buharahlar'in	Buharahlar'ın	1
agikärdur	ağıkärdur	1
dayanmis	dayanmış	1
atandan	atından	1
Solumda	Solunda	1
raporlarnin	raporların	1
teferruatins	teferruatıns	1
genisliginde	genişliğinde	1
serilmis	serilmiş	1
dösemesi	döşemesi	1
parçasindan	parçasından	1
yastikhk	yastıkhk	1
padiga	padişa	1
unaz	maz	1
padigahlig	padigahlıg	1
bagus	bağış	1
burma	buna	1
civaruna	civarına	1
Riza'y	Rıza'y	1
yapturmaktir	yapturmaktır	1
etrafindayz	etrafındayz	1
görülecegine	görüleceğine	1
müsavirlikte	müşavirlikte	1
tesrivir	teşrivir	1
denmis	denmiş	1
toplanmasinu	toplanmasını	1
biraksa	bıraksa	1
sanurlar	sınırlar	1
bagnda	başında	1
bunlarm	bunları	1
olmamalaruni	olmamalarunı	1
olunmasim	olunmasım	1
iktidarn	iktidarı	1
örtu	örtü	1
Kumas	Kumaş	1
kaplamists	kaplamışts	1
yagmis	yağmış	1
çarsafi	çarşafı	1
yäd	yad	1
Padisahum	Padişahın	1
Çavus'un	Çavuş'un	1
hazarlik	hazırlık	1
teläga	telaşa	1
igaret	işaret	1
taraftarlarunm	taraftarlarının	1
arabasuna	arabasına	1
çagrmamig	çağrmamıg	1
gormek	görmek	1
Onlann	Onların	1
silählarunu	silahlarını	1
kasmunin	kısmının	1
yardm	yardım	1
cagrrdim	çağrrdım	1
hazirlamasuru	hazırlamasuru	1
kilacaklar	kılacaklar	1
Riza'nan	Rıza'nın	1
hakkndalki	hakkndalkı	1
almdiktan	alındıktan	1
teläg	telaş	1
çocuklanmu	çocukların	1
baklirsa	baklırsa	1
muntazir	muntazır	1
yetistirmekten	yetiştirmekten	1
disünüyor	dışünüyor	1
kägt	kast	1
alacaklarm	alacakları	1
Yanunda	Yanında	1
nnun	rinin	1
esyasanu	eşyasını	1
almaş	almış	1
tamnamiyle	tamnamıyle	1
Silählarni	Silahlarnı	1
silähuna	silahını	1
birakaan	bırakan	1
rmelerini	melerini	1
affedilmis	affedilmiş	1
tekrarladilar	tekrarladılar	1
ettäm	ettim	1
harekätnu	harekatın	1
Kurgns	Kırgın	1
gitunesini	gitmesini	1
soylemesi	söylemesi	1
kaçtiguna	kaçtığını	1
kerdilurinin	kerdilurının	1
bagladig	bağladıg	1
kägud	kağıd	1
baglarmim	bağlarını	1
çıkmis	çıkmış	1
dügünmelerini	düğünmelerini	1
tutuldugumu	tutulduğunu	1
olmalann	olmalarını	1
kaalaga	kulağa	1
döstüm	dostum	1
Yarallarmiza	Yarallarmıza	1
duşünen	düşünen	1
yainus	Yunus	1
saloun	salon	1
baskasins	başkasını	1
rüham	ruhani	1
sovgili	sovgılı	1
Kişemde	Kisemde	1
çalistyorum	çalıştyorum	1
gördügünden	gördüğünden	1
soninle	sonınle	1
sikk	şıkk	1
Esikagas'ndan	Eşikagas'ndan	1
inanmadigna	inanmadıgna	1
mügirdi	muğırdı	1
LAkaylar'in	Lakaylar'ın	1
tutmadiklarandan	tutmadıklarandan	1
hayatamiz	hayatamız	1
olmadagins	olmadığını	1
dügundukleri	düşündükleri	1
huns	hun	1
unutmanin	unutmanın	1
sarmis	sarmış	1
uzatap	uzatıp	1
çarikh	Çarıklı	1
diplomatlars	diplomatları	1
Istemem	İstemem	1
Arnavodlar'in	Arnavodlar'ın	1
yatup	yatıp	1
baaliyorum	baalıyorum	1
mitralyoz	mitralyöz	1
kaçtiguns	kaçtığını	1
yarahlar	yaralılar	1
yerlegtirildi	yerleştirildi	1
goçtigini	göçtigini	1
tutulacagina	tutulacağına	1
sülrmedi	sulrmedi	1
bazilars	bazıları	1
goçmisler	göçmisler	1
Ategin	Ateşin	1
adamlann	adamların	1
sozümü	sözünü	1
etmeyecegi	etmeyeceği	1
bittagine	bittagıne	1
kizayorum	kızayorum	1
agikärdar	ağıkärdar	1
Ögleye	Öğleye	1
vardigumi	vardığını	1
sakta	sıktı	1
igan	ığan	1
soylemigler	söylemişler	1
olduklanm	olduklarını	1
husretiyle	hüsretiyle	1
yaklagtardi	yaklagtardı	1
Anladum	Anladım	1
yapmşlar	yapmışlar	1
Riza'dan	Rıza'dan	1
aldsgim	aldığım	1
Dagüne	Diğine	1
giymig	giymiş	1
biraktig	bıraktıg	1
yaptiklan	yaptıklan	1
cezasim	cezasım	1
cevabuns	cevabını	1
arkadaslarmun	arkadaşların	1
ayrilmus	ayrılmış	1
konugtular	konuştular	1
olmayinea	olmayınea	1
adamana	adamın	1
baslamışlar	başlamışlar	1
ediyorlarmis	ediyorlarmış	1
Agahk'in	Agahk'ın	1
Silählarnu	Silahlarnu	1
agaçlarn	ağaçları	1
cakmaya	çıkmaya	1
cimenler	çimenler	1
yigit	yiğit	1
olmamus	olmamış	1
dagllardir	dağllardır	1
gamla	canla	1
olduklarin	olduklarını	1
aymca	ayrıca	1
Viläyetine	Vilayetine	1
Tarzf'nin	Tarzf'nın	1
bagta	başta	1
Rualarà	Maları	1
olmay	onay	1
Emiriyle	Emriyle	1
padisahhginda	padişahhgında	1
padişahliga	padişahlığa	1
degişmeyocegimi	değişmeyocegimi	1
ricalarinu	ricalarınu	1
Bolsevikler'le	Bolşevikler'le	1
cegebbasleri	ceğebbasleri	1
anlattm	anlattım	1
digerinin	diğerinin	1
sâri	sarı	1
çikarmakta	çıkarmakta	1
Han'un	Han'ın	1
Karadag	Karadağ	1
kua	ku	1
ortalik	ortalık	1
acrsin	acrsın	1
bagladhik	bağladhık	1
kucakladgim	kucakladgım	1
olmanizdur	olmanızdur	1
çarpinan	çarpınan	1
sukinta	sıkıntı	1
bozmayalim	bozmayalım	1
Cilligol'e	Çilligöl'e	1
Ciftligi	Çiftliği	1
nevaziskar	nevazıskar	1
azäbim	azabım	1
Ogleye	Öğleye	1
çakmis	çıkmış	1
geldigimizde	geldiğimizde	1
hazurlanmıs	hazırlanmış	1
düşmanlanna	düşmanların	1
yapacagam	yapacağım	1
bäki	bakı	1
ahidnämeler	ahidnâmeler	1
emäretinde	emaretinde	1
Bagta	Başta	1
Kâbil'de	Kabil'de	1
lütufkär	lütufkar	1
soylemişler	söylemişler	1
canin	çarın	1
attaklarins	attaklarıns	1
baslarunda	başlarında	1
sözu	sözü	1
ayaga	ayağa	1
yagn	Yasin	1
kasma	Kasım	1
agan	açan	1
sakurdiyor	sakurdıyor	1
çaliguyor	çalıguyor	1
dagilip	dağılıp	1
mânii	manii	1
bulunduklarun	bulunduklarını	1
Ikindiden	İkindiden	1
arkasandan	arkasından	1
gönderdiginden	gönderdiğinden	1
parçaladilar	parçaladılar	1
baslatmak	başlatmak	1
hazurlanmasina	hazurlanmasına	1
karsak	kırmak	1
çagirmakta	çağırmakta	1
sarilyor	sarılyor	1
kucakladigum	kucakladıgum	1
ädetä	adeta	1
hattun	hattın	1
Bil	Bu	1
cizdigim	çizdiğim	1
olunamayacagina	olunamayacağına	1
arkadaslardan	arkadaşlardan	1
konusan	konuşan	1
olundugu	olunduğu	1
kalms	kalmış	1
turnaga	tırnağa	1
hurka	hırka	1
Aglamaya	Ağlamaya	1
bagladikts	bağladıkts	1
hursimdan	hürsimdan	1
çahgtik	çalıştık	1
esyamzi	eşyamzı	1
gorünüyordu	görünüyordu	1
turmanmaya	tırmanmaya	1
baslams	başlamış	1
tufekleri	tüfekleri	1
almslar	almışlar	1
Ici	İçi	1
durmamg	during	1
hayvanlarnun	hayvanların	1
donüp	dönüp	1
memurlarnin	memurların	1
kismuni	kısmını	1
burakmiglar	burakmıglar	1
Isin	İşin	1
baslami	başları	1
yabancs	yabancı	1
halkayla	halkıyla	1
aldanir	aldanır	1
neşretmis	neşretmiş	1
çıkmadam	çıkmadan	1
pläm	plan	1
ettiriyorlarmis	ettiriyorlarmıs	1
Padişahumız	Padişahımız	1
Afganistan'dadir	Afganistan'dadır	1
efrâdan	efradın	1
olmadhgina	olmadhgına	1
viläyetlerin	vilayetlerin	1
kitaâtta	kıtaatta	1
hälinin	halinin	1
çahşıyorum	çalışıyorum	1
ogul	oğul	1
âfiyetini	afiyetini	1
Koylüler	Köylüler	1
ederlermis	ederlermiş	1
çukap	çıkıp	1
athlarn	atlıları	1
hazurlak	hazırlık	1
olduklans	oldukları	1
müharlediler	muharlediler	1
söylodiler	söylodıler	1
karargähtaki	karargâhtaki	1
anlaaildh	anlaaıldh	1
Käfirnihan'dan	Kafirnihan'dan	1
degigti	değişti	1
vaziyetim	vaziyetin	1
kuyrukluyaldiz	kuyrukluyaldız	1
çadar	çadır	1
uzanup	uzanıp	1
padisahunan	padişahunan	1
bakalirsa	bakılırsa	1
gitmeyecegine	gitmeyeceğine	1
yigmakta	yığmakta	1
başana	başına	1
silählars	silahları	1
esasini	esasını	1
sarmi	sarmı	1
Bukalim	Bukalım	1
Äbikerem'den	Abikerem'den	1
Belcivan'daki	Belcivan'dakı	1
çalmiglar	çalmıglar	1
anlaşildt	anlaşıldt	1
yakinlagar	yakınlagar	1
himi	lum	1
sultanums	sultanın	1
kalarim	kalarım	1
Avrupa'nn	Avrupa'nın	1
duşünerek	düşünerek	1
istemediklerimi	istemediklerini	1
yaşarsin	yaşamın	1
uzaksin	uzaksın	1
sagina	sağına	1
Hickimseye	Hıçkımseye	1
çiktaktan	çıktıktan	1
hsz	hiz	1
tanamasins	tanamasıns	1
toplanincaya	toplanıncaya	1
kalibunu	kalıbunu	1
camsiz	cansız	1
maädas	nadas	1
Igler	İşler	1
sifahi	şifahi	1
yayihr	yayılır	1
ugrastaklarin	uğraştakların	1
Arkadaşlars	Arkadaşları	1
silahlarn	silahları	1
tanutmayi	tanutmayı	1
vesâirenin	vesairenin	1
ilerleyecegiz	ilerleyeceğiz	1
Viläyeti	Vilayeti	1
ahidnäme	ahidnâme	1
vasitadir	vasıtadır	1
teçmil	tecmil	1
siltelerimi	şiltelerimi	1
ikiser	ikişer	1
bulunduklarnnu	bulunduklarını	1
vurmug	vurmuş	1
sikant	sıkant	1
müskiläth	müşkilath	1
ördegi	ordegi	1
tunu	tüm	1
Bayaun	Bayan	1
harekäta	harekata	1
kalacagani	kalacağını	1
Kaşlag'ndaki	Kaşlag'ndakı	1
etmedigimi	etmediğimi	1
cukmadiguna	çükmadıguna	1
Arkasmdan	Arkasından	1
inmis	inmiş	1
Ishak	İshak	1
Kadunlar	Kadınlar	1
goluk	soluk	1
gocuk	çocuk	1
dagilds	dağıldı	1
garmandi	garmandı	1
sokiz	şokız	1
nagmeleri	nağmeleri	1
yaklagaldikta	yaklagaldıkta	1
durmadi	durmadı	1
olrnaz	olmaz	1
nagmesiz	nağmesiz	1
zurnaci	zurnacı	1
basihalk	başıhalk	1
dagilmaz	dağılmaz	1
yalun	yılın	1
Siklyor	Sıkıyor	1
alnma	Anna	1
vurmugtu	vurmuştu	1
baglik	başlık	1
htan	htm	1
Yazun	Yazın	1
Liyatabin	Liyatabın	1
yagmasinda	yağmasında	1
Ovasina	Ovasına	1
tarmandik	tarmandık	1
ovasanin	ovasanın	1
ciftligi	çiftliği	1
yaganda	yaşamda	1
Runa	Rına	1
selâmladi	selamladı	1
Dagarida	Dağarıda	1
ayrliktan	ayrlıktan	1
äläyisleri	alayısleri	1
istiyäkan	iştiyakan	1
Ikide	İkide	1
kulin	kulın	1
isitilmekte	işitilmekte	1
olamayacagandan	olamayacağından	1
bibashikla	bibashıkla	1
teskile	teşkile	1
musin	misin	1
masasanda	masasında	1
cizgilerle	çizgilerle	1
Paçalarunkiler	Paçalarunkıler	1
kandinp	kandınp	1
dügüncelere	düşüncelere	1
kalmazds	kalmazdı	1
isitäldi	işitildi	1
sartta	şarttı	1
kuşlak	kulak	1
karmizs	kırmızı	1
ogretmesini	öğretmesini	1
bagladigndan	bağladıgndan	1
bagtakine	bağtakıne	1
Ilerlediler	İlerlediler	1
alnd	and	1
yürüyus	yürüyüş	1
yetigen	yetişen	1
hayvanun	hayvanın	1
kolan	Köln	1
gevgek	gevşek	1
kapisuna	kapısına	1
dogrultamadim	doğrultamadım	1
Disanda	Dışında	1
rahathk	rahatlık	1
Hergeyi	Herşeyi	1
istedigime	istediğine	1
dagildgundan	dağıldgundan	1
olacaksan	olacaksın	1
bagladhgim	bağladhgım	1
yaşmdaki	yaşındaki	1
mihmandarimiz	mihmandarımız	1
eglenmektedir	eğlenmektedir	1
yaklaşayor	yaklaşıyor	1
yagadigumı	yağadıgumı	1
acisana	acısana	1
caktaguni	caktagunı	1
Arkadaglann	Arkadaşların	1
etmediginden	etmediğinden	1
Ozerine	Özerine	1
uçe	üçe	1
disanda	dışında	1
Senra	Senin	1
surtlannda	sırtlarında	1
yagta	yaşta	1
büyiik	büyük	1
mihmandarmiz	mihmandarmız	1
padisah	padişah	1
dügünmenin	düğünmenin	1
yanandan	yanından	1
ayurmak	ayırmak	1
Thrahim	Thrahım	1
läkayidum	lâkayıdum	1
canunı	canını	1
puna	Prma	1
uus	üs	1
Digeri	Diğeri	1
soylediklerini	söylediklerini	1
Kislagh'na	Kışlagh'na	1
Fransizea	Fransızea	1
anlatsinlar	anlatsınlar	1
Yemun	Yemin	1
baglamaz	başlamaz	1
getirtmis	getirtmiş	1
selämlads	selamladı	1
surtamda	sırtında	1
Kumandanlars	Kumandanları	1
askerlige	askerliğe	1
one	öne	1
Ferganali	Ferganalı	1
egilip	eğilip	1
müslümanhk	Müslümanlık	1
namazdaki	namazdakı	1
kaçkoni	kaçkonı	1
daguttardim	daguttardım	1
fasilalarla	fasılalarla	1
vatandashik	vatandaşhık	1
Ati	Atı	1
altmus	altmış	1
täya	taya	1
yollars	yolları	1
telägla	telaşla	1
harekäti	harekatı	1
yapmalars	yapmaları	1
emelikdarhik	emelikdarhık	1
dugündüm	düşündüm	1
Ustura	Üstün	1
kaliça	kalıcı	1
seriat	şeriat	1
ögretip	öğretip	1
yaptiracagumu	yaptıracagumu	1
hasbahal	hasbıhal	1
saril	şamil	1
yatalm	yatan	1
çagurmus	çağırmış	1
toplansun	topların	1
Väksa	Vakıa	1
ugrayip	uğrayıp	1
Akhma	Aklıma	1
nakledildigi	nakledildiği	1
alinmos	alınmos	1
igitmigler	ığıtmıgler	1
girismiyorum	girişmiyorum	1
mihmandir	mıhmandır	1
çıkardam	çıkardım	1
arkadasiar	arkadaşıar	1
Isul	Işıl	1
toplanuyor	toplanıyor	1
iciyor	içiyor	1
halkanu	halkını	1
katlandiryor	katlandıryor	1
Hoca'nn	Hoca'nın	1
igsizlik	işsizlik	1
kararsizhk	kararsızlık	1
mütemädiyen	mütemadiyen	1
çiseledi	çışeledi	1
etameyerek	etmeyerek	1
Şarlki	Sanki	1
isyanindan	isyanından	1
aldirdim	aldırdım	1
Näfi	Nafi	1
bikkunhk	bıkkunhk	1
bulamadigumdan	bulamadıgumdan	1
degistirmişler	değiştirmişler	1
ştadir	stadır	1
Aksamüzeri	Akşamüzeri	1
çikards	çıkardı	1
Baraktum	Bıraktım	1
baktagumizda	baktığımızda	1
yavrulanmizs	yavrulanmızs	1
butun	bütün	1
varhgmla	varlığına	1
yarnn	yarın	1
çarkisindeki	çarkısındeki	1
yaliak	yalıak	1
bayragins	bayrağını	1
Arkasnda	Arkasında	1
gecirdik	geçirdik	1
kapanms	kapının	1
ihtiyärin	ihtiyarın	1
kaldigunu	kaldığını	1
Birkag	Birkaç	1
cagran	çağının	1
zäbitlerinden	zabitlerinden	1
Sah'in	Şah'ın	1
müsarunileyhimin	müşarünileyhimin	1
gune	güne	1
yaklagmakta	yaklaşmakta	1
maksatlarni	maksatlarnı	1
ays	iyi	1
adaletsizliginden	adaletsizliğinden	1
serife	şerife	1
etmeyeni	etmeyen	1
zamanam	zamanın	1
tebaiyyet	tebaıyyet	1
adamlardir	adamlardır	1
tahtarevanin	tahtarevanın	1
Melegim!	Meleğim!	1
hazirlandak	hazırlandak	1
istedigimizde	istediğimizde	1
toplanmadig	toplanmadıg	1
olunacaganu	olunacağını	1
kararsizlak	kararsızlık	1
cikms	çıkmış	1
Ciktam	Çıktım	1
yazasa	yazısı	1
alnacagin	alnacagın	1
takts	taktı	1
Bagmnda	Bağrında	1
kuyafeti	kıyafeti	1
geldigine	geldiğine	1
vordi	vordı	1
başmnda	basınında	1
bayragunin	bayrağının	1
çarpta	çarptı	1
almasanu	almasını	1
çiktagumdan	çıktığından	1
tanamaya	tanımaya	1
runa	rına	1
döndügunü	döndüğünü	1
dogrulugu	doğruluğu	1
beyligini	beyliğini	1
çakup	çıkıp	1
canins	canını	1
patlads	patladı	1
Karhklar'in	Karhklar'ın	1
caktiklan	çıktıkları	1
kaçtiklar	kaçtıklar	1
gecirmek	geçirmek	1
attam	attım	1
giymis	giymiş	1
sarikh	sarıklı	1
kass	kişi	1
hazurlandigins	hazırlandığını	1
Garim'den	Garım'den	1
simalide	şimalide	1
hazrlikla	hazrlıkla	1
tarafindon	tarafındon	1
kandirlan	kandırlan	1
varacagini	varacağını	1
Zagalinaki	Zagalınakı	1
simendiferin	şimendiferin	1
vuruşmasi	vuruşması	1
kaldign	kaldığım	1
cikarak	çıkarak	1
aldiklar	aldıklar	1
aldhklarnni	aldhklarnnı	1
aka	iki	1
hakkumı	hakkını	1
alar	alır	1
bulunsaydi	bulunsaydı	1
intikamdir	intikamdır	1
Arslancigum!	Arslancıgum!	1
Anlaşalan	Anlaşılan	1
istigna	istisna	1
çagurip	çağırıp	1
Adetà	Adeta	1
daglara	dağlara	1
Kislags	Kulağı	1
ategle	ateşle	1
Kislagi'ndan	Kışlagı'ndan	1
toplanamayinca	toplanamayınca	1
birleştirmis	birleştirmiş	1
Kislags'nun	Kışlags'nun	1
Pehlivan'in	Pehlivan'ın	1
çaligayoruz	çalıgayoruz	1
aldagindan	aldığından	1
Isteyen	İsteyen	1
yakundaki	yakındaki	1
silähun	silahun	1
olmadiklar	olmadıklar	1
Väkaa	Vakıa	1
gecirerek	geçirerek	1
uun	un	1
kabäyih	kabayıh	1
ahläkiyesi	ahlakiyesi	1
disarida	dışarıda	1
Kislaklars	Kulakları	1
ayranu	ayının	1
sopals	sopalı	1
katalds	katıldı	1
esikagas	eşikagas	1
karita	kanıtı	1
kurulmus	kurulmuş	1
edilmisti	edilmişti	1
Kapadan	Kapıdan	1
yerimi	yerini	1
anlaşılnca	anlaşılınca	1
çagirdm	çağırdım	1
postlarindan	postlarından	1
posteki	pösteki	1
geceleyecegimiz	geceleyeceğimiz	1
ögretilmesini	öğretilmesini	1
ediyorlarda	ediyorlardı	1
caktiginu	çıktığını	1
bagladiginu	bağladığınu	1
bulunacagn	bulunacağım	1
istemisti	istemişti	1
görüg	görüş	1
bulamayacagin	bulamayacağın	1
kilmamiz	kılmamız	1
meraklisa	meraklısa	1
sarkusi	şarkusı	1
degistirterek	değiştirterek	1
gördügu	gördüğü	1
silähsiz	silahsız	1
täbl	tabi	1
disanya	dışarıya	1
Anladi	Anladı	1
anlatacagum	anlatacağım	1
aradigun	aradıgun	1
yazilirsa	yazılırsa	1
kesecegini	keseceğini	1
oyalamasinı	oyalamasını	1
toplandiklaruna	toplandıklaruna	1
Hakkndaki	Hakkındaki	1
anlayacagins	anlayacağıns	1
besikteki	beşikteki	1
kuamet	kümet	1
serefi	şerefi	1
duşünmekten	düşünmekten	1
basla	başla	1
aglamasins	ağlamasıns	1
ugradigum	uğradıgum	1
birlessek	birleşsek	1
çalstigom	çalstıgom	1
gönul	gönül	1
ayra	aynı	1
käinat	kainat	1
toplarna	toplama	1
olacaklardur	olacaklardır	1
kafasunun	kafasının	1
yakmda	yakında	1
hastalann	hastaların	1
kalacagimza	kalacağımza	1
uzayacaguni	uzayacagunı	1
olmayacaguns	olmayacağını	1
gonderildigini	gönderildiğini	1
Känunsânide	Kanunsanide	1
müs'rdi	muş'rdı	1
nagal	masal	1
anladigam	anladığım	1
muvakkattir	muvakkattır	1
ciddilige	ciddiliğe	1
başkasin	başkasın	1
ahvälden	ahvalden	1
hikäyesini	hikayesini	1
anlayamadum	anlayamadım	1
yanmdan	yanından	1
hastalanns	hastaların	1
isleriyle	işleriyle	1
almadiklarndan	almadıklarndan	1
shhatimin	shhatımın	1
padigahi	padişahı	1
Nuzzâri'run	Nuzzarı'run	1
eşyamuzi	eşyamuzı	1
yaptan	yaptım	1
isitsem	işitsem	1
fotografina	fotoğrafına	1
aldirsam	aldırsam	1
Ähl	Ahi	1
msin	nin	1
ayaguna	ayağına	1
kapanmus	kapanmış	1
rlikta	rlıkta	1
Yür	Yur	1
kurmaz	kurnaz	1
surmali	sırmalı	1
olunacagi	olunacağı	1
Karsadan	Karşıdan	1
uyandik	uyandık	1
anlaçild	anlaçıld	1
karist	karışt	1
sakalla	sakallı	1
Aguz	Ağız	1
anlaşihyor	anlaşılıyor	1
sarmagilda	sarmagılda	1
Viläyetinde	Vilayetinde	1
kalmuş	kalmış	1
anlagiliyor	anlaşılıyor	1
maksadim	maksadım	1
sinaf	sınıf	1
istegiyle	isteğiyle	1
atlanıldi	atlanıldı	1
kaşlagirmz	kaşlagırmz	1
hâltimiyeti	haltımıyeti	1
muhat	Nihat	1
karanhga	karanlığa	1
aradt	Arndt	1
emrimde	emrinde	1
bulunmasuns	bulunmasını	1
vahsiyâne	vahşiyane	1
atlattiktan	atlattıktan	1
isteyecegimiz	isteyeceğimiz	1
vesâireye	vesaireye	1
hoşlandigin	hoşlandığın	1
karsismdaki	karşısındaki	1
Nazarn	Nazırı	1
gam	şam	1
gayrkabil	gayrkabıl	1
basladigum	başladığım	1
yaklagsin	yaklagsın	1
kisilik	kişilik	1
râne	rine	1
toplarn	topları	1
anlaşmass	anlaşması	1
alikoyacağinu	alıkoyacağınu	1
harekâtimdan	harekâtımdan	1
Hükumeti'yle	Hükümeti'yle	1
bagdas	bağdaş	1
gümlegi	cümlesi	1
gorap	çorap	1
ayrilşta	ayrılşta	1
degdigi	değdiği	1
olaym	olayın	1
altinlarndan	altınlarndan	1
cakarttim	çakarttım	1
Yarm	Yani	1
ugraştiguma	uğraştıguma	1
Orasi	Orası	1
Bunan	Binin	1
paranuz	paramız	1
merken	inerken	1
gimalisinde	ğımalısınde	1
Kislag'nda	Kışlag'nda	1
varhgim	varhgım	1
âfiyetine	afiyetine	1
dizim	Dizin	1
hayatumizdan	hayatumızdan	1
aşkumizdan	aşkumızdan	1
karh	karlı	1
çalistigs	çalıştığı	1
cidirasiya	cidirasıya	1
bahsedecegim	bahsedeceğim	1
ihtiyacundan	ihtiyaçundan	1
kanh	kanlı	1
acuss	acısı	1
kanadig	kanadıg	1
yetmiyormus	yetmiyormuş	1
agkmin	agkmın	1
askums	aşkını	1
katlanirm	katlanırm	1
ugramis	uğramış	1
aynildak	ayrıldık	1
digi	diği	1
auz	uz	1
kuskandig	kuşkandıg	1
yavralanmiz	yavralanmız	1
etrafimuzda	etrafımuzda	1
Dunyanun	Dünyanın	1
seylerin	şeylerin	1
vahzi	vahzı	1
herseydir	herşeydir	1
degilein	değilein	1
yalaiz	yalaız	1
ihtiyaçlanm	ihtiyaçlarını	1
bulmass	bulması	1
eglenirsin	eğlenirsin	1
asagidaki	aşağıdaki	1
esyaya	eşyayı	1
hiçbirseyim	hiçbirşeyim	1
aldir	aldır	1
tabancasindan	tabancasından	1
diyoptri	diyoptrı	1
Alta	Altı	1
mlek	mek	1
Alts	Altı	1
sarn	sarı	1
Ortgies	Ortgıes	1
tabancalarina	tabancalarına	1
fotograflardir	fotoğraflardır	1
duyarsin	duyarım	1
ortulmüs	örtülmüş	1
Arkadaglardan	Arkadaşlardan	1
kizdimyor	kızdımyor	1
tisel	tişel	1
cikartum	çıkartum	1
sasurdim	şaşırdım	1
egri	eğri	1
Orak'in	Orak'ın	1
kapisins	kapısını	1
ibrams	İbrani	1
mladilar	mladılar	1
âminleştik	aminleştik	1
mihmana	mıhmana	1
kafasiyla	kafasıyla	1
muntakada	mıntıkada	1
kusm	kısm	1
bulunmasins	bulunmasını	1
çarpişturarak	çarpışturarak	1
kullinin	küllinin	1
Soz	Söz	1
olmadiganu	olmadığını	1
istemedigi	istemediği	1
gidecegi	gideceği	1
siddet	şiddet	1
gosterirse	gösterirse	1
hazarladaklarn	hazırladıkları	1
kiskanup	kıskanup	1
sunlars	şunları	1
yazsp	yazıp	1
hayatami	hayatını	1
mechulleri	meçhulleri	1
Kuşlagi	Kulağı	1
yurtak	yırtık	1
almalarnns	almalarını	1
asti	aştı	1
nasi	ması	1
Ramin'e	Ramın'e	1
malna	Maria	1
Gonderdigi	Gönderdiği	1
duşmüs	düşmüş	1
çukarmus	çıkarmış	1
toplanursa	toplanma	1
oburlerinden	öbürlerinden	1
kotüluk	kötülük	1
cirkinlik	çirkinlik	1
Içan	İçin	1
Mevl	Nevi	1
Kaslagi'nda	Kaşlagı'nda	1
Yars	Yani	1
yürüyüg	yürüyüş	1
kusmm	kısmın	1
Onümuzde	Önümüzde	1
suman	sunan	1
ategler	ateşler	1
başladalar	başladılar	1
Padisah	Padişah	1
saguuzdaki	saguuzdakı	1
bahadurlig	bahadurlıg	1
Izan	İzin	1
viläyetler	vilayetler	1
müteesair	müteesaır	1
kurtarmaain	kurtarmaaın	1
yapabileceginden	yapabileceğinden	1
kaslaga	kulağa	1
gorecegiz	göreceğiz	1
baskasna	başkasına	1
yapalabilecek	yapılabilecek	1
Raht'taki	Raht'takı	1
esyanm	eşyanın	1
kaldigundan	kaldığından	1
kägidi	kağıdı	1
Arkadaslardan	Arkadaşlardan	1
teläsh	telaşlı	1
lazmdi	lazımdı	1
getirtecegimiz	getirteceğimiz	1
yaptagum	yaptığım	1
fevkalädelik	fevkaladelik	1
hatirimdan	hatırımdan	1
çikarmadhğumdan	çıkarmadhğumdan	1
nazarlars	nazırları	1
yapariz	yaparız	1
tüfehli	tufehli	1
bagudir	bağudır	1
sakahyor	sıkılıyor	1
Yanana	Yanına	1
kalndi	kalındı	1
gocelik	göçelik	1
tuk	tük	1
okunnbildigi	okunnbıldıgı	1
Sayfanin	Sayfanın	1
Padisahumz	Padişahumz	1
karyolami	karyolamı	1
kegif	keşif	1
Naciyociğim	Naciyocığım	1
yamma	yanma	1
gônderilmesini	gönderilmesini	1
Ilaveten	İlaveten	1
çağrlmasins	çağrlmasıns	1
Silöh	Sılöh	1
merakinda	merakında	1
akarttim	akarttım	1
kuimak	kurmak	1
gekildiler	çekildiler	1
käguda	kağıda	1
düsmam	düşman	1
imisler	imişler	1
yapilmosna	yapılmosna	1
düsmana	düşmana	1
kulagima	kulağıma	1
Hän	Han	1
Sultan'an	Sultan'ın	1
yanana	yanına	1
toplatacagumizi	toplatacagumızı	1
Agalik'in	Ağalık'ın	1
Tarzi'ye	Tarzı'ye	1
kägitlarina	kağıtlarına	1
dayisina	dayısına	1
Karaagaç	Karaağaç	1
kasum	Kasım	1
arkasmdaki	arkasındaki	1
ölulerini	ölülerini	1
kusmum	kısmın	1
attular	attılar	1
Silählars	Silahları	1
Mäinke	Mainke	1
Kislagi	Kışlagı	1
älimihan	alımıhan	1
Isiâmlar	İşiâmlar	1
gakarttim	gakarttım	1
harekätn	harekatın	1
mintakada	mıntıkada	1
àdet	adet	1
nes'esiz	neş'esiz	1
gozboyaclik	gözboyaclık	1
kaçtugins	kaçtığını	1
çaligiyor	çalışıyor	1
silählarla	silahlarla	1
yazdalar	yazdılar	1
ugrasayor	uğraşıyor	1
Çaligan	Çalışan	1
Afganl	Afgan	1
yaptagin	yaptığım	1
täzime	tazime	1
topçubaşist	topçubaşıst	1
Halkikaten	Halkıkaten	1
geçmigler	geçmişler	1
kägdamiza	kağdamıza	1
kaçmuş	kaçmış	1
dünku	dünkü	1
oldürmüslerdi	öldürmüşlerdi	1
begendiler	beğendiler	1
karistura	karıştura	1
pisiriyorum	pişiriyorum	1
boşaltiyorum	boşaltıyorum	1
pisiririm	pişiririm	1
kuskançlak	kıskançlık	1
silâhlaryla	silahlaryla	1
Islam'n	İslam'ın	1
ihât	ihat	1
vil	vıı	1
häkimiyet	hakimiyet	1
Burnda	Bunda	1
kilmalar	kılmalar	1
sevdasina	sevdasına	1
vezäifin	vezaifin	1
tanudiklarana	tanudıklarana	1
Vil	Vıı	1
arkasuna	arkasına	1
dusmana	düşmana	1
kaçtalar	kaçtılar	1
yazildh	yazıldh	1
gänderdik	ğanderdik	1
hazirlandt	hazırlandt	1
zarkndaki	zarkndakı	1
simoline	simolıne	1
mevzil	mevzu	1
meva	Neva	1
Isicander	İşicander	1
âläms	almış	1
müläzum	mülazım	1
kazgun	kızgın	1
muntazarm	muntazam	1
nisangählarmi	nişangâhlarmı	1
obürlerinden	öbürlerinden	1
inzaaliah	inzaalıah	1
bagimuzda	bağımuzda	1
olacaguma	olacağını	1
sslanmia	sslanmıa	1
etrafumda	etrafında	1
koylüler	köylüler	1
aldigmdan	aldığından	1
Imamumiz	İmamumız	1
Elhamdülilläh	Elhamdülillah	1
canuns	canını	1
yakarm	yakan	1
gayntabii	gayntabıı	1
hissiyatim	hissiyatım	1
çagrmasim	çağrmasım	1
cagurdik	çağurdık	1
devamu	devam	1
Emirini	Emrini	1
ksmum	kimin	1
yazaldi	yazıldı	1
yerlestirdi	yerleştirdi	1
başlarna	başlama	1
çagirdik	çağırdık	1
sikldiklarnu	sıkldıklarnu	1
anladiklara	anladıklara	1
Istedigim	İstediğim	1
içtimau	içtimai	1
ahvälde	ahvalde	1
sâni	Sami	1
garbundaki	garbundakı	1
çadirt	çadırt	1
tüfegim	tüfeğim	1
Feyzâbadlilar	Feyzâbadlılar	1
kaçmaktadirlar	kaçmaktadırlar	1
Ahväldeki	Ahvaldeki	1
hapsetmis	hapsetmiş	1
dagitacaklarma	dağıtacaklarma	1
Çavuşlari	Çavuşları	1
göründu	göründü	1
dünyanm	dünyanın	1
Dâvà	Dava	1
Kislag'ndan	Kışlag'ndan	1
akşamun	akşamın	1
sirtunda	sırtında	1
hattanda	hattında	1
kasam	Kasım	1
gekildigini	çekildiğini	1
giktklarna	gıktklarna	1
kuslagin	kuşlagın	1
garbindaki	garbındaki	1
başladigindan	başladığından	1
sagumizdan	sagumızdan	1
cenahumdaki	cenahumdakı	1
olmadaginu	olmadığını	1
igitinee	ığıtınee	1
üçu	üçü	1
ölmügtü	olmuştu	1
maâdas	nadas	1
çekilmig	çekilmiş	1
atuma	Atina	1
kullanmasina	kullanmasına	1
simalimizdeki	şimalimizdeki	1
Binbaşi'nun	Binbaşı'nun	1
silählardan	silahlardan	1
Kılagi'na	Kılagı'na	1
adimdan	adından	1
açtak	açtık	1
karmakarşik	karmakarşık	1
Surtlarin	Surtların	1
kişlagin	kışlağın	1
arkasmndaki	arkasmndakı	1
sirtlarn	sırtlarn	1
Kişlag'nda	Kışlag'nda	1
aldiguni	aldığını	1
yazdiğunu	yazdığını	1
Idlibdere	Idlıbdere	1
Rahti'nin	Rahtı'nın	1
esass	esası	1
olacagndan	olacağından	1
mevkiimi	mevkiini	1
sehidimiz	şehidimiz	1
Podigahumiz	Podıgahumız	1
avca	avcı	1
yanin	yanın	1
atese	ateşe	1
vahgi	vahşi	1
yuvarlandklarni	yuvarlandklarnı	1
ayaklariylo	ayaklarıylo	1
cigneyen	çiğneyen	1
Kânunsâni	Kanunisani	1
tufegi	tüfeği	1
aksnma	akımın	1
kalmamgti	kalmamıştı	1
Feyzäbadlilar	Feyzäbadlılar	1
yarah	yaralı	1
kavgasa	kavgası	1
Däva	Dava	1
srtlarina	srtlarına	1
fazlassyla	fazlasıyla	1
agundigs	agundıgs	1
başandaki	başındaki	1
esyasinu	eşyasını	1
çakarip	çıkarıp	1
gotürmüs	götürmüş	1
bildirdigine	bildirdiğine	1
bakulirsa	bakılırsa	1
kuşlaginun	kuşlagınun	1
toplandigandan	toplandıgandan	1
yazmişlard	yazmışlard	1
elkabiyla	elkabıyla	1
köylüyu	köylüyü	1
başlams	başlamış	1
irzina	ırzına	1
çagurmamilar	çağurmamılar	1
baraktam	bıraktım	1
arkadasa	arkadaşı	1
razsyim	razsyım	1
zâbitlerimden	zabitlerimden	1
süphelenmig	şüphelenmig	1
kurnazlik	kurnazlık	1
ediyordun	ediyordum	1
uyandum	uyandım	1
Kaglarinu	Kağlarınu	1
aglattin	ağlattın	1
kaçup	kaçıp	1
emirlerime	emirlerine	1
olduklaruns	olduklarını	1
Bumun	Bunun	1
kurgunla	kurşunla	1
gelain	selam	1
adamlanyla	adamlarıyla	1
mümikün	mümkün	1
çalusmaya	çalışmaya	1
sitrerek	şitrerek	1
recegini	receğini	1
Isabagi	İsabagı	1
çekilecegini	çekileceğini	1
görüisüp	görüısüp	1
Läkabi	Lakabı	1
müharledik	muharledik	1
imkänsizdir	imkansızdır	1
karismayacagum	karışmayacagum	1
baglarana	bağlarını	1
Koylülerin	Köylülerin	1
umit	ümit	1
dişar	dışar	1
çaktiklarunda	caktıklarunda	1
dişan	dışın	1
Mehumed'in	Mehmed'in	1
tasavvuratim	tasavvuratım	1
cikmamasinu	çıkmamasınu	1
anlaşilacak	anlaşılacak	1
anlattigana	anlattığına	1
bakur	bakır	1
mutehassas	mütehassıs	1
Ileride	İleride	1
odenmek	ödenmek	1
anlattaklan	anlattıkları	1
buralar	bunlar	1
masârfins	masarfıns	1
agzuna	ağzına	1
siltem	şiltem	1
mektuplarmi	mektuplarmı	1
yazmiştum	yazmıştım	1
yoldazamiz	yoldazamız	1
shhatimi	shhatımı	1
cikusta	çıkusta	1
Bazisanun	Bazısanun	1
olamamişlar	olamamışlar	1
levazum	levazım	1
aldigindan	aldığından	1
cakmads	çıkmadı	1
yarals	yaralı	1
bildiriyormus	bildiriyormuş	1
parçalandiganu	parçalandıganu	1
yazlmak	yazmak	1
bulunmamiza	bulunmamıza	1
Yazacagiz	Yazacağız	1
Käbile	Kabile	1
gonderecegim	göndereceğim	1
ähir	ahır	1
yorlards	yorlardı	1
mügkilät	müşkilat	1
civarndakiler	civarndakıler	1
taşayacak	taşıyacak	1
sultaru	sultan	1
hälimize	halimize	1
ecdadinun	ecdadınun	1
aradigam	aradıgam	1
aldagun	aldığım	1
çıkarmus	çıkarmış	1
pararuz	paramız	1
gonderiyorum	gönderiyorum	1
takums	takımı	1
tarafinan	tarafının	1
bulunacaksin	bulunacaksın	1
sarfiyatina	sarfiyatına	1
fotografinu	fotoğrafınu	1
igten	içten	1
kaçts	kaçtı	1
bahsettigim	bahsettiğim	1
kibp	kıbp	1
nâfiz	nafiz	1
olamads	olamadı	1
Yarna	Yana	1
çahsmasinda	çalışmasında	1
kolarlarmis	kolarlarmıs	1
Yalmiz	Yalnız	1
kosminin	koşmının	1
vidasi	vidası	1
Karsa	Karşı	1
Ifadesine	İfadesine	1
geliyormug	geliyormuş	1
kargisina	karşısına	1
Hân	Ham	1
dayısa	dayısı	1
padişahun	padişahın	1
nal	mal	1
Sar	Şar	1
aldigin	aldığım	1
igitmişler	ığıtmışler	1
Serif'e	Şerif'e	1
gönderiyormus	gönderiyormuş	1
ilâmlar	ilamlar	1
yapastirilmis	yapastırılmıs	1
girdigim	girdiğim	1
viläyet	vilayet	1
karanlak	karanlık	1
yattigumıza	yattıgumıza	1
kaysp	kayıp	1
gönüllu	gönüllü	1
mähir	mahir	1
lär	lar	1
yokmug	yokmuş	1
ornda	onda	1
Tuhafi	Tuhafı	1
Afganli'ya	Afganlı'ya	1
Misir't	Mısır't	1
kurnazhik	kurnazhık	1
Asui	Asuı	1
plânama	planına	1
hazarlanmakta	hazırlanmakta	1
olunacaginu	olunacağını	1
Ingilizee	İngilizee	1
vereceginden	vereceğinden	1
Islâmlari'ni	İslamları'nı	1
iclerine	içlerine	1
nâdim	madım	1
bulunmamiz	bulunmamız	1
cänibine	canibine	1
cagrtmitim	çağrtmıtım	1
Bay'in	Bay'ın	1
lâzameyi	lazameyi	1
srnn	sinin	1
Konaga	Konağa	1
Tufekli	Tüfekli	1
masrafim	masrafım	1
olamamislar	olamamışlar	1
bäla	bala	1
meguliyet	mesuliyet	1
çahgiyorum	çalışıyorum	1
cıkmg	çıkmış	1
Rahtilyel	Rahtılyel	1
saklandik	saklandık	1
kalmasint	kalmasınt	1
bayin	bayın	1
ugrar	uğrar	1
dagilmus	dağılmış	1
çakmiglar	cakmıglar	1
Muslüman	Müslüman	1
yatagim	yatağın	1
namazundan	namazından	1
kalksyor	kalkıyor	1
takinup	takınup	1
Hatarlar	Hatırlar	1
misun	misin	1
yakardim	yakardım	1
binbagi	binbaşı	1
Bagina	Başına	1
Kurd	Kürd	1
hazrlandi	hazrlandı	1
yaptirdik	yaptırdık	1
Sopali	Sopalı	1
savus	savu	1
dügmek	düşmek	1
zâbitleriyle	zabitleriyle	1
Dort	Dört	1
Işabaşi'ya	İsabaşı'ya	1
buraktik	bıraktık	1
igitiliyordu	ığıtılıyordu	1
saraylarina	saraylarına	1
rahatini	rahatını	1
Garem	Giren	1
vardiguni	vardığını	1
efräds	efradı	1
halkm	halkın	1
geyrek	çeyrek	1
yazalirsa	yazalırsa	1
kadilig	kadılıg	1
Rahmanbaşınin	Rahmanbaşının	1
karakollarmzin	karakollarmzın	1
Binbasa	Binbaşı	1
gürduk	girdik	1
kaçap	kaçıp	1
sehirden	şehirden	1
ataldig	ataldıg	1
surt	sırt	1
öldurmeye	öldürmeye	1
ig'ar	iş'ar	1
yaptardik	yaptardık	1
mähirdir	mahirdir	1
cakan	çıkan	1
ciceklerinden	çiçeklerinden	1
sslah	silah	1
sayfanan	sayfanın	1
Bäl	Bal	1
istemiglerdi	istemişlerdi	1
satulan	satılan	1
edilmistir	edilmiştir	1
alinmakta	alınmakta	1
minazze	mınazze	1
alinmaktadir	alınmaktadır	1
Semerkand'in	Semerkand'ın	1
zaptindan	zaptından	1
tarfindan	tarfından	1
sokmayip	sokmayıp	1
Cin	Çin	1
Beyligi	Beyliği	1
anlaşihyordu	anlaşılıyordu	1
Ruslarun	Rusların	1
aldigana	aldığını	1
aldiganu	aldığını	1
soyledikleri	söyledikleri	1
açalinca	açılınca	1
yaptagi	yaptığı	1
giddete	şiddete	1
bildigi	bildiği	1
vukti	vuktı	1
kondisine	kondısıne	1
Hisarilar	Hisarılar	1
yesillenip	yeşillenip	1
adamdur	adamdır	1
halknan	halkının	1
ahläk	ahlak	1
Trablusgarplilar'dan	Trablusgarplılar'dan	1
rüzgäruna	rüzgarın	1
cizme	çizme	1
büyuklerin	büyüklerin	1
gorünuyor	görünüyor	1
yazmati	yazmatı	1
asiläne	asılane	1
omuzlarinun	omuzlarınun	1
cakmak	çakmak	1
huküm	hüküm	1
açalirmag	açalırmag	1
Istedigimizi	İstediğimizi	1
kalmaa	kalma	1
Jahosdi	Jahosdı	1
ukts	ikti	1
kışlaga	kulağa	1
tayunmuzi	tayunmuzı	1
vardignnt	vardıgnnt	1
kaçmuti	kaçmutı	1
başaklarins	başaklarıns	1
boşaltip	boşaltıp	1
cuvallari	çuvalları	1
daginuk	dağınık	1
simalindeki	şimalindeki	1
kaçardiklarindan	kaçardıklarından	1
Kisla	Kışla	1
Kistag	Kıştag	1
Iase	İaşe	1
altmi	altın	1
bik	bık	1
atlattilar	atlattılar	1
viläyetine	vilayetine	1
girisiyor	girişiyor	1
vesäiresiyle	vesairesiyle	1
görüldu	görüldü	1
dehsetli	dehşetli	1
cekilmekte	çekilmekte	1
Kaşlaga	Kulağa	1
güçlestirecek	güçleştirecek	1
Binbaşi'dan	Binbaşı'dan	1
gördügum	gördüğüm	1
baskan	başkan	1
odasanda	odasında	1
dayanmus	dayanmış	1
Şasurdin	Şaşırdım	1
bulunmanan	bulunmanın	1
duruyorlarda	duruyorlardı	1
salkaldin	salkaldın	1
uzandniz	uzandnız	1
etrafinizda	etrafınızda	1
yanagiyordu	yanağıyordu	1
bogazindan	boğazından	1
agladikça	ağladıkça	1
firtinası	fırtınası	1
hayatana	hayatına	1
Dugün	Düğün	1
Häç	Hiç	1
Sultan'sin	Sultan'sın	1
yegânesisin	yeganesisin	1
susarim	susarım	1
Bunlarsn	Bunların	1
kigilerin	kişilerin	1
büyakleri	buyakleri	1
iamini	ıamını	1
Abdolkaim	Abdolkaım	1
degistirdiklerini	değiştirdiklerini	1
Silrigeçit'te	Sılrıgeçit'te	1
cukmus	çıkmış	1
attuk	attık	1
Ortasuna	Ortasına	1
yansum	yarım	1
Kagida	Kağıda	1
nisanealarina	nişanealarına	1
atturdim	atturdım	1
yapastardim	yapastardım	1
namazsndan	namazından	1
boddiré	boddıré	1
çikmus	çıkmış	1
kalmslar	kalmışlar	1
Subat'ta	Şubat'ta	1
Malla	Milli	1
aquatig	aquatıg	1
askerlen	askerleri	1
Catà	Çatı	1
alagi	alagı	1
Mirarion	Mirarıon	1
baylostabi	baylostabı	1
AMrian	Amirin	1
ahg	alış	1
Hawrila	Hawrıla	1
atlori	atlorı	1
ungu	İngi	1
uit	uıt	1
simg	şimg	1
alori	alorı	1
ainp	aınp	1
Irahin	Irahın	1
dmi	din	1
mler	mer	1
Iil	Ül	1
malinel	malınel	1
yanhg	yanlış	1
esassiz	esassız	1
Babahk	Babalık	1
Cinli	Çınlı	1
kaliç	kılıç	1
yazdign	yazdığım	1
Rüze	Rize	1
addettigi	addettiği	1
kararlastirdik	kararlaştırdık	1
biraktigum	bıraktıgum	1
tandig	tandıg	1
sadiktur	sadıktur	1
düşmanhk	düşmanlık	1
anlatacağindan	anlatacağından	1
kangaklik	kangaklık	1
aşagisana	aşağısana	1
cikip	çıkıp	1
hazarhk	hazırlık	1
olduklarinu	olduklarını	1
cikmslar	çıkmışlar	1
Binbaşidan	Binbaşıdan	1
garbindan	garbından	1
Binbaşa	Binbaşı	1
Nobetçileri	Nöbetçileri	1
fenalaşti	fenalaştı	1
yazmstik	yazmstık	1
caruna	çarın	1
döçeğime	doçeğime	1
topladigm	topladıgm	1
ciçeklerini	çiçeklerini	1
gaza	Gazi	1
Yenipazar'in	Yenipazar'ın	1
Isabaçinun	İsabaçınun	1
zekätahginda	zekatahgında	1
ozel	özel	1
yaşanda	yaşında	1
zamanun	zamanın	1
Yahodi	Yahodı	1
ilerledigini	ilerlediğini	1
kogesine	köşesine	1
Koyde	Köyde	1
gelmia	gelini	1
gordum	gördüm	1
olü	ölü	1
Görüstuk	Görüştük	1
şikäyet	şikayet	1
sayiyor	sayıyor	1
athilarun	athılarun	1
kaçtiklarins	kaçtıklarıns	1
saldirdim	saldırdım	1
häne	hane	1
Ikindiye	İkindiye	1
çekrxoegiz	cekrxoegiz	1
odasndan	odasından	1
seyhlerini	şeyhlerini	1
Hanka	Harika	1
kaşlaklarindan	kaşlaklarından	1
gems	geri	1
Baltadagbagi'nm	Baltadagbagı'nm	1
cogu	çoğu	1
gordük	gördük	1
karşiladilar	karşıladılar	1
ugraçtiktan	uğraçtıktan	1
Kislagt	Kışlagt	1
konagunda	konağında	1
Abdulvähid	Abdülvahid	1
Kaglaklari'ndan	Kağlakları'ndan	1
arabann	arabanın	1
karşti	kanıtı	1
ahrdik	alırdık	1
uzaklagtilar	uzaklagtılar	1
basunda	başında	1
änüne	anne	1
yazmistam	yazmıştım	1
düşecegimden	düşeceğimden	1
çıkacaklarin	çıkacakların	1
varmişta	varmıştı	1
gittigifnil	gittiğifnil	1
cikmadgndan	çıkmadgndan	1
ihtiyatsizhkla	ihtiyatsızhkla	1
attigindan	attığından	1
sultanam!	sultanın	1
yapalmus	yapılmış	1
yanlars	yanları	1
kams	kimi	1
durdugunu	durduğunu	1
sazhiklardan	sazhıklardan	1
yardan	yardım	1
garbmndaki	garbmndakı	1
sirtlarda	sırtlarda	1
siklarndan	sıklarndan	1
geçmegi	geçmesi	1
çukarsa	çıkarsa	1
Mirsadi'de	Mirsadı'de	1
meşakkatimin	meşakkatımın	1
Karakollarimiz	Karakollarımız	1
hayırh	hayırlı	1
çadirimda	çadırımda	1
uds	idi	1
kaçayor	kaçıyor	1
çahmak	çalmak	1
aksali	akşalı	1
burasinın	burasının	1
siksa	sıksa	1
çadirmda	çadırmda	1
açılmi	acilmi	1
Karmizz	Karmızz	1
iltimasim	iltimasım	1
Abdalkaim	Abdalkaım	1
koldigunu	koldıgunu	1
stagni	stagnı	1
tuhaflasmiglar	tuhaflasmıglar	1
Kuşlak	Kulak	1
garbinde	garbınde	1
sisten	sistem	1
Kigiak	Kiğıak	1
gociyor	göçiyor	1
yakundan	yakından	1
gectiler	geçtiler	1
Binbasi	Binbaşı	1
cekildi	çekildi	1
ihtiyâr	ihtiyar	1
yaralandigum	yaralandıgum	1
ihtiyataiz	ihtiyataız	1
esnasunda	esnasında	1
geliyormus	geliyormuş	1
amit	anıt	1
getiriyormus	getiriyormuş	1
firtunass	fırtınası	1
Kişlak'a	Kışlak'a	1
çalgarim	çalgarım	1
Ille	İlle	1
Mähür	Mahir	1
kazilacak	kazılacak	1
Mirsari	Mimari	1
hattandan	hattından	1
kalm	Kari	1
sabarsizhkla	sabırsızlıkla	1
bulunduklarni	bulunduklarnı	1
Ilerlodim	İlerlodım	1
Ékibin	Ekibin	1
Kişlagr'na	Kışlagr'na	1
çagrmis	çağrmıs	1
bayaltincaya	bayaltıncaya	1
kalacagans	kalacağını	1
Haca	Hacı	1
yansna	yanına	1
yapmuşlar	yapmışlar	1
lär'n	lar'ın	1
kaskançhk	kıskançlık	1
bagladigm	başladığım	1
Turkmenler'in	Türkmenler'in	1
Yetmis	Yetmiş	1
savms	sivri	1
Kongradlar'in	Kongradlar'ın	1
inha	imha	1
Dämäd	Damad	1
Viläyeti'nin	Vilayeti'nin	1
mahremi	mahrem	1
yapmişts	yapmıştı	1
sehzadelerinden	şehzadelerinden	1
anlatsin	anlatsın	1
kadinlarunu	kadınların	1
hazarlanan	hazırlanan	1
konagina	konağına	1
gorüsüp	görüşüp	1
namazama	namazını	1
olmaymca	olmayınca	1
Sultan'un	Sultan'ın	1
hizmetimi	hizmetini	1
yanumuzda	yanımızda	1
büyugu	büyüğü	1
silählarina	silahlarına	1
silählarin	silahların	1
atts	attı	1
Onlarun	Onların	1
taniyormug	tanıyormug	1
büyuklerine	büyüklerine	1
Rsikagass	Rşıkagass	1
Sudür	Şudur	1
yazuyordu	yazıyordu	1
olduklarundan	olduklarından	1
Verdigi	Verdiği	1
kusmmun	kısmının	1
altmg	altmış	1
Mirsa	Rına	1
aldhgmiz	aldhgmız	1
caktiganu	caktıganu	1
bakap	bakıp	1
tavrina	tavrına	1
yarala	yaralı	1
Hastalaran	Hastaların	1
durmalarini	durmalarını	1
müz’ir	muz’ır	1
Isi	İşi	1
çaldirmis	çaldırmış	1
Gitmeyecegime	Gitmeyeceğime	1
Kokayta'daki	Kokayta'dakı	1
azaldigini	azaldığını	1
Kakayti'ya	Kakaytı'ya	1
canimı	canımı	1
kafasiz	kafasız	1
seytânetleri	şeytanetleri	1
müçkilât	mückilât	1
cikaryor	çıkaryor	1
sikäyette	şikayette	1
kafah	kafalı	1
laruna	larına	1
sandigm	sandıgm	1
ihsäsat	ihsasat	1
Mirçadiye	Mirçadıye	1
ümmi	rini	1
sormayinuz	sormayınuz	1
säbik	sabık	1
kumandasnda	kumandasında	1
müsteari	müstearı	1
kusumda	kısımda	1
alindiktan	alındıktan	1
Äliye	Aliye	1
Bahadir'a	Bahadır'a	1
olmamass	olmaması	1
Surtnda	Sırtında	1
Egyanin	Eşyanın	1
sekildiklerini	şekildiklerini	1
simasiyla	simasıyla	1
baraktiguns	baraktıguns	1
savdik	savdık	1
gönderecegi	göndereceği	1
Nâzurina	Nazırına	1
mektuburu	mektubun	1
figek	fişek	1
tufek	tüfek	1
ilâahir	ilaahır	1
esyasinun	eşyasınun	1
sikstardig	sıkstardıg	1
fizekler	fızekler	1
karn	Kari	1
dügünuyorum	düşünüyorum	1
arslancigom!	arslancıgom!	1
esyanun	eşyanın	1
Kuhç	Kılıç	1
kätibi	katibi	1
Goktas'talti	Göktaş'taltı	1
Leşkerbasilag'na	Leşkerbaşılag'na	1
SarkiT'yel	Sarkıt'yel	1
Mintikaan	Mıntıkaan	1
kalacagins	kalacağını	1
maâda	mada	1
kurus	kuruş	1
toplamıs	toplamış	1
utandirmaz	utandırmaz	1
yagun	yığın	1
yagmacliktan	yağmaclıktan	1
yalmız	yalnız	1
Sayle	Siyle	1
çevrilmig	çevrilmiş	1
sumur	umur	1
seyhliginden	şeyhliğinden	1
canhusidir	canhusıdır	1
cekmecesi	çekmecesi	1
Kahç	Kılıç	1
Bidiy	Bıdıy	1
yazmiştam	yazmıştım	1
Egikagast'na	Eğikagast'na	1
zaptedildiginden	zaptedildiğinden	1
kalmadigun	kalmadıgun	1
kandrmis	kandrmıs	1
anlarn	anlamı	1
disar	dışar	1
olunmadigi	olunmadığı	1
günegim	güneşin	1
canaiz	canaız	1
kaldagun	kaldığım	1
Podişah'a	Podışah'a	1
medayihimizi	medayıhımızı	1
halä	hala	1
vardigan	vardıgan	1
yakmis	yakmış	1
yazmg	yazmış	1
olmuslar	olmuşlar	1
emelikdarina	emelikdarına	1
Tabüi	Tabii	1
vurugmasin	vurugmasın	1
faydasina	faydasına	1
leşkerbagusi	leşkerbagusı	1
Tath	Tatlı	1
yaktagumi	yaktagumı	1
toplanur	toplanır	1
Ahafi	Ahafı	1
fisengi	fişengi	1
altum	altın	1
kurug	kuruş	1
göndermigti	göndermişti	1
baglacik	bağlacık	1
teskilatmiz	teşkilatmız	1
emläkine	emlakine	1
hirpaladim	hırpaladım	1
taallükatina	taallukatına	1
fenahiğundan	fenahığundan	1
bulunanlan	bulunanları	1
almdigindan	almdıgından	1
ilännämesini	ilannämesini	1
yaptirdagunu	yaptırdagunu	1
maateessuf	maateessüf	1
zannanca	zannımca	1
kurmugtur	kurmuştur	1
Korkaram	Korkarım	1
güs	gü	1
vasitasyla	vasıtasyla	1
buseleri	büseleri	1
dagdan	dağdan	1
yapalmi	yapalım	1
yuksek	yüksek	1
daglarn	dağları	1
Karhk'in	Karhk'ın	1
suralanmis	şuralanmıs	1
srkasundaki	srkasundakı	1
karhi	karhı	1
cikmads	çıkmadı	1
yaras	yarış	1
fenalasmis	fenalasmıs	1
yazilmus	yazılmış	1
taraflarndalki	taraflarndalkı	1
gördugü	gördüğü	1
olacaksn	olacaksın	1
serifi	şerifi	1
burakma	bırakma	1
Isläm'ndir	İslam'ndır	1
canina	canına	1
yakap	yakıp	1
yatarm	yatan	1
Bursa'ys	Bursa'yı	1
bulunduklarm	bulundukları	1
koltuguma	koltuğuna	1
tahtana	tahtına	1
hundaki	hundakı	1
koslagin	koşlagın	1
hayatumın	hayatının	1
ânmu	nin	1
gecirirken	geçirirken	1
agkla	aşkla	1
halkandan	halkından	1
müskilat	müşkilat	1
birkaçanu	birkaçını	1
topladum	topladım	1
izdivacumiz	izdivaçumız	1
yapalmis	yapılmış	1
ânums	Nuri	1
cerçevenin	çerçevenin	1
mügfik	müşfik	1
geldiginde	geldiğinde	1
niçan	niçin	1
veliahdina	veliahdına	1
niganladim	niganladım	1
vahsi	vahşi	1
saraylars	sarayları	1
anlarumiza	anlarumıza	1
yaşayalim	yaşayalım	1
sikacagum	şikacagum	1
hayatamin	hayatının	1
oldugun	olduğun	1
hazirdar	hazırdır	1
mektuplans	mektupları	1
surtundan	sırtından	1
sangi	şansı	1
Kâbil'e	Kabil'e	1
yalnizam	yalnızam	1
parçasinun	parçasının	1
yakic	yakıc	1
Pak'in	Pak'ın	1
agzindadir	ağzındadır	1
addedildigini	addedildiğini	1
halkundan	halkından	1
Kug	Kuş	1
ziyaretgâhtan	ziyaretgahtan	1
yukarmizdaki	yukarmızdakı	1
gitmelerins	gitmelerini	1
anhyor	anlıyor	1
padisahumuzi	padişahumuzı	1
hatar	hatır	1
üzum	uzun	1
Yohsi	Yohsı	1
cavus	çavuş	1
lli	ııı	1
Älimhan	Alimhan	1
Ikiyüz	İkiyüz	1
inkiyad	inkıyad	1
alämeti	alameti	1
arkadagadir	arkadagadır	1
hüz	hiz	1
döşenmis	döşenmiş	1
odasans	odasını	1
sanlip	sarılıp	1
sifatla	sıfatla	1
dösegimde	döşeğimde	1
büzülecegim	buzülecegim	1
canuni	canını	1
noktass	noktası	1
istiyâkla	iştiyakla	1
bazn	bizim	1
tarmanmaya	tırmanmaya	1
ciçeklerle	çiçeklerle	1
Bunlarnn	Bunların	1
Kaşlagin	Kaşlagın	1
karsimzda	karşımzda	1
yamacidan	yamacıdan	1
lälesinden	lalesinden	1
cüzdanima	cüzdanıma	1
kayalarin	kayaların	1
kayahk	kayalık	1
kivirarak	kıvırarak	1
konagumiza	konagumıza	1
düzeltilmis	düzeltilmiş	1
dinlendigimiz	dinlendiğimiz	1
askerlerim	askerlerin	1
kahp	kalıp	1
Kuşbulak'in	Kuşbulak'ın	1
çukurlarnin	çukurlarnın	1
kişlak	kışlak	1
sirtlar	sırtlar	1
geldigimizdir	geldiğimizdir	1
rahatsizam	rahatsızam	1
güvendigimden	güvendiğimden	1
Yemegimizin	Yemeğimizin	1
haturlatmak	hatırlatmak	1
kuslaga	kulağa	1
demislermis	demişlermis	1
kumandanuna	kumandanına	1
Abdurrahim	Abdürrahim	1
mâil	nail	1
istinäden	istinaden	1
fermanunu	fermanın	1
téyin	teyin	1
uap	up	1
çocuklarnnin	çocuklarının	1
biraktag	bıraktag	1
çalitam	çalıtam	1
tasıyip	taşıyıp	1
baslarnda	başlandı	1
Avrupa'run	Avrupa'nın	1
hayatumu	hayatını	1
arasin	arasın	1
bulunalim	bulunalım	1
omuzlarmin	omuzlarmın	1
selämu	selam	1
kapasa	kapısı	1
bulanikta	bulanıkta	1
âdetince	adetince	1
olmadags	olmadığı	1
toplandiklar	toplandıklar	1
geyler	şeyler	1
cıkacagint	çıkacağınt	1
gecu	geçi	1
kşlak	kılık	1
yapacaklarins	yapacaklarını	1
Isläm'in	İslam'ın	1
tutmasunu	tutmasını	1
kaldigini	kaldığını	1
gecitlerini	geçitlerini	1
yollanns	yolların	1
kullanalacak	kullanılacak	1
kaşlak	kışlık	1
yollarn	yolları	1
cekildim	çekildim	1
vahget	vahşet	1
guzellik	güzellik	1
tabiats	tabiatı	1
disart	dışart	1
firladim	fırladım	1
pegime	peşine	1
näm	nam	1
Pranais	Pranaıs	1
Montépin'in	Montepin'in	1
Médecin	Medecin	1
seyhi	şeyhi	1
hlarina	hlarına	1
yalçin	yalçın	1
dişarndan	dışarıdan	1
çadirlar	çadırlar	1
tarafndaki	tarafındaki	1
daglars	dağları	1
yapaumaz	yapamaz	1
açalan	açılan	1
agzs	ağzı	1
lâzmdar	lazımdır	1
çukurdayiz	çukurdayız	1
astigandan	aştıgandan	1
karakollarimuzdan	karakollarımuzdan	1
baldirmeye	baldırmeye	1
kusumlar	kısımlar	1
tanumak	tanımak	1
Karh	Karlı	1
ciceklerle	çiçeklerle	1
turmandi	turmandı	1
Iniste	İnişte	1
Çadirma	Çadırma	1
Insaaliah	İnşaalıah	1
kanatlarumin	kanatlarumın	1
hocasi	hocası	1
canlarum	canlarını	1
Hacisa	Hacısa	1
buralarn	buraları	1
Buralars	Buraları	1
Sinudi	Sinudı	1
vabsi	vabsı	1
nenu	men	1
zimät	zimat	1
egrilmemis	eğrilmemis	1
silählarm	silahları	1
haturlatayor	hatırlatıyor	1
yaslarunda	yaşlarında	1
magdur	mağdur	1
alalum	alalım	1
sozüyle	sözüyle	1
kul	kül	1
ayma	aynı	1
gormüs	görmüş	1
vicutlaryla	viçutlaryla	1
sehrinden	şehrinden	1
kuçanmis	kucanmıs	1
Lâkaylar'in	Lakaylar'ın	1
akolsizhguna	akolsızhguna	1
kazanmadilar	kazanmadılar	1
veziriaiz	veziriaız	1
yopacaksuniz	yopacaksunız	1
padisahlor	padişahlor	1
padisahhik	padişahhık	1
istiyakmla	iştiyakmla	1
surats	sürati	1
Mülâzum	Mülazım	1
gönderecekmis	gönderecekmiş	1
astilar	astılar	1
hastalarmiz	hastalarmız	1
Şäh	Şah	1
çagurdim	çağırdım	1
kişlaklara	kulakları	1
çaktiga	çıktığı	1
hin	hın	1
namazani	namazını	1
civarn	civarı	1
geçemeyecegi	geçemeyeceği	1
turmandim	turmandım	1
Häkiyan'da	Hakiyan'da	1
Muderris'in	Müderris'in	1
hacs	Hacı	1
makams	makamı	1
mödürlerine	modürlerine	1
müsabih	müşabih	1
kadarn	kadarı	1
saläha	silaha	1
göndereceklermis	göndereceklermiş	1
degisroese	değişroese	1
gogsümde	göğsünde	1
tagidigum	tağıdıgum	1
tagarsin	tağarsın	1
taldim	taldım	1
hattns	hattın	1
Çilligol'den	Çilligöl'den	1
digerierinin	diğerierinin	1
söylüyorlards	söylüyorlardı	1
Kakayitiye	Kakayıtıye	1
Nasur	Mısır	1
toplayap	toplayıp	1
postalarimi	postalarımı	1
postaciya	postacıya	1
Ibahtiyar	İbahtıyar	1
rmeti	meti	1
garkin	garkın	1
Askerim	Askerin	1
koyluleri	köylüleri	1
suvarilerin	süvarilerin	1
arasndaku	arasındaki	1
dusen	düşen	1
tufeksiz	tüfeksiz	1
mufrezemizi	müfrezemizi	1
bakaldikta	bakaldıkta	1
säirane	şairane	1
yalçan	yalçın	1
Kadinlarn	Kadınları	1
yuvamizin	yuvamızın	1
siçrayyp	sıçrayyp	1
daglilar	dağlılar	1
Bugunden	Bugünden	1
cimle	çimle	1
kiyan'in	kıyan'ın	1
gorecek	görecek	1
gideni	giden	1
gorecektir	görecektir	1
Kaşlak	Kışlık	1
harhiyeden	harhıyeden	1
Simdive	Şimdive	1
odadayiz	odadayız	1
ayrilmyor	ayrılmyor	1
barakmiyor	barakmıyor	1
podişahumuz	podışahumuz	1
hazirlamaş	hazırlamış	1
toplands	toplandı	1
kaldikt	kaldıkt	1
usa	işi	1
gunlugu	günlüğü	1
sükünetli	sükunetli	1
firun'daki	fırun'dakı	1
lâzamdi	lazımdı	1
çikmuglarsa	çıkmuglarsa	1
anzali	imzalı	1
Käfir	Kâfir	1
kislaktan	kışlaktan	1
Vardak	Vardık	1
ciftlik	çiftlik	1
kapssi	kapısı	1
arkasmda	arkasında	1
baktam	baktım	1
patlada	patladı	1
kapa	kapı	1
änünde	rinde	1
çakardim	çıkardım	1
sekis	şekis	1
Silählan	Silahlan	1
Atlandik	Atlandık	1
düsmandan	düşmandan	1
tesirâttan	tesirattan	1
niyâbeten	niyabeten	1
cicek	çiçek	1
cicekleri	çiçekleri	1
kumandanun	kumandanın	1
mälümata	malumata	1
cimlerde	çimlerde	1
asn	an	1
yakinuna	yakınına	1
yakuna	yakını	1
kenarunda	kenarında	1
Koye	Köye	1
onbeg	onbeş	1
iblag	iblağ	1
civanna	civarına	1
Kafirun'dan	Kâfirun'dan	1
kaçtiklarum	kaçtıklarum	1
postalarimuzt	postalarımuzt	1
gönderdigimiz	gönderdiğimiz	1
kaçtiklarini	kaçtıklarını	1
sudu	Sudi	1
faydasa	faydası	1
Eşikagasinin	Eşikagasının	1
lehime	lehine	1
Sarikamus'ta	Sarıkamış'ta	1
atlars	atları	1
tâzimkar	tazimkar	1
degişmekte	değişmekte	1
ortas	örtü	1
haritasins	haritasını	1
mikyâsinda	mikyasında	1
hazarlatiyorum	hazarlatıyorum	1
kumandanudir	kumandanudır	1
binbagı	binbaşı	1
yüzbaşa	yüzbaşı	1
saşardik	şaşardık	1
gan	can	1
kilmis	kılmış	1
Egikagasi'nu	Eğikagası'nu	1
Sgi	Iğı	1
yukamdan	yukarıdan	1
degigmis	değişmiş	1
firun'a	fırun'a	1
täzimkäräne	tazimkäräne	1
Istikbale	İstikbale	1
çagrmustim	çağrmustım	1
dolasayor	dolaşıyor	1
kovalamis	kovalamış	1
adâbdiniyyeye	adabdınıyyeye	1
canun	çarın	1
alämumu	alanını	1
benligimni	benliğimni	1
düçünecegim	ducünecegim	1
hazurlayacagim	hazurlayacagım	1
ittifaks	ittifakı	1
sarl	sarı	1
Iläveten	İlaveten	1
ellerimin	ellerinin	1
alamadimd	alamadımd	1
baslacim	başlacım	1
parçaladigum	parçaladıgum	1
hitabin	hitabın	1
sadiksin	sadıksın	1
kaldinaz	kaldınız	1
caldtrasiya	çaldtrasıya	1
ayrilmayacak	ayrılmayacak	1
parmagins	parmağını	1
isararak	işararak	1
hakkan	hakkın	1
danl	dan	1
kumu	kimi	1
ihtiyacum	ihtiyacım	1
Içindekini	İçindekini	1
zut	zıt	1
yarumdakilere	yarümdakılere	1
yavrularimdan	yavrularımdan	1
oynasin	oynasın	1
yazup	yazıp	1
gonderdi	gönderdi	1
yetisti	yetişti	1
Yetmislik	Yetmişlik	1
anlattagana	anlattığına	1
varmş	varis	1
läzimeyi	lazımeyi	1
dayis	dayıs	1
yarsna	yanına	1
okursam	okunan	1
etrafint	etrafınt	1
Semsi'den	Şemsi'den	1
hazirlayacagum	hazırlayacagum	1
musterih	müsterih	1
yavrutarimi	yavrutarımı	1
arslanimiza	arslanımıza	1
siginun	sığınun	1
bauna	buna	1
tegekkür	teşekkür	1
koyarm	koyan	1
kumandanlarni	kumandanlarnı	1
surtlardaki	surtlardakı	1
sarkondaki	sarkondakı	1
postalarinun	postalarınun	1
sirtlara	sırtlara	1
koylerden	köylerden	1
Ortasunda	Ortasında	1
scinde	içinde	1
civars	civarı	1
Kuzgn	Kızgın	1
Karargäha	Karargaha	1
yazilmaş	yazılmış	1
yardimlarn	yardımları	1
baldirdim	bildirdim	1
Iyioe	İyioe	1
todkikten	todkıkten	1
postalarmiz	postalarmız	1
ihâtà	ihata	1
Koyiuler	Köyiuler	1
gänesinin	ganesinin	1
Islämlar'in	İslamlar'ın	1
oldullarni	oldullarnı	1
ihrac	ihraç	1
yapsn	yapın	1
yazsyor	yazıyor	1
aldatip	aldatıp	1
sçin	için	1
säbika	sabıka	1
Merkuzi	Merkuzı	1
atlatincaya	atlatıncaya	1
araanda	anında	1
kslmas	kılmış	1
arslancigam!	arslancıgam!	1
yaklastiguni	yaklaştığını	1
efrädnin	efradının	1
arasins	arasını	1
aldin	aldım	1
ayaklarnin	ayaklarını	1
musal	misal	1
muşal	misal	1
askisana	aşkısana	1
istiyâkumla	iştiyakumla	1
kumandanandan	kumandanından	1
kägitsizhktan	kağıtsızhktan	1
kabäiline	kabailine	1
zâbitle	zabitle	1
kabâilinden	kabailinden	1
arkalarndaki	arkalarndakı	1
Kişlag	Kışlag	1
açtagumiz	actagumız	1
yapilmayacagum	yapılmayacagum	1
kumandasunda	kumandasında	1
fenadir	fenadır	1
hatlarins	hatlarını	1
vardiklarini	vardıklarını	1
kaçtklarins	kaçtklarıns	1
kovaladiklar	kovaladıklar	1
karçumizda	karçumızda	1
Şirâbäd'da	Şirabad'da	1
güvenmedigimden	güvenmediğimden	1
çahşap	çalışıp	1
mayis	Mayıs	1
Îşan	İşin	1
Isän	İşin	1
Fäzil	Fazıl	1
ittifaksizbga	ittifaksızbga	1
Masmafih	Mamafih	1
aldagam	aldığım	1
iktisatça	iktisatçı	1
Esikagasi'ndan	Eşikagası'ndan	1
iyileşmistir	iyileşmiştir	1
ayaklarumı	ayaklarını	1
istimäl	istimal	1
bulunsaydin	bulunsaydın	1
olaydin	olaydın	1
yazmadigm	yazmadıgm	1
sädak	sadık	1
Argsici	Argsıcı	1
satincndielur	satıncndıelur	1
gikan	çıkan	1
kaldun	kaldım	1
basladm	başladım	1
maamatih	maamatıh	1
düsindogamden	düşindogamden	1
Esikagasa'n	Eşikagasa'n	1
Ruslarà	Ruslara	1
yapacagun	yapacağım	1
Rusdar	Mişdir	1
Buharn	Bulun	1
Bumda	Bunda	1
alaylars	alayları	1
kigidir	kişidir	1
nümayisi	nümayişi	1
sikup	sıkup	1
etrafioda	etrafıoda	1
gikarmms	gıkarmms	1
Tarkistan	Tarkıstan	1
uisanci	uisancı	1
giknns	gıknns	1
sivari	sıvarı	1
karaundaki	karaundakı	1
todricon	todrıcon	1
artmaktadir	artmaktadır	1
iktifäya	iktifaya	1
caktaktan	çıktıktan	1
dalgalana	dalgaları	1
gonullulerinden	gönüllülerinden	1
sivarilerin	sıvarılerin	1
aakli	aaklı	1
kovrila	kovrıla	1
yüriyöş	yuriyöş	1
ortasundan	ortasından	1
baglanmaş	bağlanmış	1
takalmis	takalmıs	1
sarkmaktadir	sarkmaktadır	1
topcusu	topçusu	1
maksadam	maksadım	1
olmadagindan	olmadığından	1
kursun	kurşun	1
silähu	silahı	1
Afganli	Afganlı	1
sagindan	sağından	1
sovdigim	sovdıgım	1
çakmıs	çıkmış	1
muhaberâti	muhaberatı	1
Sipahlarin	Sipahların	1
gönderdigimden	gönderdiğimden	1
hitäben	hitaben	1
Dayisindan	Dayısından	1
äfiyetimi	afiyetimi	1
daysi	daysı	1
kullanyor	kullanıyor	1
nâmunda	namında	1
zät	zat	1
sifahen	şifahen	1
ahväle	ahvale	1
başumu	başını	1
mesguliyet	meşguliyet	1
ciçege	çiçeğe	1
almadum	almadım	1
vasstasayla	vasıtasıyla	1
mektuplarunin	mektuplarunın	1
edecogini	edecogını	1
varhgimla	varhgımla	1
Leşkerbagist	Leşkerbagıst	1
koldigumdan	koldıgumdan	1
kazdurmig	kazdurmıg	1
cıkarttim	çıkarttım	1
nâmuni	namını	1
mirähur	mirahur	1
arabalan	arabaları	1
atlarn	atları	1
istigal	iştigal	1
atesi	ateşi	1
yalaya	yalıya	1
biktum	bıktum	1
sna	na	1
kullanuyor	kullanıyor	1
karakollarunin	karakollarunın	1
cekildikleri	çekildikleri	1
niyetimden	niyetinden	1
anlaçilds	anlaçılds	1
gekilmesi	çekilmesi	1
nén	non	1
Esikagass'nun	Eşikagass'nun	1
anlagildh	anlagıldh	1
hattaru	hattan	1
alamadum	alamadım	1
bayltincaya	bayltıncaya	1
hayatimın	hayatımın	1
iaseye	iaşeye	1
isunmaya	işünmaya	1
Rüzi	Mizi	1
kasmuyla	kısmıyla	1
dagru	dağın	1
dügtü	düştü	1
buranm	buranın	1
süphelenmistim	şüphelenmiştim	1
dugmedim	düğmedim	1
düsmezmis	düşmezmis	1
kangturiyorum	kangturıyorum	1
cenesinin	çenesinin	1
muteçebbis	müteçebbis	1
äid	aid	1
Besbinbay	Beşbinbay	1
karumdaki	karumdakı	1
vesäiresi	vesairesi	1
Riga'nin	Riga'nın	1
sikntusayla	sıkntusayla	1
taraflaranda	taraflarında	1
Ahr	Alır	1
kuvvetimi	kuvvetini	1
bäd'daki	bad'dakı	1
aldiklars	aldıkları	1
Binbaşu	Binbaşı	1
Kararm	Kararı	1
parladi	parladı	1
dugün	düğün	1
gözünu	gözünü	1
kilmaktadhr	kılmaktadhr	1
podiçohin	podıçohın	1
padigahumizin	padigahumızın	1
bakup	bakıp	1
yapmads	yapmadı	1
şaştilar	şaştılar	1
etrafimdaki	etrafındaki	1
yazilacaktur	yazılacaktur	1
gonderiyordu	gönderiyordu	1
Şaban'in	Şaban'ın	1
Äli'den	Ali'den	1
aradam	aradan	1
dudaklarins	dudaklarını	1
çiktan	çıktım	1
takmis	takmış	1
yiliklarim	yılıklarım	1
kormuzi	körmuzı	1
çapanlarini	çapanlarını	1
koildim	koıldım	1
siyla	sıyla	1
Türk’u	Türk’ü	1
Iriyarn	İriyarn	1
Operek	Öperek	1
burakmadilar	burakmadılar	1
satrlari	satrları	1
lälelerinden	lalelerinden	1
musaade	müsaade	1
kolmig	kolmıg	1
boguma	boşuna	1
nesini	Nesimi	1
yaptigo	yaptıgo	1
ismarladam	ısmarladam	1
Anarhoy'daki	Anarhoy'dakı	1
Başkumandanu	Başkumandan	1
yazdigumuz	yazdığımız	1
häki	haki	1
çikarms	çıkarms	1
kararumu	kararını	1
sarasina	sırasına	1
dudaklarsnda	dudaklarında	1
kollarnn	kolların	1
Dâreynin	Dareynin	1
melegi!	meleği!	1
binäen	binaen	1
gelecegine	geleceğine	1
silählarim	silahların	1
Eşikagasi'nu	Eşikagası'nu	1
çagorttim	çağorttım	1
ihtiyarligina	ihtiyarlıgına	1
yahsi	yahsı	1
itäatle	itaatle	1
karismayo	karışmayo	1
inh	rih	1
kigilere	kişilere	1
bildirdigimden	bildirdiğimden	1
Kazalinca	Kazalınca	1
bastigami	bastıgamı	1
yazdiracagm	yazdıracagm	1
çukmis	çıkmış	1
Yagma	Yağma	1
yatarum	yatırım	1
Korkmug	Korkmuş	1
kazdirp	kazdırp	1
baskun	baskın	1
Abdulkadir	Abdülkadir	1
aten	iten	1
Şiräbäd'a	Şirabad'a	1
başlamigtur	başlamıgtur	1
alayn	alayın	1
bolügu	bölüğü	1
karargäh	karargah	1
kalmays	kalmayı	1
göndermistir	göndermiştir	1
Lätuf	Latif	1
iyilesmekte	iyileşmekte	1
güclesmektedir	güçlesmektedir	1
namazin	namazın	1
uyandirdgum	uyandırdgum	1
teakin	teakın	1
sultarum	sultanın	1
Siräbad	Şirabad	1
Soylece	Şöylece	1
lig	lis	1
vardiklan	vardıkları	1
kimu	kimi	1
vicudumun	viçudumun	1
dişünür	dışünür	1
Asékir	Asekir	1
kasabasanun	kasabasının	1
sardigum	sardıgum	1
altunu	altını	1
Ondeki	Öndeki	1
karlangielarn	karlangıelarn	1
civiltilarnu	cıvıltılarnu	1
tenbel	tembel	1
kesiyorlarmig	kesiyorlarmıg	1
şünmedigim	sunmedigim	1
yerlestiler	yerleştiler	1
kulagumda	kulağında	1
Isläm's	İslam'ı	1
çakageldigimi	cakageldigimi	1
kaldiguni	kaldığını	1
ayagins	ayağını	1
Guzelim	Güzelim	1
kemiginin	kemiğinin	1
Hüdä'nin	Hüda'nın	1
kazdirdim	kazdırdım	1
gone	görme	1
gelisi	gelişi	1
nizämi	nizami	1
Husan	Hüsn	1
Şirübad	Sirübad	1
Conki	Conkı	1
Ihtiyaten	İhtiyaten	1
yahzi	yahzı	1
koklarim	koklarım	1
ihtiläleiler	ihtilaleiler	1
çocuklarm	çocukları	1
bulunduklans	bulundukları	1
müläzimunin	mülazımunın	1
yazdigo	yazdıgo	1
bagladigaru	bağladıgaru	1
yardimeim	yardımeim	1
Geceyarist	Geceyarıst	1
kalibs	kalıbs	1
degistirdikten	değiştirdikten	1
minin	mının	1
aklna	aklına	1
Vaksa	Vakıa	1
Unu	Ünü	1
sinirim	sınırın	1
silähsuz	silahsız	1
aldigunu	aldığını	1
vermedigini	vermediğini	1
häin	hain	1
kuvvetlerimi	kuvvetlerini	1
verilememis	verilememiş	1
kuzdim	kuzdım	1
Azukabaşalig	Azukabaşalıg	1
kuldigamuz	kuldıgamuz	1
yataştardi	yataştardı	1
yariss	yarısı	1
bohçanin	bohçanın	1
rastgeldiginden	rastgeldiğinden	1
varmistar	varmıştır	1
olamyor	olamıyor	1
benligin	benliğin	1
izâm	izin	1
Kuşlaga	Kulağa	1
yaklagtikta	yaklagtıkta	1
cikt	çıkt	1
tavarla	tavırla	1
yaparsm	yaparım	1
silählarini	silahlarını	1
tavirh	tavırh	1
takmu	takım	1
takminu	takriri	1
Läzim	Lazım	1
anlagalmis	anlagalmıs	1
kasmi	kısmı	1
flk	fik	1
bugünku	bugünkü	1
busbütün	büsbütün	1
baskadir	başkadır	1
silähhlar	silahhlar	1
Karlik'tan	Karlık'tan	1
müdafaass	müdafaası	1
Baglarinda	Başlarında	1
Yüzbasa	Yüzbaşı	1
alşmamas	almamış	1
çekiyorlardi	çekiyorlardı	1
Mirsadiden	Mirsadıden	1
sitäh	sıtah	1
kaldm	kaldım	1
Hakiyan'daki	Hakiyan'dakı	1
kosmasini	koşmasını	1
anlattagina	anlattığına	1
hayät	hayat	1
isteris	istemiş	1
fesadindan	fesadından	1
geçemeyecegim	geçemeyeceğim	1
ayrilmayarak	ayrılmayarak	1
Korbasi'nin	Korbaşı'nın	1
etmislorse	etmişlorse	1
parmagonin	parmagonın	1
açms	için	1
cagurds	çağırdı	1
mülâtindan	mülatından	1
mübädele	mübadele	1
arkadaslarina	arkadaşlarına	1
tüfeginin	tüfeğinin	1
muntazara	muntazam	1
teskiline	teşkiline	1
ordiusunun	ordusunun	1
esâsunu	esasını	1
güni	gün	1
yalancs	yalancı	1
degistiren	değiştiren	1
kibç	kıbç	1
yatarip	yatarıp	1
çaktm	çıktım	1
atta	attı	1
anlattu	anlattı	1
kuşlagin	kuşlagın	1
Hodâ'nin	Hodâ'nın	1
agaclar	ağaçlar	1
dagtalmig	dağtalmıg	1
kaslaktaki	kaşlaktakı	1
olacagma	olacağım	1
yazinca	yazınca	1
düsecektir	düşecektir	1
oturmasinin	oturmasının	1
yuvarlamaktadirlar	yuvarlamaktadırlar	1
iyiligine	iyiliğine	1
kanivim	kanıvım	1
karşak	kırmak	1
yazdigin	yazdığım	1
kaldagama	kaldığına	1
sikunt	sıkunt	1
anlasalip	anlasalıp	1
yanuniza	yanımıza	1
arusnda	anında	1
kalmaat	kanaat	1
silählarimazs	silahlarımazs	1
sarasa	sırası	1
kalktigimda	kalktığımda	1
Açal	Acil	1
binbasa	binbaşı	1
basu	başı	1
Sora	Son	1
sehirlerini	şehirlerini	1
efrädindan	efradından	1
kaçmi	kaçmı	1
manzarass	manzarası	1
Simass	Şinasi	1
kanb	karib	1
bam	bin	1
Arsioes	Arşıoes	1
Harekäta	Harekata	1
tutulmug	tutulmuş	1
dudagiyla	dudağıyla	1
girmistir	girmiştir	1
hahis	hahiş	1
topragina	toprağına	1
baslamislar	başlamışlar	1
toparlanmaktadir	toparlanmaktadır	1
satişacagiz	satışacagız	1
hayatm	hayatım	1
Hersey	Herşey	1
hasit	hasıt	1
Palsandlari'ndan	Palsandları'ndan	1
märidimdir	maridimdir	1
kandirp	kandırp	1
seyteri	şeyteri	1
cekiştirivorum	çekiştirivorum	1
huzh	hızlı	1
Deşt	Dest	1
saydirdigum	saydırdıgum	1
mizikasa	mızıkasa	1
karşıladim	karşıladım	1
samim	samimi	1
ediyormug	ediyormuş	1
taklmis	taklmıs	1
makaminca	makamınca	1
hayirladar	hayırladar	1
yerlegtirmek	yerleştirmek	1
kaçanlari	kaçanları	1
Serif'te	Şerif'te	1
istemeyecegim	istemeyeceğim	1
Karanhkta	Karanlıkta	1
Sirab'da	Sırab'da	1
bulunmadig	bulunmadıg	1
bozduklari	bozdukları	1
giristik	giriştik	1
yükselmigti	yükselmişti	1
yollarinu	yollarını	1
huücum	hücum	1
biçäreler	biçareler	1
Yüzbaşass	Yüzbaşısı	1
Müläzim	Mülazım	1
Näzrs	Nazım	1
inkisäf	inkişaf	1
kaçanlarin	kaçanların	1
Bik	Bık	1
intizär	intizar	1
taraftarlarmin	taraftarlarını	1
Pasagolbagin	Paşagolbagın	1
yazdigan	yazdığım	1
soylemigti	söylemişti	1
uyandarmak	uyandırmak	1
hazurlandigim	hazurlandıgım	1
düsmanu	düşman	1
tesvikatayla	teşvikatayla	1
ahvälin	ahvalin	1
Bär	Bir	1
dügmanlarla	düşmanlarla	1
hazurlanyor	hazırlanıyor	1
mütehavvil	mütehavvıl	1
cocuklarum	çocukların	1
takminin	takımının	1
kaçtigum	kaçtıgum	1
kisminun	kısmının	1
gidis	gidiş	1
bulunduklars	bulundukları	1
kaçtigin	kaçtığın	1
Palsandlar'in	Palsandlar'ın	1
muvafakatimi	muvafakatımı	1
cezäss	cezası	1
toplanmamizs	toplanmamızs	1
teçvikte	tecvikte	1
yüregine	yüreğine	1
basalim	basalım	1
Omuzlarinun	Omuzlarınun	1
kaçmıs	kaçmış	1
toplamus	toplamış	1
Palsandi	Palsandı	1
bozulacagin	bozulacağın	1
simas	sınai	1
Muhyiddin'e	Muhyıddın'e	1
karsaladim	karsaladım	1
intihäbs	intihabı	1
bittigini	bittiğini	1
yazihp	yazılıp	1
maslahatina	maslahatına	1
maslahatin	maslahatın	1
yanumuzdadir	yanumuzdadır	1
karmakarisak	karmakarışık	1
karargähu	karargâhı	1
tuhafi	tuhafı	1
çıkardà	çıkardı	1
Yarunda	Yanında	1
alinmass	alınması	1
nüfüzuma	nüfuzuna	1
kaidi	kaidı	1
ayrildh	ayrıldh	1
yanundadir	yanundadır	1
ealihasanun	ealıhasanun	1
Ibrabim'e	İbrabım'e	1
gittikge	gittikçe	1
kalmusta	kalmıştı	1
mahvi	mahvı	1
çagurdm	çağırdım	1
yanumza	yanımıza	1
esashi	esashı	1
alriz	alrız	1
yazilmig	yazılmış	1
Hudä'nin	Hüda'nın	1
kuma	kimi	1
olmadagndan	olmadığından	1
iştiy	istiy	1
häkimi	hakimi	1
cikup	çıkıp	1
telâs	telaş	1
kaçtiklars	kaçtıklars	1
çalgan	çılgın	1
çahsayorum	çalışıyorum	1
yatagumi	yatagumı	1
neväzişkär	nevazışkär	1
dinlerim	dinlerin	1
Teb'amuzdansiniz	Teb'amuzdansınız	1
adamlarins	adamlarını	1
alacaklarn	alacakları	1
sasirdi	şaşırdı	1
padisaha	padişaha	1
karse	kaime	1
yazmadik	yazmadık	1
mektuplarfil	mektuplarfıl	1
mechuliyet	meçhuliyet	1
topraginda	toprağında	1
sakalim	sakalım	1
düsunduk	düşündük	1
kançik	kancık	1
anlattuguna	anlattığına	1
yaramadi	yaramadı	1
Ärifin	Arifin	1
baglamasaydim	bağlamasaydım	1
burakurdim	burakurdım	1
fotografim	fotoğrafım	1
umel	mel	1
Kutbüddin'i	Kutbuddın'ı	1
hayatanIn	hayatının	1
taallokatinin	taallokatının	1
sakantida	şakantıda	1
kilmus	kurmuş	1
buhranh	buhranlı	1
yardimun	yardımın	1
arass	arası	1
etrois	etroıs	1
zoria	zorıa	1
karas	karış	1
Nâzurs	Nazırı	1
olmasundan	olmasından	1
yapaam	yapan	1
käffesinin	kaffesinin	1
sikoşarsa	sıkoşarsa	1
degi	deği	1
bikär	bıkar	1
sadikane	sadıkane	1
neväziglerini	nevazıglerini	1
bamsmig	bamsmıg	1
çalsşmas	çalışmış	1
Levâzum	Levazım	1
Semerkand'daki	Semerkand'dakı	1
Binbaşs	Binbaşı	1
Yanuna	Yanına	1
Kazaklar'indan	Kazaklar'ından	1
Egikagasa'nu	Eğikagasa'nu	1
binbagilk	binbagılk	1
cansnu	canını	1
hazrhik	hazrhık	1
burakmadgumi	burakmadgumı	1
ansizun	ansızın	1
Çiktum	Çıktım	1
emrimi	emrini	1
Abdüleebbar'in	Abdüleebbar'ın	1
aldiklarndan	aldıklarndan	1
kaçacaklardir	kaçacaklardır	1
harsaz	hırsız	1
gormeye	görmeye	1
kurtarmus	kurtarmış	1
çaktagindan	çıktığından	1
sarapnel	şarapnel	1
attiklarndan	attıklarndan	1
cakmass	çıkması	1
atumin	atının	1
namazlarini	namazlarını	1
kilarak	kılarak	1
baraksyor	bırakıyor	1
kac	kaç	1
Başum	Basım	1
karmakarigak	karmakarıgak	1
silählarum	silahların	1
sözümun	sözünün	1
kalsm	kalın	1
olmasimi	olmasını	1
ricasina	ricasına	1
askerime	askerine	1
karşisanda	karşısında	1
Buharalilar'a	Buharalılar'a	1
ksm	kim	1
vardigs	vardığı	1
arizasinu	arizasınu	1
süphelenmekteyim	şüphelenmekteyim	1
gitmemis	gitmemiş	1
mübälägah	mübalağalı	1
athinun	athınun	1
karanmi	kararın	1
karsımda	karşımda	1
satirlarn	satırları	1
agrliklarn	agrlıklarn	1
gündermeyi	gundermeyi	1
yoldasaniz	yoldaşanız	1
açuk	açık	1
birakur	bırakır	1
ultimatomumla	ültimatomumla	1
çalismaktadir	çalışmaktadır	1
Canum	Canım	1
Abdülcebbar'in	Abdülcebbar'ın	1
sakalip	sakalıp	1
okaayip	okaayıp	1
görügelim	görüşelim	1
Hattunda	Hattında	1
onlaru	onları	1
askerimi	askerini	1
mevcudumun	mevcudunun	1
diyla	dıyla	1
cânibine	canibine	1
yazalmıs	yazılmış	1
hirkag	hırkag	1
ekaik	ekaık	1
telAs	telaş	1
gelmedigi	gelmediği	1
Podisah	Podısah	1
kilacagndan	kılacagndan	1
kaçrip	kaçrıp	1
kalmuşti	kalmıştı	1
takumlarn	takımları	1
almuşlardi	almışlardı	1
korkmamasini	korkmamasını	1
uzaklastrdim	uzaklaştrdım	1
harekâtna	harekatın	1
kargilamak	karşılamak	1
hazirlanmaktaym	hazırlanmaktaym	1
mihmanlar	mıhmanlar	1
Beyligi'ni	Beyliği'ni	1
egikagass	eğikagass	1
dişaryla	dışaryla	1
edevät	edevat	1
läyani	layan	1
tufekçi	tüfekçi	1
anlagaldi	anlagaldı	1
Ikci	İkçi	1
degistirttim	değiştirttim	1
etmedigimden	etmediğimden	1
Padigah	Padişah	1
olmays	olmayı	1
olmayacakts	olmayacaktı	1
kaçtagindan	kaçtagından	1
oldugunuz	olduğunuz	1
Bolgevikleri	Bölgevikleri	1
Zannimca	Zannımca	1
Ruslarf'in	Ruslarf'ın	1
kut'asi	kut'ası	1
anlagilds	anlagılds	1
kaçms	kaçmış	1
Fazileddin'in	Fazıleddin'in	1
tüfegimle	tüfeğimle	1
varmasini	varmasını	1
oklarini	oklarını	1
Yavrularima	Yavrularıma	1
Emlaki'nde	Emlâki'nde	1
Kişlağ	Kışlag	1
cekilmenin	çekilmenin	1
baslarlar	başlarlar	1
Çaik	Çük	1
silâhsiz	silahsız	1
Şirken'e	Şırken'e	1
olduklararu	olduklarını	1
ategiyle	ateşiyle	1
suväri	süvari	1
Süväri	Süvari	1
ozerine	özerine	1
Argamçi'daki	Argamçı'dakı	1
aldanmadim	aldanmadım	1
yarundaki	yanındaki	1
süvärisi	süvarisi	1
durmus	durmuş	1
kişlaga	kulağa	1
Ismail'in	İsmail'in	1
getirmisti	getirmişti	1
hasladiga	haşladıga	1
saldirdum	saldırdum	1
kargikhkta	kargıkhkta	1
süvärisinin	süvarisinin	1
süvärinin	süvarinin	1
onüne	önüne	1
vardm	vardım	1
koydugunu	koyduğunu	1
donmek	dönmek	1
almustum	almıştım	1
kalmamsta	kalmamıştı	1
kismda	kısımda	1
gekilmigti	çekilmişti	1
süvârisi	süvarisi	1
yaklaştig	yaklaştıg	1
yakinlg	yakınlg	1
silähauzlara	silahauzlara	1
Läkay'in	Lakay'ın	1
kislakta	kışlakta	1
cenahin	cenahın	1
cukilmeye	çükilmeye	1
öntimü	ontımü	1
husn	hüsn	1
mütidir	mutidir	1
anladm	anladım	1
yapacaklaranu	yapacaklarını	1
gorüp	görüp	1
yigna	yığın	1
kalacaktim	kalacaktım	1
Kislagr'na	Kışlagr'na	1
kayisi	kayısı	1
kislaklaruna	kışlaklaruna	1
saptim	saptım	1
karnamiza	karnamıza	1
Çarikäran'da	Çarıkäran'da	1
havlamasindan	havlamasından	1
canims	canım	1
vapurlars	vapurları	1
onlerinde	önlerinde	1
fenalagmig	fenalagmıg	1
Käfimihan	Kafimihan	1
Cilligöl'e	Çilligöl'e	1
irtibatumi	irtibatumı	1
alinm	alınm	1
Vahs'in	Vahş'ın	1
ahälisi	ahalisi	1
düşt	dut	1
silähum	silahum	1
ikiyuzlü	ikiyüzlü	1
geytan	şeytan	1
Deryà	Derya	1
yazilmistur	yazılmıştır	1
Cilligol'de	Çilligöl'de	1
teläkkisine	telakkisine	1
carum	çarın	1
cakiyor	çıkıyor	1
sergerdanlik	sergerdanlık	1
doçünceni	docunceni	1
Gaibi	Gaıbı	1
ikan	ikin	1
atlarm	atları	1
Dagistanbdir	Dağıstanbdır	1
yürüyüsteyim	yürüyüşteyim	1
yarahlarun	yaralıların	1
imaläthane	imalathane	1
bakuldiguns	baküldiguns	1
istirhamimu	istirhamımu	1
calgiyorsun	çalgıyorsun	1
Hada	Hadi	1
yapilmaktadur	yapılmaktadır	1
baglar	bağlar	1
aralaruna	aralarına	1
yapalmaktadir	yapılmaktadır	1
emegi	emeği	1
degigtirecek	değiştirecek	1
sikiştarlmig	sıkıştarlmıg	1
koprü	köprü	1
gônderdigi	gönderdiği	1
kadaruna	kadarını	1
parçadir	parçadır	1
güines	güneş	1
Golu	Gölü	1
zayflarinan	zayflarınan	1
baklmadgindan	baklmadgından	1
edecegimizden	edeceğimizden	1
yatsidan	yatsıdan	1
kilacagum	kılacagum	1
sikontil	sıkontıl	1
Korgan	Korsan	1
nakh	nakli	1
olunmasanu	olunmasını	1
tmâ	tin	1
rühiye	ruhiye	1
hayatanda	hayatında	1
mäsum	masum	1
nusratin	nusratın	1
degiyor	değiyor	1
Satilmus	Satılmış	1
maneviyâtum	maneviyatum	1
maddiyâtum	maddiyatum	1
elyazisayla	elyazısayla	1
inkisär	inkisar	1
iml	mil	1
paramin	paranın	1
häletlerine	haletlerine	1
anlastiklarini	anlaştıklarını	1
karsusmdaki	karşısındaki	1
koyduklars	koydukları	1
orays	orayı	1
bagına	başına	1
kazdhrdigm	kazdhrdıgm	1
oynamalarina	oynamalarına	1
atmasins	atmasıns	1
Kalé	Kilo	1
nişanci	nişancı	1
yaklaşmus	yaklaşmış	1
anlattigna	anlattığına	1
gelmisler	gelmişler	1
Danyall'in	Danyall'ın	1
çakardilar	çıkardılar	1
karsalak	karşılık	1
athilar	athılar	1
soziliyordu	söziliyordu	1
iatediginden	ıatediginden	1
kacıp	kaçıp	1
sarsalm	sarsan	1
Dügmandan	Düşmandan	1
gorecekmig	görecekmig	1
surtlaranda	sırtlarında	1
athlars	atlıları	1
alacakaranlikla	alacakaranlıkla	1
cikngum	çıkngum	1
yürirler	yurirler	1
etamediler	etmediler	1
cekildiler	çekildiler	1
Kişlagr'nda	Kışlagr'nda	1
açukta	açıkta	1
gectigini	geçtiğini	1
Hudâ'nin	Hüda'nın	1
olasmiz	olasmız	1
Satilmis	Satılmış	1
düsmanan	düşmanın	1
ahvälini	ahvalini	1
dugmana	düşmana	1
çekildigimi	çekildiğini	1
disman	duman	1
athsim	athsım	1
düsürmekti	düşürmekti	1
Düsmanan	Düşmanın	1
Satilmus'n	Satılmus'n	1
yuldizlar	yıldızlar	1
agacn	ağacın	1
yukarisundaki	yukarısundakı	1
mleden	neden	1
cakmuyor	çıkmıyor	1
yazmıg	yazmış	1
sükün	sükun	1
imkänsazhgins	imkansazhgıns	1
tabbiye	tıbbiye	1
Bolsevikler'e	Bolşevikler'e	1
topladigim	topladığım	1
ciçeklerinden	çiçeklerinden	1
yattigum	yattıgum	1
kopardigam	kopardıgam	1
kamla	kanlı	1
olacagnu	olacağım	1
saklanmis	saklanmış	1
Satalmig	Satalmıg	1
kolagin	kolagın	1
garbandaki	garbandakı	1
kargiki	kargıkı	1
varamadik	varamadık	1
Livasa	Livası	1
alays	alayı	1
altunca	altıncı	1
bulunuyormus	bulunuyormuş	1
ediyorlarmas	ediyorlarmış	1
kaçtigams	kaçtığını	1
Istievab	İstievab	1
lagvedilerek	lağvedilerek	1
beçinci	becinci	1
Tirmiz'de	Tırmız'de	1
yaptaklan	yaptıkları	1
kumandanunun	kumandanının	1
gelisine	gelişine	1
bakahrsa	bakılırsa	1
müsavir	müşavir	1
münäsebet	münasebet	1
kisilerle	kişilerle	1
kasmina	kısmını	1
Saherdi	Şaherdi	1
yahlarinda	yahlarında	1
gocuklugu	çocukluğu	1
Sehzade	Şehzade	1
Serafeddin	Şerafeddin	1
bagu	bağı	1
cocuigu	çocuğu	1
Nioete	Nıoete	1
aymlmasindan	ayrılmasından	1
Fotograf	Fotoğraf	1
çektirdigi	çektirdiği	1
Moskova'dakittihadglar	Moskova'dakıttıhadglar	1
fotografa	fotoğrafı	1
Usteki	Üsteki	1
seogili	seogılı	1
cektirip	çektirip	1
ginderdigi	ğinderdigi	1
Tesrinevoel	Teşrinevoel	1
imzaladags	imzaladığı	1
Pig	Pis	1
Fotografi	Fotoğrafı	1
uniformas	üniformas	1
Seugili	Seugılı	1
ögreneiler	öğreneiler	1
koclarin	koçların	1
Hanedanu'nun	Hanedanı'nın	1
hükumdan	hükümdan	1
Mangit	Mangıt	1
Icigleri	İçişleri	1
Bakana	Bakanı	1
cekmis	çekmiş	1
Aailuag	Aaıluag	1
Prokudin	Prokudın	1
sagda	sağda	1
angriakini	angrıakını	1
mektuplaruna	mektuplarını	1
kurunikalemle	kurunıkalemle	1
Arahik	Arahık	1
BAng	Barış	1
aaipzu	aaıpzu	1
kägidhnun	kağıdhnun	1
yazasinun	yazasınun	1
Mäinkes	Mainkes	1
EMPIRE	EMPİRE	1
Cig9	Çiğ9	1
Gerwrais	Gerwraıs	1
yazdigh	yazdıgh	1
buduri	budurı	1
Satilm	Satılm	1
ustte	üstte	1
ciçekler	çiçekler	1
sarasinda	sırasında	1
Dâmäd	Damad	1
cizimi	çizimi	1
kullandgi	kullandgı	1
yazils	yazılı	1
ungie	ungıe	1
mezars	mezarı	1
igerisinde	içerisinde	1
Efondi	Efondı	1
Cavis	Çaviş	1
Abdulmecid	Abdülmecid	1
Abdürregid	Abdurregid	1
Agildh	Ağıldh	1
Päk	Pak	1
Köyu	Köyü	1
Munhedesi	Münhedesi	1
Esikagasa	Eşikagasa	1
Mihailovig	Mihailovıg	1
Bubara'daki	Bubara'dakı	1
Dagian	Dağıan	1
Amadolu	Anadolu	1
Kommigt	Kommıgt	1
Ankarn	İmkan	1
Meydaru	Meydan	1
Daga	Dağa	1
Asyu	Uyu	1
Purtisi	Pürtisi	1
Pbrahimof	Pbrahımof	1
Beyligs	Beyliği	1
Atà	Ata	1
Azix	Azıx	1
Agireti	Aşireti	1
Koyü	Köyü	1
Sakir	Şakir	1
Bagcardiak	Bağcardıak	1
Baskardistan	Başkardıstan	1
Bagyenikiy	Bağyenikiy	1
Karyeai	Karyeaı	1
Bidiyär	Bıdıyär	1
Bardur	Birdir	1
Sirketi	Şirketi	1
Ang	Ans	1
Cenübi	Cenubi	1
Cerkiez	Çerkiez	1
Cunka	Çünki	1
Cillikoy	Çillikoy	1
Dagistan	Dağıstan	1
Gegidi	Geçidi	1
Degt	Dest	1
Edimne	Edinme	1
Ertugrul	Ertuğrul	1
Esnd	End	1
Harum	Hanım	1
Frans	Fran	1
Mahsum	Malum	1
Misrll	Mısrll	1
Gorum	Sorun	1
Galäb	Galib	1
Gol	Göl	1
Behic	Behiç	1
Cavug	Çavuş	1
Pohlivan	Pohlıvan	1
kisiler	kişiler	1
Sivari	Sıvarı	1
Efends	Efendi	1
Hüsnu	Hüsnü	1
Idlihdere	Idlıhdere	1
Ihatiläl	İhatıläl	1
Inönu	İnönü	1
Iranh	İranlı	1
Harekats	Harekatı	1
Isklanski	İsklanskı	1
lsvicre	İsviçre	1
Sohrisy	Sohrısy	1
Kutbuddlin	Kutbuddlın	1
lsnn	linin	1
Torakki	Torakkı	1
Kähil	Kahil	1
Daglan	Dağları	1
Partaleri	Partileri	1
firnihan	fırnıhan	1
Komfinist	Komfınıst	1
Meydam	Meydan	1
Kame	Kime	1
Kalkayti	Kalkaytı	1
Kanstorovic	Kanştorovıc	1
Küyn	Kıyım	1
Karnsu	Karısı	1
Karahindi	Karahındı	1
Karliklar	Karlıklar	1
Kahg	Kalış	1
Kanig	Karış	1
Kirsak	Kırmak	1
Kralice	Kraliçe	1
Istihkäma	İstihkam	1
Basmacilan	Basmacılan	1
Kirgizlar	Kırgızlar	1
Kirm	Kırm	1
Kirgi	Kırgı	1
Kontorovig	Kontorovıg	1
Köstrin	Koştrın	1
Kus	Kuş	1
Daglars	Dağları	1
Kütayis	Kutayıs	1
Laysk	Layık	1
Laman	Liman	1
Latvanya	Litvanya	1
faläm	falan	1
Lamartin	Lamartın	1
Läylikan	Laylıkan	1
Lespaig	Lespaıg	1
Latvinof	Latvınof	1
Mae	Ne	1
Latfi	Latfı	1
Agn	Asım	1
Manaur	Mamur	1
Tarxi	Tarxı	1
Kuslak	Kulak	1
aahabi	aahabı	1
Profusir	Profusır	1
Mevläna	Mevlana	1
Çank	Canik	1
Mirähur	Mirahur	1
Soyfeddin	Söyfeddin	1
Egikagasa	Eğikagasa	1
Sürass	Şurası	1
Nädir	Nadir	1
Mügavirü	Muğavırü	1
Mokova'daki	Mokova'dakı	1
Esref	Eşref	1
Cars	Çarı	1
Nikolayevic	Nikolayeviç	1
Ordjonokizde	Ordjonokızde	1
Ortayia	Ortayıa	1
kcâtibi	kçatıbı	1
Peste	Peşte	1
Orozi	Orozı	1
Hükiyan	Hükıyan	1
Cerkes	Çerkes	1
Rakofslki	Rakofslkı	1
Ruzn	Mizin	1
Rign	Niçin	1
Runn	Rinin	1
Säbirean	Sabirean	1
Regad	Reşad	1
Selähaddin	Selâhaddin	1
Silrigeeit	Sılrıgeeit	1
Muharebess	Muharebesi	1
Suhhi	Sıhhi	1
Swinosjicie	Swinosjıcıe	1
Säh	Şah	1
Kongresa	Kongresi	1
Semsi	Şemsi	1
Samil	Şamil	1
Sablinof	Sablınof	1
Sehriyar	Şehriyar	1
Serafettin	Şerâfettin	1
Sirken	Şırken	1
Sürs	Suri	1
Mezarhib	Mezarhıb	1
Talàt	Talat	1
Takioyuddin	Takioyuddın	1
Tarsk	Tarık	1
Tagbuladik	Tagbuladık	1
Manastarh	Manastırlı	1
Tataristan	Tatarıstan	1
Topcu	Topçu	1
Tirmia	Tırmıa	1
Trocki	Troçki	1
Cini	Çini	1
Ufa	İfa	1
Umm	Nin	1
Vargova	Varşova	1
Viläyat	Vilayat	1
Turkiye'do	Türkiye'do	1
Sarkiyye	Şarkiyye	1
Montépin	Montepin	1
Yukars	Yukarı	1
Yumus	Yunus	1
Zagalinski	Zagalınskı	1
Naye	Niye	1
derms	demiş	1
ask	aşk	1
Baglanimn	Bağlanımn	1
atrmci	atrmcı	1
sigm	sığm	1
haunda	Harndi	1
lanms	ların	1
mail	nail	1
Mekhuplannin	Mekhuplannın	1
koymakli	koymaklı	1
edecegitin	edeceğitin	1
gunigumene	günigumene	1
sogivor	sogıvor	1
disndierini	dışndıerini	1
porduienni	porduıenni	1
saklanmasin	saklanmasın	1
Rage	İmge	1
taralinao	taralınao	1
Pasaain	Paşaaın	1
agmian	agmıan	1
