original	corrected	count
Paça'nin	Paça'nın	30
Şahbaba'nin	Şahbaba'nın	24
yaptiğ	yaptığ	23
Remo'daki	Remo'dakı	22
hilâfeti	hilafeti	22
olmadiğ	olmadıg	19
hilâfetin	hilafetin	19
karçi	karçı	18
bakniz	baknız	17
veliahdi	veliahdı	15
yazdiğ	yazdıg	14
veliahdin	veliahdın	14
Izmirin	İzmirin	14
hatiralarnda	hatıralarnda	13
aldiğ	aldığ	12
yazamadim	yazamadım	12
Paça’nin	Paça’nın	12
Sabihaciğim	Sabihacığım	12
okunamadi	okunamadı	12
Abdülâziz	Abdülaziz	11
buyurmanizi	buyurmanızı	10
yazacakti	yazacaktı	10
Şahbaba’nin	Şahbaba’nın	10
Feryadim	Feryadım	10
Fazile	Fazıle	9
hatiralarndan	hatıralarndan	9
dolaysiyla	dolaysıyla	8
Gayyasinda	Gayyasında	8
kizlarim	kızlarım	8
kaldiğ	kaldığ	8
yazacaktir	yazacaktır	8
imzalanmasindan	imzalanmasından	8
hilâfete	hilafete	8
musahib	musahıb	8
Bakanliğ	Bakanlığ	8
Salâhiye	Salahiye	8
Kadinefendi	Kadınefendi	7
kizlarndan	kızlarndan	7
Veliahdin	Veliahdın	7
yaptiklar	yaptıklar	7
Izmire	İzmire	7
anlatacakti	anlatacaktı	7
karçisinda	karçısında	7
Yildiz’a	Yıldız’a	7
Salâhaddin	Salahaddin	7
birhayli	birhaylı	6
kullandiğ	kullandığ	6
anlatacaktir	anlatacaktır	6
yakinliğl	yakınlığl	6
Dolaysiyla	Dolaysıyla	6
Saltanatsiz	Saltanatsız	6
şahânenin	şahanenin	6
andlaşmanin	andlaşmanın	6
buyurulmasini	buyurulmasını	6
hanedanimizin	hanedanımızın	6
çikartilmiştir	çıkartılmıştır	6
inçaallah	incaallah	6
villanin	villanın	6
Celîlesi'ne	Celilesi'ne	6
külâhini	külahını	5
Misira	Mısıra	5
biraktiğ	bıraktığ	5
yazdiklarnda	yazdıklarnda	5
yaşadiğ	yaşadığ	5
katindaki	katındaki	5
kizlarna	kızlarna	5
yaynladiğ	yaynladığ	5
Baltalimani'ndaki	Baltalimanı'ndakı	5
çıkarttiğ	çıkarttığ	5
saltanatini	saltanatını	5
elyazisiyla	elyazısıyla	5
istirhâm	istirham	5
yapildiğ	yapıldığ	5
Andlaşmasi	Andlaşması	5
Andlaşmasini	Andlaşmasını	5
andlaşmayi	andlaşmayı	5
Andlaşmasi’ni	Andlaşması’nı	5
çunlari	çünları	5
hanedanimiz	hanedanımız	5
mektuplarinizi	mektuplarınızı	5
Neslişah’in	Neslişah’ın	5
lâtif	latif	5
cevaplarini	cevaplarını	5
hilâfetini	hilafetini	5
ihtiyâr	ihtiyar	5
Islâmiye'nin	İslamiye'nin	5
vezâif	vezaif	5
Hatiratim	Hatıratım	5
Bakanliğr	Bakanlığr	5
Inşirah	İnşirah	4
yillarnda	yıllarnda	4
şartlarni	şartlarnı	4
yeraldiğ	yeraldığ	4
attiğ	attığ	4
ayaktaydi	ayaktaydı	4
çıktiğ	çıktığ	4
ayliğina	aylığına	4
çiktiğ	çıktığ	4
Misırin	Mısırın	4
baçladi	bacladı	4
sadrazaminin	sadrazamının	4
yapilyordu	yapılyordu	4
Misirda	Mısırda	4
macerasini	macerasını	4
Ibnülemin	İbnülemin	4
Asdik	Asdık	4
kurmasina	kurmasına	4
ziddina	zıddına	4
damadin	damadın	4
kit'a	kıt'a	4
olmadiğin	olmadığın	4
takbil	takbıl	4
Yildiz'daki	Yıldız'dakı	4
Hakk’in	Hakk’ın	4
çahanelerini	cahanelerini	4
selâmetini	selametini	4
Aralik'inda	Aralık'ında	4
silâhl	silahl	4
inanmiyordu	inanmıyordu	4
unutmayacağim	unutmayacağım	4
Sâdis	Sadis	4
imzaladilar	imzaladılar	4
Andlaşmanin	Andlaşmanın	4
hilâfetten	hilafetten	4
imkâninin	imkanının	4
Inzibatiyye	İnzibatiyye	4
Inzibatiyye'nin	İnzibatiyye'nin	4
Andlaşmasi'na	Andlaşması'na	4
yazidan	yazıdan	4
itimadina	itimadına	4
mükâfati	mükafatı	4
hâkipây	hakipây	4
Hilâfetin	Hilafetin	4
Osmanoğullari’nin	Osmanoğulları’nın	4
Kaçmadim	Kaçmadım	4
aldirmak	aldırmak	4
aldiklar	aldıklar	4
Misıra	Mısıra	4
hissiyatima	hissiyatıma	4
Kibris’a	Kıbrıs’a	4
satirlik	satırlık	4
birakirlarsa	bırakırlarsa	4
hassanin	hassanın	4
Carniolo	Carnıolo	4
Nazime	Nazıme	4
buyurmalarini	buyurmalarını	4
tafsilât	tafsilat	4
muntazirim	muntazırım	4
Islâmiyye	İslamiyye	4
Şehriyârî	Şehriyari	4
Sincanli	Sincanlı	4
Baltalimanli'dan	Baltalımanlı'dan	4
Ibrahim'le	İbrahim'le	3
giyabinda	gıyabında	3
gözardi	gözardı	3
Dumuzi	Dumuzı	3
yazdiklaryla	yazdıklaryla	3
aydinliğa	aydınlığa	3
başlikl	başlıkl	3
yazdiklarni	yazdıklarnı	3
anlatiyorlar	anlatıyorlar	3
yaşandiğ	yaşandığ	3
fenaliğa	fenalığa	3
karçiya	karçıya	3
vefatinda	vefatında	3
Nazikeda'nin	Nazikeda'nın	3
sarayndaki	sarayndakı	3
ayrntilar	ayrntılar	3
bilvasita	bilvasıta	3
yllarni	yllarnı	3
taniyanlar	tanıyanlar	3
zorluklarin	zorlukların	3
damadinin	damadının	3
Abdülâziz’in	Abdülaziz’in	3
bulunmadiğ	bulunmadığ	3
Isviçre'den	İsviçre'den	3
yazdiklarndan	yazdıklarndan	3
mehâlike	mehalike	3
selâmimi	selamımı	3
telgrafina	telgrafına	3
Perapalas’taki	Perapalas’takı	3
lâubali	laubali	3
selâmlayiniz	selamlayınız	3
çartiyle	çartıyle	3
etrafindakilere	etrafındakilere	3
Kumandanliğl’ndan	Kumandanlığl’ndan	3
lâkabi	lakabı	3
yapilacağ	yapılacağ	3
yazdiklar	yazdıklar	3
Ittihadçılarin	İttihadcıların	3
siralamasinda	sıralamasında	3
delâletiyle	delaletiyle	3
veliahdliğinda	veliahdlığında	3
varliğ	varlığ	3
imzalandiğ	imzalandığ	3
vatanimin	vatanımın	3
teshilât	teshilat	3
yolladiğ	yolladığ	3
imzalanmasini	imzalanmasını	3
Ingilizler'den	İngilizler'den	3
çartlari	çartları	3
Okday’in	Okday’ın	3
ecdâdimizin	ecdadımızın	3
yadigâri	yadigârı	3
çerefi	cerefi	3
olmamasiydi	olmamasıydı	3
iltifati	iltifatı	3
selâmina	selamına	3
ayrlmiş	ayrlmış	3
selâmlikta	selamlıkta	3
selâmliğina	selamlığına	3
imzaladiğ	imzaladığ	3
fotoğraflarni	fotoğraflarnı	3
yazilydi	yazılydı	3
Hatiralarnda	Hatıralarnda	3
hilâfetpenâhî	hilafetpenahi	3
yolladiğn	yolladığn	3
rastlayamadim	rastlayamadım	3
imzalamişti	imzalamıştı	3
Islamlarin	İslamların	3
tutulacaktir	tutulacaktır	3
politikasindan	politikasından	3
imzasinin	imzasının	3
fikrasi	fıkrası	3
idamlarina	idamlarına	3
yargilanmak	yargılanmak	3
olmadiğl	olmadıgl	3
kararliydim	kararlıydım	3
kazanacakti	kazanacaktı	3
Izmirde	İzmirde	3
hakkimizin	hakkımızın	3
imzalanmasina	imzalanmasına	3
aldatilmişti	aldatılmıştı	3
muhteviyatini	muhteviyatını	3
kirâmimizin	kiramımızın	3
aldiğl	aldığl	3
mikdarini	mikdarını	3
evlâdiniz	evladınız	3
affinizi	affınızı	3
kalmiştim	kalmıştım	3
kayinpederime	kayınpederime	3
mahlasli	mahlaslı	3
zorlamasiyla	zorlamasıyla	3
vatanima	vatanıma	3
yatiyla	yatıyla	3
vasitayla	vasıtayla	3
hilâfetpenâhi	hilafetpenahi	3
ayriliğin	ayrılığın	3
hükümdarlarina	hükümdarlarına	3
dişarya	dışarya	3
sadasiz	sadasız	3
kurtaracağini	kurtaracağını	3
taniyacak	tanıyacak	3
saltanatina	saltanatına	3
ağirliğinda	ağırlığında	3
efradini	efradını	3
yazmayacağim	yazmayacağım	3
âlicenâbâne	alicenâbâne	3
unvanindan	unvanından	3
müracaatini	müracaatını	3
Hissiyatima	Hissiyatıma	3
hirpalamaktan	hırpalamaktan	3
yanaklarindan	yanaklarından	3
yazmami	yazmamı	3
Hümeyra’nin	Hümeyra’nın	3
âfiyet	afiyet	3
yanaklarini	yanaklarını	3
sihhatte	sıhhatte	3
vatanimdan	vatanımdan	3
villasi	villası	3
Cenova'daki	Cenova'dakı	3
mektuplarimin	mektuplarımın	3
efradindan	efradından	3
yazdiklarimi	yazdıklarımı	3
hissiyatimi	hissiyatımı	3
vasitanla	vasıtanla	3
Boy'in	Böy'in	3
Remo’daki	Remo’dakı	3
kadinlarini	kadınlarını	3
olduklarni	olduklarnı	3
yaynlanmasi	yaynlanması	3
Hanedani'na	Hanedanı'na	3
Hilâfetçi	Hilafetçi	3
imrâr	imrar	3
mektublarinizi	mektublarınızı	3
vâcibu'l	vacibu'l	3
intihabini	intihabını	3
hilâfetinin	hilafetinin	3
vatanina	vatanına	3
hifz	hıfz	3
vefatiyla	vefatıyla	3
tamamlanmamiş	tamamlanmamış	3
asabimi	asabımı	3
humayunlarina	hümayunlarına	3
mesâilde	mesailde	3
ibtidasinda	ibtidasında	3
ilâhiyeye	ilahiyeye	3
notlarindan	notlarından	3
Hakk'in	Hakk'ın	3
tevârih	tevarih	3
iştirâ	iştira	3
mehâkim	mehakim	3
sâbikadan	sabıkadan	3
Ifadelerin	İfadelerin	3
marali	maralı	3
Scalabrini	Scalabrını	3
inisyalleri	inişyalleri	2
uğraştilar	uğraştılar	2
Osmanoğullar’nin	Osmanoğullar’nın	2
drami	dramı	2
Sultanlar'in	Sultanlar'ın	2
boşadiğ	boşadığ	2
havagaziyla	havagazıyla	2
hatiralarindan	hatıralarından	2
konuşmaktadir	konuşmaktadır	2
tartişilacak	tartışılacak	2
ylinda	ylında	2
tarafiyla	tarafıyla	2
çalştim	çalştım	2
kalinacakmiş	kalınacakmış	2
baçlayip	baclayıp	2
kayplarini	kayplarını	2
Fazil'in	Fazıl'ın	2
yazilanlar	yazılanlar	2
hatiralarna	hatıralarna	2
yapildiğn	yapıldığn	2
yazilış	yazılış	2
ayrntilaryla	ayrntılaryla	2
kaçındim	kaçındım	2
durulmamiş	durulmamış	2
hatirlayanlar	hatırlayanlar	2
Şahbabalarinin	Şahbabalarının	2
alinmasiyla	alınmasıyla	2
sakladiğ	sakladığ	2
yaşiyormuşcasina	yaşıyormuşcasına	2
çikişlar	çıkışlar	2
zirhliya	zırhlıya	2
ağliyordu	ağlıyordu	2
payitahtiniza	payitahtınıza	2
yatişinca	yatışınca	2
uğraşmişti	uğraşmıştı	2
mizahin	mizahın	2
başlattiğ	başlattığ	2
saydiğ	saydığ	2
israfi	israfı	2
parasizlik	parasızlık	2
Serfiraz'in	Serfiraz'ın	2
hitabi	hitabı	2
suçladiğ	suçladığ	2
alnip	alnıp	2
anlaşilamayan	anlaşılamayan	2
zayfliğin	zayflığın	2
Saraylar'nin	Saraylar'nın	2
bestekârdi	bestekardı	2
padişahliğinda	padişahlığında	2
olmadiysa	olmadıysa	2
hattatti	hattattı	2
alndiğ	alndığ	2
taksimatini	taksimatını	2
yaşayanlarin	yaşayanların	2
kizindan	kızından	2
Haziran'inun	Haziran'ınun	2
Başkadinefendi	Başkadınefendi	2
yazihane	yazıhane	2
takimiyla	takımıyla	2
kiyafetde	kıyafetde	2
yaknliğn	yaknlığn	2
politikasidır	politikasıdır	2
hatalarin	hataların	2
politikamiz	politikamız	2
dağilmaktan	dağılmaktan	2
ricasini	ricasını	2
daysi	daysı	2
çikartiyor	çıkartıyor	2
karişmiyor	karışmıyor	2
duyulmasi	duyulması	2
alacaklilarn	alacaklılarn	2
arttirilmasini	arttırılmasını	2
belâsini	belasını	2
akitarak	akıtarak	2
sultaniz	sultanız	2
oğullarni	oğullarnı	2
hazerâti	hazeratı	2
hatirna	hatırna	2
ayrlir	ayrlır	2
bakmasinlar	bakmasınlar	2
çahanenin	cahanenin	2
şâhânenin	şahanenin	2
vicdânimin	vicdanımın	2
bulunursaniz	bulunursanız	2
Damadin	Damadın	2
veliahdliktan	veliahdlıktan	2
müzakeratinda	müzakeratında	2
veliahdlik	veliahdlık	2
anini	anını	2
ayrintisi	ayrıntısı	2
karşilikl	karşılıkl	2
kapiy	kapıy	2
planlarni	planlarnı	2
hoşlanmadiğini	hoşlanmadığını	2
başmabeynci	basmabeynci	2
arkanizdan	arkanızdan	2
başeğmiş	baseğmiş	2
muttasil	muttasıl	2
bulmadim	bulmadım	2
çartlarin	çartların	2
anladiktan	anladıktan	2
nazarimi	nazarımı	2
başkaniniz	başkanınız	2
tanimiştim	tanımıştım	2
saklamiyordu	saklamıyordu	2
hatirlattirilmasina	hatırlattırılmasına	2
firsatlardan	fırsatlardan	2
kompartimannda	kompartımannda	2
Veliahdi	Veliahdı	2
ortakliğin	ortaklığın	2
ağladi	ağladı	2
Ittihadçılara	İttihadçılara	2
ağirlaştiğini	ağırlaştığını	2
uğramiştik	uğramıştık	2
şaşkina	şaşkına	2
mes’uliyetle	mes’ulıyetle	2
kizlarimla	kızlarımla	2
Sarayiniza	Sarayınıza	2
adiminı	adımını	2
kansiz	kansız	2
yolundadir	yolundadır	2
tamamlayici	tamamlayıcı	2
nazarimda	nazarımda	2
padişahliğiniz	padişahlığınız	2
lâubalilik	laubalilik	2
uzaklaştiran	uzaklaştıran	2
Yildiz'da	Yıldız'da	2
safahatini	safahatını	2
Asirlardir	Asırlardır	2
Yildirm	Yıldırm	2
telgrafindan	telgrafından	2
sunduklarini	sunduklarını	2
hakanina	hakanına	2
mukaddesatina	mukaddesatına	2
Ingiliz'le	İngiliz'le	2
Fransiz'la	Fransız'la	2
günahsiz	günahsız	2
kullanacaktir	kullanacaktır	2
müsamahasini	müsamahasını	2
beyanatinda	beyanatında	2
bulmamiştir	bulmamıştır	2
çikmamasi	çıkmaması	2
izâmimin	izamımın	2
kurtarlmasi	kurtarlması	2
taçiyan	tacıyan	2
Yildiz’da	Yıldız’da	2
Imparatorluklarinin	İmparatorluklarının	2
payitahtlari	payitahtları	2
donanmalarinin	donanmalarının	2
yalidir	yalıdır	2
yalida	yalıda	2
kalktiğ	kalktığ	2
vasiflari	vasıfları	2
Baltalimani	Baltalimanı	2
çatir	çatır	2
Ittihadçılardan	İttihadçılardan	2
Itilâfin	İtilafın	2
aziya	azıya	2
teşrifatina	teşrifatına	2
Darilmazsaniz	Darılmazsanız	2
tekrarladim	tekrarladım	2
yanlişlardan	yanlışlardan	2
Babialiye	Babıaliye	2
aydinlatip	aydınlatıp	2
yuvarlanip	yuvarlanıp	2
zirhlisinda	zırhlısında	2
Mütarekenâmesi’ni	Mütarekenamesi’ni	2
kuralina	kuralına	2
hayrandi	hayrandı	2
onaylanmamiç	onaylanmamıç	2
ilikiler	ılıkıler	2
Mayis’in	Mayıs’ın	2
sarilmasi	sarılması	2
yaçanmasi	yaçanması	2
Hanedaninizi	Hanedanınızı	2
fisildarcasina	fısıldarcasına	2
Nişantaşi'ndaki	Nişantaşı'ndakı	2
kapanip	kapanıp	2
ayrldiğ	ayrldığ	2
şâhânelerinde	şahanelerinde	2
ulaşmasindan	ulaşmasından	2
tahsisatinin	tahsisatının	2
çıkmi	çıkmı	2
açıldiğ	açıldığ	2
yakinliğini	yakınlığını	2
mes’uliyetimin	mes’ulıyetimin	2
lâzimsa	lazımsa	2
Kumandanliğl'na	Kumandanlığl'na	2
dayamiş	dayamış	2
Bordalarindaki	Bordalarındakı	2
iktirân	iktiran	2
tahkikati	tahkikatı	2
billâhi	billahi	2
rihtimina	rıhtımına	2
âfiyetlerini	afiyetlerini	2
irçâd	ircad	2
evrakinin	evrakının	2
altinlardan	altınlardan	2
uzaklaştirmaya	uzaklaştırmaya	2
srasinda	srasında	2
cerdi	çerdi	2
hürmetkârdi	hürmetkardı	2
kalmamişlar	kalmamışlar	2
tutmadiğindan	tutmadığından	2
kopmasi	kopması	2
ayirmiştir	ayırmıştır	2
Mukbil	Mukbıl	2
üniformalarini	üniformalarını	2
Şehriyâri	Şehriyari	2
bağlilikla	bağlılıkla	2
istifasinin	istifasının	2
kararlaştirldi	kararlaştırldı	2
hazirladiğ	hazırladığ	2
madalyalari	madalyaları	2
yapacağimizi	yapacağımızı	2
inkilâbl	inkılabl	2
kisimlarina	kısımlarına	2
çikmişt	çıkmışt	2
Ingilizci	İngilizci	2
tutulacakti	tutulacaktı	2
karçilik	karçılık	2
hususlarin	hususların	2
yazişmalarnda	yazışmalarnda	2
varolmadiğini	varolmadığını	2
ispatladi	ispatladı	2
korumanin	korumanın	2
Şanssizliklari	Şanssızlıkları	2
astirdi	astırdı	2
azabini	azabını	2
asilanlardan	asılanlardan	2
Babiâlîye	Babıaliye	2
icrasinin	icrasının	2
fetvanin	fetvanın	2
Şahânenin	Şahanenin	2
unvanlarinin	unvanlarının	2
bâbdaki	babdaki	2
giyabî	gıyabi	2
giyabi	gıyabi	2
Giyabinda	Gıyabında	2
insafli	insaflı	2
aşmaktadir	aşmaktadır	2
şansini	şansını	2
yapilmasiyla	yapılmasıyla	2
tartiştik	tartıştık	2
paktti	pakttı	2
Şûrasi’ni	Şurası’nı	2
imzalayanlari	imzalayanları	2
gidişatini	gidişatını	2
Andlaşmasi’na	Andlaşması’na	2
uygulanamayacağini	uygulanamayacağını	2
anlaşilmasina	anlaşılmasına	2
hatirlatmasina	hatırlatmasına	2
kivilcimi	kıvılcımı	2
karçiliğinda	karçılığında	2
Müslümanlari’nin	Müslümanları’nın	2
çalişmasinin	çalışmasının	2
şehriyârînin	şehriyarinin	2
bulundurmaktir	bulundurmaktır	2
aldiğimiza	aldığımıza	2
vardirmişti	vardırmıştı	2
başkaydi	başkaydı	2
palavradir	palavradır	2
Damadiniza	Damadınıza	2
lâğvedildi	lağvedildi	2
onlardir	onlardır	2
istihbaratinin	istihbaratının	2
evlâdlari	evladları	2
Necla’nin	Necla’nın	2
yazilanlara	yazılanlara	2
yakinlarna	yakınlarna	2
Yildiz'a	Yıldız'a	2
yollayip	yollayıp	2
şifahî	şifahi	2
veryansin	veryansın	2
adaynin	adaynın	2
teferruatini	teferruatını	2
nişanli	nişanlı	2
nişanliydim	nişanlıydım	2
mektuplarni	mektuplarnı	2
Ryan’in	Ryan’ın	2
Konferansi'ndaki	Konferansı'ndakı	2
utandiğini	utandığını	2
dişaryla	dışaryla	2
Başkumandanliğ	Başkumandanlığ	2
inanmiştir	inanmıştır	2
zekânizla	zekanızla	2
vicdaniniz	vicdanınız	2
buyurmaniz	buyurmanız	2
biktiran	bıktıran	2
Padişahim!	Padişahım!	2
fedakârliğa	fedakarlığa	2
hayatiyle	hayatıyle	2
veliahdinin	veliahdının	2
evlâdimi	evlâdımı	2
merbûtiyet	merbutiyet	2
başkadini	başkadını	2
atilgan	atılgan	2
Güresin	Güreşin	2
vedalaştik	vedalaştık	2
sarsildim	sarsıldım	2
bağirdim	bağırdım	2
kurtaracağiz	kurtaracağız	2
havasiz	havasız	2
nişanlarini	nişanlarını	2
Hanedani’na	Hanedanı’na	2
şahsima	şahsıma	2
boşadi	boşadı	2
ayrlirken	ayrlırken	2
Ittihadçılarn	İttihadçılarn	2
baçaramadi	bacaramadı	2
bağlydilar	bağlydılar	2
hanedanini	hanedanını	2
kapildiğini	kapıldığını	2
uzaklaşmanizi	uzaklaşmanızı	2
hesabinadir	hesabınadır	2
istilasini	istilasını	2
uyacakti	uyacaktı	2
karalarin	karaların	2
kavramiştim	kavramıştım	2
zorlanip	zorlanıp	2
aldatilmiştim	aldatılmıştım	2
anlattiğ	anlattığ	2
tattirdi	tattırdı	2
yalisindan	yalısından	2
kâğitta	kağıtta	2
ikâmetiniz	ikametiniz	2
iktizâsindan	iktizasından	2
aldirttim	aldırttım	2
hatirlayamadiğimdan	hatırlayamadığımdan	2
Odanizin	Odanızın	2
Iskenderiye'den	İskenderiye'den	2
Ankarali	Ankaralı	2
uyarlanmiş	uyarlanmış	2
yazilh	yazılh	2
ismetlü	ismetlu	2
Nişantaşi’nda	Nişantaşı’nda	2
sartiyle	şartiyle	2
binbaşılarindan	binbaşılarından	2
fikrasinda	fıkrasında	2
acimadilar	acımadılar	2
hakanin	hakanın	2
evrakiyla	evrakıyla	2
vasitaya	vasıtaya	2
hilâfette	hilafette	2
Çapkin!	Çapkın!	2
daraltilip	daraltılıp	2
sinirlanmiş	sınırlanmış	2
tartişilmaya	tartışılmaya	2
hükümranlik	hükümranlık	2
icabidir	icabıdır	2
taçli	taçlı	2
dciz	dcız	2
etmeyecegine	etmeyeceğine	2
firarindan	firarından	2
yalanladi	yalanladı	2
padişahliktan	padişahlıktan	2
birakmamiş	bırakmamış	2
kopartabilmek	kopartabılmek	2
anlatirlar	anlatırlar	2
alinabilmesi	alınabilmesi	2
kümdarin	kümdarın	2
hizmetkârlarina	hizmetkarlarına	2
ilticâ	iltica	2
Ingilie	İngilie	2
Malta'nin	Malta'nın	2
harariyla	hararıyla	2
ambulansin	ambulansın	2
Musahib	Musahıb	2
başlamişt	başlamışt	2
havasim	havasım	2
Malta’nin	Malta’nın	2
Istanbul'daydi	İstanbul'daydı	2
konuşmadi	konuşmadı	2
kasalarin	kasaların	2
açilabilir	açılabilir	2
elmasli	elmaslı	2
sandiktan	sandıktan	2
Sarayi’ndan	Sarayı’ndan	2
Bankasindaki	Bankasındaki	2
Mart'indan	Mart'ından	2
sonrasimn	sonrasımn	2
çikinlar	çıkınlar	2
yaramayacağini	yaramayacağını	2
fevkalâdedir	fevkaladedir	2
izdirabim	izdirabım	2
sihhati	sıhhati	2
ricalarimizi	ricalarımızı	2
diçaridaki	dicarıdakı	2
Iaşeleri	İaşeleri	2
almamiştik	almamıştık	2
nâmimiza	namımıza	2
ağladiğini	ağladığını	2
Arzularinizin	Arzularınızın	2
akibete	akıbete	2
uğrayacaksiniz	uğrayacaksınız	2
ayrlip	ayrlıp	2
sihhatteyiz	sıhhatteyiz	2
bakmasin	bakmasın	2
aldirmaktir	aldırmaktır	2
çüpheli	cupheli	2
yapilamazdi	yapılamazdı	2
Bakanliklari	Bakanlıkları	2
Dişişleri'ne	Dışişleri'ne	2
yanindakiler	yanındakiler	2
Bakanliğl	Bakanlığl	2
Bakanliğl’nin	Bakanlığl’nın	2
masraflarin	masrafların	2
sihhattedirler	sıhhattedirler	2
şahsindan	şahsından	2
ilâveye	ilaveye	2
Evlâdinizim	Evladınızım	2
yazmadiğimi	yazmadığımı	2
aldirmadan	aldırmadan	2
büyükbabasinin	büyükbabasının	2
sormadiğina	sormadığına	2
Cevabinizi	Cevabınızı	2
Vasitanla	Vasıtanla	2
pervasi	pervası	2
buyurmasinlar	buyurmasınlar	2
sihhattedir	sıhhattedir	2
Selâmini	Selamını	2
selâmindan	selamından	2
Sahbaba'nin	Şahbaba'nın	2
ablaciğim	ablacığım	2
buyuramazsiniz	buyuramazsınız	2
sihhatinize	sıhhatinize	2
telgrafiniz	telgrafınız	2
muzdaribdim	muzdarıbdım	2
heyecanim	heyecanım	2
babaciğum	babacığum	2
babacağim	babacağım	2
kismetleri	kısmetleri	2
hicranin	hicranın	2
Yildiz’in	Yıldız’ın	2
Diişleri	Dıışleri	2
korkacağim	korkacağım	2
yazacağimi	yazacağımı	2
Sabiha'nin	Sabiha'nın	2
yumuşatti	yumuşattı	2
muzdaribdi	muzdarıbdı	2
dimağin	dimağın	2
kapilma!	kapılma!	2
kizkardeşine	kızkardeşine	2
olmasin!	olmasın!	2
asabima	asabıma	2
kalsin!	kalsın!	2
Kötülügümüzit	Kötülüğümüzit	2
mutaassip	mutaassıp	2
Neslişah'in	Neslişah'ın	2
bağişlasin	bağışlasın	2
ağlatmasin	ağlatmasın	2
ablasina	ablasına	2
karindaş	karındaş	2
dimağiniz	dimağınız	2
Mütehassir	Mütehassır	2
aslindan	aslından	2
devamindan	devamından	2
imzasindan	imzasından	2
aksakalli	aksakallı	2
ayrilmamak	ayrılmamak	2
fedâkârliklardan	fedakârlıklardan	2
ferâgati	feragati	2
rahatimdan	rahatımdan	2
ibârettir	ibarettir	2
memâtiyla	mematıyla	2
refahindan	refahından	2
itidâlin	itidalin	2
Hilâfet’in	Hilafet’in	2
yâdettiğim	yadettiğim	2
âile	aile	2
Tahtsizlarin	Tahtsızların	2
Misir1	Mısır1	2
villasina	villasına	2
jandarmasi	jandarması	2
izahatli	izahatlı	2
mektuplarmi	mektuplarmı	2
karşiliklarini	karşılıklarını	2
mektuplariniz	mektuplarınız	2
meraktayim	meraktayım	2
ayrintil	ayrıntıl	2
kâğidim	kağıdım	2
mektuplariniza	mektuplarınıza	2
cevaptir	cevaptır	2
telâkkisinden	telakkisinden	2
devaminin	devamının	2
zannina	zannına	2
almakliğa	almaklığa	2
ihtiyarlik	ihtiyarlık	2
zâfiyeti	zafiyeti	2
sizlanmasidir!	sızlanmasıdır!	2
bikmiş	bıkmış	2
kâğidini	kağıdını	2
bayramimizi	bayramımızı	2
Sihhatin	Sıhhatin	2
hazirlamakla	hazırlamakla	2
Varsinlar	Varsınlar	2
sifatlari	sıfatları	2
duasiyla	duasıyla	2
kartpostali	kartpostalı	2
defadir	defadır	2
käğidin	kağıdın	2
ihen	ıhen	2
musahibi	musahıbı	2
Ingirah	İngirah	2
almasin	almasın	2
Zoki	Zokı	2
Villasi’na	Villası’na	2
kalktiktan	kalktıktan	2
bakacağim	bakacağım	2
düşünüyorsaniz	düşünüyorsanız	2
baksinlar	baksınlar	2
Farzimuhal	Farzımuhal	2
eşyanizi	eşyanızı	2
başlanmasi	başlanması	2
kaldırlmasi	kaldırlması	2
yapalim!	yapalım!	2
Hanedani’ndan	Hanedanı’ndan	2
felâketine	felaketine	2
pasaportlari	pasaportları	2
villasinda	villasında	2
kucakladiğ	kucakladığ	2
anlaşıriz	anlaşırız	2
Nişantaşindaki	Nişantaşındakı	2
vicdaniniza	vicdanınıza	2
çaliştiğ	çalıştığ	2
lâkabiyla	lakabıyla	2
cevablari	cevabları	2
ahvâlinden	ahvalinden	2
Mays'inda	Mays'ında	2
çalştiğ	çalştığ	2
Salâhiye'nin	Salahiye'nin	2
dayanmaktaydi	dayanmaktaydı	2
Vatan’in	Vatan’ın	2
mirlivasi	mirlivası	2
Mümtaz’in	Mümtaz’ın	2
Salâhiye’nin	Salahiye’nin	2
Zatinuzla	Zatınuzla	2
vefatini	vefatını	2
rakami	rakamı	2
saysi	saysı	2
izhâr	izhar	2
çıkardiğ	çıkardıg	2
Saniklar	Sanıklar	2
aldigt	aldıgt	2
Baştimar	Bastımar	2
baçlattiğ	baclattığ	2
kisimdan	kısımdan	2
mallarni	mallarnı	2
yapmadilar	yapmadılar	2
çıkartilmasindan	çıkartılmasından	2
Andlaşmasi’nin	Andlaşması’nın	2
imzanin	imzanın	2
şahsim	şahsım	2
Misirin	Mısırın	2
Hilâfete	Hilafete	2
diyârinda	diyarında	2
başlkli	başlklı	2
humâyunlari	hümayunları	2
ulemasi	uleması	2
alrdi	alrdı	2
uzandiği	uzandığı	2
yattiğ	yattığ	2
çıkartilmasina	çıkartılmasına	2
vefatin	vefatın	2
Mangossi	Mangossı	2
hatiram	hatıram	2
Villasindaki	Villasındakı	2
nöyledi	noyledi	2
mânasina	manasına	2
uğraştim	uğraştım	2
sihhatini	sıhhatini	2
sandiğim	sandığım	2
çikabileceğine	çıkabileceğine	2
itimadim	itimadım	2
Sabihacigum	Sabihacıgum	2
bedbahtin	bedbahtın	2
Baktikça	Baktıkça	2
mütcakib	mutcakıb	2
dolaçabiliyor	dolaçabılıyor	2
kilindiktan	kılındıktan	2
karşilandik	karşılandık	2
bahtiyarligimiz!	bahtiyarlığımız!	2
firlattik	fırlattık	2
sicaklarin	sıcakların	2
sicaklar	sıcaklar	2
mensuplariyla	mensuplarıyla	2
itilâfiyye	itilafiyye	2
vesâik	vesaik	2
vesâtetini	vesatetini	2
saltanatsiz	saltanatsız	2
ilâhiye	ilahiye	2
inandiğim	inandığım	2
kullarina	kullarına	2
olmalarni	olmalarnı	2
mirasindan	mirasından	2
mânâsina	manasına	2
délégation	delegatıon	2
umumînin	umuminin	2
şerâit	şerait	2
istinadgâh	istinadgah	2
ictinâb	ictinab	2
intizâren	intizaren	2
isnâd	isnad	2
ilâhînin	ilahinin	2
âhire	ahire	2
tecrîdi	tecridi	2
âcizânem	acizanem	2
muktezasi	muktezası	2
velînimet	velinimet	2
istinâden	istinaden	2
şâhânelerine	şahanelerine	2
iltifât	iltifat	2
şâhânelerinden	şahanelerinden	2
şâhânelerinin	şahanelerinin	2
lisân	lisan	2
ibrâz	ibraz	2
Islamiye'den	İslamiye'den	2
gayricaizdir	gayricaızdır	2
Cevabiniza	Cevabınıza	2
manasim	manasım	2
matbuatinin	matbuatının	2
muvasalatimizda	muvasalatımızda	2
mahsusasi	mahsusası	2
efrâdina	efradına	2
mektuplarnizi	mektuplarnızı	2
firkat	fırkat	2
kâğidin	kağıdın	2
mütehassîrin	mütehassîrın	2
birakrlarsa	bırakrlarsa	2
ihtiramlarmi	ihtiramlarmı	2
Müslimîn’in	Müslimin’in	2
saltanatiniza	saltanatınıza	2
Selîm'in	Selim'in	2
netâyic	netayic	2
Kizkardeşim	Kızkardeşim	2
hatralarni	hatralarnı	2
kalmi	kalmı	2
Esâsîsinin	Esasisinin	2
Izzeddin’in	İzzeddin’in	2
hazirlanmadim	hazırlanmadım	2
nihâyetsiz	nihayetsiz	2
Fagile	Fagıle	2
ricamiz	ricamız	2
Selânik'den	Selanik'den	2
kaçırip	kaçırıp	2
yazsin	yazsın	2
Yunanllar'in	Yunanllar'ın	2
ihtiyâcât	ihtiyacat	2
buyurduklari	buyurdukları	2
Müslimîn	Müslimin	2
tagrîblerini	tagriblerini	2
lâdinî	ladınî	2
müçkil	mückil	2
fâhiresinde	fahiresinde	2
mubârekenin	mübarekenin	2
hamdulillâhi	hamdülillahı	2
hilâfetpenâhînin	hilafetpenahinin	2
Celîlesine	Celilesine	2
ihvân	ihvan	2
ilgasina	ilgasına	2
mesâisi	mesaisi	2
nazarlarmiza	nazarlarmıza	2
esbâbinin	esbabının	2
âlînizden	alinizden	2
Anlaşilyor	Anlaşılyor	2
muhtaçdirlar	muhtacdırlar	2
müşarünileyhâya	müşarünileyhaya	2
Hâlis	Halis	2
izâ	ıza	2
devâir	devair	2
suhuleti	sühuleti	2
brakilan	brakılan	2
firkal	fırkal	2
kumandanliklan	kumandanlıklan	2
buyurulmasin	buyurulmasın	2
âcizî	acizi	2
hayvanâti	hayvanatı	2
vesikadir	vesikadır	2
hatiratina	hatıratına	2
arabaşlikli	arabaşlıklı	2
müracaatimizda	müracaatımızda	2
bazilar	bazılar	2
âlilerinden	alilerinden	2
Intihari	İntiharı	2
ayrntilarn	ayrntılarn	2
Mutasarrifliğl’na	Mutasarrıflığl’na	2
Baltaliman	Baltalıman	2
Baltalimanl'dan	Baltalımanl'dan	2
hazirlanmı	hazırlanmı	2
Nazirr	Nazırr	2
hatiralarni	hatıralarnı	2
kanamaksizin	kanamaksızın	2
buyurmalari	buyurmaları	2
kaliniz	kalınız	2
sayfasindaki	sayfasındaki	2
ayrntilari	ayrntıları	2
Fransizca'ya	Fransızca'ya	2
Misıroğlu	Mısıroğlu	2
Drami	Dramı	2
Yardimlarina	Yardımlarına	2
fetvasi	fetvası	2
misrada	mısrada	2
âyetine	ayetine	2
nüshasindan	nüshasından	2
Îletişim	İletişim	2
Osmanoğullarl’nin	Osmanoğullarl’nın	2
FERID	FERİD	1
ihsanu	ihsan	1
Dolayisiy	Dolayısıy	1
Kalnca	Kalınca	1
genclik	gençlik	1
gençlige	gençliğe	1
evlâda	evladı	1
gecit	geçit	1
tac	taç	1
yûs	yu	1
inhiläl	inhilal	1
padigaha	padişaha	1
Beginci	Beşinci	1
görügmelere	görüşmelere	1
Kararn	Kararı	1
silâhh	silahlı	1
yaptigna	yaptığım	1
Dolayisuyla	Dolayısıyla	1
noktayl	noktayı	1
kapağl	kapağı	1
seklinin	şeklinin	1
ginden	ğinden	1
halimdem	halinden	1
başkentimi	başkentini	1
çahsi	çalışı	1
musi	mu	1
VAHIDEDDIN	VAHİDEDDİN	1
ULVIYE	ULVİYE	1
SABIHA	SABİHA	1
emân	emin	1
olamaya	olmaya	1
tanrima	Tanrım	1
ABDÜLMECID	ABDÜLMECİD	1
iknaa	ikna	1
VAHIDEDDIN'IN	VAHİDEDDİN'İN	1
tina	tına	1
TARIHÇI	TARİHÇİ	1
EFENDININ	EFENDİNİN	1
kizlarnın	kızların	1
Saşırdi	Şaşırdı	1
kucagimda	kucağında	1
babami	babamı	1
zlinden	zünden	1
olmadign	olmadığım	1
rifat	Rıfat	1
DOGRU	DOĞRU	1
sime	sine	1
sa'nin	şa'nın	1
satm	satın	1
Ictima	İctima	1
mim	nin	1
bakamiz	bakınız	1
sonl	son	1
inkiläp	inkılap	1
inkil	inkıl	1
sehzadeliğindeki	şehzadeliğindeki	1
sirttaki	sırttaki	1
mdarin	mdarın	1
kapaktadir	kapaktadır	1
Sanli	Şanlı	1
TESISLERI	TESİSLERİ	1
Bağcilar	Bağcılar	1
Matbaacilar	Matbaacılar	1
Yayıncilik	Yayıncılık	1
Osmanoğullar'nin	Osmanoğullar'nın	1
dişindadir	dışındadır	1
kiziym	kızıym	1
dinimin	dininin	1
kanmin	kanının	1
ecdâdimin	ecdadımın	1
ihtiyarladim	ihtiyarladım	1
karşan	karşın	1
unutmasin	unutmasın	1
kiymetlerini	kıymetlerini	1
mirastir	mirastır	1
malidır	malıdır	1
Taşıdiğm	Taşıdığm	1
hayatnda	hayatında	1
tutmasini	tutmasını	1
inanmişt	inanmışt	1
Yazdiklarm	Yazdıkları	1
ilgasindan	ilgasından	1
romanlaştirilan	romanlaştırılan	1
serencamdir	serencamdır	1
kanimla	kanına	1
izdirabimla	izdirabımla	1
zarfinin	zarfının	1
alnmasinin	alınmasının	1
sağlanmas	sağlanmış	1
arzivlerin	arzıvlerin	1
araçtirlmasi	araçtırlması	1
KiMDIR	Kimdir	1
andirr	andırr	1
Sultan’m	Sultan’ın	1
AVNI	AVNİ	1
vefatndan	vefatından	1
Lübnan’n	Lübnan’ın	1
uzaklaştirldi	uzaklaştırldı	1
Cah’in	Cah’ın	1
ERTUGRUL	ERTUĞRUL	1
rahatsizlandi	rahatsızlandı	1
OSMANOGLU	OSMANOĞLU	1
Nazl	Nazi	1
Hanum'la	Hanım'la	1
Hanimsultan'in	Hanımsultan'ın	1
MEDIHA	MEDİHA	1
Paşanun	Paşanın	1
NESLIŞAH	NESLİŞAH	1
hidivi	hıdivi	1
Hükümdarn	Hükümdarı	1
baçtabibi	bactabıbı	1
yakinlarndand	yakınlarndand	1
tanndi	tanındı	1
Daysi	Daysı	1
sirdaşıydi	sırdaşıydı	1
aymldi	ayrıldı	1
Hanimsultan’in	Hanımsultan’ın	1
Adapazarn	Adapazarı	1
ayrild1	ayrıldı	1
yargilandi	yargılandı	1
arasmdaki	arasındaki	1
brakmadiğ	brakmadığ	1
yalnizdir	yalnızdır	1
Cevabi	Cevabı	1
yaynlanzi	yaynlanzı	1
sureta	sureti	1
yalnizdi	yalnızdı	1
acmasiz	acımasız	1
ağirliğiyla	ağırlığıyla	1
yaynlanmami	yaynlanmamı	1
notlariyla	notlarıyla	1
hatiratiyla	hatıratıyla	1
çıkarttiğm	çıkarttığm	1
Osmanlilar'in	Osmanlılar'ın	1
çikarmişlardi	çıkarmışlardı	1
dünyasin	dünyasın	1
haindi	Harndi	1
inanirlar	inanırlar	1
mantigin	mantığın	1
alalm	alalım	1
impadülhamid	impadülhamıd	1
yldir	yldır	1
teb'anin	teb'anın	1
Incil'e	İncil'e	1
verimliligini	verimliliğini	1
tanriçanin	tanrıçanın	1
Dis	Dış	1
yapıldiğini	yapıldığını	1
padişah1	padişahı	1
toplatildi	toplatıldı	1
tartışiyor	tartışıyor	1
ayrntisinda	ayrntısında	1
Notlarn	Notları	1
*Sur	sur	1
TURCICA	TURCİCA	1
yorumundadir	yorumundadır	1
birakmaktir	bırakmaktır	1
filânca	filanca	1
bağlaycidır	bağlaycıdır	1
olaylarn	olayları	1
yorumlarn	yorumları	1
yargilar	yargılar	1
bulandirmak	bulandırmak	1
koymakti	koymaktı	1
olaylarnni	olaylarını	1
dağdağali	dağdağalı	1
hususlarn	hususları	1
aralami	anlamı	1
çıkişınin	çıkışının	1
olayn	olayın	1
yillarr	yıllarr	1
bulunanlarn	bulunanları	1
yaşamiyor	yaşamıyor	1
anlattiklarni	anlattıklarnı	1
kaynağni	kaynağın	1
muzur	muzır	1
yillarn	yılları	1
yaktiğni	yaktığnı	1
dayandiğ	dayandığ	1
başladign	başladığım	1
hatiralarin	hatıraların	1
brakmasi	brakması	1
yayınlamami	yayınlanan	1
ayrldiğ1	ayrldığ1	1
Mayis'indan	Mayıs'ından	1
büyükbabalari	büyükbabaları	1
ulaçabilmem	ulaçabılmem	1
evrakn	evrakın	1
dükkâninda	dükkanında	1
yayinlanişini	yayınlanışını	1
ükranimı	ukranımı	1
anlattiklar	anlattıklar	1
bikmadan	bıkmadan	1
cevapladiğ	cevapladığ	1
hanimsultanı	hanımsultan	1
köçesi	koçesi	1
terasinda	terasında	1
Kalanlarin	Kalanların	1
Romani	Romanı	1
çocuklarnin	çocukların	1
macerasiyla	macerasıyla	1
altbaşhğini	altbaşhğını	1
torunlarnin	torunlarnın	1
yaknlarnin	yaknlarnın	1
atlattiktan	atlattıktan	1
Iskele	İskele	1
selâma	selam	1
zirhlinin	zırhlının	1
yaşarmişti	yaşarmıştı	1
sonrasiz	sonrasız	1
yillk	yıllk	1
sabahna	sabahın	1
Kalırsaniz	Kalırsanız	1
Tezâkirinden	Tezakirinden	1
batillaşma	batıllaşma	1
ocağini	ocağını	1
kaldirdiktan	kaldırdıktan	1
çıktiğr	çıktığr	1
çocuklarnni	çocuklarını	1
kapatilmasma	kapatılmasma	1
yaşatacakti	yaşatacaktı	1
yarşi	yirmi	1
âlemdi	alemdi	1
yiklip	yıklıp	1
rabitalydi	rabıtalydı	1
yorganina	yorganına	1
uzatirdi	uzatırdı	1
Misırlilarla	Mısırlılarla	1
ciğrindan	çığrından	1
Tahsisati	Tahsisatı	1
masrafin	masrafın	1
olmalydilar	olmalydılar	1
Masrafin	Masrafın	1
anladiklari	anladıkları	1
aldiklarnda	aldıklarnda	1
saticidan	satıcıdan	1
alişmişti	alışmıştı	1
alniyor	almıyor	1
yalilar	yalılar	1
donatilp	donatılp	1
kaşiğa	kasığa	1
alişıliyor	alışılıyor	1
yazliğa	yazlığa	1
yaptirliyordu	yaptırlıyordu	1
şahti	şahtı	1
kasrnda	kasında	1
Çar'nin	Çar'nın	1
taami	taamı	1
buraktim	bıraktım	1
oturmamişti	oturmamıştı	1
kadınlarnın	kadınların	1
sarayllarin	saraylların	1
miktardaydi	miktardaydı	1
kasır	kısır	1
kâgire	kagire	1
kişlk	kışlk	1
sadrazamlarin	sadrazamların	1
nşallah	inşallah	1
Çırağan’in	Çırağan’ın	1
alamiyorlard	alamıyorlard	1
aşti	aştı	1
ağasini	ağasını	1
huzursuzluklarin	huzursuzlukların	1
hasilati	hasılatı	1
dalindi	dalındı	1
Babialîye	Babıaliye	1
atndan	atından	1
Kizkardeşi	Kızkardeşi	1
Kethudasi	Kethüdası	1
Avrue	İvme	1
Kapdaniderya	Kapdanıderya	1
Kibrsl	Kıbrsl	1
çağnrdi	çağnrdı	1
katiri	katırı	1
tarafdarsin	tarafdarsın	1
kizum	kızım	1
kiyafetli	kıyafetli	1
fesadindan	fesadından	1
humayun	hümayun	1
kocalarinin	kocalarının	1
çıkarttirrlardi	çıkarttırrlardı	1
memurlarn	memurları	1
bağlatti	başlattı	1
avliyorlardi	avlıyorlardı	1
kethudalari	kethüdaları	1
arabalarni	arabalarnı	1
Babiali'de	Babıali'de	1
yalilarinda	yalılarında	1
kullanlmasini	kullanılmasını	1
sirasindakilere	sırasındakilere	1
kayiğydi	kayığydı	1
saygnliğni	saygnlığnı	1
salndi	sandı	1
aşağidakilerin	aşağıdakilerin	1
kayiğa	kayığa	1
çağirp	çağırp	1
dalkavuklarindan	dalkavuklarından	1
Damadlarni	Damadlarnı	1
çıkartamadi	çıkartamadı	1
ttigi	ttiği	1
kaptanliga	kaptanlıga	1
aşilmadi	asılmadı	1
Tezâkirinde	Tezakirinde	1
donandiği	donandığı	1
ahlâkina	ahlakına	1
saliverdi	salıverdi	1
uğraşmasindan	uğraşmasından	1
usanip	usanıp	1
tabiatina	tabiatına	1
birakdi	bırakdı	1
sikişmasini	sıkışmasını	1
ikballiğe	ikballığe	1
ağasiyla	ağasıyla	1
Hanım'1	Hanım'ı	1
karsinı	karnını	1
nikâhliyordu	nikahlıyordu	1
hissiyâtin	hissiyatın	1
yollamişt	yollamışt	1
nianin	rinin	1
nişanlardan	insanlardan	1
altindt	altındt	1
kiymetine	kıymetine	1
bakilir	bakılır	1
Nişanin	Nişanın	1
yalanina	yalanına	1
Paşalarn	Paşaları	1
patavatsizhik	patavatsızhık	1
Kibrisl	Kıbrısl	1
patavatsizliğina	patavatsızlığına	1
çıkartmadiysa	çıkartmadıysa	1
yasakladi	yasakladı	1
Misırlilar'1	Mısırlılar'1	1
olanlarni	olanlarnı	1
çikartmadaydi	çıkartmadaydı	1
çiddeti	ciddeti	1
mazbatayi	mazbatayı	1
azarladi	azarladı	1
almadaydi	almadaydı	1
Babiäliden	Babıaliden	1
Babialîden	Babıaliden	1
sağlamasini	sağlamasını	1
ayaklarnna	ayaklarına	1
Idarede	İdarede	1
kalacağna	kalacağım	1
Fermanin	Fermanın	1
Fermanlarin	Fermanların	1
okunmasindan	okunmasından	1
âdetti	adetti	1
Hristiyanlari	Hristiyanları	1
duacinin	duacının	1
çağirlmamasini	çağırlmamasını	1
papazlarin	papazların	1
Tatsizlik	Tatsızlık	1
kiliyorsun	kılıyorsun	1
yirtarim!	yırtarım!	1
Fermani'nn	Fermanı'nn	1
arttikça	arttıkça	1
yapilyor	yapılyor	1
Kavalalinin	Kavalalının	1
Babali'den	Babalı'den	1
ayricalklar	ayrıcalklar	1
anilageldi	anılageldi	1
Babiali'yi	Babıali'yi	1
toprağ1	toprağı	1
yarlmışti	yarlmıştı	1
sayliyor	saylıyor	1
bağımsizliğzyla	bağımsızlığzyla	1
Avrupallar'in	Avrupallar'ın	1
karişmayacağni	karışmayacağnı	1
başkasim	başkasım	1
alnacakti	alınacaktı	1
Fermani'ni	Fermanı'nı	1
hacilar	hacılar	1
saldirp	saldırp	1
yardimcisini	yardımcısını	1
Mayas’inda	Mayıs’ında	1
yln	yin	1
Nisan'mda	Nisan'ında	1
kazisi	kazısı	1
irticanin	irticanın	1
başkaldirmasi	başkaldırması	1
Hanm'dan	Hanım'dan	1
hanimefendiden	hanımefendiden	1
izdırab	izdirab	1
yazilmışt	yazılmışt	1
vârisiydi	varisiydi	1
sirasinin	sırasının	1
hakkna	hakkın	1
kapatilır	kapatılır	1
sarfinazar	sarfınazar	1
kiyma	kıyım	1
hanedann	hanedanın	1
kalinir	kalınır	1
Abdülâziz’i	Abdülaziz’i	1
çocuklardir3	çocuklardır3	1
yollanir	yollanır	1
salgnlarindan	salgnlarından	1
babasiz	babasız	1
barksizdır	barksızdır	1
zayftir	zayftır	1
kadinlarna	kadınlarna	1
Verdicenan'in	Verdicenan'ın	1
analigin	analıgın	1
konagindan	konağından	1
emekdari	emekdarı	1
Râhidil	Rahidil	1
bestekârdir	bestekardır	1
yaziyorsa	yazıyorsa	1
çaldiğr	çaldığr	1
arayacaktir	arayacaktır	1
notasini	notasını	1
Bazilarni	Bazılarnı	1
Ibnülemin'e	İbnülemin'e	1
çalnmıştir	çalnmıştır	1
Mizika	Mızıka	1
şarkilarnin	şarkılarnın	1
biraksinlar	bıraksınlar	1
yazisiyla	yazısıyla	1
Uşşak	Uşak	1
girîzân	girizân	1
notalarn	notaları	1
simrlarnin	şimrlarnın	1
vakifdr	vakıfdr	1
şarkilarmin	şarkılarmın	1
fikihtir	fıkıhtır	1
Fikih	Fıkıh	1
Farsça'nin	Farsça'nın	1
ulüm	ulum	1
sehzadeliğimden	şehzadeliğimden	1
uğraşırdim	uğraşırdım	1
Mutasavuif	Mutasavuıf	1
mecâlis	mecalis	1
Dağistanli	Dağıstanlı	1
Babrali	Babralı	1
civarndaki	civarndakı	1
Gümüşhânevi	Gümüşhanevi	1
Dergâhi'na	Dergahı'na	1
imlâs	milis	1
Yaziyi	Yazıyı	1
yazardi	yazardı	1
yazdiğindan	yazdığından	1
tümleri	tümeni	1
yaknhk	yakınlık	1
aticilikla	atıcılıkla	1
uğraşmaktadir	uğraşmaktadır	1
mağazalarindan	mağazalarından	1
sirtlarinin	sırtlarının	1
düşmanliktan	düşmanlıktan	1
Silâhi	Silahı	1
yallardan	yıllardan	1
odasindadr	odasındadr	1
torunlariyla	torunlarıyla	1
müsabakasina	müsabakasına	1
katilacaktir	katılacaktır	1
atilr	atılr	1
aticiy	atıcıy	1
Yanindakilere	Yanındakilere	1
Atici	İtici	1
Şaşkınliğa	Şaşkınlığa	1
haykirmış	haykırmış	1
ikametgâhina	ikametgahına	1
çıkişına	çıkışına	1
kavuşacaktir	kavuşacaktır	1
kullanlmiş	kullanılmış	1
kalmadir	kalmadır	1
satilmiştir	satılmıştır	1
planlarn	planları	1
Kasina	Kasına	1
unutmamıştir	unutmamıştır	1
padişahliğina	padişahlığına	1
yaşadiğn	yaşadığım	1
hâmî	hani	1
masraflarina	masraflarını	1
hatirlayacaklarini	hatırlayacaklarını	1
ablas1	ablası	1
Sultan’n	Sultan’ın	1
izdivac	izdivaç	1
Abazalar’in	Abazalar’ın	1
yanindadır	yanındadır	1
taşidiğ	taşıdığ	1
çağna	çağrı	1
Isterse	İsterse	1
kizlk	kızlk	1
yanindadir	yanındadır	1
Birakirsam	Bırakırsam	1
kiyametleri	kıyametleri	1
kopartir	kopartır	1
kuzina	kızına	1
kaptirmiş	kaptırmış	1
Ablasindan	Ablasından	1
çıktiğidr	çıktığıdr	1
koklamasi	koklaması	1
şart1	şartı	1
ablasinın	ablasının	1
şartina	şartına	1
siçrayacak	sıçrayacak	1
eşyasinin	eşyasının	1
yaptirttiğ	yaptırttığ	1
hokkasi	hokkası	1
kulplari	kulpları	1
Planini	Planını	1
Karisıyla	Karısıyla	1
sarabilmektedir	şarabılmektedir	1
sabahlarn	sabahları	1
kiymette	kıymette	1
yaçındadir	yacındadır	1
alkanliklaryla	alkanlıklaryla	1
hayatimn	hayatının	1
alinmakta	alınmakta	1
alişverişlerde	alışverişlerde	1
Pigmalion	Pigmalıon	1
yanlşlikla	yanlşlıkla	1
uzaklaştrmamiş	uzaklaştrmamış	1
kullanlacak	kullanılacak	1
musikişinas	musikisinas	1
yapmaktadirlar	yapmaktadırlar	1
kuşamina	kısmına	1
aynisıni	aynısını	1
Sarayl’na	Sarayı’na	1
yaptirir	yaptırır	1
çıkildiği	çıkıldığı	1
iltifatlarini	iltifatlarını	1
Halam	Halim	1
Tahtindan	Tahtından	1
baskinindan	baskınından	1
Saraylarina	Saraylarına	1
ayrlirlar	ayrlırlar	1
tahttadir	tahttadır	1
yakinliginın	yakınlığının	1
kiskandirdiğıni	kıskandırdığını	1
çocuklarnna	çocuklarına	1
siis	sus	1
tahsisatiyla	tahsisatıyla	1
lâyıksiz	layıksız	1
harçliği	harçlığı	1
Ingiltere'yle	İngiltere'yle	1
şartlarn	şartları	1
iddiasinin	iddiasının	1
çalşmasidir	çalşmasıdır	1
Yaynlanmamiş	Yayınlanmamış	1
dayanağl	dayanağı	1
padiçahi	padiçahı	1
sevablarina	sevablarına	1
katiliyorduk	katılıyorduk	1
neç’esiyle	nec’esiyle	1
arkadaşliğini	arkadaşlığını	1
siddetlerini	şiddetlerini	1
çaliyorduk	çalıyorduk	1
nuyorlardi	nüyorlardı	1
tarafdarliğt	tarafdarlığt	1
alkanliğa	alkanlığa	1
Ittihadçilart	İttihadçılart	1
zayflamiş	zayflamış	1
yapayalnizdir	yapayalnızdır	1
iktidarnn	iktidarın	1
karşisnda	karşısında	1
yapmadiğ1	yapmadığı	1
yazilip	yazılıp	1
Saraylnda	Sarayında	1
Zayfliğ	Zayflığ	1
korkmasina	korkmasına	1
tanmamış	tanınmış	1
yillık	yıllık	1
ayrlmasindan	ayrlmasından	1
yaktirdiğ	yaktırdığ	1
patavatsizlik	patavatsızlık	1
baskininda	baskınında	1
Hayrli	Hayrlı	1
suikastina	suikastına	1
asilmişti	asılmıştı	1
desn	den	1
meydanindaki	meydanındaki	1
paçami	paçamı	1
boyanir	boyanır	1
dayadi	dayadı	1
imzaladim	imzaladım	1
vicdannti	vicdanntı	1
amcasiyla	amcasıyla	1
çildırdiğ	çıldırdığ	1
yaşanmasini	yaşanmasını	1
yakmina	yakınına	1
madiğımdan	madığımdan	1
kullanmadiğimdan	kullanmadığımdan	1
akibetine	akıbetine	1
karişacak	karışacak	1
hatirlardaydi	hatırlardaydı	1
hanedanun	hanedanın	1
durulmamişti	durulmamıştı	1
kilicinin	kılıcının	1
atmasınin	atmasının	1
kazanildiğl	kazanıldığl	1
Damadlik	Damadlık	1
basamakti	basamaktı	1
hatirinda	hatırında	1
yakiştirmalar	yakıştırmalar	1
duyardik	duyardık	1
çıkartmadiğ	çıkartmadığ	1
birakilamazdl	bırakılamazdl	1
boşalmi	boşalmı	1
inandiğni	inandığnı	1
kalkuşmasi	kalkuşması	1
haklilik	haklılık	1
ierisinde	ıerisinde	1
yaçandiğıni	yaçandığını	1
sehzadelerin	şehzadelerin	1
borçlarnin	borçların	1
darlik	darlık	1
sikintidir	sıkıntıdır	1
kadinefendileri	kadınefendileri	1
sikint	sıkınt	1
sikintisini	sıkıntısını	1
devasini	devasını	1
hâkiminden	hakiminden	1
aramalaridir	aramalarıdır	1
Sultan9	Sultan	1
sikintilarni	sıkıntılarnı	1
ayliklarinin	aylıklarının	1
biraktiklar	bıraktıklar	1
alnmişlardir	alnmışlardır	1
kizlarnn	kızların	1
larindan	larından	1
anlaşıldiğ	anlaşıldığ	1
çikmami	çıkmamı	1
aylğini	aylğını	1
yakinmaktadr	yakınmaktadr	1
tanatini	tanatını	1
barndiran	barndıran	1
kullaniniz	kullanınız	1
sikantilar	sıkıntılar	1
sekildeki	şekildeki	1
cekmiş	çekmiş	1
sehzade	şehzade	1
tahsisatindan	tahsisatından	1
uğramadiğıni	uğramadığını	1
ihsanindan	ihsanından	1
harçliğinin	harçlığının	1
karşilamayacağ	karşılamayacağ	1
Izeddin	İzeddin	1
Şubati’nda	Şubatı’nda	1
tutulmaktadir	tutulmaktadır	1
babasin	babasın	1
bağlarcasina	bağlarcasına	1
ayağni	ayağnı	1
masidir	masıdır	1
başladiğn	başladığım	1
politikalarn	politikaları	1
Içeriye	İçeriye	1
karşılarnda	karşılandı	1
artinca	artınca	1
siğnur	signur	1
kuşattirr	kuşattırr	1
sarayima	sarayına	1
dişt	dut	1
yallar	yıllar	1
unuf	müf	1
hukuklarini	hukuklarını	1
arasinın	arasının	1
yarglanirken	yarglanırken	1
vardiğim	vardığım	1
doğrulayacaktir20	doğrulayacaktır20	1
kizlarnin	kızların	1
dinlarryla	dınlarryla	1
atis	atış	1
halkuni	halkını	1
Maslak'taki	Maslak'takı	1
işitilip	ısıtılıp	1
telaşlandiracagi	telaşlandıracagı	1
civarlarinda	civarlarında	1
telaşimizi	telaşımızı	1
kozi	közi	1
duaniz	duanız	1
ablalarinin	ablalarının	1
adimıni	adımını	1
imajim	imajım	1
Bursa'yadir	Bursa'yadır	1
Bursa'dadir	Bursa'dadır	1
dolaşılir	dolaşılır	1
alşveriş	alsveriş	1
humâyûnu	hümayunu	1
cevablidir	cevablıdır	1
Kizlarim	Kızlarım	1
karşıliğina	karşılığını	1
kararlarinda	kararlarında	1
sihhatim	sıhhatim	1
kucaklarim	kucaklarım	1
Telgrafimin	Telgrafımın	1
selâmimizi	selamımızı	1
Hakki'yla	Hakkı'yla	1
Selâmlarimi	Selamlarımı	1
sabahindan	sabahından	1
Telgrafimda	Telgrafında	1
harikülâde	harikulade	1
vicdâna	vicdan	1
padişahlarina	padişahların	1
Hanedâni	Hanedanı	1
siniflardan	sınıflardan	1
yiğidlerinden	yığıdlerinden	1
kumandanlarina	kumandanlarına	1
bahtiyardir	bahtiyardır	1
Gidis	Gidiş	1
vatanimizi	vatanımızı	1
sabahl	sabahı	1
Istanbul’dayiz	İstanbul’dayız	1
Kâmil’e	Kamil’e	1
selâmlarimi	selamlarımı	1
Nisârşevk’e	Nisarşevk’e	1
havasindan	havasından	1
çukarilmiştir	çukarılmıştır	1
karçiliğini	karçılığını	1
züm	zum	1
Kasım'inın	Kasım'ının	1
Ittihadçılarla	İttihadçılarla	1
damadliğa	damadlığa	1
altindir	altındır	1
dina	dini	1
kadinlarnun	kadınların	1
durumlarn	durumları	1
çıkmasim	çıkmasın	1
Hakku	Hakkı	1
karsini	karnını	1
raldir	raldır	1
kocalari	kocaları	1
çignenecek	çiğnenecek	1
çahitler	cahitler	1
boşadigini	boşadığını	1
Şubat'indan	Şubat'ından	1
Tahtin	Tahtın	1
hastaliğ	hastalığ	1
rahatsizhğ	rahatsızhğ	1
gidişati	gidişatı	1
katilmakta	katılmakta	1
izdıran	izdiran	1
şad'in	sad'ın	1
saplantisiyla	saplantısıyla	1
yazmalarini	yazmalarını	1
kanserin	kimsenin	1
haremim	haremin	1
seratanin	seratanın	1
katilmamiş	katılmamış	1
muhassesati	muhassesatı	1
iskati	ıskatı	1
ustu	üstü	1
Zincirlikuyu'daki	Zincirlikuyu'dakı	1
noktalanir	noktalanır	1
rayla	rıyla	1
damarlarni	damarlarnı	1
brakmıştir	brakmıştır	1
karnindadır	karnındadır	1
veliahdliğnda	veliahdlığnda	1
temaslarinin	temaslarının	1
Macaristan'n	Macaristan'ın	1
kararlaştirilir	kararlaştırılır	1
yazimasi	yazması	1
Babaliye	Babalıye	1
biraktiklarni	bıraktıklarnı	1
inanmazdim	inanmazdım	1
parladiğ	parladığ	1
çalmı	camii	1
kapiyn	kapıyn	1
Asirlardan	Asırlardan	1
inanilan	inanılan	1
vasitadir	vasıtadır	1
annda	rında	1
yaldizin	yaldızın	1
Kran	Kimin	1
aşağilarda	aşağılarda	1
kapanir	kapanır	1
açilrken	acilrken	1
atmiştir	atmıştır	1
Aralik’mda	Aralık’mda	1
farkldir	farkldır	1
baçlamiş	baclamış	1
yildizina	yıldızına	1
tirmanip	tırmanıp	1
basamağin	basamağın	1
adimlandiğ	adımlandığ	1
Aralk'in	Aralk'ın	1
olmaldir	olmaldır	1
taraftir	taraftır	1
kit'ada	kıt'ada	1
hükümdarim	hükümdarın	1
kazanacağina	kazanacağına	1
sonrasinun	sonrasınun	1
boyayacaktir	boyayacaktır	1
imkansizdir	imkansızdır	1
yaşlidir	yaşlıdır	1
dermansizdhr	dermansızdhr	1
prostatindan	prostatından	1
muzdaribdir	muzdarıbdır	1
veliahdinın	veliahdının	1
Yildurim	Yıldırım	1
bağinın	bağının	1
Ordu'dadir	Ordu'dadır	1
anlaşamamiş	anlaşamamış	1
kumandanliğindan	kumandanlığından	1
çöhreti	çohreti	1
fisiltilara	fısıltılara	1
haftaliğina	haftalığına	1
aratir	aratır	1
tamamlanmiştir	tamamlanmıştır	1
yllarin	ylların	1
andir	midir	1
halkasiyla	halkasıyla	1
halkasinun	halkasınun	1
karşilaşmalar	karşılaşmalar	1
Aralik'indadir	Aralık'ındadır	1
karşılaşmalarnnin	karşılaşmalarnnın	1
araciyla	aracıyla	1
Imparato	İmparato	1
seya	şeyi	1
hati	hatı	1
harcirahlaryla	harcırahlaryla	1
tanişmalisiniz!	tanışmalısınız!	1
hocamdi	hocamdı	1
kolti	koltı	1
kapadi	kapadı	1
garda	girdi	1
bulunacaksiniz	bulunacaksınız	1
beklene	bekleme	1
aklimiz	aklımız	1
mantiğimiz	mantığımız	1
âtisini	atisini	1
teşrifatçist	teşrifatçıst	1
lamiştim	lamıştım	1
Îhsan	Ihsan	1
korgenerallik	korgenerallık	1
kaldirmişlar	kaldırmışlar	1
saffiharb	saffıharb	1
nizaminda	nizamında	1
muntazirdi	muntazırdı	1
uğurlamayi	uğurlamayı	1
yaklaştim	yaklaştım	1
bakişiyla	bakışıyla	1
gayritabil	gayritabıl	1
tirarak	tırarak	1
lâzimdir!	lazımdır!	1
râm	rın	1
yaplyordu	yapıyordu	1
bipervâ	biperva	1
kompartimana	kompartımana	1
yatacaktim	yatacaktım	1
Zatialiniz	Zatıaliniz	1
bulundurmayi	bulundurmayı	1
lâzimdl	lazımdl	1
uşaklarin	uşakların	1
uzaklaşmiş	uzaklaşmış	1
bahşediliyor	bahsediliyor	1
firsatlarindan	fırsatlarından	1
muntazir	muntazır	1
kumandanimizla	kumandanımızla	1
Ariburnu'nda	Arıburnu'nda	1
yaptiğıniz	yaptığınız	1
kazandiğıniz	kazandığınız	1
tarmiş	tarmış	1
kumandanimizsiniz	kumandanımızsınız	1
muhataplarinin	muhataplarının	1
çahsiyetini	cahsıyetini	1
yapmaliym	yapmalıym	1
safhalari	safhaları	1
haklisinz	haklısınz	1
kalasiniz	kalasınız	1
kumandanliğıni	kumandanlığını	1
cevapti	cevaptı	1
okuyani	okuyan	1
satirlarda	satırlarda	1
şaşırtmaktadir	şaşırtmaktadır	1
Lâzimdir!	Lazımdır!	1
veliahdina	veliahdına	1
taknmasi	taknması	1
kahramannin	kahramannın	1
karşilaşmayla	karşılaşmayla	1
zekasini	zekasını	1
Hanedanini	Hanedanını	1
çalışacaktir	çalışacaktır	1
aldatmayacaksin	aldatmayacaksın	1
nâmütenahi	namütenahi	1
yiğacaklardır	yığacaklardır	1
vasitasiz	vasıtasız	1
manialari	maniaları	1
aşacaksin	aşacaksın	1
Iktidar!	İktidarı	1
Iktidara	İktidara	1
adamlik	adamlık	1
varolanlari	varolanları	1
Baçlangiçta	Baclangıçta	1
nazirliklar	nazırlıklar	1
safhasina	safhasına	1
Kasım'inda	Kasım'ında	1
birkaçinin	birkaçının	1
iktidarlarinizin	iktidarlarınızın	1
yararlanilmasi	yararlanılması	1
almalarni	almalarnı	1
hizmetlerimden	hizmetlerinden	1
sikintidadir	sıkıntıdadır	1
Ocağinda	Ocağında	1
hizasinda	hizasında	1
şayandir	şayandır	1
aranip	aranıp	1
fedâkârliklari	fedakârlıkları	1
Sofya'dadir	Sofya'dadır	1
çukiyor	çıkıyor	1
tegebbüsler	teşebbüsler	1
Cevapsiz	Cevapsız	1
hatirlatmaya	hatırlatmaya	1
yazildır	yazıldır	1
Boğazlar1	Boğazları	1
esaslarni	esaslarnı	1
ortakliğl	ortaklığl	1
kaplicalariyla	kaplıcalarıyla	1
Tahti	Tahtı	1
kaçmaktir	kaçmaktır	1
itimadsizliği	itimadsızlığı	1
erkânini	erkanını	1
farkindadır'1	farkındadır'1	1
âşiki	aşıkı	1
alişmiştim	alışmıştım	1
Iskeleye	İskeleye	1
ifadelerimden	ifadelerinden	1
tabil	tabii	1
Başsağliğindan	Başsağlığından	1
sandiklarindan	sandıklarından	1
cevaplarimdan	cevaplarımdan	1
istihare	iştihare	1
nazlanirsam	nazlanırsam	1
kiyasen	kıyasen	1
cihanin	cihanın	1
mes’uliyetlere	mes’ulıyetlere	1
Alişilmiş	Alışılmış	1
âmiyane	amiyane	1
anlayiniz	anlayınız	1
yaçanir	yaçanır	1
saçağini	şacağını	1
uzaklaşmasini	uzaklaşmasını	1
vurulmuşcasina	vurulmuşcasına	1
Kanûn	Kanuni	1
yeminden	yerinden	1
âyâna	ayına	1
kirâm	Kırım	1
kelimât	kelimat	1
telaşlaninca	telaşlanınca	1
umursamadiğini	umursamadığını	1
adamlardir	adamlardır	1
Osmanlilar'da	Osmanlılar'da	1
alâmetlerindendir	alametlerindendir	1
takmasi	takması	1
unutmamiştir	unutmamıştır	1
klicini	klıcını	1
Guisseppe	Güısseppe	1
yaptirttign	yaptırttıgn	1
başliğ	başlığ	1
hastaliğıni	hastalığını	1
Topkapl	Topkapı	1
padişahini	padişahını	1
başsağliğl	bassağlığl	1
Kizkardeşine	Kızkardeşine	1
kaldirilacakti	kaldırılacaktı	1
kalfalari	kalfaları	1
haremağalari	haremağaları	1
karçiladilar	karçıladılar	1
yaşlarimizi	yaşlarımızı	1
teşrifatçilarin	teşrifatçıların	1
arttirsin	arttırsın	1
hatirlamişimdir	hatırlamışımdır	1
Sarayl'na	Sarayı'na	1
Sarayi'ni	Sarayı'nı	1
baskilardan	baskılardan	1
Abdülâziz’le	Abdülaziz’le	1
tahttir	tahttır	1
değişikliginden	değişikliğinden	1
olmaldirlar	olmaldırlar	1
kaldırlmasina	kaldırlmasına	1
şarnda	sandı	1
aracisi	aracısı	1
kullanur	kullanır	1
egemenliginde	egemenliğinde	1
danişmanlarn	danışmanları	1
çıkaracaktir	çıkaracaktır	1
Araliğinda	Aralığında	1
ğimsizliğina	ğımsızlığına	1
sultanni	sultanın	1
boşaltilmasina	boşaltılmasına	1
yazişırlar	yazısırlar	1
Planin	Planın	1
kismim	kısmım	1
kaldirilır	kaldırılır	1
Nazirliğl	Nazırlığl	1
ğina	ğına	1
kiraladiğ1	kiraladığ1	1
ağirlamaktadir	ağırlamaktadır	1
Sonralarn	Sonraları	1
aklnın	akımın	1
varamadiğin	varamadığın	1
acimiştim	acımıştım	1
alâkadardim	alakadardım	1
talimatiyla	talimatıyla	1
arkadaşinın	arkadaşının	1
dudağinın	dudağının	1
başundan	başından	1
Başkumandanliğı	Başkumandanlığı	1
yapin	yapın	1
bulugmasini	bulugmasını	1
Hatirimda	Hatırımda	1
kaldiğına	kaldığına	1
veliahdliğindaki	veliahdlığındakı	1
temaslarim	temaslarım	1
hatirladiğindan	hatırladığından	1
fenaliğini	fenalığını	1
ayriliktan	ayrılıktan	1
onaylayici	onaylayıcı	1
karşiliklar	karşılıklar	1
Veliahdliğl	Veliahdlığl	1
sigaraliktan	sigaralıktan	1
yaktiğl	yaktığl	1
tavirdan	tavırdan	1
velâ	veli	1
mütalâalarim	mütalaalarını	1
başkumandanliği	başkumandanlığı	1
Vardir	Vardır	1
Anlaşildiğ	Anlaşıldığ	1
karşıyadir	karşıyadır	1
huzurundayiz	huzurundayız	1
çaliştimsa	çalıştımsa	1
mükâlemeyi	mükalemeyi	1
tavirliydi	tavırlıydı	1
alnacak	alınacak	1
açtir	açtır	1
tabiatinde	tabiatınde	1
entrikanin	entrikanın	1
çahidi	cahidi	1
politikacilik	politikacılık	1
şahânenizi	şahanenizi	1
salähiyetiniz	salahiyetiniz	1
teläffuz	telaffuz	1
çıktigim	çıktığım	1
uzaklaştim	uzaklaştım	1
baçladim	bacladım	1
lâzimdi4	lazımdı4	1
Isteği	İsteği	1
dolayadir	dolayıdır	1
sevketmiş	şevketmiş	1
Kumandanliğina	Kumandanlığına	1
selâmliğindan	selamlığından	1
kumandaniyla	kumandanıyla	1
anlaşamadiğ	anlaşamadığ	1
rastladiğ	rastladığ	1
yapamasa	yapması	1
kaymakta	kaynakta	1
damadindan	damadından	1
bulunmas1	bulunması	1
hizlanacak	hızlanacak	1
imzalanacaktir	imzalanacaktır	1
Padişâhi	Padişahı	1
mutasarrflarin	mutasarrfların	1
Kumandanliğrina	Kumandanlığrına	1
kumandanliğ	kumandanlığ	1
devralmiştir	devralmıştır	1
cenahi	cenahı	1
Saği	Sağı	1
yardimdan	yardımdan	1
çesnu	cesim	1
Aclûn	İçlin	1
kitaati	kıtaatı	1
kit’alari	kıt’aları	1
kit'alari	kıt'aları	1
Şam’n	Şam’ın	1
kaldiğl	kaldığl	1
altişar	altışar	1
dusunu	düşünü	1
sadasinda	sadasında	1
şaştim	şaştım	1
yanibaçindaki	yanibaçındakı	1
ihtilât	ihtilat	1
nazirlk	nazırlk	1
trada	tında	1
yoni	yön	1
kuramamgtir	kuramamgtır	1
donomoktodir	donomoktodır	1
hüklmoti	hüklmotı	1
Pagn'nin	Pagn'nın	1
kurmagıni	kurmagını	1
Dügman	Düşman	1
gurût	Girit	1
kalmamigtir	kalmamıştır	1
Iilat	Iılat	1
habine	habıne	1
teghilinde	teğhilinde	1
mügkilata	muğkılata	1
mllsaid	mllsaıd	1
bâidù’l	baidù’l	1
mezkürenin	mezkurenin	1
padişahimiza	padişahımıza	1
bağliligim	bağlılığım	1
selâmetinin	selametinin	1
âcizlerinden	acizlerinden	1
itikadindayim	itikadındayım	1
arzini	arzını	1
telgrafnda	telgrafında	1
Nazırliğl’nin	Nazırlığl’nın	1
anlaşilacaktir	anlaşılacaktır	1
Nazırliğl’ni	Nazırlığl’nı	1
sükûnu	sükun	1
Nazirliğl’ni	Nazırlığl’nı	1
Kasim'dan	Kasım'dan	1
başbakanliğna	başbakanlığna	1
imzalayacaktir	imzalayacaktır	1
doldurmamiş	doldurmamış	1
bağimsizhğni	bağımsızlığın	1
koymasindan	koymasından	1
Hristiy	Hrıstıy	1
Hayir!	Hayır!	1
çıkivermesinin	çıkıvermesinin	1
şaşkinliğn	şaşkınlığn	1
sonraiçin	sonraıçın	1
tartişmann	tartışmanın	1
Mayis’indan	Mayıs’ından	1
tutulmalidir	tutulmalıdır	1
davranmasina	davranmasına	1
hükümdardir	hükümdardır	1
meçrutiyet	mecrutıyet	1
mutlakiyettir	mutlakıyettir	1
Istediği	İstediği	1
tilmış	tılmış	1
etrafindakilerin	etrafındakilerin	1
başkâtibini	başkatibini	1
vasiflar	vasıflar	1
israrinin	ısrarının	1
vehhamlik	vehhamlık	1
kararsizliğinin	kararsızlığının	1
karşisindakini	karşısındakini	1
hatratinda	hatratında	1
kullanmaktadir	kullanmaktadır	1
çıkişyla	çıkışyla	1
çıktiğl	çıktığı	1
biraklacak	bıraklacak	1
inandiğn	inandığn	1
intibaini	intibaını	1
zamanndan	zamanından	1
anlarnda	anlamda	1
sirtinı	sırtını	1
dişmnda	dışmnda	1
yaptirabilecek	yaptırabilecek	1
Amerikasi	Amerikası	1
Mail	Nail	1
olmasindandir	olmasındandır	1
memleketim	memleketin	1
arae	irae	1
milletinizin	milletimizin	1
halkima	halkına	1
çahislarin	cahısların	1
fenaliklardan	fenalıklardan	1
sağlayacağina	sağlayacağına	1
şartlarnin	şartların	1
lûtufkâr	lütufkar	1
yakinmasina	yakınmasına	1
imzalandiğini	imzalandığını	1
Politikasinn	Politikasının	1
Bağiralim	Bağıralım	1
kaldirmayalim	kaldırmayalım	1
yinlanan	yınlanan	1
yardiminizi	yardımınızı	1
nuşmaktadir	nuşmaktadır	1
gildir	ğildir	1
Ariburnu	Arıburnu	1
mintikalarda	mıntıkalarda	1
asindan	asından	1
istiklâline	istiklaline	1
duygulanmalari	duygulanmaları	1
çaliştiğin	çalıştığım	1
yakınliğinin	yakınlığının	1
kalmadiğnı	kalmadığnı	1
çiktiğindan	çıktığından	1
Isviçre’deki	İsviçre’deki	1
Nazuri	Nazırı	1
nazirlardan	nazırlardan	1
bulunmuşlarmi	bulunmuşlarmı	1
farklarnin	farklarnın	1
topraklarn	toprakları	1
kurtulmasidır	kurtulmasıdır	1
sadrazamlarnin	sadrazamlarnın	1
Babialinin	Babıalinin	1
davranişında	davranışında	1
tâcimin	tacımın	1
pirlantalaridir	pırlantalarıdır	1
padişahlarnni	padişahların	1
baçıni	biçimi	1
payitahtindan	payitahtından	1
bağinr	bağınr	1
izâminiz	izamınız	1
namazimda	namazımda	1
dualarim	dualarım	1
kandırldiğindan	kandırldığından	1
aylğina	aylğına	1
anlaşmiştik	anlaşmıştık	1
inandirldiğini	inandırldığını	1
anlatir1	anlatır1	1
haklidır	haklıdır	1
payitahtinin	payitahtının	1
birakilp	bırakılp	1
brakulmamasi	brakulmaması	1
haftasnda	haftasında	1
Kasim'inn	Kasım'ınn	1
Bakanliğr’na	Bakanlığr’na	1
Bariştan	Barıştan	1
tantanali	tantanalı	1
sayilmasina	sayılmasına	1
Şubat'nda	Şubat'ında	1
atilmalarnin	atılmalarnın	1
sağlanamadiğ	sağlanamadığ	1
Müslümanlar1	Müslümanları	1
tanidiğni	tanıdığım	1
yarattığl	yarattığı	1
uzaklaştiktan	uzaklaştıktan	1
atlmasinin	atlmasının	1
karşılanmayacağni	karşılanmayacağnı	1
uzaklaştirilmalar	uzaklaştırılmalar	1
asirlardir	asırlardır	1
atilmalari	atılmaları	1
kaçrlmamasi	kaçrlmaması	1
Müslümanlar’nin	Müslümanlar’nın	1
tutacaktir	tutacaktır	1
Kamarasi'nda	Kamarası'nda	1
Leanqui	Leanquı	1
kovulmalari	kovulmaları	1
kalkişacak	kalkışacak	1
kismaktan	kısmaktan	1
Macaristan’i	Macaristan’ı	1
çarpişmayacağımiza	çarpışmayacağımıza	1
taninmak	tanınmak	1
kovulmasi	kovulması	1
çılginliklari	çılgınlıkları	1
cezalandırilmadiklarini	cezalandırılmadıklarını	1
fazlasni	fazlasnı	1
arttirildl	arttırıldl	1
tartişildi	tartışıldı	1
Şeyhülislami	Şeyhülislamı	1
arkadaşlarni	arkadaşlarnı	1
açilişinin	açılışının	1
çâhânenin	cahânenin	1
uğraştiran	uğraştıran	1
olamamasinin	olamamasının	1
kit’alar	kıt’alar	1
padişahimizla	padişahımızla	1
saymiçtir	saymıçtır	1
kaldiğınin	kaldığının	1
sadrazamina	sadrazamın	1
anuhr	anılır	1
Ibrahim'i	İbrahim'i	1
Paça'si	Paça'sı	1
akrabadir	akrabadır	1
anlr	amir	1
yllarndaki	yllarndakı	1
politikasidan	politikasıdan	1
bahsedildiginde	bahsedildiğinde	1
Aslnda	Aslında	1
tamamtir	tamamtır	1
kâtipken	katipken	1
duldur	dildir	1
Hassa'nin	Hassa'nın	1
Baltaliman'ndaki	Baltalıman'ndakı	1
yaçamaktadir	yaçamaktadır	1
uşağinin	uşağının	1
başkasiyla	başkasıyla	1
çildirir	çıldırır	1
Yalinin	Yılının	1
Baltalimam	Baltalımam	1
varliğndan	varlığından	1
sonranin	sonranın	1
kocasinın	kocasının	1
kistaslarni	kıstaslarnı	1
izdivaci	izdivacı	1
âliyeden	aliyeden	1
kirkindan	kırkından	1
çikarilmiştir	çıkarılmıştır	1
bulunmamiştir	bulunmamıştır	1
Nihäyet	Nihayet	1
yaşinin	yaşının	1
bulunmasiyla	bulunmasıyla	1
Kullari	Kulları	1
Sultan'indir	Sultan'ındır	1
fotoğrafini	fotoğrafını	1
Lâtin	Latin	1
yazilmasini	yazılmasını	1
bahçivanlar	bahçıvanlar	1
tirnaklaryla	tırnaklaryla	1
ayakkabilarna	ayakkabılarna	1
sirasndaki	sırasındaki	1
Sadrazamliği	Sadrazamlığı	1
orasl	orası	1
kâtibiyken	katibiyken	1
hulyasina	hülyasına	1
tavşanin	tavşanın	1
Ittihadçıdir	İttihadçıdır	1
çıkartmaktadir	çıkartmaktadır	1
temenna	temenni	1
sikmıştr	sıkmıştr	1
karşıliğn	karşılığn	1
kirbacini	kırbacını	1
kurnazlğinin	kurnazlğının	1
baçkasini	baçkasını	1
Baltalimani’ndaki	Baltalimanı’ndakı	1
yaliyi	yalıyı	1
halami	halini	1
adamdl	adamdı	1
Inanmadiğimi	İnanmadığımı	1
açiklamaktan	açıklamaktan	1
okşadi	okşadı	1
siralamakta	sıralamakta	1
yaptirabileceğinden	yaptırabileceğinden	1
kalkişur	kalkışur	1
babaai	babaaı	1
Edward'in	Edward'ın	1
Paan'nin	Paan'nın	1
katilmast	katılmast	1
caktir	caktır	1
hahambaşiy	hahambaşıy	1
sacayağidir	saçayağıdır	1
doğacaktir	doğacaktır	1
inanmasindan	inanmasından	1
kullandiğn	kullandığn	1
Inanmanin	İnanmanın	1
sadrazaminiz	sadrazamınız	1
Kirnm	Kırım	1
unvanni	unvanını	1
hanlarnin	hanlarnın	1
bayramini	bayramını	1
Kâtiplikten	Katiplikten	1
Kasim'yla	Kasım'yla	1
yaptiklarni	yaptıklarnı	1
Kasim'ina	Kasım'ına	1
sadrazaminı	sadrazamın	1
sirdaş	sırdaş	1
Ihtiyarla	İhtiyarla	1
hanimla	hanımla	1
Yazmiş	Yazmış	1
Genelkurmayi’ndan	Genelkurmayı’ndan	1
çerefdir	cerefdir	1
yazmadiğini	yazmadığını	1
masrafina	masrafına	1
çalışirim	çalışırım	1
okuyacağiz	okuyacağız	1
saylir	saylır	1
sirdaşı	sırdaşı	1
zamann	zamanın	1
tartişmal	tartışmal	1
Hükûmetler	Hükümetler	1
katari	katarı	1
açağidaki	açağıdakı	1
istifas1	istifası	1
Mayas	Mayıs	1
kuracaktir	kuracaktır	1
Yildırm	Yıldırm	1
kaminın	kanının	1
konuşmaktir	konuşmaktır	1
sarayıni	sarayını	1
Mebusan'inin	Mebusan'ının	1
maksadimi	maksadını	1
mülâ	imla	1
saflik	saflık	1
bulunmakliğimi	bulunmaklığımı	1
yorumlanmiş	yorumlanmış	1
izahatima	izahatıma	1
şâhanenizle	şahanenizle	1
yarndan	yandan	1
şâhane	sahne	1
vasitamla	vasıtamla	1
Karşimdaki	Karşımdaki	1
kumandansiniz	kumandansınız	1
Arkadaşlarinizi	Arkadaşlarınızı	1
anlayamamiş	anlayamamış	1
Palas'tadir	Palas'tadır	1
sadrazamliğ	sadrazamlığ	1
bayaldi	bayaldı	1
çaldiğinda	çaldığında	1
kahvaltidan	kahvaltıdan	1
Kapinin	Kapının	1
kipkırmizi	kıpkırmızı	1
haykirarak	haykırarak	1
bağiryordu	bağıryordu	1
Çahşma	Çalışma	1
yiğildi	yığıldı	1
Baylmişti	Baylmıştı	1
buzlari	buzları	1
ayildi	ayıldı	1
yalidan	yalıdan	1
Silâhlanip	Silahlanıp	1
baçladiğnu	bacladığnu	1
Hizmetkârlarin	Hizmetkarların	1
çalştiklar	çalştıklar	1
Izmirden	İzmirden	1
açuklamalar	açıklamalar	1
tutuklanmasini	tutuklanmasını	1
nazira	nazırı	1
Ittihadçiydi	İttihadçıydı	1
şâhâneyi	sahneyi	1
alnabilen	alnabılen	1
Igalin	Iğalın	1
geme	gene	1
alişkindir	alışkındır	1
kamçinin	kamçının	1
teşkilâtsiz	teşkilatsız	1
alamadilar	alamadılar	1
patladiğinda	patladığında	1
tarafsizliğnni	tarafsızlığnnı	1
tacim	tacım	1
şakalaştiklar	şakalaştıklar	1
yayilmaci	yayılmacı	1
alşmiş	alsmış	1
dumanlarn	dumanları	1
kurtarldiğ	kurtarldığ	1
Nifte	Nıfte	1
yanndamandanin	yanndamandanın	1
izdirabin	izdirabın	1
Adasi'nun	Adası'nın	1
çobani	çobanı	1
Limani'nda	Limanı'nda	1
noktalarnni	noktalarını	1
olunmayacağina	olunmayacağına	1
anlaşmanun	anlaşmanın	1
selâmliğinda	selamlığında	1
tablasina	tablasına	1
aldattilar	aldattılar	1
tutmadilar	tutmadılar	1
yaynladiğr	yaynladığr	1
kaynaklandiğin	kaynaklandığın	1
murahhaslarin	murahhasların	1
hâtirindadir	hatırındadır	1
çıkarttiğina	çıkarttığına	1
inanmadaydilar	inanmadaydılar	1
imzaladiklar	imzaladıklar	1
kismak	kurmak	1
haklydilar	haklydılar	1
onlardi	onlardı	1
ortağydi	ortağydı	1
ayrintı	ayrıntı	1
olura	ölüm	1
Osmanh’nin	Osmanlı’nın	1
yatmadaydi	yatmadaydı	1
yarmadamasi	yarmadaması	1
durmasinin	durmasının	1
Yunanistan'ini	Yunanistan'ını	1
meslekdaşi	meslekdaşı	1
hayranliğinn	hayranlığınn	1
çilginliklari	çılgınlıkları	1
cezalandirilmadiklarini	cezalandırılmadıklarını	1
taraflarm	tarafları	1
anlaşılmasindan	anlaşılmasından	1
paylaşilmasina	paylaşılmasına	1
adalarnni	adalarnnı	1
Kibris'1	Kıbrıs'1	1
Aydin'la	Aydın'la	1
Anlaşmasi’yla	Anlaşması’yla	1
dayanyordu	dayanıyordu	1
başbakanlarinin	başbakanlarının	1
kararlaştirdiklar	kararlaştırdıklar	1
onayin	onayın	1
kazanamamişti	kazanamamıştı	1
brrakilyordu	brrakılyordu	1
Anlaşmasi'na	Anlaşması'na	1
düçmedeydi	ducmedeydi	1
Atina'nin	Atina'nın	1
kazanmasindan	kazanmasından	1
sayılamayacağini	sayılamayacağını	1
Başkan1	Başkanı	1
almalarn	almaları	1
irtibatinin	irtibatının	1
bağdaşmiyordu	bağdaşmıyordu	1
Izmir'di	İzmir'di	1
azinliktaydi	azınlıktaydı	1
siplere	şıplere	1
topraklarmi	topraklarmı	1
hizlanmasi	hızlanması	1
Hizlanmay	Hızlanmay	1
çılginliğa	çılgınlığa	1
kapilmişti	kapılmıştı	1
sarsacağindan	sarsacağından	1
korktuklari	korktukları	1
hissediyorlardi	hissediyorlardı	1
Istanbul'la	İstanbul'la	1
aldatilip	aldatılıp	1
yaylmaci	yaylmacı	1
Ilimli	Ilımlı	1
yollanmasini	yollanmasını	1
çıkarldi	çıkarldı	1
sabahinın	sabahının	1
Işgale	İşgale	1
azliği	azlığı	1
küstahlik!	küstahlık!	1
savaşmasi	savaşması	1
fatihâne	fatihane	1
arttirmiçti	arttırmıçtı	1
aramadaydi	aramadaydı	1
arindirilmiş	arındırılmış	1
anlattiklarna	anlattıklarna	1
landilar	landılar	1
tartiştilar	tartıştılar	1
tartişilmiş	tartışılmış	1
yanaştiğini	yanaştığını	1
Paşa'si	Paşa'sı	1
hatirlarda	hatırlarda	1
tartişıldi	tartışıldı	1
katilanlarndan	katılanlarndan	1
sirdaşliğini	sırdaşlığını	1
hatirla!	hatırla!	1
daysina	daysına	1
çahsî	çalışı	1
kiskaniyorlar	kıskanıyorlar	1
düştügünü	düştüğünü	1
yeğenihayli	yeğenihaylı	1
uzatmişti	uzatmıştı	1
rastlandiğ	rastlandığ	1
yakasinı	yakasını	1
geceyarsina	geceyarsına	1
kapidişari	kapıdışarı	1
kaldirmı	kaldırmı	1
sayfalarndaki	sayfalarndakı	1
limaninda	limanında	1
zirliklarn	zırlıklarn	1
aşamasinin	aşamasının	1
simasiydilar	simasıydılar	1
damadiydi	damadıydı	1
tanişiyordu	tanışıyordu	1
hazirlati	hazırlatı	1
yolladiğr	yolladığr	1
çabavarilmiş	çabavarılmış	1
hazirhklar	hazırlıklar	1
makamsiz	imkansız	1
uzaklaştirilsin	uzaklaştırılsın	1
kumandanlarimizdan	kumandanlarımızdan	1
çikarabilecek	çıkarabilecek	1
yoldaşyiz!	yoldaşyız!	1
yabancisi	yabancısı	1
Duasiyla	Duasıyla	1
selâmetlemiş	selametlemiş	1
yaynlanmamış	yayınlanmamış	1
yaynlandi	yayımlandı	1
Müfettişligi'ne	Müfettişliği'ne	1
çıkartilmasini	çıkartılmasını	1
şifähi	şifahi	1
anlaşilacağ	anlaşılacağ	1
alnarak	alınarak	1
yazimalarla	yazımalarla	1
kazdrlmasini	kazdrlmasını	1
asrn	işin	1
erkâna	erkanı	1
aynisı	aynısı	1
taninıyor	tanınıyor	1
Sivastaki	Sivastakı	1
Mutasarnfliğl’na	Mutasarnflığl’na	1
masraflara	masrafları	1
planladiğini	planladığını	1
duyurulmasini	duyurulmasını	1
karargâhinın	karargahının	1
bağlanmamiş	bağlanmamış	1
Mayas’ta	Mayıs’ta	1
Ingilizlerden	İngilizlerden	1
sonralarin	sonraların	1
imzalanip	imzalanıp	1
Binbaş1	Binbaşı	1
kâğitlarn	kağıtları	1
imzalanmiştr	imzalanmıştr	1
Işkenceci	İşkenceci	1
read	Reid	1
generals	generali	1
usual	usul	1
karşılaşmiştik	karşılaşmıştık	1
husiness	hüsiness	1
tilâfin	tilafın	1
confidence	confıdence	1
sek	şek	1
varmişt	varmışt	1
albayinin	albayının	1
dişaridaydi	dışarıdaydı	1
kararlaştirdim	kararlaştırdım	1
çağirildim	çağırıldım	1
Padiah’in	Padiah’ın	1
anlamiştik	anlamıştık	1
dosyayi	dosyayı	1
kalabalıkti	kalabalıktı	1
anlamadiği	anlamadığı	1
rahattim	rahattım	1
Yunanlilar’n	Yunanlılar’n	1
Nişantaçı'ndaki	Nişantaçı'ndakı	1
yemegindedir	yemeğindedir	1
Şâhâne'yi	Şahane'yi	1
Sağinda	Sağında	1
Manzarayi	Manzarayı	1
zirhlilar!	zırhlılar!	1
başlarimizi	başlarımızı	1
yapacağin	yapacağım	1
datildiğini	datıldığını	1
sahtekârliklarini	sahtekârlıklarını	1
dayanağimiz	dayanağımız	1
uymaktir	uymaktır	1
inandirabilirsem	inandırabilirsem	1
cezalandirirsam	cezalandırırsam	1
Irâde	İrade	1
şahânesine	sahnesine	1
buyurmayin	buyurmayın	1
şâhânenizi	şahanenizi	1
buyurduklarnizi	buyurduklarnızı	1
Kapağinin	Kapağının	1
çiktiğimizi	çıktığımızı	1
ayaklarimizin	ayaklarımızın	1
patirtisini	patırtısını	1
uzaklaştik	uzaklaştık	1
soracaktir	soracaktır	1
baçkenti	backenti	1
taşimasinin	taşımasının	1
karçılik	karçılık	1
braktiğ1	braktığ1	1
sâhâneleriyle	şahaneleriyle	1
Mayis'ti	Mayıs'tı	1
cumaydi	cumaydı	1
Namazini	Namazını	1
Şâhâne	Sahne	1
Yazisi	Yazısı	1
elyazmasi	elyazması	1
üniformalarni	üniformalarnı	1
adimlaryla	adımlaryla	1
tavrina	tavrına	1
kaynağim	kaynağın	1
kullarinin	kullarının	1
hatiralarnna	hatıralarını	1
mırilti	mırıltı	1
lâbis	labis	1
Kadîm'in	Kadim'in	1
memûrîn	memurini	1
Politikaci	Politikacı	1
şâhiye	sahiye	1
tâlimat	talimat	1
vâsia	vasia	1
rizây	rızay	1
bâhiresinde	bahiresinde	1
buluşmalari	buluşmaları	1
sapmişlardi	sapmışlardı	1
paşaninki	paşanınkı	1
teçyie	tecyie	1
kizkardeşiyle	kızkardeşiyle	1
vedalaçti	vedalaçtı	1
hazırlanmasi	hazırlanması	1
Bandırma'nin	Bandırma'nın	1
donaniml	donanımı	1
Iskoçya’nin	İskoçya’nın	1
Aareadio	Aareadıo	1
Derasimo	Derasımo	1
kumpanyasina	kumpanyasına	1
Seyrüsefain	Seyrüsefaın	1
açıklarnnda	açıklarında	1
yakinlarnda	yakınlarnda	1
denizaltisindan	denizaltısından	1
arizalandi	arızalandı	1
bozmacisi	bozmacısı	1
tartişmasinda	tartışmasında	1
Bandırma'ydi	Bandırma'ydı	1
basmasindan	basmasından	1
ulaşip	ulaşıp	1
başladiğinin	başladığının	1
varilmiş	varılmış	1
Kayinpederiniz	Kayınpederiniz	1
açiklyor	açıklyor	1
âfiyetle	afiyetle	1
ulaşmanizin	ulaşmanızın	1
başarilarinizi	başarılarınızı	1
kilndi	kılındı	1
Inkilâbl'nun	İnkılabl'nun	1
nazirlarndan	nazırlarndan	1
Mays'inn	Mays'ınn	1
metimin	metinin	1
başkasinın	başkasının	1
sağlanmasinin	sağlanmasının	1
olamayacağim	olamayacağım	1
durumlarin	durumların	1
saldirlarin	saldırların	1
dokunulmazliğinin	dokunulmazlığının	1
sağlamlaştirilmasi	sağlamlaştırılması	1
selâmimla	selamımla	1
humâyun	hümayun	1
çartlarina	çartlarına	1
uymamaktadir	uymamaktadır	1
fermanun	fermanın	1
Tamaminin	Tamamının	1
baçkasinin	baçkasının	1
Mevlânzade'nin	Mevlanzade'nin	1
kayat	kayıt	1
altinlarla	altınlarla	1
yazdiklarinda	yazdıklarında	1
sandiğinin	sandığının	1
kontrolu	kontrolü	1
cebimden	cebinden	1
yaptiğr	yaptığr	1
alinamadiği	alınamadığı	1
tamamnin	tamamının	1
satişindan	satışından	1
meblâğdir	meblağdır	1
kaytlidir	kaytlıdır	1
varli	varlı	1
Isgalci	İşgalci	1
farkindaydilar	farkındaydılar	1
tattiğini	tattığını	1
yazdirarak	yazdırarak	1
yayinlattiği	yayınlattığı	1
aldirmiş	aldırmış	1
âlemlerine	alemlerine	1
subaylariyla	subaylarıyla	1
yaltakçilik	yaltakçılık	1
israrina	ısrarına	1
amacinda	amacında	1
savaşsin	savaşsın	1
sağlamdir	sağlamdır	1
kit’alardan	kıt’alardan	1
politikasnin	politikasının	1
kiskançtir	kıskançtır	1
kiskançliğl	kıskançlığl	1
fermaninl	fermanın	1
padiçahin	padiçahın	1
koymuşlardir	koymuşlardır	1
padişahca	padişahça	1
aldatilmiş	aldatılmış	1
istediginin	istediğinin	1
anlaulmasin	anlaulmasın	1
andirmaktadr	andırmaktadr	1
anladiğ	anladığ	1
çalişacaktir	çalışacaktır	1
Yunanlilart	Yunanlılart	1
çıkartacağina	çıkartacağına	1
inanirm	inanırm	1
Ittihadçulardan	İttihadçulardan	1
hükümdarm	hükümdarı	1
bakşı	Bakü	1
yazdiklarnni	yazdıklarını	1
saydiğindan	saydığından	1
kararlaşinca	kararlaşınca	1
çerefimle	cerefimle	1
yaçamiş	yaçamış	1
delikanlliğinda	delikanllığında	1
Aralik'nda	Aralık'nda	1
selamliğina	selamlığına	1
Saraynin	Sarayının	1
Sanremo’daki	Sanremo’dakı	1
karşilaniyor	karşılanıyor	1
sarli	şarlı	1
namazina	namazına	1
mezarliğinin	mezarlığının	1
lâhdi	lahdı	1
firçasindan	fırçasından	1
Üniformasina	Üniformasını	1
andlaşmasini	andlaşmasını	1
firçasiyla	fırçasıyla	1
zamanlarnın	zamanların	1
Darginlik	Dargınlık	1
ngiltere'yle	İngiltere'yle	1
varmasindan	varmasından	1
macerasinin	macerasının	1
Anadolu'daydi	Anadolu'daydı	1
çağrrlmasi	çağrrlması	1
bombardimanina	bombardımanına	1
Hiläfet	Hilafet	1
arzlarimda	arzlarımda	1
aldiğt	aldığt	1
ağirlaştirmamak	ağırlaştırmamak	1
makamiyle	makamıyle	1
zâtlarinin	zatlarının	1
korunmanizi	korunmanızı	1
çukartilmiş	çıkartılmış	1
unvannin	unvanının	1
tardi	tardı	1
Bakanliğn	Bakanlığın	1
başkanliğndaki	başkanlığındaki	1
kararnn	kararın	1
layihasini	layihasını	1
dayanmaksizin	dayanmaksızın	1
uzaklaştirlan	uzaklaştırlan	1
uzaklaştirlmadiğ	uzaklaştırlmadığ	1
Ankara'daydi	Ankara'daydı	1
Anadomi	Anadomı	1
padişahlarini	padişahların	1
makaminun	makamının	1
caniyâne	caniyane	1
bulunacaklari	bulunacakları	1
ulaşmasina	ulaşmasına	1
zâtini	zatını	1
çalişmaktaymışlar	çalışmaktaymışlar	1
inandirmaktan	inandırmaktan	1
anlatmadaydi	anlatmadaydı	1
kâgnda	kasında	1
vuramadig	vuramadıg	1
kaldirilip	kaldırılıp	1
inkilâplardan	inkılaplardan	1
alemdârimiz	alemdarımız	1
çiktiğimizdan	çıktığımızdan	1
başimizda	başımızda	1
çikartilip	çıkartılıp	1
aramiştir	aramıştır	1
atilip	atılıp	1
uzaklaştirilmasina	uzaklaştırılmasına	1
yoğunlaştirmamizi	yoğunlaştırmamızı	1
tartişmakta	tartışmakta	1
tartiılan	tartıılan	1
imzalamadiğ	imzalamadığ	1
Komiserlige	Komiserliğe	1
Bakanligl'nin	Bakanlıgl'nın	1
doğulularin	doğuluların	1
Barişa	Barışa	1
Îngiliz	Ingiliz	1
Karargâhi’na	Karargâhı’na	1
almasinı	almasını	1
subaylarnin	subayların	1
kisimlarna	kısımlarna	1
koçullarin	koçulların	1
baskist	baskıst	1
casuslariyla	casuslarıyla	1
Ingilizlerde	İngilizlerde	1
açmastydi	açmastydı	1
hazird	hazırd	1
hilâfetti	hilafetti	1
Itaatli	İtaatli	1
yaptiriyoruz	yaptırıyoruz	1
yiln	yılın	1
ilkbaharnnda	ilkbaharında	1
tasarnin	tasarım	1
ilikilerde	ılıkılerde	1
lacakti	lacaktı	1
karçlik	karçlık	1
boğazlarindaki	boğazlarındaki	1
atamasini	atamasını	1
vilâyeté	vilayete	1
müsteşarlik	müsteşarlık	1
başkonsoloslari	başkonsolosları	1
konsoloslarnin	konsoloslarnın	1
imzalandiğl	imzalandığl	1
karşilhk	karşılhk	1
yaşadign	yaşadığım	1
gerektiginde	gerektiğinde	1
kançtirdi	kançtırdı	1
aslinin	aslının	1
çalişildiğni	çalışıldığnı	1
ayiracaktir	ayıracaktır	1
kararlaştirilmasindan	kararlaştırılmasından	1
çıktiğn	çıktığım	1
kurumlarni	kurumlarnı	1
hakkim	hakkım	1
bulunmadiğidır	bulunmadığıdır	1
sizmasindan	sızmasından	1
yalanladilar	yalanladılar	1
hazirliğyla	hazırlığyla	1
birakalm	bırakalım	1
yanibaşında	yanıbaşında	1
yapildiğr	yapıldığr	1
olamayacağıni	olamayacağını	1
anlaşmasiydi	anlaşmasıydı	1
karşilaşıyoruz	karşılaşıyoruz	1
atayacakti	atayacaktı	1
caliklarda	calıklarda	1
yanilgi	yanılgı	1
Barişin	Barışın	1
baştercümani	baştercümanı	1
Olmamasini	Olmamasını	1
kavrayamadi	kavrayamadı	1
çağirtti	çağırttı	1
notalarini	notalarını	1
Isgalden	İşgalden	1
ciğliklarn	çığlıkları	1
düşmanliğt	düşmanlığt	1
kaçınmaliyiz	kaçınmalıyız	1
Yaynlanan	Yayınlanan	1
ayırimi	ayırımı	1
mutluluklarini	mutluluklarını	1
kararlarni	kararlarnı	1
Hristiyanlarin	Hristiyanların	1
teşkilât’müstear	teşkilat’müstear	1
çahislar	cahıslar	1
enkazindan	enkazından	1
kandirmalarina	kandırmalarına	1
kapilmamak	kapılmamak	1
kilnan	kılınan	1
baştercümam	baştercümanı	1
baskısiyla	baskısıyla	1
olacağin	olacağın	1
malydi	malydı	1
Ryan'in	Ryan'ın	1
kumandanliğr	kumandanlığr	1
degiştirmi	değiştirmi	1
atilmasini	atılmasını	1
sikintilarndan	sıkıntılarndan	1
uğramamiş	uğramamış	1
ezanindan	ezanından	1
sekilerek	şekilerek	1
tamamlanmami	tamamlanmamı	1
çalşmalarini	çalşmalarını	1
padişahl	padişahı	1
Istanbul'dakinin	İstanbul'dakının	1
Tahtiniz	Tahtınız	1
edecedakati	edecedakatı	1
başliğyla	başlığyla	1
açilişindan	açılışından	1
idamlari	idamları	1
bozanlarin	bozanların	1
Selânikli	Selanikli	1
miralayliktan	miralaylıktan	1
Salacakli	Salacaklı	1
Numarali	Numaralı	1
tutanağinda	tutanağında	1
bulunmalarina	bulunmalarına	1
Harb’inden	Harb’ınden	1
hayatlarnin	hayatlarını	1
yakalandiklar	yakalandıklar	1
mahkûmlarin	mahkumların	1
yakalandiklarn	yakalandıklarn	1
yargilanacaklardır	yargılanacaklardır	1
caydirmaya	caydırmaya	1
gaib	gaıb	1
davast	Davut	1
kâide	kaide	1
zamanaşimiyla	zamanaşımıyla	1
yakalanirsa	yakalanırsa	1
yakalandiklarinda	yakalandıklarında	1
davalarinin	davalarının	1
haklarndaki	haklarndakı	1
hususlardir	hususlardır	1
yazina	yazına	1
andlaşmalarin	andlaşmaların	1
imzalatilmiş	imzalatılmış	1
hesaplaşılamamiş	hesaplaşılamamış	1
karçilıkli	karçılıklı	1
kit’asindan	kıt’asından	1
Andlaşmalarinda	Andlaşmalarında	1
sonrariyle	sonrarıyle	1
yasaklanmasina	yasaklanmasına	1
imzalamasini	imzalamasını	1
hazrlik	hazrlık	1
şartlarnn	şartların	1
meslekdaşina	meslekdaşına	1
izdıraba	izdiraba	1
yapmasim	yapmasım	1
alnmiş	alınmış	1
anlatihyor	anlatıhyor	1
davranilacağindan	davranılacağından	1
bakana	bakanı	1
dişişleriyle	dışişleriyle	1
postasina	postasına	1
tiklarni	tıklarnı	1
suikasdin	suikasdın	1
kanitlamiş	kanıtlamış	1
haynlikla	haynlıkla	1
fedakârliklarla	fedakârlıklarla	1
ulaşimini	ulaşımını	1
uzamasina	uzamasına	1
yaşamiyla	yaşamıyla	1
milyarlik	milyarlık	1
uğramalarina	uğramalarına	1
aşmiştir	aşmıştır	1
uyruklarini	uyruklarını	1
Kararlaştirilan	Kararlaştırılan	1
alacaklardirA6	alacaklardıra6	1
fabrikasinin	fabrikasının	1
andlaçmanin	andlaçmanın	1
uygulayamamasi	uygulayamaması	1
bastiralim	bastıralım	1
bastiririz	bastırırız	1
Mesâib	Mesaib	1
kullanacakti	kullanacaktı	1
Ileriki	İleriki	1
imzalamamişti	imzalanmıştı	1
kazanmadi	kazanmadı	1
uygulanmadi	uygulanmadı	1
uygulamiş	uygulamış	1
uygulanmamasinin	uygulanmamasının	1
onaylanmamiş	onaylanmamış	1
yirtmiş	yırtmış	1
ayrintisinin	ayrıntısının	1
Hazirlanmiş	Hazırlanmış	1
Imzalanmiş	İmzalanmış	1
imzalanir	imzalanır	1
uyuşmanin	uyuşmanın	1
anayasalarina	anayasalarına	1
organlarinca	organlarınca	1
bağlamamaktadir	bağlamamaktadır	1
sayilmasi	sayılması	1
kazanirlar	kazanırlar	1
Andlaşmalarin	Andlaşmaların	1
organlarinin	organlarının	1
ilikisi	ılıkısı	1
yaratmasi	yaratması	1
hukuklarindaki	hukuklarındakı	1
uygulanmiştir	uygulanmıştır	1
onaylanir	onaylanır	1
onaylamiş	onaylamış	1
bağitli	bağıtlı	1
hesaplanmasinda	hesaplanmasında	1
saylacaktir	saylacaktır	1
andlaşmalari	andlaşmaları	1
Esâsi'sine	Esası'sıne	1
anayasasina	anayasasına	1
diklerin	diklerini	1
kapalydi	kapalydı	1
maksadiin	maksadıın	1
mağluplari	mağlupları	1
cezalandirmayi	cezalandırmayı	1
aldiğimda	aldığında	1
savaçin	savaçın	1
Konferansl’ndaki	Konferansl’ndakı	1
imzalamamizi	imzalamamızı	1
Italyanlari	İtalyanları	1
şaşırtmişti	şaşırtmıştı	1
tutamayiz	tutamayız	1
oyalamayi	oyalamayı	1
Mebûsan’in	Mebusan’ın	1
onayimi	onayını	1
ittifakini	ittifakını	1
bozmasindan	bozmasından	1
kazanmasinin	kazanmasının	1
gayritabiû	gayritabıû	1
Şûrasini	Şurasını	1
karçiydi	karçıydı	1
aldatmişti	aldatmıştı	1
Şurasi’nin	Şurası’nın	1
çartlarinin	çartlarının	1
baskilarina	baskılarına	1
Şûrasi	Şurası	1
Andlaçmasini	Andlaçmasını	1
telaşlandirmişti	telaşlandırmıştı	1
rafli	raflı	1
oynandiğidır	oynandığıdır	1
Londra'nn	Londra'nın	1
edasiyla	edasıyla	1
zorlamaktaydi	zorlamaktaydı	1
çaliirken	çalıırken	1
devasiydi	devasıydı	1
anlaşmann	anlaşmanın	1
ahnmişti	alınmıştı	1
bağmsizlk	bağmsızlk	1
aşmasi	aşması	1
azaltmiş	azaltmış	1
Kralliğl	Krallığl	1
çıkartti	çıkarttı	1
Anakara	Ankara	1
koyanlari	koyanları	1
padişahti	padişahtı	1
kurtarmakti	kurtarmaktı	1
yaziçmalarda	yazıçmalarda	1
kilmaya	kılmaya	1
uzaklaştirmayi	uzaklaştırmayı	1
korumaktir	korumaktır	1
hududlarimiz	hududlarımız	1
dokunulmazliğini	dokunulmazlığını	1
tirmanizi	tırmanızı	1
noksansiz	noksansız	1
dokunulmazliği	dokunulmazlığı	1
istisnasiz	istisnasız	1
vicdanlarina	vicdanlarına	1
teşkilâtlarin	teşkilatların	1
teb’asinin	teb’asının	1
teşkilâtimizin	teşkilatımızın	1
pâdişâhimizin	padişahımızın	1
çerefinden	cerefinden	1
kalmamin	kalmamın	1
doğruladiğimiz	doğruladığımız	1
tekrari	tekrarı	1
ululamalarimi	ululamalarımı	1
bağlilıklarr	bağlılıklarr	1
varilmasi	varılması	1
Andlaşmasi'nm	Andlaşması'nm	1
uygulanabilme	uygulanabılme	1
imzalanmasinin	imzalanmasının	1
çalişilacak	çalışılacak	1
bilâkayd	bilakayd	1
bilâtefekkür	bilatefekkür	1
zabitlarna	zabıtlarna	1
BASRI	BASRİ	1
kirdiran	kırdıran	1
taninmasina	tanınmasına	1
âkil	akıl	1
bağliliğimiz	bağlılığımız	1
şartlariyla	şartlarıyla	1
rabitasini	rabıtasını	1
dünyasidir	dünyasıdır	1
uğraşmasinda	uğraşmasında	1
mahzurlari	mahzurları	1
fitiliyatiyla	fitiliyatıyla	1
takinmiş	takınmış	1
aldatip	aldatıp	1
aptalliktir	aptallıktır	1
mahvolacaktir	mahvolacaktır	1
padişahiniz	padişahımız	1
yasaklidir	yasaklıdır	1
padiçahimiz’deriz	padiçahımız’deriz	1
çukamayiz	çukamayız	1
atamayiz	atamayız	1
Maksadimiz	Maksadımız	1
falana	falan	1
selâmetidir	selametidir	1
korunmasiyla	korunmasıyla	1
duracağini	duracağını	1
düşmanimizla	düşmanımızla	1
ahlâkiyat	ahlakiyat	1
Arkadaşlikta	Arkadaşlıkta	1
kardaşlikta	kardaşlıkta	1
konferansina	konferansına	1
tartişılrken	tartışılrken	1
anlayamamiştir	anlayamamıştır	1
vasitalarla	vasıtalarla	1
fetvalariyla	fetvalarıyla	1
şaki	sıkı	1
kararmizi	kararmızı	1
haklyiz	haklyız	1
anlamasna	anlamına	1
Onlarinki	Onlarınki	1
Şahâne	Sahne	1
yabancilardan	yabancılardan	1
propagandayi	propagandayı	1
unsurlarindan	unsurlarından	1
inzibatin	inzibatın	1
inzibatsizliğ	inzibatsızlığ	1
atildiğ	atıldığ	1
kapilarnni	kapılarını	1
çabasindan	çabasından	1
yatıştirlamamasi	yatıştırlamaması	1
açacaklarni	açacaklarnı	1
yapiyormuş	yapıyormuş	1
taraftardi	taraftardı	1
hududlarindan	hududlarından	1
imkânsizliklardan	imkansızlıklardan	1
daniikl	danııkl	1
feransi’ni	feransı’nı	1
Damad’in	Damad’ın	1
kaçırmişti	kaçırmıştı	1
kumandanlarn	kumandanları	1
ayrilmışt	ayrılmışt	1
alacaklardi	alacaklardı	1
alşılmamiş	alşilmamış	1
çahid	Cahid	1
çadirlarda	çadırlarda	1
patlasin	patlasın	1
oynasin	oynasın	1
çatiyorlardi	çatıyorlardı	1
Inzibatiyye’nin	İnzibatiyye’nin	1
olali	olalı	1
aldanmiyordu	aldanmıyordu	1
kanatincaya	kanatıncaya	1
isirmişlardi	ısırmışlardı	1
bayirdan	bayırdan	1
Mîrimirân	Mirimiran	1
mükâfatlandirilan	mükafatlandırılan	1
Mutasarrifliği’na	Mutasarrıflığı’na	1
paçalik	paçalık	1
noktalandi	noktalandı	1
lâğvetti	lağvetti	1
yaniltma	yanıltma	1
topladiğini	topladığını	1
kalkişmiş	kalkışmış	1
fedakârliklara	fedakarlıklara	1
toplanilan	toplanılan	1
kalkişmaniz	kalkışmanız	1
Bayndırlik	Bayındırlık	1
Inzibatiyye'yi	İnzibatiyye'yi	1
başıniza	başınıza	1
topladiniz	topladınız	1
toplan	toplam	1
daniştiktan	danıştıktan	1
bakansi	bakansı	1
yalim	yılın	1
Mânâsiz	Manasız	1
ilettigimde	ilettiğimde	1
duyduklarimi	duyduklarımı	1
yalancidirlar	yalancıdırlar	1
yalanlanacaktir	yalanlanacaktır	1
kirdirtmama	kırdırtmama	1
kalkişmişti	kalkışmıştı	1
sikiştiran	sıkıştıran	1
şaşırdik!	şaşırdık!	1
yapacağımizi	yapacağımızı	1
çaşırdik	casırdık	1
birakacağ	bırakacağ	1
selâmi	selamı	1
Çamlica'ya	Çamlıca'ya	1
Icadiye	İcadıye	1
Saray'nin	Saray'nın	1
taşinmasina	taşınmasına	1
Çamlica'da	Çamlıca'da	1
fisildanırdi	fısıldanırdı	1
sayıldi	sayıldı	1
merakliydi	meraklıydı	1
formlarndaydi	formlarndaydı	1
çaldirr	çaldırr	1
Fransiz’i	Fransız’ı	1
andirirdi	andırırdı	1
adadiği	adadığı	1
uğramaktadir	uğramaktadır	1
noktasindadir	noktasındadır	1
taraftardir	taraftardır	1
Fransizca’yi	Fransızca’yı	1
Abartida	Abartıda	1
mülakatinda	mülakatında	1
kollamaktadir	kollamaktadır	1
Yardiminizi	Yardımınızı	1
kolumun	kolunun	1
evlâdlarinin	evladlarının	1
akranlarimdan	akranlarımdan	1
Fatma’nin	Fatma’nın	1
Zehra'nin	Zehra'nın	1
Dostlarima	Dostlarıma	1
Dostlariniz	Dostlarınız	1
rndan	ndan	1
yaşanirdi	yaşanırdı	1
Mecidîler	Mecidiler	1
Azizîler	Aziziler	1
oğullarydi	oğullarydı	1
bakilrsa	bakılrsa	1
Mecidîler'in	Mecidiler'in	1
arkakiplerden	arkakıplerden	1
yaşlandigini	yaslandıgını	1
birakmı	bırakın	1
saylirdi	saylırdı	1
zirhlilarinin	zırhlılarının	1
namlularini	namlularını	1
uzaklaşmışti	uzaklaşmıştı	1
Yildiz'dan	Yıldız'dan	1
uzaktaydilar	uzaktaydılar	1
subaynın	subayının	1
zirhllardan	zırhllardan	1
rahatsizdi	rahatsızdı	1
yakiniyor	yakınıyor	1
açilmaya	açılmaya	1
Paşa’ydi	Paşa’ydı	1
arasinin	arasının	1
lâyihalar	layihalar	1
yakinmiş	yakınmış	1
kullanyordu	kullanıyordu	1
uymadiğini	uymadığını	1
Sadrazamindan	Sadrazamından	1
sakinmasini	sakınmasını	1
Etrafindakilere	Etrafındakilere	1
davranmayacaklari	davranmayacakları	1
muhtiralar	muhtıralar	1
sinirlarmı	sınırlarmı	1
duyurmasini	duyurmasını	1
faydalanlmali	faydalanlmalı	1
yakinlaştirilmalydi	yakınlaştırılmalydı	1
yakndi	yakındı	1
Celâli	Celali	1
Nazri'nin	Nazrı'nın	1
yağmacilik	yağmacılık	1
suçlamasini	suçlamasını	1
unutmadi	unutmadı	1
akimlarini	akımlarını	1
siğmayacak	sığmayacak	1
çalişılmasi	çalışılması	1
düşmanliklari	düşmanlıkları	1
Dişaridaki	Dışarıdaki	1
yarara	yararı	1
olanlarinin	olanlarının	1
Muhtira	Muhtıra	1
noktalarin	noktaların	1
açacaktir	açacaktır	1
Arzina	Arzına	1
alinmamasi	alınmaması	1
muhtirasindan	muhtırasından	1
lâyihalarindaki	layihalarındakı	1
iddialarin	iddiaların	1
alinmamasindan	alınmamasından	1
çikartilarak	çıkartılarak	1
Haremağasi	Haremağası	1
Veliahdiyla	Veliahdıyla	1
yaçadiğn	yaçadığn	1
tatsizliklara	tatsızlıklara	1
gişman	şişman	1
Orbay’in	Orbay’ın	1
Şaml	Sami	1
Arikan’la	Arıkan’la	1
kapisindaydi	kapısındaydı	1
Mololilige	Mololılıge	1
basmamiş	basmamış	1
adayliğından	adaylığından	1
konuşacakti	konuşacaktı	1
Sultan’1	Sultan’ı	1
haremağasi	haremağası	1
etrafndakilere	etrafndakılere	1
davranişlarni	davranışlarnı	1
nişanlandiklarn	nişanlandıklarn	1
hazirlklar	hazırlklar	1
damadliğ	damadlığ	1
şehriyâri	şehriyari	1
bahtiyarliğına	bahtiyarlığına	1
kullanmadaydi	kullanmadaydı	1
hükümdarliğinda	hükümdarlığında	1
karşıyaydilar	karşıyaydılar	1
veliahdindan	veliahdından	1
Azizî	Azizi	1
hanedanimizda	hanedanımızda	1
Izdivaca	İzdivaca	1
kiyacak	kıyacak	1
karariniza	kararınıza	1
Nişanlim	Nişanını	1
nişanlimi	nişanlımı	1
Şaşırdi	Şaşırdı	1
kucağimda	kucağında	1
Nikâhi	Nikahı	1
kiydi	kıydı	1
altindi	altındı	1
Sultan’inkini	Sultan’ınkını	1
Kizlarağasi	Kızlarağası	1
Kalivrusi	Kalıvrusı	1
Maadi	Madı	1
Sultan'daydi	Sultan'daydı	1
kâğidt	kağıdt	1
boşayacakti	boşayacaktı	1
evlâdlarimi	evladlarımı	1
fimâbâd	fimabad	1
tatlik	tatlık	1
boşamiç	boşamıç	1
Azizin	Azizim	1
kullanlacakti	kullanlacaktı	1
yakişıklisi	yakışıklısı	1
yakişıkliliğiyla	yakışıklılığıyla	1
mizacina	mizacına	1
Nişantaşi'na	Nişantaşı'na	1
yalidaydilar	yalıdaydılar	1
Nişantaşinda	Nişantaşında	1
numarasiyla	numarasıyla	1
Neclâ	Mecli	1
doğmamiş	doğmamış	1
Sivas’taydi	Sivas’taydı	1
olsaydilar	olsaydılar	1
yazilırdi	yazılırdı	1
kirikliğl	kırıklığl	1
ayaklanmalarn	ayaklanmaları	1
ulaştirdi	ulaştırdı	1
ağrliğin	agrlığın	1
bastirilmasinda	bastırılmasında	1
parlamasindan	parlamasından	1
kavradiğim	kavradığım	1
ruhâ	imha	1
katilmay	katılmay	1
anlayincaya	anlayıncaya	1
kûtipliğini	kutıplığını	1
atandik	atandık	1
ulaştirip	ulaştırıp	1
çatanasi	çatanası	1
rihtimindan	rıhtımından	1
arkasin	arkasın	1
taknmasinin	taknmasının	1
kulağna	kulağına	1
çanssiz	cansız	1
baçlamışti	baclamıştı	1
doğuracaği	doğuracağı	1
uyaracağiz	uyaracağız	1
kirginliğindan	kırgınlığından	1
kaynaklanmiş	kaynaklanmış	1
yalanlamiş	yalanlamış	1
yanls1	yarısı	1
ayrliklar	ayrlıklar	1
Paça'ydi	Paça'ydı	1
gaddarcaydi	gaddarcaydı	1
kapilınmasinın	kapılınmasının	1
brakmamali	brakmamalı	1
tutmalydi	tutmalydı	1
Kumandanliğn’ndan	Kumandanlığn’ndan	1
Kumandanliğ1	Kumandanlığı	1
güvenliginin	güvenliğinin	1
Bakanliğn'na	Bakanlığn'na	1
sifrede	şifrede	1
denizaltiyla	denizaltıyla	1
irtibailâç	irtibaılâç	1
Bakanlği'na	Bakanlğı'na	1
talimatylaydi	talimatylaydı	1
şaçırtmşti	saçırtmştı	1
Bakanliğn’na	Bakanlığn’na	1
Çamlica’dan	Çamlıca’dan	1
taşinmaya	taşınmaya	1
yatinin	yatının	1
hazirlanmasini	hazırlanmasını	1
inanyor	inanıyor	1
baçlamişti	baclamıştı	1
kuşatmamn	kuşatmanın	1
kaçacağina	kaçacağına	1
inanmadiklarni	inanmadıklarnı	1
kaçacaktir	kaçacaktır	1
tarafinn	tarafının	1
uygulamadaydilar	uygulamadaydılar	1
kaçışinin	kaçışının	1
gidişatin	gidişatın	1
idamim	idamım	1
vardiryordu	vardıryordu	1
Hukukum	Hukukun	1
çâhid	Cahid	1
sarsintiya	sarsıntıya	1
sormayip	sormayıp	1
şahsinizi	şahsınızı	1
oyuncaği	oyuncağı	1
yalanlarina	yalanlarına	1
Hükümdarlik	Hükümdarlık	1
Müslüman’n	Müslüman’ın	1
bagariya	başarıya	1
çaliştigumi	çalıştığını	1
anlayıgsiz	anlayıgsız	1
hayatinizdan	hayatınızdan	1
bulunmaniz	bulunmanız	1
fedâkârlikla	fedakârlıkla	1
hatirlayacaginizi	hatırlayacağınızı	1
bulunmadigl	bulunmadıgl	1
maksadlarinin	maksadlarının	1
fermaninizi	fermanınızı	1
yakişiksiz	yakışıksız	1
alenîleşti	alenileşti	1
Şahâneleri	Sahneleri	1
çiktiğiniz	çıktığınız	1
kalacağiniza	kalacağınıza	1
hanedanimizi	hanedanımızı	1
haklarinizi	haklarınızı	1
Mevkiime	Mevkiine	1
hanedaninizin	hanedanınızın	1
haksizliklar	haksızlıklar	1
çaibe	caibe	1
aklanmiş	aklanmış	1
Osman’n	Osman’ın	1
Selîm’in	Selim’in	1
açağisina	açağısına	1
fermanimi	fermanımı	1
çikart!	çıkart!	1
çahanenize	cahanenize	1
maksadlari	maksadları	1
ecdadinizdan	ecdadınızdan	1
saltanatinizin	saltanatınızın	1
yikmasina	yıkmasına	1
Ingilizler'le	İngilizler'le	1
kaldirldi	kaldırldı	1
kaldırtanin	kaldırtanın	1
olmasiydr20	olmasıydr20	1
karşilkli	karşılklı	1
kirginliklar	kırgınlıklar	1
uğradiğn	uğradığn	1
sikntil	sıkntıl	1
ilkbaharina	ilkbaharına	1
karargâhuna	karargâhına	1
duyulmamasi	duyulmaması	1
Kaynpederi	Kayınpederi	1
yaziyl	yazıyı	1
ğüm	gün	1
müdafaasl	müdafaası	1
kararliliğl	kararlılığl	1
yardimindan	yardımından	1
anindan	anından	1
hanedanimin	hanedanının	1
anlamalari	anlamaları	1
Başarisizlik	Başarısızlık	1
faydalari	faydaları	1
hanedaninizdan	hanedanınızdan	1
oluşturmayacaktir	oluşturmayacaktır	1
Hareketimin	Hareketinin	1
affiniza	affınıza	1
ecdadimizin	ecdadımızın	1
dualarinin	dualarının	1
ayağinizin	ayağınızın	1
ulaştirmasi	ulaştırması	1
Sabihaniz’in	Sabihanız’ın	1
sikintisindan	sıkıntısından	1
karşıniza	karşınıza	1
okşamalarinizla	okşamalarınızla	1
atardi	atardı	1
kizuniz	kizunız	1
bağlliğina	bağllığına	1
mezâhime	mezahime	1
olamayacağimdan	olamayacağından	1
ayrintilt	ayrıntılt	1
mesrüdâti	meşrudâtı	1
ayaklarinizi	ayaklarınızı	1
kaynvalidesi	kaynvalıdesi	1
dualarini	dualarını	1
Saltanatimizin	Saltanatımızın	1
kalkiçan	kalkıçan	1
caniyla	canıyla	1
hakkimdaki	hakkındaki	1
rahatimi	rahatımı	1
almadiğimdan	almadığımdan	1
düçüncesi	ducüncesi	1
Kizilay’a	Kızılay’a	1
okutturmalari	okutturmaları	1
koçmadiğima	koçmadığıma	1
Isteğim	İsteğim	1
affina	affına	1
muhtaci	muhtacı	1
dualarnizin	dualarnızın	1
tekrarini	tekrarını	1
ayrilıp	ayrılıp	1
baldizi	baldızı	1
deşinizi	desinizi	1
Duanizi	Duanızı	1
Hümeyraciği	Hümeyracığı	1
varliğl	varlığl	1
ulaşilabilir	ulaşılabilir	1
saydiklarimdan	saydıklarımdan	1
unutmamalarini	unutmamalarını	1
açilsaydi	açılsaydı	1
Rumelihisar'ndaki	Rumelihisar'ndakı	1
kalmalarinin	kalmalarının	1
macerasinı	macerasını	1
Içinden	İçinden	1
mütemennâdir	mütemennadır	1
şaşurdi	şaşırdı	1
anlamiyordum	anlamıyordum	1
hilâfetim	hilafetin	1
yapacağimdan	yapacağımdan	1
birakamayacağimi	bırakamayacağımı	1
gayrmüsaid	gayrmüsaıd	1
Hareketimde	Hareketinde	1
teşkilâtla	teşkilatla	1
kucaklaştik	kucaklaştık	1
Allahaismarladik	Allahaısmarladık	1
acentasinin	acentasının	1
acentanin	acentanın	1
kumpanyasinin	kumpanyasının	1
kamaralarindan	kamaralarından	1
kaçiracağiniz	kaçıracağınız	1
birakmişim	bırakmışım	1
almişım	almışım	1
saklasin	saklasın	1
yakalanirsam	yakalanırsam	1
anliyordum	anlıyordum	1
ağlayacaktim	ağlayacaktım	1
hatirlamadiğim	hatırlamadığım	1
karşilaşabilirsiniz	karşılaşabilirsiniz	1
saklayacaklardir	saklayacaklardır	1
alacaktik	alacaktık	1
kamarayi	kamarayı	1
çikardl	çıkardı	1
kaydl	kaydı	1
dolapti	dolaptı	1
azaldiğl	azaldığl	1
kivraniyordum	kıvranıyordum	1
maneviyâtim	maneviyatım	1
çapasiyla	çapasıyla	1
Tabancami	Tabancamı	1
vurayim	vurayım	1
kurtardiğl	kurtardığl	1
çikabildim	çıkabildim	1
yiğildim	yığıldım	1
vapurdaymiş	vapurdaymış	1
Inebolu’ya	İnebolu’ya	1
varmiştik	varmıştık	1
iblâğini	iblağını	1
Telgrafinizi	Telgrafınızı	1
zâtinizin	zatınızın	1
yaradilişınizin	yaradılışınızın	1
sevketmelerini	şevketmelerini	1
kalkmas	kalkmış	1
kalmamişt	kalmamışt	1
takinacaği	takınacağı	1
çıkarildik	çıkarıldık	1
Boğazindan	Boğazından	1
Eşyalarimi	Eşyalarımı	1
koymalarni	koymalarnı	1
yaşiyorduk	yaşıyorduk	1
Kayinpederim	Kayınpederim	1
yakinlariyla	yakınlarıyla	1
çarpişacağim'dedi	çarpışacağım'dedi	1
Hazirliklar	Hazırlıklar	1
şaşırdik	şaşırdık	1
aldiririm	aldırırım	1
çağirriz	çağırrız	1
dokunmamalarini	dokunmamalarını	1
Hanedann	Hanedanın	1
Hanedanin	Hanedanın	1
gemisindeki	gerisindeki	1
Oruçun	Orucun	1
yayinlanmaynca	yayınlanmaynca	1
Yarin'a	Yarın'a	1
Yarin’in	Yarın’ın	1
Ankarall’nin	Ankarall’nın	1
iftirasindan	iftirasından	1
yayininizi	yayınınızı	1
nüshanizda	nüshanızda	1
kariştirmaya	karıştırmaya	1
iflâsl	iflasl	1
uğraştiğinizi	uğraştığınızı	1
okuyucularinizin	okuyucularınızın	1
okuyacaklari	okuyacakları	1
gazasina	gazasına	1
ayriliklarinin	ayrılıklarının	1
uzlaştirma	uzlaştırma	1
dosyasinda	dosyasında	1
kalmamasina	kalmamasına	1
zorlaştiracaği	zorlaştıracağı	1
uzaklaştirmiş	uzaklaştırmış	1
maneviyatinin	maneviyatının	1
kaldirmiştir	kaldırmıştır	1
hazrladiğim	hazrladığım	1
başliğindaki	başlığındaki	1
imâyla	imayla	1
kavramlarini	kavramlarını	1
çahsimin	cahsımın	1
alişilmiştan	alışılmıştan	1
botlari	botları	1
Mukaddesati	Mukaddesatı	1
ahlâkiyati	ahlakiyatı	1
birakilmamiş	bırakılmamış	1
erkânina	erkanına	1
hücumlarin	hücumların	1
Ankarali*9	Ankaralı*9	1
kullanacağiz	kullanacağız	1
Nişantaşındaki	Nişantaşındakı	1
başdişinda	başdışında	1
hazırliklarnin	hazırlıklarnın	1
yaratip	yaratıp	1
karsiyla	karşıyla	1
odalarni	odalarnı	1
ayirmış	ayırmış	1
Damadinin	Damadının	1
çıktigini	çıktığını	1
başimamı	başımamı	1
cıkmasindan	çıkmasından	1
evraknin	evraknın	1
karisınin	karısının	1
boşadiğından	boşadığından	1
öğrendigini	öğrendiğini	1
danimiz	danımız	1
Bâirâde	Baırâde	1
ayirdilar	ayırdılar	1
karşilaşmamak	karşılaşmamak	1
hanmiyla	hanmıyla	1
Firsatlar	Fırsatlar	1
Babiâli'in	Babıali'in	1
tanimamakta	tanımamakta	1
Ittihadç	İttihadç	1
kuyâmi	kuyamı	1
buzlarin	buzların	1
Babasindan	Babasından	1
çartti	çarttı	1
hizlanan	hızlanan	1
yolaçti	yolaçtı	1
mağlûbiyetle	mağlubiyetle	1
sonuçlanmasi	sonuçlanması	1
varolmadiğni	varolmadığnı	1
isyanciydi	isyancıydı	1
talimatimin	talimatımın	1
temasin	temasın	1
oturtsaniz	oturtsanız	1
rasini	rasını	1
atamayacağıni	atamayacağını	1
çağirdim	çağırdım	1
Paça’yi	Paça’yı	1
başarl	başarı	1
politikalarrydi	politikalarrydı	1
önemsemiyorlardi	önemsemiyorlardı	1
tarafindaydilar	tarafındaydılar	1
Politikasini	Politikasını	1
raporundadir	raporundadır	1
tabiatlidir	tabiatlıdır	1
arkadaşlikta	arkadaşlıkta	1
Kozlarin	Kozların	1
şahâne	sahne	1
buyuracaklardir	buyuracaklardır	1
siraliyordu	sıralıyordu	1
tandiğini	tanıdığını	1
Tafsilâtin	Tafsilatın	1
teferruatin	teferruatın	1
karşiklık	karşıklık	1
maaşlarnin	maaşların	1
yazdrdiğ	yazdrdığ	1
dinime	dinine	1
arkadaşlarinizi	arkadaşlarınızı	1
maksadlarini	maksadlarını	1
olmaliydik	olmalıydık	1
taşıdiklari	taşıdıkları	1
sariklar	sarıklar	1
Hakliydiniz	Haklıydınız	1
açtiğim	açtığım	1
Ridavetinden	Rıdavetinden	1
başlangicidan	başlangıcıdan	1
aldatildiğıni	aldatıldığını	1
hükümdarliğ	hükümdarlığ	1
Aldatilmiştim!	Aldatılmıştım!	1
düman	duman	1
çikilacak	çıkılacak	1
yaklaşacağimiz	yaklaşacağımız	1
açilinacakti	acılınacaktı	1
çikacaktik	çıkacaktık	1
sunacakti	sunacaktı	1
nazirlarindan	nazırlarından	1
uzaklaştirilmasini	uzaklaştırılmasını	1
aldanmiştim	aldanmıştım	1
hükümdariyla	hükümdarıyla	1
boşaltiliyor	boşaltılıyor	1
dayibabanin	dayıbabanın	1
Tabancaniz	Tabancanız	1
hazrliklar	hazrlıklar	1
Bavullarin	Bavulların	1
vardiklarnda	vardıklarnda	1
hazirliğini	hazırlığını	1
Çatalca’nin	Çatalca’nın	1
Baltalimani'mn	Baltalimanı'mn	1
çıkartildiklar	çıkartıldıklar	1
kararnndan	kararından	1
sağladigina	sağladığını	1
yaptigina	yaptığına	1
inanyordu	inanıyordu	1
hazirlklarn	hazırlklarn	1
dokunulmazliğindan	dokunulmazlığından	1
akuttiğınu	akuttığınu	1
Tahsisatinin	Tahsisatının	1
azaltilmasini	azaltılmasını	1
yalda	yılda	1
inçaata	incaata	1
kaldirdiğ	kaldırdığ	1
Rihtima	Rıhtıma	1
subayn	subayın	1
yanaşiyor	yanaşıyor	1
kirlmaktayd1	kırlmaktayd1	1
hesaplarnna	hesaplarına	1
karşılanacakti	karşılanacaktı	1
mevcudlarnni	mevcudlarnnı	1
koymayacakti	koymayacaktı	1
Kit'a	Kıt'a	1
sağladiklarn	sağladıklarn	1
varolabilecegi	varolabılecegi	1
bulundurulmamalidır	bulundurulmamalıdır	1
Barima	Birini	1
arttirdiği	arttırdığı	1
kurmasini	kurmasını	1
unvanlarn	unvanları	1
karargibi	karargıbı	1
davalarin	davaların	1
başlamıti	başlamıtı	1
ulaştirlmak	ulaştırlmak	1
hânedân	hanedanı	1
nefsimi	nefsini	1
amm	nin	1
müsa	Musa	1
dayisini	dayısını	1
taşiyanlar	taşıyanlar	1
telgrafinin	telgrafının	1
çikarilarak	çıkarılarak	1
yazilmasinda	yazılmasında	1
fikrasinin	fıkrasının	1
anlaşıldiktan	anlaşıldıktan	1
fikranin	fıkranın	1
yazilmamasinin	yazılmamasının	1
yaplyorsunuz	yapıyorsunuz	1
kundurasini	kundurasını	1
Üsküdari	Üsküdarı	1
Vakiâ	Vakıa	1
yariyi	yarıyı	1
yazilmamasini	yazılmamasını	1
yaşliliğın	yaşlılığın	1
ağırliğiyla	ağırlığıyla	1
acimadiklari	acımadıkları	1
kâğt	kast	1
siddetlenen	şiddetlenen	1
geceyarisindan	geceyarısından	1
cağ	çağ	1
yayildı	yayıldı	1
sorulacaği	sorulacağı	1
idann	ıdann	1
yaygilaşmısti	yaygılaşmıstı	1
täc	taç	1
sahânenin	şahanenin	1
DIL	DİL	1
kaynagi	kaynağı	1
kararlaştirilarak	kararlaştırılarak	1
buyurduklarina	buyurduklarına	1
kiraathânesini	kıraathanesini	1
Argivleri'ndekd	Argıvleri'ndekd	1
çagirlip	çağırlıp	1
alişkanligt	alışkanlıgt	1
savciliğa	savcılığa	1
soruçturmanin	soruçturmanın	1
noticosiylo	notıcosıylo	1
bllyük	büyük	1
yaptilarsa	yaptılarsa	1
inkilp	inkılp	1
olmayacaktir!	olmayacaktır!	1
şayialari	şayiaları	1
yayildl	yayıldl	1
hekimbaşisi	hekimbaşısı	1
çağirtmiş	çağırtmış	1
çayialari	çayıaları	1
biliyorsaniz	biliyorsanız	1
kaçirin	kaçırın	1
olsun’diye	olsun’dıye	1
uyuduklari	uyudukları	1
Kurân	Kırım	1
kalmişken	kalmışken	1
uyuşmayacaktir	uyuşmayacaktır	1
Kerîm’in	Kerim’in	1
ilâhidir	ilahidir	1
Ingililere	İngililere	1
amms	Amin	1
paralarm	paraları	1
sitmiz	şitmiz	1
isn	işin	1
kaldu	kaldı	1
atmadi	atmadı	1
särtününwsine	şartününwsine	1
haykurşlarni	haykurşlarnı	1
valmun	valinin	1
sultann	sultanın	1
Karadağli	Karadağlı	1
istimbottaydi	istimbottaydı	1
çikp	çıkp	1
çuktilar	çıktılar	1
ayrilişlarndan	ayrılışlarndan	1
romatizmasinin	romatizmasının	1
artacağindan	artacağından	1
israra	ısrara	1
yaynlansaydi	yaynlansaydı	1
siraladi	sıraladı	1
kaldirlacak	kaldırlacak	1
hukümdarlarin	hükümdarların	1
salâhiyetle	salahiyetle	1
atanmayacakti	atanmayacaktı	1
başkaniyla	başkanıyla	1
fenaliklara	fenalıklara	1
tekrarina	tekrarına	1
yayinlayacak	yayınlayacak	1
Ikilik	İkilik	1
kaldirildiğl	kaldırıldığl	1
sağlanamayacağini	sağlanamayacağını	1
erkâniyla	erkanıyla	1
Sse	İse	1
Sanasi'nun	Şinasi'nin	1
amza	imza	1
serefli	şerefli	1
kaüyü	kuyu	1
ayurmisti	ayurmıstı	1
siyosi	siyosı	1
baçarisim	bacarısım	1
Ozcijitle	Ozçıjıtle	1
vatanumuzin	vatanımızın	1
numu	Nuri	1
zirtie	zırtıe	1
icixe	içixe	1
çukan	çıkan	1
vatanimuzin	vatanımızın	1
Saraşi’nin	Saraşı’nın	1
anaratani	anaratanı	1
ayirmişti	ayırmıştı	1
uygulayip	uygulayıp	1
sağlanip	sağlanıp	1
refahinin	refahının	1
Allah'dandir	Allah'dandır	1
biraktuğn	bıraktuğn	1
dügünmügtü	düşünmüştü	1
senelardir	senelardır	1
ikiligin	ikiliğin	1
erecegini	ereceğini	1
baglarmna	başlarına	1
Paşn	Pan	1
komitusine	komitusıne	1
dogildi	doğıldı	1
kondi	kondı	1
sikmamak	sıkmamak	1
padigahin	padişahın	1
Hanedani’ni	Hanedanı’nı	1
arasa	arası	1
bulamazdi	bulamazdı	1
Sarayl’ndaki	Sarayı’ndaki	1
konularn	konuları	1
hâkimini	hakimini	1
tartiştiklarnin	tartıştıklarnın	1
tutulmamişti	tutulmamıştı	1
Izistemişti	İzistemişti	1
duyamayan	duymayan	1
kisilincaya	kısılıncaya	1
sağur	sagir	1
Èsasi	Esası	1
şahsimt	şahsımt	1
Bularim	Bilirim	1
şahsimiz	şahsımız	1
öncosi	öncosı	1
sonrasiyla	sonrasıyla	1
tartişmadan	tartışmadan	1
sizanlar	sızanlar	1
Pna	Prma	1
Zâti	Zatı	1
koltuga	koltuğa	1
kapattiriniz	kapattırınız	1
almayim1	almayım1	1
şahâneniz	şahaneniz	1
çikiniz	çıkınız	1
Sadin'in	Sadın'ın	1
tavriı	tavrıı	1
çalimasiydi	çalımasıydı	1
ortuhik	örtühik	1
yatigmcn	yatıgmcn	1
samlan	saman	1
muttefiklere	müttefiklere	1
kalmadigini	kalmadığını	1
masnsina	masnsına	1
göstormisti	göstormıstı	1
Barnş	Barış	1
Yash	Yaşlı	1
görevlendirilmis	görevlendirilmiş	1
kanferansina	kanferansına	1
Turkiye'sin	Türkiye'sin	1
katilmaktan	katılmaktan	1
gönderilmisti	gönderilmişti	1
Babiäli'nin	Babıali'nin	1
Bamit	Bamıt	1
ulazmadi	ulazmadı	1
katilmamasinin	katılmamasının	1
huviyetinin	hüviyetinin	1
radaydi	radaydı	1
saydu	saydı	1
masiyla	masıyla	1
telgraflarini	telgraflarını	1
kaldıril	kaldırıl	1
yazilp	yazılp	1
ayrintilara	ayrıntılara	1
padişahimuz	padişahımız	1
çukurunin	çukurunın	1
oralarin	oraların	1
kurtaracaktir	kurtaracaktır	1
konulmasiyla	konulmasıyla	1
Kasim'a	Kasım'a	1
brakildi	brakıldı	1
kaldirlmasini	kaldırlmasını	1
toplantilaryla	toplantılaryla	1
hocalarn	hocaları	1
sirasnda	sırasında	1
Kasim'daki	Kasım'dakı	1
siralardan	sıralardan	1
Osmanoğullari	Osmanoğulları	1
oylamanin	oylamanın	1
çahsiyetinde	cahsıyetinde	1
tanimamaya	tanımamaya	1
sinirlarl	sınırlarl	1
saymiştir	saymıştır	1
Makami’nin	Makamı’nın	1
dayanağidir	dayanağıdır	1
tantilan	tantılan	1
Cözilm	Çözüm	1
läik	laik	1
goklini	göklini	1
Fudizohhgt	Füdizohhgt	1
yillonlon	yıllonlon	1
ayirmuk	ayırmuk	1
felâketlerinin	felaketlerinin	1
Hiläfetin	Hilafetin	1
hatiruma	hatırıma	1
làğcinu	lağcınu	1
Lagoint	Lagoınt	1
padişahliği	padişahlığı	1
ayirtyorum	ayırtyorum	1
Duşündüğüm	Düşündüğüm	1
çirpida	çırpıda	1
alkişlandr	alkışlandr	1
kararnni	kararını	1
selâmladigi	selamladığı	1
cecabin	cecabın	1
hanedanimuzin	hanedanımuzın	1
ulaşmşti	ulaşmıştı	1
çukti	çıktı	1
atilyordu	atılyordu	1
yoğunlaşti	yoğunlaştı	1
koyunlarinederlerdi	koyunlarınederlerdi	1
bağlilig!	bağlılığı	1
tartimal	tartımal	1
asirlardr	asırlardr	1
açıklamadi	açıklandı	1
nazırlarn	nazırları	1
karçılaşmadi	karçılaşmadı	1
braktiğini	braktığını	1
asirdir	asırdır	1
saydi	saydı	1
sahtekârliği	sahtekârlığı	1
baçinda	bacında	1
sultanliktan	sultanlıktan	1
Izmit'ten	İzmit'ten	1
Saara	Şairi	1
yazmadiğin	yazmadığın	1
altimda	altında	1
Icrinun	İcrinun	1
kontrolundeki	kontrolündeki	1
kislalarda	kışlalarda	1
siddeti	şiddeti	1
Karann	Kararın	1
birligi	birliği	1
taran	tarım	1
Uir	Iır	1
kalkinmast	kalkınmast	1
calkantilar	çalkantılar	1
hilafctin	hilafctın	1
kopmayacaktir	kopmayacaktır	1
makandiylu	makandıylu	1
aşındiranlardan	aşındıranlardan	1
Önomli	Onomlı	1
farkndaydi	farkındaydı	1
Yalnizdi	Yalnızdı	1
admdan	adından	1
Humidiyo	Humıdıyo	1
yaklastigun	yaklaştıgun	1
çahst	Cahit	1
hallotti	hallottı	1
Nevzad'di	Nevzad'dı	1
kalrdi	kalrdı	1
haniminin	hanımının	1
hazirliklarndaydi	hazırlıklarndaydı	1
akllica	akllıca	1
açsiniz	açsınız	1
başımin	başımın	1
arasindaydr	arasındaydr	1
bağlandiğini	bağlandığını	1
kadinefendiliğe	kadınefendiliğe	1
noktalamasidan	noktalamasıdan	1
Magnolli'de	Mağnollı'de	1
apansiz	apansız	1
yambaşındaki	yambaşındakı	1
hanimına	hanımına	1
kalmamasa	kalmaması	1
ulaçmasindan	ulaçmasından	1
tartimasina	tartımasına	1
bakanlann	bakanların	1
mensuplannin	mensuplarının	1
birakmis	bırakmış	1
cevaban	cevabın	1
Komigyonu'nun	Komisyonu'nun	1
korunamayacağni	korunamayacağnı	1
korunmayi	korunmayı	1
ngiltere'den	İngiltere'den	1
guvenmediğini	güvenmediğini	1
Lomdra'ya	Londra'ya	1
Iatanbul'daki	Iatanbul'dakı	1
yolladig	yolladıg	1
Paza'nin	Paza'nın	1
tafsilâtl	tafsilatl	1
anlayamamişti	anlayamamıştı	1
srarliysa	srarlıysa	1
çikabilmesi	çıkabilmesi	1
kani’ndan	kanı’ndan	1
hazirhklara	hazırlıklara	1
ulaştirilmasi	ulaştırılması	1
ağirlanmasi	ağırlanması	1
ayrilmayt	ayrılmayt	1
Müslümanlarn	Müslümanları	1
yaratmasindan	yaratmasından	1
hayatinz	hayatınz	1
göturülmeyi	götürülmeyi	1
mdarn	ndan	1
tanmiyorlardi	tanmıyorlardı	1
şmek	mek	1
mdar	midir	1
kiraladilar	kiraladılar	1
yağışliydi	yağışlıydı	1
issizdu	işsizdu	1
sabahinu	sabahınu	1
yazl	yazı	1
yapilmahydi	yapılmahydı	1
yaziy	yazıy	1
Cenaplari'na	Cenapları'na	1
naklimi	naklini	1
fehîmânesine	fehimânesine	1
ayrilşna	ayrılma	1
hatıralarinin	hatıralarının	1
kislincaya	kışlıncaya	1
çahsimi	cahsımı	1
tartşilmaya	tartşılmaya	1
çahsimiz	cahsımız	1
Âlemi’nin	Alemi’nin	1
dayanağini	dayanağını	1
sirtihlodi	sırtıhlodı	1
yma	yin	1
verllm	verim	1
suldirlart	suldırlart	1
Komul'in	Komul'ın	1
sühin	şuhın	1
uciklik	uçıklık	1
hakkumdan	hakkından	1
gidigini	gidişini	1
Brnek	Binek	1
gidigi	gidişi	1
mfatint	mfatınt	1
tagudigt	tagudıgt	1
aracligint	araçlıgınt	1
algyhind	algyhınd	1
ecdadimdan	ecdadımdan	1
Vahidoddin	Vahidoddın	1
demoktodir	demoktodır	1
konuaundaki	konuaundakı	1
memlekoti	memlekotı	1
terkotmosi	terkotmosı	1
Kovulacağıni	Kovulacağını	1
yargilayacak	yargılayacak	1
otursaydi	otursaydı	1
duramazdi	duramazdı	1
Buhin	Bulun	1
huldi	hüldi	1
nusil	nusu	1
uhsn	ulum	1
mni	nin	1
irşkil	irskil	1
polişuh	polisuh	1
atlma	Atina	1
zunetmiyorum	zünetmiyorum	1
birukti	biruktı	1
Kemol'in	Kemol'ın	1
çikartacağini	çıkartacağını	1
farkindaydt	farkındaydt	1
Hanimsultan'a	Hanımsultan'a	1
birgeyler	birşeyler	1
agizligiyla	ağızlığıyla	1
Halifeligine	Halifeliğine	1
makamiyla	makamıyla	1
selamliğiyla	selamlığıyla	1
yaşayacağini13	yaşayacağını13	1
Vabideddin	Vabıdeddin	1
ryumamiçau	ryumamıçau	1
rag	rağ	1
imuş	imiş	1
Yanbagndaki	Yanbagndakı	1
izarindeki	izarındeki	1
tablasi	tablası	1
seyzedizorin	şeyzedizorın	1
masindaki	masındaki	1
gecayi	geçayı	1
uğramadig	uğramadıg	1
yazigmalar	yazışmalar	1
mineye	inmeye	1
imhasiyla	imhasıyla	1
yakmişti	yakmıştı	1
veliahdhigmdan	veliahdhıgmdan	1
huzusi	huzusı	1
hatirlatircasina	hatırlatırcasına	1
uzaklazabilmek	uzaklazabılmek	1
arizalar	arızalar	1
hepai	hepaı	1
Yanmss	Yanmış	1
taşmışti	taşmıştı	1
Yamnsa	Yanına	1
tfirmek	tfırmek	1
ayırdign	ayırdıgn	1
taslarla	taşlarla	1
ahndiğina	alındığını	1
nüinde	rinde	1
egik	eğik	1
aiyahi	aiyahı	1
liclincl	liçlincl	1
sofasinda	sofasında	1
yaşudaki	yaşudakı	1
Bagmabeyinci	Bağmabeyinci	1
yolcularnin	yolcuların	1
ağrilarnin	ağrılarnın	1
türeceği	tureceği	1
Kapisi'na	Kapısı'na	1
Dnş	Din	1
kapiyz	kapıyz	1
asırlik	asırlık	1
kapiyla	kapıyla	1
Kizalhaçina	Kızalhaçına	1
çıkacaklardi	çıkacaklardı	1
kumandasmdaki	kumandasındaki	1
muhafzlari	muhafzları	1
oradaydilar	oradaydılar	1
kapiin	kapıın	1
sikaştirmış	şikaştırmış	1
uğurladi	uğurladı	1
yapmşti	yapmıştı	1
olacaklarn	olacakları	1
ikâmetgâhnda	ikametgahnda	1
mutadindan	mutadından	1
kahvaltisini	kahvaltısını	1
rhtmdaydi	rhtmdaydı	1
telşlandi	telşlandı	1
şanssizlik	şanssızlık	1
bundandi	bundandı	1
selâmlamasindan	selamlamasından	1
Yardimlarinizin	Yardımlarınızın	1
tabakayi	tabakayı	1
uzatmasim	uzatmasım	1
kadinefendilerine	kadınefendilerine	1
yanaşilmşti	yanaşılmştı	1
yukarn	yukarı	1
Malaya'nin	Malaya'nın	1
yayinlanmasini	yayınlanmasını	1
çıkartircasina	çıkartırcasına	1
doktaritns	doktarıtns	1
yaplt	yapıt	1
Sast	Sait	1
tsm	tim	1
ahmip	alınıp	1
yüzunden	yüzünden	1
suphesiz	şüphesiz	1
amn	nin	1
esnst	Ernst	1
izlerin	izlerini	1
yankilars	yankıları	1
sorumlulugu	sorumluluğu	1
krndi	kimdi	1
Kusmm	Kısmın	1
Kemnl	Kerim	1
kaçıs	kaçış	1
gurip	girip	1
zirhh	zırhlı	1
bagkn	baskın	1
vle	vie	1
Tüirk	Türk	1
Digigleri	Dışişleri	1
gunlari	şunları	1
alind	alınd	1
basint	basınt	1
Balife'nin	Balıfe'nin	1
basvinugui	başvınuguı	1
siltletli	sıltletli	1
somuinds	sömüinds	1
Kemulistler	Kemulıstler	1
surerchlerdir	sürerchlerdir	1
üzarlerinden	uzarlerinden	1
yuzdilar	yüzdilar	1
selamhik	selamhık	1
dauranligt	dauranlıgt	1
huyatina	huyatına	1
kaçtigt	kaçtıgt	1
yazldi	yazldı	1
yolunduki	yolundukı	1
Kamm'indn	Kamm'ındn	1
bakunligs	bakünligs	1
Cumhurbngkuni'nin	Cumhurbngkunı'nın	1
Malaya'daki	Malaya'dakı	1
Bakanhig'na	Bakanhıg'na	1
anlayig	anlayış	1
halkunin	halkının	1
ihixi	ıhıxı	1
olmadiğint	olmadığınt	1
iararla	ıararla	1
tekrarliyordu	tekrarlıyordu	1
Salta'yi	Salta'yı	1
benimsedigini	benimsediğini	1
çıkmamışti	çıkmamıştı	1
zirhlisina	zırhlısına	1
firlamak	fırlamak	1
sabahuni	sabahunı	1
Kaçtiği	Kaçtığı	1
kaçtiğl	kaçtığı	1
sayacakti	sayacaktı	1
kalkiyordum	kalkıyordum	1
kurtarmıştir	kurtarmıştır	1
Cevaplarimi	Cevaplarımı	1
dahui	dahuı	1
konugmiz	konugmız	1
vusttasiyla	vuşttasıyla	1
durun	durum	1
sarsildi	sarsıldı	1
kaçişa	kaçışı	1
kaçırmiş	kaçırmış	1
şimli	simli	1
lçiliginin	lciliginin	1
yaynladi1	yaynladı1	1
hissiyatim	hissiyatım	1
olmamalarinin	olmamalarının	1
imkânsizliğiydi	imkansızlığıydı	1
altundaki	altındaki	1
Ietanbul'daki	Ietanbul'dakı	1
oynatilmak	oynatılmak	1
gunlerce	günlerce	1
Kalrsaniz	Kalrsanız	1
olmizza	olmızza	1
Hukümndarin	Hükümndarın	1
yaynladiğn	yaynladığn	1
Zit	Zıt	1
läde	iade	1
lamlar’in	lamlar’ın	1
Beauroir	Beauroır	1
karşilanmıştir	karşılanmıştır	1
kzinin	kzının	1
Nişantaşr'ndaki	Nişantaşr'ndakı	1
ehemmiyebul'daki	ehemmiyebul'dakı	1
müracaatinn	müracaatınn	1
degerlendirildiğini	değerlendirildiğini	1
Ankara'sina	Ankara'sına	1
Som	Son	1
parçanin	parçanın	1
hattiyla	hattıyla	1
doğrulandiğ	doğrulandığ	1
Bankasi'yla	Bankası'yla	1
Bakanliğ'nda	Bakanlığ'nda	1
hundugu	lunduğu	1
anlagiluughir	anlagıluughır	1
açiklanmasa	açıklanması	1
gösten	gösteri	1
bilimmektedir	bilinmektedir	1
iaray	ıaray	1
satilmak	satılmak	1
uzmanlarina	uzmanlarına	1
Kapalan	Kapılan	1
Bagkani	Başkanı	1
tagli	taşlı	1
egyalar	eşyalar	1
kusnlar	kısımlar	1
yapilur	yapılır	1
Sara	Sıra	1
açulaçak	açılacak	1
esyanin	eşyanın	1
Hlaziran	Hlazıran	1
macerali	maceralı	1
Abdnlgziz'in	Abdnlgzız'ın	1
kiymotli	kıymotlı	1
çikun	çıkun	1
Aldülhamid'in	Aldülhamıd'ın	1
Cumartcsi	Cumartcsı	1
nöylenmigtir	noylenmigtir	1
pema	peri	1
lars	ları	1
Koralaain	Koralaaın	1
cedir	çedir	1
devsm	devri	1
sayfalannda	sayfalarında	1
konudu	kondu	1
emretmisti	emretmişti	1
otafindod	otafındod	1
agumai	agumaı	1
karsriagmngisr	karşrıagmngısr	1
suçlamig	suçlamıg	1
uçilan	uçılan	1
olaynın	olayının	1
safahatin	safahatın	1
Onemli	Önemli	1
yash	yaşlı	1
zamuninda	zımnında	1
bakumdan	bakımdan	1
kiy	kıy	1
degerleri	değerleri	1
üstin	istim	1
alinmiz	alınmız	1
kiymetlerinin	kıymetlerinin	1
birakilmayarak	bırakılmayarak	1
Tophapi	Tophapı	1
cinz	çinz	1
vasiflart	vasıflart	1
padiçahlari	padiçahları	1
taktihlari	taktıhları	1
nyanin	nyanın	1
Kazihçt	Kazıhçt	1
Elmaai	Elmaaı	1
gönderildigi	gönderildiği	1
alinmig	alınmış	1
müdürlügüne	müdürlüğüne	1
edilmigti	edilmişti	1
almahtadir	almahtadır	1
birahilmig	birahılmıg	1
Bagkani'na	Bağkanı'na	1
Bahani'na	Bahanı'na	1
Sayigtay	Sayıgtay	1
kaldigina	kaldığına	1
taglarin	tagların	1
istifasina	istifasına	1
Mütehassislarin	Mütehassısların	1
inga	inşa	1
nina	nına	1
menlt	ment	1
näuz	nuz	1
kalmamig	kalmamış	1
gane	ğine	1
bilnrn	bilimin	1
sivuscin	sivuscın	1
mouhielif	mouhıelif	1
defierlere	defıerlere	1
defierler	defıerler	1
gmosalsiz	gmosalsız	1
eruenagrigis	eruenagrıgıs	1
Argivinde	Arşivinde	1
kas	kış	1
tait	tut	1
iginäee	ığınäee	1
Bozzit	Bozzıt	1
Zaxarina	Zaxarına	1
Reisligi'ne	Reisliği'ne	1
mizunie	mizunıe	1
gabarlariai	gabarlarıaı	1
jaci	jacı	1
hazn	hazin	1
Lne	Ne	1
agliaasma	ağlıaasma	1
Keist	Keıst	1
gazeteoiler	gazeteoıler	1
bubunamadig	bubunamadıg	1
ciagire	ciagıre	1
zcami	zcamı	1
kararlaçtnrihr	kararlaçtnrıhr	1
Sarays	Sarayı	1
geregince	gereğince	1
teghirleri	teğhirleri	1
dmadizundan	dmadızundan	1
Hciige	Hçiige	1
kusaburinu	kuşaburınu	1
fredatinu	fredatınu	1
cerakusint	cerakusınt	1
mumanki	mumankı	1
kunlar	kumar	1
Danıgtay	Danıştay	1
Başkanina	Başkanına	1
Kusalardaki	Kusalardakı	1
Bakaninda	Bakanında	1
Bughani'nula	Buğhanı'nula	1
üiçüincüx	uıcüincüx	1
anahtarin	anahtarın	1
kaytli	kaytlı	1
Yüzuk	Yüzük	1
igne	iğne	1
Purlantali	Purlantalı	1
askilar	askılar	1
Kaşıkli	Kaşıklı	1
askidir	aşkıdır	1
Ayrintilarn	Ayrıntıları	1
Bakanliğr'ndaki	Bakanlığr'ndakı	1
kasasndaki	kasasndakı	1
eşyalarin	eşyaların	1
nakişli	nakışlı	1
kabartmali	kabartmalı	1
Markalari	Markaları	1
açılişinda	açılışında	1
çuşt	cut	1
Birkaçini	Birkaçını	1
fincani	fincanı	1
zarfli	zarflı	1
açıldikça	açıldıkça	1
hardallik	hardallık	1
kaşiklar	kasıklar	1
Kapağin	Kapağın	1
Altindak	Altındak	1
zarfiari	zarfıarı	1
zaumun	zammı	1
burakti	bıraktı	1
kopaklarin	kopakların	1
islemeler	işlemeler	1
takumlori	takumlorı	1
Abdülazis	Abdülazıs	1
takumlarinn	takumlarınn	1
gopaklarinin	gopaklarının	1
takumlari	takımları	1
elrss	elini	1
bardagi	bardağı	1
vakut	vakit	1
èristal	eriştal	1
oltin	oltın	1
biçaklart	bıçaklart	1
biçaklari	bıçakları	1
mütehassist	mütehassıst	1
milleta	milleti	1
karşilaştirilmast	karşılaştırılmast	1
muhafozosinda	muhafozosında	1
siginagina	sığınağına	1
anlaşılmıştir	anlaşılmıştır	1
emsafi	emsafı	1
yapilmıştır	yapılmıştır	1
Aşağl	Aşağı	1
arçivden	arcıvden	1
Hesaplari’ni	Hesapları’nı	1
Saraylari'nda	Sarayları'nda	1
sayimdan	sayımdan	1
lâkaytliktan	lakaytlıktan	1
evani	evini	1
Bakanliğl’na	Bakanlığl’na	1
tablolarin	tabloların	1
alinmamak	alınmamak	1
rastlanmiştir	rastlanmıştır	1
beyanatindaki	beyanatındakı	1
kasanin	kişinin	1
Yayn	Yayın	1
açılacağini	açılacağını	1
açilamaz	açılamaz	1
Bakanlari	Bakanları	1
azh	azli	1
Musteşari	Müsteşarı	1
sabat	sabit	1
bankann	bankanın	1
Teik	Teık	1
Kecci	Keçci	1
guzcteciler	güzcteciler	1
knsn	kimin	1
artsk	artık	1
sirasmda	sırasında	1
pnatitsr	pnatıtsr	1
waroir	waroır	1
Bankngi'nin	Bankngı'nın	1
anantarlari	anantarları	1
bukanlori'nn	bukanlorı'nn	1
dökumuinü	dökümüinü	1
Kosn	Kon	1
#öyledir	şöyledir	1
Damştay	Danıştay	1
Rakan	İmkan	1
arsn	arın	1
akib	akıb	1
Önen	Önem	1
Bakam'nin	Bakanı'nın	1
bulunmadigini	bulunmadığını	1
gorar	sorar	1
koguşturmasi	koğuşturması	1
cevaplamanini	cevaplamanını	1
miiccvherat	mııccvherat	1
anahtarli	anahtarlı	1
açulmadigunt	aculmadıgunt	1
Ponta'daki	Ponta'dakı	1
tutmudigini	tutmudıgını	1
nöyleyip	noyleyip	1
açulmagini	aculmagını	1
edilebilecegini	edilebileceğini	1
efkär	efkar	1
bulnun	bunun	1
lixtelere	lıxtelere	1
taşlarin	taşların	1
läkaydileri	lakaydileri	1
bulamasinlar	bulamasınlar	1
açilması	açılması	1
Danıstay	Danıştay	1
Kasa	Kısa	1
anahtarn	anahtarı	1
Danştay'daki	Danstay'dakı	1
bulunamadiğni	bulunamadığnı	1
Danıtay’in	Danıtay’ın	1
açilhr	acilhr	1
bulunamayinca	bulunamayınca	1
Başkann	Başkanın	1
Bankasi’ndaki	Bankası’ndakı	1
kullanilmadiğ	kullanılmadığ	1
satlmak	satmak	1
yazlmaktadir	yazmaktadır	1
taşl	taşı	1
müstatil	mustatıl	1
parmağinda	parmağında	1
çalindiği	çalındığı	1
harikulâdedir	harikuladedir	1
açılamamiştir	açılamamıştır	1
muhteviyatnin	muhteviyatnın	1
elmasiyla	elmasıyla	1
beyzi	beyzî	1
kapağinin	kapağının	1
karşilaştirilmiştir	karşılaştırılmıştır	1
markasi	markası	1
makan	makam	1
kiratlik	kıratlık	1
kagmatli	kağmatlı	1
eyanin	eyanın	1
satiza	satıza	1
cecchir	çeçchir	1
çikmamiş	çıkmamış	1
bakilamadi	bakılamadı	1
gramlik	gramlık	1
zimdır	zımdır	1
Yukariki	Yukarıki	1
Aranilan	Aranılan	1
açılmadiği	açılmadığı	1
avânînin	avaninin	1
herle	heme	1
nanki	nankı	1
zabitlarla	zabıtlarla	1
konugunda	konusunda	1
hadigenin	hadisenin	1
Saraylari'na	Sarayları'na	1
Bankasi'ndaki	Bankası'ndakı	1
baçliğ	baclığ	1
açiklk	açıklk	1
Igil'in	Iğıl'ın	1
Savagi’nin	Savaşı’nın	1
yillaridir	yıllarıdır	1
taşindiğini	taşındığını	1
teçvik	tecvik	1
Bankasi’nda	Bankası’nda	1
başkanliginda	başkanlığında	1
bagimsizlik	bağımsızlık	1
Müdur	Müdür	1
Bakanligl	Bakanlıgl	1
Yardimcist	Yardımcıst	1
savaşimizin	savaşımızın	1
Bakani’nca	Bakanı’nca	1
görevlendirildigim	görevlendirildiğim	1
Bankasl’nin	Bankası’nın	1
odayl	odayı	1
çuktiklari	çıktıkları	1
Bankasinin	Bankasının	1
uğraştirdi	uğraştırdı	1
planladik	planladık	1
oda'si	oda'sı	1
dokunulmadiğini	dokunulmadığını	1
saptadiktan	saptadıktan	1
tutanağimiza	tutanağımıza	1
imzalandiktan	imzalandıktan	1
taşitina	taşıtına	1
islemiştim	işlemiştim	1
yollamişlardi	yollamışlardı	1
ilimize	ılımıze	1
Kaşıkçi	Kaşıkçı	1
yoniden	yönden	1
Kasm'ina	Kasm'ına	1
olmadiginm	olmadığının	1
açiklanma	açıklanma	1
téz	toz	1
Pasä	Paşa	1
Gümügsuyu'ndaki	Ğumugsuyu'ndakı	1
borçin	borcın	1
Silema	Ulema	1
sabahinin	sabahının	1
yapmiz	yapmız	1
ağirlayan	ağırlayan	1
zirhlida	zırhlıda	1
çikildi	çıkıldı	1
kişlasina	kışlasına	1
surlarn	surları	1
kişlada	kışlada	1
hazirlanmişt	hazırlanmışt	1
bastiğn	bastığn	1
açıli	acılı	1
Satirlarnda	Satırlarnda	1
braktiğ	braktığ	1
ulaştiracak	ulaştıracak	1
bağlantidan	bağlantıdan	1
ikametgâhumiz	ikametgahumız	1
mektuplarimda	mektuplarında	1
ikametgâha	ikametgaha	1
ulaşirsa	ulaşırsa	1
kayptir	kayptır	1
karşuma	karşıma	1
Ayrilişinizin	Ayrılışınızın	1
karşiliksiz	karşılıksız	1
sallantida	sallantıda	1
birakdiğlniz	bırakdığlnız	1
efrâdini	efradını	1
Yildiz’dakilerin	Yıldız’dakılerin	1
sanilanin	sanılanın	1
ikametgâhiniz	ikametgahınız	1
ayrlmadi	ayrlmadı	1
âfiyettedirler	afiyettedirler	1
karçimda	karçımda	1
yazarsaniz	yazarsanız	1
buyuruyorsaniz	buyuruyorsanız	1
rlü	mu	1
Yazdikça	Yazdıkça	1
birakamiyorum	bırakamıyorum	1
birakacağim	bırakacağım	1
mâtini	matını	1
nunsani	nunsanı	1
kapilarimiza	kapılarımıza	1
başkasinı	başkasını	1
oylanip	oylanıp	1
ahrken	alırken	1
çalştilar	çalştılar	1
tahtsiz	tahtsız	1
tacsiz	tacsız	1
ikbâliniz	ikbaliniz	1
itirazsiz	itirazsız	1
katilmamişlardi	katılmamışlardı	1
Hilâfetpenâhi	Hilafetpenahi	1
Tanri’dan	Tanrı’dan	1
berîn	benim	1
niyâzim	niyazım	1
Ihtişamla	İhtişamla	1
kararnı	karnını	1
yaşanacakti	yaşanacaktı	1
anncsi	anncsı	1
hiläfetine	hilafetine	1
şeyhülislâmlarndan	şeyhülislamlarndan	1
Aklin	Aklın	1
hamakati	hamakatı	1
açuktan	açıktan	1
hükûmetsiz	hükümetsiz	1
sahipligi	sahipliği	1
selâmliginda	selamlığında	1
muradina	muradına	1
Zavalliya	Zavallıya	1
cileden	çileden	1
hânedanin	hanedanın	1
amcasidir	amcasıdır	1
hatirlamadi	hatırlamadı	1
âzâliğindan	azalığından	1
vak’ayi	vak’ayı	1
firlatacak	fırlatacak	1
birakiyorum!	bırakıyorum!	1
basamağrydi	basamağrydı	1
yilbaşı	yılbaşı	1
firin	fırın	1
ayrntilarina	ayrntılarına	1
Hicaz’indaki	Hicaz’ındakı	1
isyaninun	isyanının	1
isyam	isyan	1
dişmda	dışında	1
Müslümanlari'nin	Müslümanları'nın	1
olamazdi*3	olamazdı*3	1
saygisini	saygısını	1
karşilanmamiş	karşılanmamış	1
siğinmakla	sığınmakla	1
magribi	mağribi	1
bastiğ	bastığ	1
yaynladilar	yaynladılar	1
Hicaz'm	Hicaz'ın	1
unvanyla	unvanıyla	1
padişahu	padişahı	1
vasitasyla	vasıtasyla	1
davotin	davotın	1
Ingilizceydi	İngilizceydi	1
koymamiş	koymamış	1
imzalamşti	imzalamştı	1
kalmasnın	kalmasının	1
kararsizdi	kararsızdı	1
ulaşamadi	ulaşamadı	1
kararlaştirildiği	kararlaştırıldığı	1
Fedakârliğina	Fedakârlığına	1
olamadiğ	olamadığ	1
bulunmalidirlar	bulunmalıdırlar	1
vagitasiyla	vasıtasıyla	1
fedakärligint	fedakarlığınt	1
ulagtiğt	ulagtığt	1
alacahsin	alacahsın	1
dimağimin	dimağımın	1
eşrafinin	eşrafının	1
tannan	tanınan	1
Bakanliğ1	Bakanlığı	1
ayrlmasi	ayrlması	1
bakanliklar	bakanlıklar	1
kivgasına	kıvgasına	1
Tutumluluklariyla	Tutumluluklarıyla	1
özelliklerimalarina	özelliklerimalarına	1
malolacakti	malolacaktı	1
Dişigleri	Dışişleri	1
karsilanmişti	karşılanmıştı	1
çilin	cilin	1
bankasinda	bankasında	1
vatandaşiydi	vatandaşıydı	1
çukarmaya	çıkarmaya	1
yararcasina	yararcasına	1
masraflardi	masraflardı	1
Dişişleri’ne	Dışişleri’ne	1
zirhlisiyla	zırhlısıyla	1
kullandiğl	kullandığl	1
yakitin	yakıtın	1
siyrlmayi	siyrlmayı	1
bakimini	bakımını	1
yapilmişt	yapılmışt	1
faslindan	faslından	1
oieonoandoki	oıeonoandokı	1
mnilieneekis	mnılıeneekis	1
Bakomi'no	Bakomı'no	1
inkàr	inkar	1
düser'dise	düşer'dise	1
icri	için	1
anusunda	nusunda	1
Siril	Şırıl	1
dözenmesi	dozenmesi	1
Aydinlatma	Aydınlatma	1
Bakum	Bakım	1
arabasl	arabası	1
Muhafizlarin	Muhafızların	1
masrafl	masrafı	1
tadilâti	tadilatı	1
kirasi	kirası	1
Ikametgâhin	İkametgahın	1
rolunu	rolünü	1
mauraf	Münif	1
suyrilma	şuyrılma	1
Hüneyin'in	Huneyin'in	1
hazirliga	hazırlığa	1
baglandigi	bağlandığı	1
ruhatsizhk	ruhatsızhk	1
Rahataizligim	Rahataızlıgım	1
Vahidoddin'in	Vahidoddın'ın	1
itasiyla	itasıyla	1
kalun	kalın	1
monsuplarmin	monsuplarmın	1
suruyi	sürüyi	1
taçındiklarini	tacındıklarını	1
Halifo'nin	Halifo'nın	1
clinden	clınden	1
hasreri	haşreri	1
Bulunduklari	Bulundukları	1
yozazabilecek	yozazabılecek	1
Aldigum	Aldığım	1
kayinpederim	kayınpederim	1
makamuna	makamına	1
lerimde	lerinde	1
selamlarimu	selamlarımu	1
şahislarina	şahıslarına	1
çaliçacağima	çalıçacağıma	1
Şahislarindan	Şahıslarından	1
aziyetleri	azıyetleri	1
alicenapliğl	alicenaplığl	1
dayanakcir	dayanakcır	1
Cevabiniz	Cevabınız	1
zannindaym	zannındayım	1
kalişınizi	kalışınızı	1
uzatmaniz	uzatmanız	1
çiktikça	çıktıkça	1
cevabinizi	cevabınızı	1
kizkardeşimin	kızkardeşimin	1
çıkilmişti	çıkılmıştı	1
huşûnet	husumet	1
varişimizin	varışımızın	1
sifatimla	sıfatımla	1
hatirimdan	hatırımdan	1
ulaşmiştik	ulaşmıştık	1
Müslümanlar’in	Müslümanlar’ın	1
kiblesi	kıblesi	1
uğradiğim	uğradığım	1
acisiyla	açısıyla	1
Beytullah’in	Beytullah’ın	1
çereflendik	cereflendik	1
tamamlayip	tamamlayıp	1
çıkmadiğl	çıkmadığl	1
dağdağasindan	dağdağasından	1
beya	beyi	1
zâtlarini	zatlarını	1
natin	natın	1
hazîn	hazım	1
hânedan	hanedanı	1
düşmanlarim	düşmanların	1
ailemin	ailenin	1
iddialarimi	iddialarını	1
iltifatlarina	iltifatlarına	1
tutulanin	tutulanın	1
gularimdan	gularımdan	1
hasimlarim	hasımlarım	1
yaşliliğimda	yaşlılığımda	1
iftiralarin	iftiraların	1
zâtlari	zatları	1
memnunluklarimi	memnunluklarımı	1
ricalarimi	ricalarımı	1
bildirirsin	bildirinin	1
ayrilmamizdan	ayrılmamızdan	1
lütuflarindan	lütuflarından	1
alacağin	alacağın	1
lah'in	lah'ın	1
kargimda	karşımda	1
Ablaciğim	Ablacığım	1
kiblegâhidir	kıblegâhidir	1
aydinlalma	aydınlalma	1
mudigtni	müdigtni	1
Kardegime	Kardeşine	1
yazdiginiz	yazdığınız	1
Şuphesiz	Şüphesiz	1
kargilikta	kargılıkta	1
Uzüntü	Üzüntü	1
alginligindan	algınlığından	1
Şifâhen	Şifahen	1
kirdiğini	kırdığını	1
darilmaya	darılmaya	1
şâhidimdir	şahidimdir	1
Hicaz’in	Hicaz’ın	1
havasiyla	havasıyla	1
Dayisini	Dayısını	1
fotoğraflarinizi	fotoğraflarınızı	1
dimağinda	dimağında	1
intiba’yaratmiş	intiba’yaratmış	1
yuvarlandi	yuvarlandı	1
Dolayistyla	Dolayıstyla	1
ayrl	aynı	1
ithâmi	itham	1
buyuracağıniz	buyuracağınız	1
meblâğin	meblağın	1
yazisinin	yazısının	1
anlayacağimi	anlayacağımı	1
buyuracaklari	buyuracakları	1
nikâhlari	nikâhları	1
caninizi	canınızı	1
darlirdiniz	darlırdınız	1
yaçarim	yaçarım	1
Aralik'inin	Aralık'ının	1
başlamit	başlamıt	1
Dişişlerinden	Dışişlerinden	1
Istikamet	İstikamet	1
vard1	vardı	1
bulunmamasina	bulunmamasına	1
Clemais’le	Clemaıs’le	1
Hidiviye	Hıdiviye	1
varldi	varldı	1
uzaklarinda	uzaklarında	1
karşilamişti	karşılamıştı	1
Şahbaba’yi	Şahbaba’yı	1
dalmişti	dalmıştı	1
Yagiz	Yağız	1
sülâlesinden	sülalesinden	1
egildi	eğildi	1
sülâlesine	sülalesine	1
tâzimi	tazimi	1
güpheli	şüpheli	1
yanpiri	yanpırı	1
ufakli	ufaklı	1
çığliktir	çığlıktır	1
baginca	bağınca	1
yarişircasina	yarışırcasına	1
çıkiyormugcasina	çıkıyormugcasına	1
açlmasi	açması	1
karılamanin	karilamanın	1
katildiğ	katıldığ	1
açtirmamişti	açtırmamıştı	1
ayrilanlar	ayrılanlar	1
Inkilâbin	İnkılabın	1
yuvarlaniyor	yuvarlanıyor	1
yobazlaşti	yobazlaştı	1
yongalari	yongaları	1
Mehur	Nehir	1
çair	cair	1
hezeyanlarini	hezeyanlarını	1
dayanamayacağim	dayanamayacağım	1
yattiğindan	yattığından	1
yollanmiş	yollanmış	1
namazlarina	namazlarına	1
kuşkulandigini	kuşkulandığını	1
atibaba	atıbaba	1
Taiftoydi	Taiftoydı	1
tespllisi	teşpllisi	1
ittelorin	ittelorın	1
butyuik	butyuık	1
izdirabini	izdirabını	1
birakilanlardan	bırakılanlardan	1
alamamaacilarim	alamamaacılarım	1
Nlart	Mart	1
yapilmisti	yapılmıştı	1
şarkuyitt	şarkuyıtt	1
lâne	iane	1
Aks	İki	1
nâle	imale	1
Kalmadi	Kalmadı	1
Hlayli	Hlaylı	1
cüdâyim	cudayım	1
mihen	mıhen	1
firkate	fırkate	1
nazli	nazlı	1
ciami	cürm	1
nâr	nr	1
vuslati	vuşlatı	1
hicr	hiçr	1
firkati	fırkatı	1
Cekdi	Çekdi	1
Hazâin	Hazan	1
sefkatin	şefkatin	1
liugun	luğun	1
makamnda	makamında	1
plimizde	plımızde	1
vuslatim	vuşlatım	1
bimâr	bımâr	1
yetis	yetiş	1
cudyim	cudyım	1
firkatim	fırkatım	1
indade	ındade	1
Cânimin	Caminin	1
cânisin	canısın	1
cânânisin	cananısın	1
sultânisin	sultanisin	1
ihsânisin	ihsanısın	1
sübhânisin	şubhânısın	1
âgâz	ağız	1
etmeyim	etmeyin	1
rahmânisin	rahmanisin	1
kiblede	kıblede	1
nidâsi	nidası	1
Allahimin	Allahımın	1
cudâsi	cudası	1
mikdâr	mikdar	1
Mesmûun	Mesinin	1
çikmada	çıkmadı	1
duvarlarnın	duvarların	1
âvîzeli	avizeli	1
hatirlatmaktadır	hatırlatmaktadır	1
âmân	man	1
Süleymân’un	Süleyman’ın	1
âbâdin	Abidin	1
Eyledün	Eyledim	1
kanlu	kanlı	1
yile	yıle	1
istân	istan	1
Salalidan	Salalıdan	1
Frengistân’a	Frengistan’a	1
Gözlerüm	Gözlerim	1
denlü	denli	1
gelmişdür	gelmişdir	1
çaglar	çağlar	1
Cânumu	Canım	1
divârinu	divanın	1
dökdi	dokdı	1
Frengistàn'a	Frengistan'a	1
Magrib	Mağrib	1
yikdun	yıkdun	1
yukulsin	yükülsin	1
çiirleri	cıırleri	1
yazdiran	yazdıran	1
çarkilar	çarkılar	1
arasida	arasıda	1
Ingilterenin	İngilterenin	1
knda	kında	1
Kullanilmasina	Kullanılmasına	1
Altundan	Altından	1
çikmasa	çıkması	1
kullanilmadi	kullanılmadı	1
sikiyor!	sıkıyor!	1
yaknmasina	yaknmasına	1
sicağina	sıcağına	1
pamamişti	pamamıştı	1
andiryordu	andıryordu	1
dimaği	dimağı	1
olacagn	olacağım	1
kalamayacağin	kalamayacağın	1
Iklime	İklime	1
dayanamiyordu	dayanamıyordu	1
yaşamasina	yaşamasına	1
kalmasinda	kalmasında	1
alamazlardi	alamazlardı	1
masraflarnni	masraflarını	1
karşılamasi	karşılaması	1
kalama	kalan	1
yacağini	yacağını	1
anlamamiş	anlamamış	1
karşilamasi	karşılaması	1
çartiyla	çartıyla	1
undesirable	ündesirable	1
kullaniyorlardl	kullanıyorlardl	1
kapilabilirsiniz	kapılabilirsiniz	1
yazilmak	yazılmak	1
Yazdiklarim	Yazdıklarım	1
Yaziş	Yazış	1
ayrintilaryla	ayrıntılaryla	1
durumumdan	durumundan	1
olamiyordum	olamıyordum	1
başum	basım	1
karalayip	karalayıp	1
sicağında	sıcağında	1
hazirlop	hazırlop	1
koparmiştin	koparmıştın	1
Sabiha’min	Sabiha’mın	1
fedâkârliklar	fedakarlıklar	1
sanirsin	sanırsın	1
yaptklarindan	yaptklarından	1
kirginim	kırgınım	1
kisadir	kısadır	1
dimaguma	dimağuma	1
dinlendigim	dinlendiğim	1
gükran!	şükran	1
mânässyla	manasıyla	1
giddetle	şiddetle	1
yaydiği	yaydığı	1
Malia	Malu	1
knici	kinci	1
grada	ğında	1
bulimn	bilimin	1
namil	namıl	1
Agrilmam	Ağrılmam	1
sirannda	şirannda	1
mamigtum	mamıgtum	1
cerdiler	çerdiler	1
çikmazina	çıkmazına	1
hazzizetim	hazzızetim	1
cerdim	çerdim	1
manazina	namazını	1
siğunma	sığınma	1
etmegi	etmesi	1
Surf	Sırf	1
duygularmin	duyguların	1
galeyanu	galeyan	1
rmet	met	1
olmadiğinu	olmadığını	1
bulunmadiğinu	bulunmadığını	1
ulaştiğim	ulaştığım	1
kalişımi	kalışımı	1
dayanamadiğimizdan	dayanamadığımızdan	1
yakindikça	yakındıkça	1
güzelliginden	güzelliğinden	1
bahdip	bahdıp	1
begenildigi	beğenildigi	1
tarsize	tarsıze	1
ualu	ulu	1
olamayacağuna	olamayacağını	1
düşuyor	düşüyor	1
uzah	izah	1
orusmin	orusmın	1
kuldlim	kuldlım	1
duramayip	duramayıp	1
Tuif	Tuıf	1
layici	layıcı	1
kulig	kulıg	1
silremizi	sılremizi	1
göisleriyor	göısleriyor	1
sicakliğin	sıcaklığın	1
zorlugtirun	zorlugtırun	1
islismsiz	işlismsiz	1
urusindu	uruşındu	1
arutlik	arutlık	1
patirtisindan	patırtısından	1
havustnin	havustnın	1
hirpalanmiş	hırpalanmış	1
vücudlarimzt	vücudlarımzt	1
kismuna	kısmını	1
davranişla	davranışla	1
yukaruda	yukarıda	1
Iskenderiye'ye	İskenderiye'ye	1
lätif	latif	1
kögk	köşk	1
tahnin	tahmin	1
hasimlarimizin	hasımlarımızın	1
yaydiklarina	yaydıklarına	1
bamninin	bamnının	1
neşriyatina	neşriyatına	1
huyniyet	huynıyet	1
vardigumda	vardıgumda	1
varişimda	varışımda	1
mesafcyi	mesafcyı	1
kaçındilar	kaçındılar	1
balen	bilen	1
torofindan	torofından	1
üsümeti	üşümeti	1
bilgiclik	bilgiçlik	1
babasunin	babasının	1
ruhus	ruhu	1
doloyisiyla	doloyısıyla	1
taştyabilir	taştyabılır	1
sordugun	sorduğum	1
bağlanur	bağlanır	1
dişindaysa	dışındaysa	1
iésr	iesr	1
erraki	errakı	1
gardimunda	gardımunda	1
Iikle	Iıkle	1
Sabiha’ciğim	Sabiha’cığım	1
hatrladiğini	hatrladığını	1
gûnâ	gün	1
ağlatti	ağlattı	1
zarflamiş	zarflamış	1
Saray’na	Saray’ın	1
aldirmişti	aldırmıştı	1
müsterîhiz	müsterihiz	1
iltifatinizi	iltifatınızı	1
Zavalhi	Zavalhı	1
lâyiktir	layıktır	1
iltifatlarimizdan	iltifatlarımızdan	1
şükrâniyle	şükranıyle	1
bağliltğumu	bağlıltğumu	1
Rumelihisari	Rumelihisarı	1
kuzuniz	kuzunız	1
bastirttiğ	bastırttığ	1
dağitamadiğ	dağıtamadığ	1
yanp	yanıp	1
konuşmaktaydi	konuşmaktaydı	1
yaynlanamadi	yaynlanamadı	1
vurguladiğ	vurguladığ	1
olmalydi	olmalydı	1
kaldirlmasina	kaldırlmasına	1
uygulamalarni	uygulamalarnı	1
savunmaktadir	savunmaktadır	1
Ağdali	Ağdalı	1
yazilmi	yazılmı	1
olabildiginde	olabildiğinde	1
EFENDIMIZ	EFENDİMİZ	1
HAZRETLERININ	HAZRETLERİNİN	1
çazdi	çizdi	1
biriri	birini	1
erkâninn	erkanının	1
gşir	gür	1
çukardiklari	çıkardıkları	1
sunurlarin	sınırların	1
saraşin	sırasın	1
kurdugu	kurduğu	1
çalişmalarimin	çalışmalarının	1
olmnadiğim	olmnadığım	1
zararlarini	zararlarını	1
sinirlamaya	sınırlamaya	1
rariiği	rarıığı	1
uzlaşmanin	uzlaşmanın	1
yazdirilmasi	yazdırılması	1
çikincaya	çıkıncaya	1
imzalanmasiyla	imzalanmasıyla	1
başkanliğt	başkanlığt	1
hatirindadir	hatırındadır	1
küstahliğini	küstahlığını	1
huz	hiz	1
buldugu	bulduğu	1
Olayn	Olayın	1
kalkacaği	kalkacağı	1
karştsinda	karstsında	1
dayandig	dayandıg	1
büyik	buyık	1
hakkimizdaki	hakkımızdaki	1
kalkmasini	kalkmasını	1
taçimasi	tacıması	1
taraftardim	taraftardım	1
Mebûsan'in	Mebusan'ın	1
kabûlünden	kabilinden	1
igali	ığalı	1
sinirlamalari	sınırlamaları	1
Andlaşmasl’ni	Andlaşmasl’nı	1
onaylamadim	onaylamadım	1
anlaçilmasina	anlaçılmasına	1
tanimadiğindan	tanımadığından	1
makamum	makamın	1
çahsim	cahsım	1
kurmalarina	kurmalarına	1
dünyânin	dünyanın	1
hükümdâri	hükümdarı	1
tahtimdan	tahtından	1
Hilâfet‘in	Hilafet‘in	1
şinmasl	sinmasl	1
çeriatina	çeriatına	1
tasavvurlari	tasavvurları	1
Hilâfet’i	Hilafet’i	1
uymadiğim	uymadığım	1
yakiştiranlarla	yakıştıranlarla	1
lâzimgelir	lazımgelir	1
ayrilişim	ayrılışım	1
mevkîinde	mevkiinde	1
sakinmak	sakınmak	1
cukan	çıkan	1
cSn	Çin	1
kargutlarimla	kargutlarımla	1
golmişti	gölmişti	1
Savagina	Savaşına	1
acisunu	acısını	1
dig	dış	1
hoinligi	hoınlıgı	1
Hiläfet'i	Hilafet'i	1
katlmamiz	katlmamız	1
saresncai	saresncaı	1
oşumlklarin	osumlkların	1
dacrani	dacranı	1
hatam	hitam	1
car	çar	1
niyetlerime	niyetlerine	1
hatami	hitam	1
akillt	akıllt	1
çikarilmayacağina	çıkarılmayacağına	1
karçuliğinda	karçulığında	1
olmamdadir	olmamdadır	1
cicdani	cicdanı	1
lanmig	lanmış	1
tamamin	tamamını	1
kisagt	kısagt	1
kaumiyeti	kaumıyeti	1
sinife	sınıfe	1
kandirilmiş	kandırılmış	1
ilgilendirehakkinda	ilgilendirehakkında	1
iftiralari	iftiraları	1
olmastni	olmastnı	1
ulaştiran	ulaştıran	1
taşini	taşını	1
vatanindan	vatanından	1
ağirlamayi	ağırlamayı	1
çereflerinin	cereflerinin	1
ayrilişimdan	ayrılışımdan	1
beyânimdir	beyanımdır	1
kargıladi	karşıladı	1
selâmlarni	selamlarnı	1
tanrlardi	tanrlardı	1
yapmişt	yapmışt	1
alâkasindan	alakasından	1
yallarni	yallarnı	1
hatirlamışti	hatırlamıştı	1
karşılaycilar	karşılaycılar	1
iitince	ııtınce	1
sinırndaki	sınırndakı	1
kasabasindaki	kasabasındaki	1
bulacaklardi	bulacaklardı	1
tahtinı	tahtını	1
Cavallotti	Cavallottı	1
kiracilarin	kiracıların	1
boşaltip	boşaltıp	1
taşındilar	taşındılar	1
hanedanndan	hanedanından	1
Yannda	Yanında	1
tasacakti	taşacaktı	1
yazdiklan	yazdıklan	1
yazdiğr	yazdıgr	1
şikâ	sıkı	1
sikkindır	sıkkındır	1
anlaşilmasindan	anlaşılmasından	1
ikametgâhim	ikametgahım	1
varişimdan	varışımdan	1
düçüncesiyle	ducüncesiyle	1
karşiliklarinu	karşılıklarınu	1
merakimi	merakını	1
çiddetle	ciddetle	1
hanimindan	hanımından	1
mektuplarindan	mektuplarından	1
yazmiyorduk	yazmıyorduk	1
miyım	miyim	1
danişmadiğim	danışmadığım	1
yazamamiş	yazamamış	1
azâbina	azabına	1
etrafadir	etrafadır	1
geyde	şeyde	1
anlagilmig	anlaşılmış	1
innonim	ınnonım	1
tuhfi	tuhfı	1
üzüntiyo	uzuntıyo	1
Melegim!	Meleğim!	1
kargınizda	karşımızda	1
yazmiguinl	yazmıguınl	1
aşhina	ashına	1
Sabiha’nin	Sabiha’nın	1
kizz	kızz	1
Kizındn	Kızındn	1
kirilmiştir	kırılmıştır	1
demektodir	demektodır	1
Babana	Babama	1
çüphesiz	cuphesiz	1
vasitanlamcktuplar	vasıtanlamcktuplar	1
kağidin	kağıdın	1
efradina	efradına	1
ulaştir	ulaştır	1
postacilik	postacılık	1
kiriktir	kırıktır	1
hirpalanmağa	hırpalanmağa	1
alişkindır	alışkındır	1
yaşlilik	yaşlılık	1
sabirsizlanip	sabırsızlanıp	1
darilma	darılma	1
ablaciğim!	ablacığım!	1
naklarinin	naklarının	1
Istedigi	İstediği	1
aldumodim	aldumodım	1
hatrladiğina	hatrladığına	1
lmecid	Necid	1
Sarayzinda	Sarayzında	1
rapilmasin	rapilmasın	1
yazamayacağim	yazamayacağım	1
yapacağinu	yapacağını	1
Neslişah’mizin	Neslişah’mızın	1
kayinvalidene	kayınvalidene	1
havlamasindan	havlamasından	1
bağırsinlar	bağırsınlar	1
çağırsinlar	çağırsınlar	1
yaratilşlar	yaratılşlar	1
manzaralarina	manzaralarına	1
ohur	olur	1
efrudinin	efrudının	1
kargiliklarnt	kargılıklarnt	1
bubulih	bubulıh	1
sikmntilar	sıkmntılar	1
kapandig	kapandıg	1
diçari	dicarı	1
yaptoakradir	yaptoakradır	1
savagta	savaşta	1
Vitorio	Vitorıo	1
Mussolint'ylo	Mussolınt'ylo	1
Remo'dadir	Remo'dadır	1
guzinoda	güzinoda	1
ifadeloriylo	ifadelorıylo	1
snatlik	snatlık	1
nanl	nan	1
Mün	Mun	1
cät	çat	1
Temmiuz	Temmuz	1
tonolli	tonollı	1
güftosinin	güftosının	1
üzorinde	uzorınde	1
tanrim	Tanrım	1
icbär	icbar	1
Türlu	Türlü	1
niçtn	nıctn	1
mecbür	mecbur	1
makh	nakli	1
kalmiy	kalmıy	1
atilmiy	atılmıy	1
feryâdima	feryadıma	1
diyecekain	diyecekaın	1
kapandiysa	kapandıysa	1
sirrt	sırrt	1
meşhür	meşhur	1
mağrür	mağrur	1
Sidk	Şidk	1
toprağna	toprağın	1
makamlarnin	makamların	1
engellenmi	engellerin	1
oturmaniz	oturmanız	1
mallarinizin	mallarınızın	1
âfiyetiniz	afiyetiniz	1
sorunlarinizin	sorunlarınızın	1
yansiyacağl	yansıyacağl	1
karşma	karşın	1
ayrilmasinda	ayrılmasında	1
çıkarilmayacağini	çıkarılmayacağını	1
anlamiştir	anlamıştır	1
kaçinma	kaçınma	1
Bakanliğ'ndan	Bakanlığ'ndan	1
uyruklularina	uyruklularına	1
çahislara	cahıslara	1
atmışti	atmıştı	1
siktiğ	sıktığ	1
Remo'daydi	Remo'daydı	1
ayrlmışti	ayrlmıştı	1
faltaşi	faltaşı	1
haykirmak	haykırmak	1
kalfalariyla	kalfalarıyla	1
raladiğ	raladığ	1
birakayor	bırakıyor	1
bulmuşlardi	bulmuşlardı	1
Ibnülemin'den	İbnülemin'den	1
bahsediyorlardi	bahsediyorlardı	1
yaçadi	yaçadı	1
Osmanoğullari'ni	Osmanoğulları'nı	1
hammlarin	hanımların	1
kardeginin	kardeşinin	1
Sahbaba'nig	Şahbaba'nıg	1
sigmmt	sığmmt	1
Hukümdar	Hükümdar	1
yant	yanıt	1
Ünüvarm	Unvanı	1
braktği	braktğı	1
çabasim	çabasım	1
hocasinin	hocasının	1
hanmefendi	hanımefendi	1
çıkmiştt	çıkmıştt	1
Hanimefendinin	Hanımefendinin	1
çağıriyor	çağırıyor	1
hindadir	hındadır	1
digariya	dışarıya	1
yazmiyordu	yazmıyordu	1
indallah	ındallah	1
yakmig	yakmış	1
nikâhindasiniz	nikahındasınız	1
nasihatlari	nasihatları	1
canlandiğinu	canlandığınu	1
cekmig	çekmiş	1
Selton'in	Selton'ın	1
clini	clını	1
bahconindeki	bahconındeki	1
müntumilatta	müntumılatta	1
başkasmin	başkasının	1
Boşanmadin'in	Boşanmadın'ın	1
ayrilmamişti	ayrılmamıştı	1
kullandiğs	kullandığı	1
ayrilmagiyla	ayrılmagıyla	1
muhatabina	muhatabına	1
anlatilır	anlatılır	1
mekânlarinda	mekanlarında	1
kalmadiğ	kalmadığ	1
vardirdiği	vardırdığı	1
tabancasinin	tabancasının	1
kirar	kırar	1
Çarçiya	Çarçıya	1
çikamiyorum	çıkamıyorum	1
Ayıptir	Ayıptır	1
Sricar	Srıcar	1
Vanräoddinin	Vanräoddının	1
vaie	vaıe	1
iln	ıln	1
uzn	izin	1
egriar	eğriar	1
Takiirdin	Takıirdin	1
minsmflafi	minsmflafı	1
nafsinien	nafsınıen	1
seman	senin	1
Hatia	Hatıa	1
disinkn	dışınkn	1
sigc	sığc	1
Minzfafinih	Minzfafınıh	1
pahnli	pahnlı	1
sigarainri	sigaraınrı	1
paigizririer	paıgızrırıer	1
başiamişti	başiamıştı	1
inrafia	inrafıa	1
Arrupcli	Arrupclı	1
mirazjatilerir	mirazjatılerir	1
sarizz	sarızz	1
bazin	bizim	1
Vahidaidinin	Vahidaıdının	1
yaikir	yaıkır	1
gidisten	gidişten	1
irrak	ırrak	1
iizilijor	ıızılıjor	1
agirbazin	ağırbazın	1
cesarati	cesaratı	1
buarzyori	buarzyorı	1
deraz	deniz	1
Zaki'je	Zakı'je	1
misamchanin	misamchanın	1
aiamn	aıamn	1
beseresirien	beşeresirien	1
Hauin	Hun	1
Cânm	Canım	1
okiiz	öküz	1
gta	sta	1
baskas	başku	1
ans	an	1
yapat	yapıt	1
Sainan	Samimi	1
kanayla	kanıyla	1
oriaklik	orıaklık	1
pesimizi	peşimizi	1
tatkins	tatkıns	1
kabillecneis	kabıllecneis	1
Vatsnain	Vatsnaın	1
togaisg	togaısg	1
gutfins	gutfıns	1
Beczoiya	Beczoıya	1
kapisma	kapışma	1
dagatil	dağatıl	1
ksiairlir	ksiaırlır	1
Nurn	Nuri	1
Rizn	Mizin	1
yaptigı	yaptığı	1
yazdklarini	yazdklarını	1
İgi	İşi	1
yazacağiniz	yazacağınız	1
alçaktir	alçaktır	1
müstefreşesi	müştefreşesi	1
karisiyim	karısıyım	1
bağlatmig	bağlatmıg	1
kurtarmişlar	kurtarmışlar	1
boçanmiş	bocanmış	1
yazdim!	yazdım!	1
dirlanip	dirlanıp	1
Içer	İçer	1
alamamiş	alamamış	1
kumarci	kumarcı	1
almiç	almıç	1
yaçardi	yaçardı	1
kirdirir	kırdırır	1
nazirindan	nazırından	1
lamazdi	lamazdı	1
tercümanini	tercümanını	1
buyurabilmek	buyurabılmek	1
Muvasalatini	Muvasalatını	1
ibläğ	iblağ	1
muvasalatindan	muvasalatından	1
kilinacağini	kılınacağını	1
istihbaratim	istihbaratım	1
tutuln	tütün	1
kanaluyla	kanalıyla	1
kalkişiyorlar	kalkışıyorlar	1
saltanatçilari	saltanatçıları	1
hilâfetçileri	hilafetçileri	1
kişkirtip	kışkırtıp	1
taraftarlariyla	taraftarlarıyla	1
hazirlaniyorsa	hazırlanıyorsa	1
entrikalarin	entrikaların	1
kurcalamiş	kurcalamış	1
Sünusi’ye	Sunusi’ye	1
kaymnbirader	kaymnbırader	1
karçıliğinda	karçılığında	1
deriyordu	deniyordu	1
yetersizliginden	yetersizliğinden	1
Ağirceza	Ağırceza	1
yori	yön	1
Vahidotdio'in	Vahidotdıo'ın	1
gonburiode	gönburıode	1
Efenaize	Efenaıze	1
kapdanuongti	kapdanuongtı	1
Choninsz	Chonınsz	1
pomindo	pomındo	1
lalaie	lalaıe	1
gormemigti	görmemişti	1
Habik	Habık	1
olmadhigun	olmadhıgun	1
ieniuk	ıeniuk	1
lefondi	lefondı	1
mnilaka	mnılaka	1
baligordu	baliğordu	1
olinadigs	olmadığı	1
ictn	içtin	1
Efondi'den	Efondı'den	1
kabancasin	kabancasın	1
kimsnlorin	kimsnlorın	1
Frungiz	Frungız	1
silähunizlu	silahunızlu	1
ganmniz	ğanmnız	1
kalortik	kalortık	1
Subat'nda	Şubat'ında	1
hoyecanliydt	hoyecanlıydt	1
kaldinlacagin	kaldınlacagın	1
monguplarimun	monguplarımun	1
cıkartilacağini	çıkartılacağını	1
teneffüg	teneffüs	1
olurna	oluna	1
yapacagini	yapacağını	1
dedikodularin	dedikoduların	1
yoğunlaştirdihavnyt	yoğunlaştırdıhavnyt	1
çikmnyacagint	çıkmnyacagınt	1
aynlacagim	aynlacagım	1
nilosinin	nilosının	1
Turkiyo'den	Türkiyo'den	1
çıkartilaenğma	çıkartılaenğma	1
lemiyle	leriyle	1
göylüyor	söylüyor	1
goçtikço	göçtikço	1
yoğunlagti	yoğunlagtı	1
Efondi	Efondı	1
Tarkiyc	Tarkıyc	1
Başkanlği’na	Başkanlğı’na	1
göndordi	göndordı	1
makumindan	makumından	1
ilgasinin	ilgasının	1
olacuğint	olacuğınt	1
birakacağn	bırakacağn	1
Olamazsa	Olmazsa	1
abam	İbni	1
başlarnin	başlarını	1
olamayinca	olamayınca	1
çıkartacaklarini	çıkartacaklarını	1
çocuklarimla	çocuklarımla	1
aldirin	aldırın	1
anlatilacak	anlatılacak	1
etrafl	etrafı	1
çikaracaklar	çıkaracaklar	1
inkita	inkıta	1
harcanmasi	harcanması	1
tirham	tırham	1
katilacağim	katılacağım	1
sayil	sayıl	1
Ilgasina	İlgasına	1
Çikartilmasina	Çıkartılmasına	1
yanlsi	yarısı	1
basinnda	basınında	1
kararlydi	kararlydı	1
talimatlarnin	talimatlarnın	1
selâmliklarna	selamlıklarna	1
doğmasi	doğması	1
Araliğınin	Aralığının	1
tuzubiberi	tuzubıberi	1
kaldirlmasinun	kaldırlmasınun	1
Han’n	Han’ın	1
Savaşınin	Savaşının	1
yazildiğn	yazıldığn	1
Ismaili	İsmaili	1
fetvasia	fetvasıa	1
Ossağlamişti	Ossağlamıştı	1
serinkanlilkla	serinkanlılkla	1
Çıkartilan	Çıkartılan	1
birakilmamişti	bırakılmamıştı	1
kizkardeşlerinden	kızkardeşlerinden	1
Vapurum	Vapurun	1
duymami	duymamı	1
ayrldi	ayrldı	1
kartilacağini	kartılacağını	1
uygulanacağini	uygulanacağını	1
yatakli	yataklı	1
çıkartildr	çıkartıldr	1
çalişiyorsunuz	çalışıyorsunuz	1
mezarimda	mezarımda	1
ayrldilar	ayrldılar	1
mirasim	mirasım	1
devraldiğ	devraldığ	1
asirlk	asırlk	1
mizdan	mızdan	1
lâşli	laslı	1
pederimi	pederim	1
train	tinin	1
yaraş	yarış	1
Isviçreliler	İsviçreliler	1
aydinlatan	aydınlatan	1
lambalarinin	lambalarının	1
gülüyorlardi	gülüyorlardı	1
karalti	karaltı	1
Yadigâri	Yadigârı	1
takdirkär	takdirkâr	1
lâdini	ladını	1
kalkmasinı	kalkmasını	1
bey’atiyle	bey’atıyle	1
vatansiz	vatansız	1
mensuplarni	mensuplarnı	1
tekrarliyor	tekrarlıyor	1
mirascist	mirasçıst	1
hilâ	hila	1
sêi	seı	1
sasei	şaşei	1
eğeni	eseri	1
azinliğin	azınlığın	1
kararlariyle	kararlarıyle	1
aykirt	aykırt	1
hukukçularin	hukukçuların	1
kanaattir	kanaattır	1
çahsiyeti	cahsıyeti	1
bulmadiğim	bulmadığım	1
mensuplann	mensuplarını	1
oluşturacaktu	oluşturacaktı	1
birakmaktadir	bırakmaktadır	1
zapilacak	zapılacak	1
ekselanslariniza	ekselanslarınıza	1
sağliklar	sağlıklar	1
Yazdiklaye’de	Yazdıklaye’de	1
ayrildiklarini	ayrıldıklarını	1
lâğviyla	lağvıyla	1
âmir	amir	1
aştiği	astığı	1
çıkarilmalariyla	çıkarılmalarıyla	1
Hükûmeti'nce	Hükümeti'nce	1
uğradiğt	uğradığt	1
bulunmamasindan	bulunmamasından	1
Hilâ	Hila	1
vatandaşlarini	vatandaşlarını	1
ihtiyaçlariyla	ihtiyaçlarıyla	1
sakinmiştir	sakınmıştır	1
Şahsimin	Şahsımın	1
Millerand’in	Millerand’ın	1
sağliğiyla	sağlığıyla	1
şahsiniz	şahsınız	1
dağitt	dağıtt	1
hanedannin	hanedanının	1
cumhurbaşkanliğindan	cumhurbaşkanlığından	1
avukatliğ	avukatlığ	1
alnabilmesi	alnabılmesi	1
çalşacakti	çalşacaktı	1
denin	derin	1
doyasiya	doyasıya	1
dairosinde	dairosınde	1
Hümeyra'yi	Hümeyra'yı	1
kadmlarin	kadınların	1
öpüsmeleri	öpüşmeleri	1
saticilardan	satıcılardan	1
cıkarttiklar	çıkarttıklar	1
goniş	Sons	1
açukti	açıktı	1
arkasidaki	arkasıdakı	1
dolaştiğn	dolaştığn	1
kizlarmin	kızların	1
dadisi	dadısı	1
adn	adım	1
Fransizcasinun	Fransızcasınun	1
pullari	pulları	1
Kizum	Kızım	1
inandiğimi	inandığımı	1
aldattiğini	aldattığını	1
sormasina	sormasına	1
hayirlisiyla	hayırlısıyla	1
aldatildiğini	aldatıldığını	1
sirrni	sırrnı	1
Osmanlica'ydi	Osmanlıca'ydı	1
larimi	larını	1
hânedanim	hanedanın	1
hânedanimin	hanedanının	1
taniyarak	tanıyarak	1
yaşamaktayiz	yaşamaktayız	1
Yazdiklarnin	Yazdıklarını	1
insânî	insanı	1
müracaatlarimi	müracaatlarımı	1
nazarina	nazarına	1
almadilar	almadılar	1
yardimlarinizi	yardımlarınızı	1
braktiğinin	braktığının	1
varamamiş	varamamış	1
yakunliğl	yakunlığl	1
satilacak	satılacak	1
çahis	cahıs	1
Rumelihisarn’ndaki	Rumelihisarn’ndakı	1
kapsamindadir	kapsamındadır	1
enteresandir	enteresandır	1
karaliyorum	karalıyorum	1
zorlaşiyor	zorlaşıyor	1
Ketumiyetinize	Ketumıyetinize	1
Muhafazasini	Muhafazasını	1
yaşiyorlar	yaşıyorlar	1
ihtilâlinden	ihtilalinden	1
yatildi	yatıldı	1
oturacağiz	oturacağız	1
fedakârliğima	fedakarlığıma	1
imkândir	imkandır	1
kiralayacagint	kiralayacagınt	1
bulunacagint	bulunacağınt	1
adamcağiz	adamcağız	1
bildiginiz	bildiğiniz	1
malam	malın	1
firsal	fırsal	1
yapaiçin	yapaıçın	1
geçdikçe	geçdikce	1
taraftadir	taraftadır	1
çikarmamak	çıkarmamak	1
kullanilmayacak	kullanılmayacak	1
tevzî’edildikten	tevzi’edildikten	1
dağitildiktan	dağıtıldıktan	1
Satilmak	Satılmak	1
acisin	açısın	1
Hasil	Hasıl	1
imkânsizdır	imkansızdır	1
vicdanimla	vicdanımla	1
mülähazâtinizi	mülahazatınızı	1
fedakärlikta	fedakarlıkta	1
müştemilâtta	müştemilatta	1
darağacinda	darağacında	1
işledigi	işlediği	1
aldig	aldıg	1
asildilar	asıldılar	1
Pasa'yı	Paşa'yı	1
çalişmakti!	çalışmaktı!	1
esnafina	esnafına	1
yollamişti	yollamıştı	1
Ayvalik'tan	Ayvalık'tan	1
asrdaki	asrdakı	1
Kulaksizlar'dandi	Kulaksızlar'dandı	1
mütehassisi	mütehassısı	1
nikâhi	nikahı	1
kiydirmişti	kıydırmıştı	1
yakndı	yakındı	1
yakınlign	yakınlıgn	1
taraflarnın	tarafların	1
nabizlarni	nabızlarnı	1
kizlarni	kızlarnı	1
fisildadiğ	fısıldadığ	1
iddialarn	iddiaları	1
hazirlklara	hazırlklara	1
çöminede	comınede	1
Iddialarn	İddiaları	1
canndan	canından	1
yaşandiğn	yaşandığn	1
infazi	infazı	1
uzanalm	uzanan	1
Mart'inin	Mart'ının	1
husugunun	hususunun	1
mabiyettedir	mabıyettedir	1
Fatine	Fitne	1
baslamaktadir	başlamaktadır	1
iftihârim	iftiharım	1
Fuzila	Fuzıla	1
intizarinda	intizarında	1
gebepsiz	sebepsiz	1
Artih	Artıh	1
merakimin	merakımın	1
hizlarim	hızlarım	1
Fazila	Fazıla	1
kiştir	kıştır	1
bukkindaki	bukkındakı	1
artmaktadir	artmaktadır	1
Kizlarndan	Kızlarndan	1
Ocak’in	Ocak’ın	1
ihininde	ıhınınde	1
alamadiğt	alamadığt	1
Beyza'ciğim	Beyza'cığım	1
mektuplarinuzn	mektuplarınuzn	1
hanimdan	hanımdan	1
kargisnda	karşısında	1
bulundugudahi	bulunduğudahı	1
Cimleten	Çimleten	1
biciminent	biçiminent	1
alrim	alrım	1
endîse	endişe	1
vâcibu’ul	vacibu’ul	1
Beyzaciğim	Beyzacığım	1
hâfizu'l	hafızu'l	1
vâcibu’l	vacibu’l	1
satirlarinin	satırlarının	1
ayracaktir	ayraçaktır	1
Iş’ar	İş’ar	1
ahvâlim	ahvalin	1
âfiyetlerinizden	afiyetlerinizden	1
olduklariniza	olduklarınıza	1
cevablarina	cevablarına	1
hâneniz	haneniz	1
tafsilâtiyle	tafsilatıyle	1
ihbariye	ihbarıye	1
ulaşmamiştir	ulaşmamıştır	1
ahvâlinizden	ahvalinizden	1
resan	resmi	1
esl	eşi	1
yazamiyorum	yazamıyorum	1
Hanm'a	Hanım'a	1
yazdiklarima	yazdıklarıma	1
postadadir	postadadır	1
sihhatteyim	sıhhatteyim	1
Sihhatte	Sıhhatte	1
anlailiyor	anlaılıyor	1
ulaşmamasi	ulaşmaması	1
alama	alan	1
mukadderâ	mukaddem	1
diğimdan	dığımdan	1
müsterek	müşterek	1
Refikaciğim	Refikacığım	1
yazmayniz	yazmaynız	1
ahvâlinizi	ahvalinizi	1
siknti	sıkıntı	1
karsinin	karsının	1
merakindadir	merakındadır	1
seansina	seansına	1
müştemilâttaki	müştemilattakı	1
Yukaridan	Yukarıdan	1
firladik	fırladık	1
siziyordu	sızıyordu	1
akiyordu	akıyordu	1
çikartr	çıkartr	1
yazdiğinin	yazdığının	1
yazdigint	yazdığınt	1
Rims	Rini	1
Cenora'daki	Çenora'dakı	1
iftiraydi	iftiraydı	1
Hamm'n	Hanım'ın	1
mezartaşi	mezartaşı	1
mezarliğina	mezarlığına	1
geklini	şeklini	1
dern	den	1
bittigi	bittiği	1
Vatani	Vatanı	1
uzantigiydi	uzantıgıydı	1
reigi	reisi	1
rehmi	rehin	1
ügt	üst	1
kigiliği	kişiliği	1
Şehzadebaglndaki	Şehzadebaglndakı	1
Apartmaninin	Apartmanının	1
canl1	canlı	1
okuyalm	okuyan	1
sünti	suntı	1
gahitlerinden	gahıtlerinden	1
kalkişmişlar	kalkışmışlar	1
tegkilâtini	teşkilatını	1
hulaga	hülasa	1
sarkli	şarklı	1
firkada	fırkada	1
işililiyordu	ışılılıyordu	1
kalabaligi	kalabalığı	1
tantanasi	tantanası	1
Vatan'di	Vatan'dı	1
firkayt	fırkayt	1
bağlamişti	başlamıştı	1
yerlegip	yerleşip	1
Apartmanina	Apartmanına	1
firildag	fırıldag	1
anlaşildr	anlaşıldr	1
Firkag'nin	Fırkag'nın	1
firhast	fırhast	1
hayatlarina	hayatlarına	1
firhaya	fırhaya	1
Ilâ	İla	1
inmin	rinin	1
yapicigi	yapıcıgı	1
surätina	suratına	1
sakliyordu	saklıyordu	1
çaligiyordu	çalışıyordu	1
başlamigti	başlamıştı	1
entrikalarini	entrikalarını	1
tuğgenerali	tuğgeneralı	1
çüpheliydi	cupheliydi	1
usanmig	usanmıg	1
gikâyete	gıkâyete	1
Îlâ	Ila	1
kapadiğini	kapadığını	1
firkasiyla	fırkasıyla	1
ahbaplari	ahbapları	1
Salâhiyye	Salahiyye	1
teçkillerle	teckillerle	1
firildağini	fırıldağını	1
ricasiyle	ricasıyle	1
atmalarina	atmalarına	1
topladiğina	topladığına	1
inandiracak	inandıracak	1
tadiyla	tadıyla	1
vuracakti	vuracaktı	1
ağizda	ağızda	1
vatandaşin	vatandaşın	1
kâğitlar	kağıtlar	1
firildağl	fırıldağl	1
ilâci	ilacı	1
yakalanmasiyla	yakalanmasıyla	1
saticisinin	satıcısının	1
yargilanmasina	yargılanmasına	1
landi	landı	1
sonrasinin	sonrasının	1
sufatiyla	sıfatıyla	1
geçisinde	geçişinde	1
Pagu'nin	Pagu'nın	1
iittik	ııttık	1
ahbaplarina	ahbaplarına	1
dogruladilar	doğruladılar	1
Zurhlisi'nda	Zurhlısı'nda	1
kaçirilmak	kaçırılmak	1
zurhlisina	zurhlısına	1
igittiğini	ığıttığını	1
firarini	firarını	1
içln	için	1
gahiddir	gahıddır	1
vak'anin	vak'anın	1
kiymetdar	kıymetdar	1
giki	sıkı	1
iniihgr	ınııhgr	1
çalizti	çalıztı	1
nitistc	nıtıstc	1
Tilah	Tılah	1
baçinin	bacının	1
arkasindun	arkasındun	1
cisayeiti	çışayeiti	1
Vak'anin	Vak'anın	1
gordim	gördim	1
zabutasina	zabutasına	1
Karçumiza	Karçumıza	1
ädeddin'in	adeddin'in	1
äilazzéirz	ailazzéırz	1
kurzugi	kurzugı	1
zoiclon	zoıclon	1
buszia	büszia	1
kayinpederin	kayınpederin	1
hanedanmin	hanedanının	1
Tir	Tır	1
azagi	azası	1
Vefatina	Vefatına	1
hastalanmigti	hastalanmıgtı	1
muhafazamiza	muhafazamıza	1
cerdik	çerdik	1
edilne	edilme	1
Hlalbuki	Hlalbukı	1
Tuhnit	Tuhnıt	1
vesikayi	vesikayı	1
anlagilyor	anlagılyor	1
anlamamiştim	anlamamıştım	1
yazinca	yazınca	1
iddianin	iddianın	1
savciliğin	savcılığın	1
Müddeiumumi	Müddeiumumı	1
yazisidir	yazısıdır	1
Ismail’indir	İsmail’indir	1
imzasidir	imzasıdır	1
yakinlarindan	yakınlarından	1
Tahkikatlari	Tahkikatları	1
Müstantik	Mustantık	1
intihardir	intihardır	1
Ifademi	İfademi	1
çikâyetimi	çıkayetimi	1
ddeiumumi	ddeiumumı	1
Salähiye’nin	Salahiye’nin	1
anlaçuldiğini	anlaçuldığını	1
savcinin	savcının	1
çikâyetini	çıkayetini	1
damad1	damadı	1
Hesaplari	Hesapları	1
Milletcekili	Milletçekili	1
kâhyasi	kâhyası	1
Lübnan'in	Lübnan'ın	1
Hiyânet	Hıyanet	1
yargilanan	yargılanan	1
Salâhiyecilerin	Salahiyecilerin	1
sanuklarin	sanukların	1
cezalandirilmalarnı	cezalandırılmalarnı	1
idamlarni	idamlarnı	1
olacağuni	olacağını	1
arkadaşumiz	arkadaşımız	1
kalksaydi	kalksaydı	1
evlàdi!	evladı!	1
arasindasin	arasındasın	1
Kenal	Kemal	1
günahtir	günahtır	1
kurtarict	kurtarıct	1
mensuplarinun	mensuplarının	1
başhğnin	başhğnın	1
muhaberatinuza	muhaberatınuza	1
Islâmiye'ye	İslamiye'ye	1
maksatlarina	maksatlarına	1
aykiridir	aykırıdır	1
kinizda	kınızda	1
enam	emin	1
kemâ	ken	1
savunmalarini	savunmalarını	1
yazamadiğ	yazamadığ	1
kandirdiklarini	kandırdıklarını	1
Amerikalilar’in	Amerikalılar’ın	1
yeraliyor	yeralıyor	1
Inisimli	İnişimli	1
ilikileri	ılıkıleri	1
sayuda	sayıda	1
güglenen	güçlenen	1
suradan	şuradan	1
orglitu	örgütü	1
gönderdigs	gönderdiği	1
Misguizdi	Mişguızdı	1
ifädeleriyte	ifadeleriyte	1
sahitlikteriyte	şahitlikteriyte	1
tarttnia	tarttnıa	1
Batahive	Batahıve	1
işteyebilecek	isteyebilecek	1
Bemoida	Bemoıda	1
öldurulmesins	öldürülmesins	1
vatmiz	vatmız	1
yazilt	yazılt	1
ifädcleriyle	ifadcleriyle	1
furari	firari	1
başkanligunda	başkanlığında	1
gectigi	geçtiği	1
saglamaya	sağlamaya	1
hararstli	hararstlı	1
ihànetlerinin	ihanetlerinin	1
çaligtigt	çalıgtıgt	1
anlaglmugtir	anlaglmugtır	1
orgüt	örgüt	1
dogu	doğu	1
kuruluglar	kuruluşlar	1
padisahin	padişahın	1
buglica	buğlıca	1
bolgeleriyle	bölgeleriyle	1
seçildigi	seçildiği	1
anlagulmiştir	anlagulmıştır	1
hazirlanmasuna	hazırlanmasuna	1
yapilmast	yapılmast	1
iläct	ilaçt	1
degixmesine	değixmesine	1
propagandalarina	propagandalarına	1
iglenen	işlenen	1
Vabidoddin'e	Vabıdoddın'e	1
surctiyle	surctıyle	1
Salähiyc	Salahiyc	1
derinligine	derinliğine	1
arastirilmast	araştırılmast	1
oyrilmastma	oyrılmastma	1
yapilmaauna	yapılmaauna	1
Meclisi'uin	Meclisi'uın	1
darağaçlarina	darağaçlarına	1
Idamlarin	İdamların	1
ayrintsi	ayrıntsı	1
yazihydr	yazıhydr	1
Ankaru	İmkanı	1
Astm	İstim	1
Hamci	Harici	1
Yüzbaçi	Yüzbaçı	1
asilarak	asılarak	1
bağinda	başında	1
çükranlarini	çükranlarını	1
şükranlarini	şükranlarını	1
araciliğini	aracılığını	1
Mahkùmlarin	Mahkùmların	1
idamlarinin	idamlarının	1
ayrintist	ayrıntıst	1
bayginlik	baygınlık	1
geçirmise	geçirmişe	1
bazilart	bazılart	1
çikarilmişlar	çıkarılmışlar	1
Diläver	Dilaver	1
kiraatinden	kıraatinden	1
bağirmuşlardir	bağırmuşlardır	1
Tuşhan'in	Tushan'ın	1
hazurdilar	hazırdılar	1
çukmiş	çıkmış	1
asilmıştir	asılmıştır	1
Yaşamn	Yaşamın	1
teghir	teşhir	1
bağırmiştir	bağırmıştır	1
Asilanlar	Asılanlar	1
noktalanmadi	noktalanmadı	1
Bakanlik'tan	Bakanlık'tan	1
Vekâleti’ni	Vekaleti’ni	1
harcadiğ	harcadığ	1
açali	açalı	1
yaklagan	yaklaşan	1
yagıyordu	yağıyordu	1
Kadinefendileri	Kadınefendileri	1
kaybolmug	kaybolmuş	1
pahaliydi	pahalıydı	1
sikintilann	sıkıntılann	1
siğnmiş	sığınmış	1
kullanrdi	kullanırdı	1
Agabikere	Ağabıkere	1
katlydi	katlydı	1
kattaydi	kattaydı	1
odasiyla	odasıyla	1
Baçkadin	Baçkadın	1
kadinefendisini	kadınefendisini	1
kadinefendisi	kadınefendisi	1
Hümeyra'nin	Hümeyra'nın	1
yatiya	yatıya	1
erkânydi	erkanydı	1
dakikahk	dakikalık	1
Şahbabn'ydi	Sahbabn'ydı	1
Hanim'1	Hanım'ı	1
Faysal’1	Faysal’ı	1
ağirladi	ağırladı	1
Ismailî	İsmaili	1
tartişmalarinin	tartışmalarının	1
telâşlandırdi	telaşlandırdı	1
tahtndan	tahtından	1
kizu	kızı	1
Kaçar'in	Kaçar'ın	1
Şahbabiraraya	Sahbabıraraya	1
yoldaşliğ	yoldaşlığ	1
Şah’in	Şah’ın	1
Kâzimiye'ye	Kazimiye'ye	1
Teşkilâtçılar	Teşkilatçılar	1
elen	elem	1
teskilotet	teşkilotet	1
ultimda	ültimda	1
vurgumeulartmi	vurgumeulartmı	1
villnlur	vıllnlur	1
makaadi	makaadı	1
biraktiğt	bıraktığt	1
çıkartacnği	çıkartacnğı	1
inandiğmdan	inandığmdan	1
hokümdarin	hokümdarın	1
dağtiyordu	dağtıyordu	1
senaryolari	senaryoları	1
teşkilât’diye	teşkilat’dıye	1
yakinacak	yakınacak	1
çıknrtncnğni	çıknrtncnğnı	1
Rifat'1	Rıfat'1	1
hatirladiği	hatırladığı	1
bastirip	bastırıp	1
duvarna	divana	1
silahlanmişlardi	silahlanmışlardı	1
subayiydi	subayıydı	1
Tabancalari	Tabancaları	1
silâhlydr	silahlydr	1
âdetinden	adetinden	1
arzzi	arzzı	1
Baltalimanli	Baltalımanlı	1
bagyaveri	bağyaveri	1
kizlanyla	kızlanyla	1
sonrasindan	sonrasından	1
Anadoluhisarn’ndaki	Anadoluhısarn’ndakı	1
ilkbahari	ilkbaharı	1
vüzyilin	vüzyılın	1
yillarmda	yıllarmda	1
Jrid	Jrıd	1
yaşmdayken	yaşındayken	1
bakin!	bakın!	1
söylediginizi	söylediğinizi	1
tirsem	tırsem	1
agzintzt	ağzıntzt	1
kulaklarmniza	kulaklarmnıza	1
ayurirum	ayurırum	1
Iliçhir	Ilıçhır	1
mesguldü	meşguldü	1
mallarimi	mallarını	1
Andlaşmasi’ndan	Andlaşması’ndan	1
başlatilacak	başlatılacak	1
Misrda	Mısrda	1
karçıyaydi	karçıyaydı	1
clinin	clının	1
sağlanirdi	sağlanırdı	1
kullanimına	kullanımına	1
tâcin	tacın	1
uygulandiğ	uygulandığ	1
oturmasindan	oturmasından	1
mallarn	malları	1
haslarinın	haslarının	1
alinp	alınp	1
bağlattiğ	bağlattığ	1
emlâkine	emlakine	1
artig	artış	1
nazırliğa	nazırlığı	1
Eml	En	1
mikdarinda	mikdarında	1
Teçkilät	Teckilät	1
paçaliğa	paçalığa	1
tapulandi	tapulandı	1
muafti	muaftı	1
çaliçanlar	çalıçanlar	1
alnamiyor	alnamıyor	1
kizkardeşleriyle	kızkardeşleriyle	1
Sakizl1	Sakızl1	1
yatirmlar	yatırmlar	1
yatirm	yatırm	1
spekülasyonlarina	spekülasyonlarına	1
haklarnin	haklarını	1
dokunulmazliğ	dokunulmazlığ	1
baçlikli	baclıklı	1
sèn	sen	1
done	döne	1
cakartilan	çıkartılan	1
AZanicten	Azanıcten	1
alimis	alımıs	1
dazinei	dazınei	1
kararlaşturildt	kararlaşturıldt	1
taraa	tama	1
kaà	ku	1
Èsssavia	Esssavıa	1
tasixi	taşıxı	1
sayzakiansn	sayzakıansn	1
bukuki	büküki	1
aynian	ayının	1
adna	adına	1
Anilaçmasinn	Anılaçmasınn	1
yapmaksizn	yapmaksızn	1
tapulanmiş	tapulanmış	1
Tasarnin	Tasarım	1
Osu	Ou	1
sayldiğm	sayldığm	1
macerasinın	macerasının	1
istisnalardi	istisnalardı	1
saydiğr	saydığr	1
çıkartilmadan	çıkartılmadan	1
vârislerinden	varislerinden	1
dönominin	donomının	1
çıkartilacak	çıkartılacak	1
çalşılacakti	çalşılacaktı	1
tamamlandiktan	tamamlandıktan	1
açiklakaç	açıklakaç	1
durumdadirlar	durumdadırlar	1
Mezopotamya’nin	Mezopotamya’nın	1
malûmlaridir	malumlarıdır	1
çikmanizi	çıkmanızı	1
mallarmin	malların	1
çikmamaya	çıkmamaya	1
Rougin	Rougın	1
Hukukçularin	Hukukçuların	1
başlatacakti	başlatacaktı	1
Kasim'ndan	Kasım'ndan	1
karşıkliğa	karşıklığa	1
tikamiş	tıkamış	1
imzasinın	imzasının	1
sifatiyle	sıfatiyle	1
unvanlarini	unvanlarını	1
Kemâli	Kemali	1
icraatini	icraatını	1
haksizliğl	haksızlığl	1
olacaktir13	olacaktır13	1
aşıldi	asıldı	1
unvansiz	unvansız	1
vekâle	vekile	1
dişidan	dışıdan	1
babalarmın	babaların	1
vekäleti	vekaleti	1
kullanamadilar	kullanamadılar	1
adaylarinin	adaylarının	1
ayrlişım	ayrlışım	1
Yunanlilar’a	Yunanlılar’a	1
Hristiyan’in	Hristiyan’ın	1
sakladilar	sakladılar	1
aşağıladi	aşağıladı	1
Yazdıklari	Yazdıkları	1
yikacak	yıkacak	1
arandiğini	arandığını	1
basinina	basınına	1
dağitarak	dağıtarak	1
sarilacaklarini	sarılacaklarını	1
sabirl	sabırl	1
tahtinn	tahtının	1
ediliyorlardi	ediliyorlardı	1
toplanacağni	toplanacağnı	1
Seyhi	Şeyhi	1
insann	insanın	1
cimadigini	cimadıgını	1
iktidann	iktidarın	1
hudiv	hıdiv	1
Ulemanin	Ulemanın	1
saldimlars	saldımlars	1
feläketten	felaketten	1
Misirt	Mısırt	1
yayinlatmi	yayınlatmı	1
savaşmiştir	savaşmıştır	1
uzaklaştirip	uzaklaştırıp	1
koruyuculari	koruyucuları	1
ammet	nimet	1
yazayordu	yazıyordu	1
Vahidodtin'in	Vahidodtın'ın	1
soyabati	soyabatı	1
Cazetosindeki	Cazetosındeki	1
iultan'in	ıultan'ın	1
uki	iki	1
ohun	ölüm	1
araciligtyla	aracılıgtyla	1
Aiaak	Aıaak	1
itan	ıtan	1
Vuhiletdin'in	Vuhıletdin'in	1
fitmaiydi	fitmaıydı	1
Remalintler	Remalıntler	1
tukrive	tükrive	1
ämmetin	ammetin	1
tumn	tinin	1
liyordu	lıyordu	1
sonlarida	sonlarıda	1
gomlerdi	gömlerdi	1
vasitastyla	vasıtastyla	1
huyuttayim	huyuttayım	1
stinsuamm	ştinsuamm	1
tolhirtort	tolhırtort	1
Aüstiman	Austıman	1
kulotiloegim	külotıloegim	1
soyleydi	şöyleydi	1
Kohirnio	Köhirnio	1
Kongrai	Kongraı	1
tlm	tim	1
Kongoni'nin	Kongonı'nın	1
gisti	ğişti	1
açimuzin	açımuzın	1
dağilmayi	dağılmayı	1
zorluklarinda	zorluklarında	1
saldirganlari	saldırganları	1
vatanimizda	vatanımızda	1
vicdanina	vicdanına	1
mâdur	midir	1
diyarinin	diyarının	1
ulemasiyla	ulemasıyla	1
kucaklarini	kucaklarını	1
âlicenâb	alicenâb	1
lnasir	Nasır	1
Altnci	Altıncı	1
okuyucularimizca	okuyucularımızca	1
hitâben	hitaben	1
yayınlanip	yayınlanıp	1
ulaştirilmasini	ulaştırılmasını	1
Hilâfeti	Hilafeti	1
Hanedani’nin	Hanedanı’nın	1
icmâ	için	1
rizayla	rızayla	1
sarsintidan	sarsıntıdan	1
hilâfetine	hilafetine	1
görülmemig	görülmemiş	1
ayrilmasint	ayrılmasınt	1
Hakan'in	Hakan'ın	1
zorlayict	zorlayıct	1
yasanmişsa	yaşanmışsa	1
ihtirasiyla	ihtirasıyla	1
unvânin	unvanın	1
şükranini	şükranını	1
gunlerinde	günlerinde	1
beklemedigi	beklemediği	1
bulummalarm	bulunmaları	1
edemeyecegi	edemeyeceği	1
universite	üniversite	1
Mayrs'inn	Mayrs'ınn	1
Hiiofet	Hııofet	1
Yapulan	Yapılan	1
imah	mah	1
kalme	kaime	1
Hiläfei	Hilafei	1
hazurlklari	hazurlkları	1
diivisk	dııvısk	1
hiiofès	hııofès	1
boklorincon	boklorıncon	1
yaziyardu	yazıyardu	1
vasutasuyla	vasıtasıyla	1
ögrendiğimiz	öğrendiğimiz	1
okunmadigrm	okunmadıgrm	1
hilàfeti	hilafeti	1
äleminin	aleminin	1
burakmi	bırakın	1
secilmesini	seçilmesini	1
süce	üçe	1
kalmss	kalmış	1
hilàfet	hilafet	1
dirdirinder	dırdırınder	1
boidrsg	boıdrsg	1
hilofèti	hilofètı	1
saldirtlar	saldırtlar	1
kurretteri	kürretteri	1
taçadigt	tacadıgt	1
boreketimte	böreketimte	1
ratit	ratıt	1
etmegecegim	etmeğecegim	1
gereklerin	gereklerini	1
hazirlklarna	hazırlklarna	1
başlandiğ	başlandığ	1
biati	biatı	1
tanitamayan	tanıtamayan	1
dağldi	dağldı	1
toplantisinin	toplantısının	1
yollamasindan	yollamasından	1
Vills'nin	Vılls'nın	1
hayrli	hayrlı	1
Heyecani	Heyecanı	1
Kuzim	Kızım	1
evläd	evlad	1
nasâyihini	nasayihini	1
söylemedigine	söylemediğine	1
merakim	merakım	1
celâlin	celalin	1
samedanisine	samedanısıne	1
kizlarn	kızları	1
katlmişti	katlmıştı	1
sağhkli	sağlıklı	1
tasanin	tasarım	1
kazasiz	kazasız	1
belâsiz	belasız	1
yaşamişlardi	yaşamışlardı	1
hazinedarlarini	hazinedarlarını	1
dalmişlardi	dalmışlardı	1
yatsi	yatsı	1
namazinizi	namazınızı	1
kiliniz	kılınız	1
namazlarini	namazlarını	1
kabariyor	kabarıyor	1
kokmasin	kokmasın	1
noktaladiğ1	noktaladığ1	1
boşanircasina	boşanırcasına	1
usandirici	usandırıcı	1
açtirmadan	açtırmadan	1
kayniyordu	kaynıyordu	1
çikaramadiğl	çıkaramadığl	1
kiyamette	kıyamette	1
mutadini	mutadını	1
bozmamiş	bozmamış	1
dalmiştim	dalmıştım	1
çiğliklarla	çığlıklarla	1
çirpinmaya	çırpınmaya	1
sarildiğim	sarıldığım	1
haykiriyordu	haykırıyordu	1
deryasinin	deryasının	1
hâdiseden	hadiseden	1
saa	şu	1
tigl	tığı	1
ortaunda	ortamda	1
burin	birini	1
Strtundi	Strtundı	1
kEcik	keçik	1
hunfif	hunfıf	1
mzl	mizi	1
hciinde	hçiinde	1
yaknzini	yaknzını	1
acagini	açagını	1
bakiyorlard!	bakıyorlardı	1
Villanin	Villanın	1
katila	katıla	1
şaşkiriik	şaşkırıık	1
çıldirmi	çıldırmı	1
Dayima	Dayıma	1
yarldi	yandı	1
cerrahu	cerrahi	1
yatirilmasina	yatırılmasına	1
mafsallari	mafsalları	1
kaskati	kaskatı	1
çamaşırlarini	çamaşırlarını	1
parçalayip	parçalayıp	1
sardiktan	sardıktan	1
omuzlarimiza	omuzlarımıza	1
kaldirdik	kaldırdık	1
kapliyordu	kaplıyordu	1
digari	dışarı	1
çukip	çıkıp	1
yatirarak	yatırarak	1
ayrilmadı	ayrılmadı	1
Dayisinın	Dayısının	1
yarlmasina	yarlmasına	1
tikanmış	tıkanmış	1
duvarlarn	duvarları	1
kadinlaryla	kadınlaryla	1
Villasi’ndaki	Villası’ndakı	1
Alacaklilar	Alacaklılar	1
kardegine	kardeşine	1
savurmalarindan	savurmalarından	1
Villasi’mn	Villası’mn	1
sattirip	sattırıp	1
dayanlmişti	dayanlmıştı	1
dügmüştü	düşmüştü	1
yaptirtmıg	yaptırtmıg	1
masrafini	masrafını	1
Fava’nin	Fava’nın	1
borçlanildi	borçlanıldı	1
uizere	üzere	1
isitince	işitince	1
alacakhlarin	alacakhların	1
villnya	vıllnya	1
emsâline	emsaline	1
rastlanmamiş	rastlanmamış	1
memurlanna	memurların	1
mühürdarlik	mühürdarlık	1
Oğullarinin	Oğullarının	1
borçlarn	borçları	1
Levazimatt	Levazımatt	1
yaptirtti	yaptırttı	1
yapticeviz	yaptıceviz	1
Villasi'ndaki	Villası'ndakı	1
baçlatti	baclattı	1
ziri	zırı	1
ressami	ressamı	1
kurtarlmasiydi	kurtarlmasıydı	1
Alacaklilara	Alacaklılara	1
borçlarni	borçlarnı	1
kalkmadi	kalkmadı	1
yatağndaki	yatağndakı	1
satmasiyla	satmasıyla	1
kaldirdilar	kaldırdılar	1
harcandiğini	harcandığını	1
çıkartildi	çıkartıldı	1
techiziyye	teçhiziyye	1
yikanmasi	yıkanması	1
ameliyatini	ameliyatını	1
Villasi’nda	Villası’nda	1
Ifadenin	İfadenin	1
yaçindaki	yacındakı	1
imzalanmiştir	imzalanmıştır	1
imzalamıçti	imzalamıçtı	1
soyadini	soyadını	1
levazimati	levazımatı	1
çahidin	cahidin	1
Mangossi’nin	Mangossı’nın	1
villasiyla	villasıyla	1
çahit	Cahit	1
sayilrdi	sayılrdı	1
levazimatçıliğ	levazımatçılığ	1
Hanmsultan	Hanımsultan	1
Şahbaba'sinin	Şahbaba'sının	1
çığliklar	çığlıklar	1
yatmamiştim	yatmamıştım	1
sokmadilar	sokmadılar	1
Neclâ’nin	Necla’nın	1
Anlattilar	Anlattılar	1
çığliklardan	çığlıklardan	1
damarinin	damarının	1
tikana	tıkana	1
taglikta	taglıkta	1
çiğlihlar	çığlıhlar	1
arsivine	arşivine	1
çaşırmadilar	casırmadılar	1
sayılmayacağini	sayılmayacağını	1
hatrlattilar	hatrlattılar	1
imhayi	imhayı	1
çaliçıld	çalıçıld	1
müteveffanin	müteveffanın	1
burasiydi	burasıydı	1
altindaydilar	altındaydılar	1
kolayliklar	kolaylıklar	1
yansitilmiş	yansıtılmış	1
tanişıyorlardi	tanışıyorlardı	1
sinırdış1	sınırdışı	1
kongolosu	konsolosu	1
Mart’inin	Mart’ının	1
bendegânina	bendeganına	1
verdirmisti	verdirmişti	1
Diçişleri	Dicişleri	1
konsoloslarin	konsolosların	1
horhangi	horhangı	1
Vahidoddin’in	Vahidoddın’ın	1
yeğoni	yeğonı	1
tomaslari	tomasları	1
istegi	isteği	1
dostlugu	dostluğu	1
düzgun	düzgün	1
taşudigini	taşıdığını	1
nempatinini	nempatınını	1
hatirlatarah	hatırlatarah	1
ekselanslarina	ekselanslarına	1
yazacaklarimda	yazacaklarımda	1
nultanin	nültanın	1
aranindaki	aranındakı	1
çikartmayacaği	çıkartmayacağı	1
alina	alına	1
yapilmayacak	yapılmayacak	1
denizyollarinin	denizyollarının	1
katilmayacak	katılmayacak	1
rahatsizliğindan	rahatsızlığından	1
vücutlarinda	vücutlarında	1
ladiği	ladığı	1
temaslarnin	temaslarnın	1
yapmayacağini	yapmayacağını	1
yazimalar	yazımalar	1
çağrdi	çağrdı	1
ayrntilarm	ayrntılarm	1
yapilabildi	yapılabildi	1
hoşlanmiyorsa	hoşlanmıyorsa	1
Vuhideddin'in	Vuhıdeddin'in	1
ratina	imtina	1
dönüg	dönüş	1
sansmın	sanırım	1
olmadigi	olmadığı	1
nilonin	nilonın	1
bulunuşlari	bulunuşları	1
tavirdaydi	tavırdaydı	1
meblagin	meblağın	1
ögrenemedigim	öğrenemediğim	1
satiyordu	satıyordu	1
sikuntt	sıkuntt	1
saglayacak	sağlayacak	1
serbestligini	serbestliğini	1
anlaşmişlar	anlaşmışlar	1
bakindan	bakımdan	1
çaliiyordu	çalııyordu	1
kalkişti	kalkıştı	1
Kralina	Kralına	1
Italyanlar'in	İtalyanlar'ın	1
kalkmamişti	kalkmamıştı	1
Borçlarin	Borçların	1
Haziran'inin	Haziran'ının	1
haftasina	haftasına	1
almi	almı	1
konacakti	konacaktı	1
nâşınin	masının	1
Villasi’ndan	Villası’ndan	1
anlatildi	anlatıldı	1
alacaklilardan	alacaklılardan	1
kaçırlmasi	kaçırlması	1
sandiğa	sandığa	1
olanlarnn	olanların	1
ayrlişta	ayrlışta	1
yaşanmamişti	yaşanmamıştı	1
kaldirlmişti	kaldırlmıştı	1
Haç'ina	Hac'ına	1
taçındi	tacındı	1
SAlMA	SANA	1
işa	isa	1
dli	du	1
nolla	Molla	1
tasci	taşçı	1
siguirr	sığuırr	1
itinerurio	itinerurıo	1
Califfo	Çalıffo	1
çirilerek	çırılerek	1
onori	onorı	1
funobri	funobrı	1
tiori	tion	1
fornito	fornıto	1
Ilkinde	İlkinde	1
Agrnziu	Agrnzıu	1
dinnanzi	dinnanzı	1
sugni	sugnı	1
vocchiu	vocchıu	1
Irttiga	Irttıga	1
casi'nun	cası'nun	1
Gar	Çar	1
basıninda	basınında	1
staziona	stazıona	1
forreviuria	forreviurıa	1
soliturie	solıturıe	1
curiosità	curiosıtà	1
hazirlatpubblico	hazırlatpubblıco	1
uyuşmadiği	uyuşmadığı	1
Incisa	İncisa	1
Hizmetkärlarla	Hizmetkarlarla	1
Sakalh	Sakallı	1
varilacak	varılacak	1
Bazilarn	Bazıları	1
bulunacaklarni	bulunacaklarnı	1
konmasina	konmasına	1
Istasyonun	İstasyonun	1
karçisindaki	karçısındakı	1
taraflarindaki	taraflarındaki	1
haçlarin	haçların	1
çalişılmişti	çalışılmıştı	1
etmenigti	etmemişti	1
Pam	Pan	1
gui	gü	1
cüäz	cüz	1
gemzsuyis	gemzsuyıs	1
Müslimanlari'nun	Müslimanları'nun	1
Azitzni	Azıtznı	1
dönigebilir	donigebilir	1
zitsize	zıtsıze	1
hiätiz	hiatız	1
saygiyr	saygıyr	1
tarafimn	tarafının	1
tarzuns	tarzını	1
aynlmass	ayrılması	1
cevabn	cevabın	1
geçirmemisti	geçirmemişti	1
yapacagirs	yapacağırs	1
Roma'dali	Roma'dalı	1
büyükelçiligine	büyükelçiliğine	1
srasndaki	srasndakı	1
siras	sıras	1
berhangi	berhangı	1
cevabnin	cevabnın	1
ulaçtiğ	ulaçtığ	1
Talimatlarinizi	Talimatlarınızı	1
eruesi	ermesi	1
günu	günü	1
kunusundaki	künüsundakı	1
meraxim	meraxım	1
yapmayacağiz	yapmayacağız	1
davranilmasin	davranılmasın	1
Bakanl’nın	Bakanı’nın	1
kit'alariyla	kıt'alarıyla	1
varişinda	varışında	1
mangasinin	mangasının	1
bulunmasidir	bulunmasıdır	1
yorumlanacağini	yorumlanacağını	1
bilemedigim	bilemediğim	1
ekselanslarindan	ekselanslarından	1
Talimatlarimi	Talimatlarımı	1
muutin	muutın	1
iyumme	ıyumme	1
ğinda	ğında	1
Saygiya	Saygıya	1
Fransizlar’in	Fransızlar’ın	1
davranişina	davranışına	1
atlamişlardi	atlamışlardı	1
çıkartildiğini	çıkartıldığını	1
kirmişti	kırmıştı	1
ayrntilarnn	ayrntılarnn	1
Kayinpederinin	Kayınpederinin	1
hazurliklarm	hazırlıkları	1
çıkartilabilmesi	çıkartılabılmesi	1
Anlami	Anlamı	1
kalmayalim	kalmayalım	1
yazdiğimi	yazdığımı	1
kolayliğin	kolaylığın	1
tarafinizdan	tarafınızdan	1
yazmamin	yazmamın	1
Sehzadenin	Şehzadenin	1
asirlari	asırları	1
ayrildiğimi	ayrıldığını	1
sarsilmig	sarsılmış	1
isittikce	işittikçe	1
Selâmiyi37	Selamıyı37	1
çikmaga	çıkmağa	1
Mezari	Mezarı	1
oynatti	oynattı	1
açiğindayiz	açığındayız	1
tanimamiş	tanımamış	1
hükümdarlarimiz	hükümdarlarımız	1
yolcularindan	yolcularından	1
Hazirun	Hazırım	1
pasil	Paul	1
vardigum	vardıgum	1
yapmugsindir	yapmugsındır	1
yanaklarindun	yanaklarındun	1
tarufindan	tarufından	1
kitabm	kitabın	1
Hanedan'nin	Hanedanı'nın	1
Hlaziran'in	Hlazıran'ın	1
haftasida	haftasıda	1
Beyrut'tnydi	Beyrut'tnydı	1
Şahbaba'yi	Şahbaba'yı	1
dükkânci	dükkâncı	1
müldü	rildi	1
Bilahure	Bilahire	1
Cebrl	Cebri	1
sum	sun	1
bugochilint	buğochılınt	1
Sultan'*n	Sultan'ın	1
Mecud	Necid	1
halama	halini	1
Oturduklari	Oturdukları	1
gonra	sonra	1
olmadigimi	olmadığını	1
muçum	niçin	1
mihtar	mıhtar	1
Bedrirai	Bedriraı	1
intanyona	ıntanyona	1
Kalabalih	Kalabalıh	1
meranimi	meranımı	1
fradindan	fradından	1
Katilmamalarinin	Katılmamalarının	1
Hasilt	Hasılt	1
Mögyö	Mösyö	1
araginda	arasında	1
sitayigle	sıtayıgle	1
Oamanli	Oamanlı	1
topragin	toprağın	1
karars	kararı	1
kazilmast	kazılmast	1
vuzgecilerck	vüzgecilerck	1
kismundan	kısmından	1
altşmi	altını	1
yatagindan	yatağından	1
kararir	kararır	1
Şchir	Schir	1
saldirtyor	saldırtyor	1
kit'alarla	kıt'alarla	1
fazlalaştiriyorlar	fazlalaştırıyorlar	1
aliçik	alıcık	1
tamamlanincaya	tamamlanıncaya	1
casitayla	casıtayla	1
Tèmmuz	Temmuz	1
tanumuyor	tanımıyor	1
Dürrüşehvarin	Dürrüşehvarın	1
mezarin	mezarın	1
rûhuna	ruhun	1
Vefati	Vefatı	1
kabkaldi	kabkaldı	1
lâhid	lahıd	1
Lâhdin	Lahdın	1
tâlik	talik	1
fâtiha	fatiha	1
Velâdeti	Veladeti	1
kürsi	kursı	1
darliğ	darlığ	1
Misrr’da	Mısrr’da	1
inçaat	incaat	1
baçlayamadi	baclayamadı	1
Camiinin	Caminin	1
cenazelori	cenazelorı	1
Mezarliğin	Mezarlığın	1
Vakiflar	Vakıflar	1
mezarliğ	mezarlığ	1
bakimiyla	bakımıyla	1
Bakanliğn’ndan	Bakanlığn’ndan	1
türbedarlik	türbedarlık	1
Edebiyati’nin	Edebiyatı’nın	1
kivrak	kıvrak	1
Başliğ	Başlığ	1
Sadik’in	Sadık’ın	1
çikarttiğ	çıkarttığ	1
yaynlanmişti	yaynlanmıştı	1
çahsina	çalışma	1
âvizelerinin	avizelerinin	1
saçtiği	saçtığı	1
salonlarinin	salonlarının	1
ulaştirldi	ulaştırldı	1
Isteseydi	İsteseydi	1
Topkapl’nin	Topkapl’nın	1
cevâhirini	cevahirini	1
tamamlamamiştir	tamamlamamıştır	1
yorumlarina	yorumlarına	1
yazisiyladir	yazısıyladır	1
yayinlarken	yayınlarken	1
şahsimi	şahsımı	1
yaverânimizdan	yaveranımızdan	1
azîzim	azizim	1
hükümdarînin	hükümdarının	1
merhunun	merhumun	1
bermücib	bermucib	1
masuniyyetini	masunıyyetini	1
çıkartilmıştir	çıkartılmıştır	1
muteskib	müteskib	1
fiazmetie	fıazmetie	1
Korn	Kon	1
Paya	Payı	1
toghir	toghır	1
Toyfik	Toyfık	1
goni	son	1
goyledi	söyledi	1
Soylediklerini	Söylediklerini	1
kralincaya	kralıncaya	1
igittiniz	ığıttınız	1
gultan	sultan	1
Tegkilat	Teşkilat	1
tesiai	tesiaı	1
srnda	sında	1
makarn	makamı	1
narnya	manya	1
mulakat	mülakat	1
cii	cu	1
minda	mında	1
riti	inti	1
olurnam	olunan	1
Tovfik	Tovfık	1
hukumctinin	hükümctinin	1
biraktigt	bıraktıgt	1
makaadins	makaadıns	1
cumlemizin	cümlemizin	1
gahaimi	gahaımı	1
münakasa	münakaşa	1
sahsimiz	şahsımız	1
tefevvühâtini	tefevvühatını	1
ayrn	aynı	1
oluns	ölüm	1
yıkun	yıkım	1
yaziligı	yazılıgı	1
çıkartilmigtir	çıkartılmıgtır	1
bildiriainin	bildiriaının	1
hükumetten	hükümetten	1
ilgasini	ilgasını	1
iftirâk	iftirak	1
ihtirasi	ihtirası	1
muvazaasi	muvazaası	1
imkânni	imkanını	1
bunaldim	bunaldım	1
hutta	hıtta	1
çekl	çeki	1
hadisatin	hadisatın	1
hakayika	hakayıka	1
Tait	Tut	1
takaddum	takaddüm	1
Müslümamm	Müslümanın	1
sibi	şibi	1
Islämuiye	İslamuıye	1
Hâlikuma	Halikuma	1
rüfekanzi	rüfekanzı	1
makasidini	makasıdını	1
zelilâne	zelilane	1
olmalydik	olmalydık	1
taşidiklar	taşıdıklar	1
Haklydiniz	Haklydınız	1
ramiştam	ramıştam	1
bîçaresini	biçaresini	1
Hatalarni	Hatalarnı	1
Mutessis	Mütessis	1
muhlia	muhlıa	1
buttin	buttın	1
inammnk	ınammnk	1
Naksma	Makina	1
hunta	hınta	1
Bumunla	Bununla	1
iblàg	iblağ	1
anladun	anladım	1
Hlarbin	Hlarbın	1
buiunan	buıunan	1
Cengeikoyi'ne	Cengeikoyı'ne	1
Zivarotimo	Zıvarotımo	1
otmig	otmıg	1
voromodim	voromodım	1
diihn	dııhn	1
oiium	oııum	1
azikt	azıkt	1
dogildim	doğıldım	1
làzime	lazıme	1
yaruna	yanına	1
göndordik	göndordık	1
Havri	Havrı	1
Taziyodon	Tazıyodon	1
tosliyoden	toslıyoden	1
roami	roamı	1
bey'atit	bey'atıt	1
iiniyyesini	ıınıyyesini	1
müstngniy	muştngnıy	1
habori	haborı	1
tolakki	tolakkı	1
roamiyyo	roamıyyo	1
goçirdi	göçirdi	1
tuilah	tuılah	1
etmekligimize	etmekliğimize	1
istodi	istodı	1
mütaldalarim	mutaldalarım	1
boni	bon	1
irs	iri	1
oluraam	olunan	1
ilwudet	ılwudet	1
abdontli	abdontlı	1
istiharoyo	iştiharoyo	1
iatigna	ıatıgna	1
gahgion	gahgıon	1
düsunmis	düşünmis	1
rmm	rın	1
UNIA	UNA	1
IAgRa	Uğra	1
muniu	münü	1
FiLn	Film	1
garini	çarın	1
mienai	mermi	1
nenarn	menin	1
urz	ırz	1
Igih	Iğıh	1
mireaici	mireaıcı	1
puitnir	puıtnır	1
iijer	ııjer	1
nnit	nnıt	1
iarunte	ıarunte	1
aomunie	aomunıe	1
Tinuninee	Tinunınee	1
miuonvczin	miuonvczın	1
kanine	kimine	1
arse	ame	1
ain	an	1
benun	benim	1
moma	mon	1
egie	eğie	1
nionkiart	nionkıart	1
Ierakic	İerakıc	1
arzaraie	arzaraıe	1
iimigaatgie	ıımıgaatgıe	1
ainalinizrz	aınalınızrz	1
tinoyric	tinoyrıc	1
derm	den	1
amitl	anıtı	1
zst	zıt	1
olacagmm	olacağının	1
ule	ile	1
ahkàm	ahkam	1
Girdlkiari	Girdlkiarı	1
silleasic	silleasıc	1
civire	cıvıre	1
möserib	moşerib	1
meçrutiyete	mecrutıyete	1
sadikum*	sadıkum*	1
muteheyyic	müteheyyiç	1
hiläfct	hilafct	1
mubtelif	mübtelif	1
şehzadeligimden	şehzadeliğimden	1
çarkiyye	çarkıyye	1
Ialàmiye	Ialàmıye	1
mutebahhirioden	mütebahhirioden	1
marâlisai	maralısaı	1
başkumandanlign	başkumandanlıgn	1
icrây	icray	1
sultandi	sultandı	1
Risâletpen	Risaletpen	1
hilâfetleri	hilafetleri	1
neçrine	necrine	1
Abbasîlerin	Abbasilerin	1
fâhire	fahire	1
Osmânî	Osman	1
hakaninı	hakanını	1
peygamberân	peygamberin	1
Kaziyye	Kazıyye	1
itlak	ıtlak	1
olunamazdi	olunamazdı	1
Râşidîn	Raşidîn	1
sultaniydi	sultanıydı	1
hanedanima	hanedanına	1
kalmiştır	kalmıştır	1
tandiklari	tanıdıkları	1
nasbini	nasbını	1
tanimakta	tanımakta	1
bâtildir	batıldır	1
hakanini	hakanını	1
olmadilar	olmadılar	1
tanatim	tanıtım	1
kaziyye	kazıyye	1
tanimayanlar	tanımayanlar	1
tanımamıştim	tanımamıştım	1
naka	maka	1
sâz	siz	1
muktezâ	muktezi	1
hatîanin	hatıanın	1
muallâktaydi	muallaktaydı	1
olamadilar	olamadılar	1
muhasib	muhasıb	1
müntakim	muntakım	1
arkadaçliğini	arkadaçlığını	1
âliyeyi	aliyeyi	1
mikdars	mikdarı	1
onla	ona	1
Mesäib	Mesaib	1
itilâfiyyenin	itilafiyyenin	1
ihtilafatina	ihtilafatına	1
çikartilmigter	çıkartılmıgter	1
cumleler	cümleler	1
çikartilmstir	çıkartılmstır	1
Mağlûbiyetden	Mağlubiyetden	1
muntazirdim	muntazırdım	1
hanelarmizdan	hanelarmızdan	1
kemâline	kemaline	1
kilmay	kurmay	1
mütefekkirîni	mütefekkirini	1
namazinin	namazının	1
namazim	namazım	1
Sapka	Şapka	1
vicdaniy	vicdanıy	1
olmasimı	olmasını	1
olmadignj	olmadıgnj	1
dergähinn	dergahınn	1
Vicdanima	Vicdanıma	1
Fetvayi	Fetvayı	1
farikaydi	farikaydı	1
bazisinm	bazısınm	1
hezeyandir	hezeyandır	1
Hatirattan	Hatırattan	1
gein	geri	1
différentes	differentes	1
adniple	adnıple	1
privée	privee	1
gratitude	gratıtude	1
oonaervarai	oonaervaraı	1
impérissable	ımperissable	1
jusqu'ioi	jusqu'ıoı	1
conprimés	conprımés	1
meurtri	meurtrı	1
oonfidonoes	oonfıdonoes	1
volontairement	volontaırement	1
imposé	impose	1
impérieux	ımperieux	1
forçait	forçaıt	1
Ottomana	Ottoman	1
confier	confıer	1
déoide	deoıde	1
reproduire	reproduıre	1
ioi	ıoı	1
revenait	revenaıt	1
aocomplir	aocomplır	1
pèlerinage	pelerinage	1
mourtri	mourtrı	1
souaiaur	souaıaur	1
Işitim	İşitim	1
alniz	alnız	1
Yikadilar	Yıkadılar	1
Adamcağizin	Adamcağızın	1
Adamcağiz	Adamcağız	1
baktikça	baktıkça	1
danin	dinin	1
istasyondaydi	istasyondaydı	1
dergâhlarnin	dergahlarnın	1
ilâhiler	ilahiler	1
ilerliyorlardi	ilerliyorlardı	1
sirtlarnna	sırtlarına	1
dağilmasiyla	dağılmasıyla	1
kalmıti	kalmıtı	1
çıkarttiklari	çıkarttıkları	1
başindaydilar	başındaydılar	1
karşılanmişlardi	karşılanmışlardı	1
uğraşmişlardi	uğraşmışlardı	1
şanssizliklar	şanssızlıklar	1
vardiğimizda	vardığımızda	1
çıktiğimizda	çıktığımızda	1
TUTTUGU	TUTTUĞU	1
yakişikliliğini	yakışıklılığını	1
kralliğl	krallığl	1
kisimlarin	kısımların	1
Tarafima	Tarafına	1
kalmay1	kalmayı	1
duygularni	duygularnı	1
sirlarni	sırlarnı	1
hükümdarinın	hükümdarının	1
sicaklari	uçakları	1
kaygih	kaygılı	1
duygularn	duyguları	1
yipratmişti	yıpratmıştı	1
Yaşınin	Yaşının	1
hatiralarinin	hatıralarının	1
Susmanin	Susmanın	1
Hanedanina	Hanedanına	1
hanedam	hanedan	1
kollarimi	kollarını	1
varlğinzdan	varlğınzdan	1
firlatilp	firlatılp	1
koşabilmem	koşabılmem	1
anlamasini	anlamasını	1
konuşacağim	konuşacağım	1
dindarm	dından	1
tamamladiğima	tamamladığıma	1
aşıilmasi	asiilması	1
yaratilmadim	yaratılmadım	1
memleketimi	memleketini	1
fedakârliğimin	fedakârlığımın	1
batip	batıp	1
çukmıtim	çükmıtım	1
Düşmanliğa	Düşmanlığa	1
duyacağim	duyacağım	1
aldirarak	aldırarak	1
bulunacağima	bulunacağını	1
zorundaym	zorundayım	1
yaşliliğin	yaşlılığın	1
acimadiklar	acımadıklar	1
imparadiğini	imparadığını	1
hanedanni	hanedanın	1
bakş	bakı	1
kizaryor	kızaryor	1
atilmasina	atılmasına	1
Alişılmiş	Alışılmış	1
tarihimi	tarihini	1
başsağliğ	bassağlığ	1
konuşmamizin	konuşmamızın	1
şahânelerini	şahanelerini	1
mes’uliyetleri	mes’ulıyetleri	1
istifasinı	istifasını	1
iktidardaydilar	iktidardaydılar	1
hâkimdiler	hakimdiler	1
başladiklar	başladıklar	1
düşmanliğa	düşmanlığa	1
taşımiyorum	taşımıyorum	1
çikartmaktan	çıkartmaktan	1
Hükümdarliğim	Hükümdarlığım	1
Esasiî'yi	Esasıî'yı	1
Mağlûbiyet!	Mağlubiyet!	1
çıkişimdan	çıkışından	1
omuzlarimda	omuzlarında	1
sonraydi	sonraydı	1
Mağlûbiyet	Mağlubiyet	1
sirtlanmak	sırtlanmak	1
kaçtiklar	kaçtıklar	1
kurumadiğ	kurumadığ	1
yiktiğina	yıktığına	1
mantiğim	mantığım	1
bağrndan	başından	1
lişi	lisi	1
zevâli	zevali	1
nazirlarn	nazırları	1
kaybolmasindan	kaybolmasından	1
kaçmalarindan	kaçmalarından	1
aykirydi	aykırydı	1
talebimi	talebini	1
bakamazdim	bakamazdım	1
çikartmasini	çıkartmasını	1
çıktiğimda	çıktığında	1
alâkami	alakam	1
zekâsini	zekasını	1
Hanedani’n	Hanedanı’n	1
bağhhğini	bağhhğını	1
yapıyorlardi	yapıyorlardı	1
rizami	nizami	1
Sikyönetim	Sıkyönetim	1
hizlandrlmasi	hızlandrlması	1
hazirlatti	hazırlattı	1
çıkartilmasinin	çıkartılmasının	1
takinan	takınan	1
itimadima	itimadıma	1
açliğiyla	açlığıyla	1
saldirldiğim	saldırldığım	1
mes’uliyetim	mes’ulıyetim	1
kilarak	kılarak	1
inandirdi	inandırdı	1
cezalandirmanin	cezalandırmanın	1
koşulmadiğini	koşulmadığını	1
davranldiğin	davranldığın	1
tanidiğmi	tanıdığım	1
Baltalimanina	Baltalimanına	1
kizkardeşimi	kızkardeşimi	1
Türkler'im	Türkler'in	1
kolaylaştirdilar	kolaylaştırdılar	1
Saltanata	Saltanatı	1
sarlmiş	şarlmış	1
teşkilâtlar	teşkilatlar	1
şahsimdan	şahsımdan	1
cezalandirmay	cezalandırmay	1
Şûrasi’nda	Şurası’nda	1
imzalamamiz	imzalamamız	1
yaşanmamasi	yaşanmaması	1
Yunanlilar'in	Yunanlılar'ın	1
andlaşmaydi	andlaşmaydı	1
Andlaşmasi'n	Andlaşması'n	1
bakuyordu	bakıyordu	1
yanildilar	yanıldılar	1
kurnazliğinin	kurnazlığının	1
taksiratini	taksiratını	1
aldig1	aldığı	1
çıkarttiğn	çıkarttığn	1
başkanliğıntuldular	başkanlığıntuldular	1
birakildilar	bırakıldılar	1
vasitalarndan	vasıtalarndan	1
yalanlardi	yalanlardı	1
inançlarni	inançlarnı	1
yaraladilar	yaraladılar	1
imkansiz	imkansız	1
mülahazalarnin	mülahazalarnın	1
çikarlarindan	çıkarlarından	1
kararh	kararlı	1
Sadrazam'in	Sadrazam'ın	1
davranilacağıni	davranılacağını	1
yapilamamişti	yapılamamıştı	1
altiposta	altıposta	1
arttiryordu	arttıryordu	1
tartima	tartıma	1
paylaşacakti	paylaşacaktı	1
ihtirasini	ihtirasını	1
brakillyordu	brakıllyordu	1
unanime	unanıme	1
birakmadaydi	bırakmadaydı	1
akitti	akıttı	1
Firsatini	Fırsatını	1
adamima	adamın	1
fedakârliklar	fedakarlıklar	1
alinamadiğr	alınamadığr	1
alndiğr	alndığr	1
hizmetkârlarmdan	hizmetkarlarmdan	1
halkimin	halkının	1
çalndiğı	çalndığı	1
aldatildim	aldatıldım	1
Isteyerek	İsteyerek	1
oynadiğ	oynadığ	1
birakt	bırakt	1
ordularnın	orduların	1
mağlûbiyetinden	mağlubiyetinden	1
Lioyd	Lıoyd	1
entrikalarinın	entrikalarının	1
Avrupalilarla	Avrupalılarla	1
alâmetiydi	alametiydi	1
Insanlarn	İnsanları	1
alnimiza	alnımıza	1
oyunculariz	oyuncularız	1
başarsiz	başarsız	1
başkumandanliğr	başkumandanlığr	1
payitahtimi	payitahtımı	1
çıkilacaktr	çıkılacaktr	1
açılacaktik	açılacaktık	1
çıkacaktik	çıkacaktık	1
uzaklaştirlmasini	uzaklaştırlmasını	1
paşalarn	paşaları	1
aldanmiıştim	aldanmııştım	1
davranşım	davranışın	1
arzuladiğim	arzuladığım	1
ayrlişımla	ayrlışımla	1
Islamiyet'e	İslamiyet'e	1
atalarmin	atalarmın	1
maraşali	maraşalı	1
ağirlandim	ağırlandım	1
propagandasin	propagandasın	1
yazişmalardan	yazışmalardan	1
seyhler	şeyhler	1
namazimı	namazını	1
kıldiktan	kıldıktan	1
uzatilmasi	uzatılması	1
sicağa	sıcağa	1
ulaştiğimda	ulaştığında	1
çalşmiş	çalşmış	1
âlimleriyle	alimleriyle	1
toplamiştir	toplamıştır	1
ayricaliklara	ayrıcalıklara	1
adinaydi	adınaydı	1
iktidarm	iktidarı	1
koparildiğ	koparıldığ	1
donatilmişti	donatılmıştı	1
aleyhisselâmlar	aleyhisselamlar	1
sultaniydilar	sultanıydılar	1
banci	bancı	1
premiére	premiere	1
ausai	ausaı	1
présiami	presiamı	1
conpris	conprıs	1
comédie	comedie	1
jouait	jouaıt	1
disqualifier	dışqualıfıer	1
voulait	voulaıt	1
dépouiller	depouıller	1
allait	allaıt	1
étions	etions	1
paraissaient	paraıssaıent	1
Férid	Ferid	1
inviter	ınvıter	1
Supérieur	Superieur	1
Alliés	Allies	1
président	president	1
Délégation	Delegatıon	1
communigations	communıgatıons	1
faisaient	faisaıent	1
vukûa	vuku	1
nikabi	Rikabi	1
kismimn	kısmının	1
varliğn	varlığın	1
Bidâyet	Bidayet	1
iştiâlinde	iştialınde	1
iştirâkine	iştirakine	1
vesâitle	vesaitle	1
mazarrâtini	mazarratını	1
avâkib	avakıb	1
vahîmesi	vahimesi	1
başladiğ	başladığ	1
müessîfi	müessifi	1
Osmanînin	Osmaninin	1
akd’in	akd’ın	1
umûmiyesi	umumiyesi	1
hükümdârîyi	hükümdarıyı	1
müşkilâtin	müşkilatın	1
hâilin	hailin	1
temâdîsi	temadisi	1
meçrutiyeti	mecrutıyeti	1
idâremize	idaremize	1
pâyitahttan	payitahttan	1
fecâyi	fecayi	1
iâdesinden	iadesinden	1
menâfl	menafi	1
nişânidir	insandır	1
mesâimin	mesaimin	1
hâil	hail	1
müsâideye	müsaideye	1
tahripkârânesiyle	tahripkarânesiyle	1
mütârekenâmesini	mütarekenamesini	1
mütârekenin	mütarekenin	1
riyâsetinde	riyasetinde	1
ithâma	itham	1
Hükümdârî	Hükümdarı	1
Âsâyiş	Asayiş	1
Itilâfiye’ye	İtilafiye’ye	1
mahsusasiyla	mahsusasıyla	1
ilcâsiyle	ilcasıyle	1
askerîyesi	askeriyesi	1
millîyenin	milliyenin	1
mes’uliyetten	mes’ulıyetten	1
mâruzâtim	maruzatım	1
mevcûdesinin	mevcudesinin	1
siyâsîyeyi	siyasiyeyi	1
dâhilde	dahilde	1
hâriçte	hariçte	1
siyâsiyeye	siyasiyeye	1
ittifâkina	ittifakına	1
vakianin	vakıanın	1
müşarülileyhâ	musarülileyhâ	1
tebdîli	tebdili	1
müşarünileyhanin	müşarünileyhanın	1
kat'înin	kat'înın	1
hakkmizdaki	hakkmızdakı	1
zevâline	zevaline	1
Millîye’ye	Milliye’ye	1
metbûasina	metbuasına	1
mezâlimiyle	mezalimiyle	1
târî	tam	1
Mebûsan’n	Mebusan’ın	1
tasdîkime	tasdikine	1
hükümetce	hükümetçe	1
şedîdine	şedidine	1
mütedâir	mütedair	1
tahdîdâti	tahdidatı	1
ihtivâ	ihtiva	1
muâhedenin	muahedenin	1
tarîkinde	tarikinde	1
eyledigim	eylediğim	1
Hükümdârinin	Hükümdarının	1
nâzim	Nazım	1
makamim	makamın	1
metbûasini	metbuasını	1
mümaşâtimda	mümaşatımda	1
zarüriye	zaruriye	1
siyâsiye	siyasiye	1
tebeddülâtinda	tebeddülatında	1
tezâhürâti	tezahüratı	1
sûiniyetleri	suiniyetleri	1
tutmaklğimda	tutmaklğımda	1
mâlûmu	malum	1
hiyânet	hıyanet	1
simmâ	sinin	1
hesâbini	hesabını	1
hayatimı	hayatımı	1
mimmâ	Minna	1
Hilâfet'in	Hilafet'in	1
tefrîki	tefriki	1
Pâyitaht'in	Payitaht'ın	1
teslîmi	teslimi	1
ibrâzi	ibrazı	1
istinâdgâhdan	istinadgahdan	1
tebâiyet	tebaiyet	1
Makami’ni	Makamı’nı	1
düçmeyi	ducmeyi	1
aldirdim	aldırdım	1
mufârakatim	mufarakatım	1
efâlinin	efalinin	1
efâlimin	efalimin	1
selîmin	selimin	1
sünenil	şünenil	1
murselin	mürselin	1
ittibâ	ittiba	1
muarizlarimla	muarızlarımla	1
âhireyi	ahireyi	1
inzimâmiyle	inzimamıyle	1
ihtiyatl	ihtiyatı	1
Hilâfet'i	Hilafet'i	1
ifratlarin	ifratların	1
tattiktan	tattıktan	1
muarzlarimin	muarzlarımın	1
muarzlarmin	muarzlarmın	1
Islâmiye'sini	İslamiye'sini	1
tagyîrine	tağyirine	1
zannima	zannıma	1
sâireden	süreden	1
vatanma	vatanın	1
çurasini	curasını	1
uzmâdir	uzmadır	1
civâr	civar	1
teklîfine	teklifine	1
erkânnin	erkanının	1
ahâliy	ahaliy	1
necîbesi	necibesi	1
mihman	mıhman	1
âiley	ailey	1
teâliy	tealiy	1
necîbesinin	necibesinin	1
târihe	tarihe	1
mâzîleriyle	mazileriyle	1
menit	ment	1
müfarekatimden	müfarekatımden	1
beyanimdir	beyanımdır	1
Ibnülemin’in	İbnülemin’in	1
faslin	faslın	1
fotoğraflarin	fotoğrafların	1
arkasindadir	arkasındadır	1
hâfiz	Hafız	1
hâinîn	hanım	1
hilâfetpenâhîleri	hilafetpenahileri	1
hâsidîn	hasıdîn	1
âfiye	afiye	1
Vicdân	Vicdanı	1
mubarek	mübarek	1
hilâfetpenâhîlerince	hilafetpenahilerince	1
âzamîlerini	azamilerini	1
nâçizânemle	naçizanemle	1
dekaayik	dekaayık	1
bâirâde	baırâde	1
hükümdarileri	hükümdarıleri	1
hâzirasi	hazırası	1
muktezâsi	muktezası	1
vâbestedir	vabestedir	1
âbidânemde	abidânemde	1
hilafetpenâhîlerine	hilafetpenahilerine	1
velînimete	velinimete	1
mâhdir	malıdır	1
fersâ	fena	1
âkibetim	akıbetim	1
tafsilâttan	tafsilattan	1
alişdiğim	alışdığım	1
nâiliyetim	nailiyetim	1
müz'ic	muz'ıc	1
havâtirât	havatırât	1
giriftâr	giriftar	1
azîmelerine	azimelerine	1
hergûnâ	hergün	1
kân	kim	1
merhametlû	merhametli	1
hilafetpenâhîleri	hilafetpenahileri	1
ârâm	İran	1
hilafinda	hilafında	1
vasapoi	vaşapoı	1
kilinıp	kılınıp	1
kapaninca	kapanınca	1
dilâverlerinden	dilaverlerinden	1
padişahlarnna	padişahların	1
hanedân	hanedanı	1
Hânedân	Hanedanı	1
summe	Sünne	1
Sânînin	Sanırım	1
samîmi	samimi	1
icmâl	icmal	1
formalarimizi	formalarımızı	1
lâbisen	labisen	1
kebîrinde	kebirinde	1
zehâbimizda	zehabımızda	1
siyânetlerinde	sıyanetlerinde	1
Kâmil'e	Kamil'e	1
iştiyâkla	iştiyakla	1
selâmlarmi	selamlarmı	1
Nisârşevk'e	Nisarşevk'e	1
hevâsindan	hevasından	1
çıkarlmiştir	çıkarlmıştır	1
olmahdır	olmalıdır	1
yoldadir	yoldadır	1
silinmi	şiirini	1
yazilmı	yazılmı	1
kâğdi	kağdı	1
perişanim	perişanım	1
tahrîrinin	tahririnin	1
ikametgâhimiz	ikametgahımız	1
mahzuziyetimiz	mahzuzıyetimiz	1
hazirasi	hazırası	1
izdırabim	izdirabım	1
âlâmidr	alamıdr	1
mensubînini	mensubinini	1
seriyyen	şeriyyen	1
hâzirin	hazırın	1
olamayacağin	olamayacağın	1
münasibini	münâsibini	1
oldukca	oldukça	1
Fedakârliğına	Fedakârlığına	1
olamadiğr	olamadığr	1
mensubâtimn	mensubâtımn	1
fedakârliğini	fedakârlığını	1
esâmisini	esamisini	1
defadaki	defadakı	1
Hissiyâtima	Hissiyatıma	1
dimağimın	dimağımın	1
Kânunsami	Kânunsamı	1
mütehassir	mütehassır	1
tilar	tılar	1
cenâbi	cenabı	1
şahislarna	şahıslarna	1
çalşacağima	çalşacağıma	1
dolaysiyle	dolaysıyle	1
Şahislarndan	Şahıslarndan	1
Islamiye'de	İslamiye'de	1
şiken	sıken	1
kat'iyede	kat'ıyede	1
istinadgâhdır	istinadgahdır	1
ihdâsina	ihdasına	1
yapacağni	yapacağım	1
yangndan	yangından	1
çıktikça	çıktıkça	1
mütehassiri	mütehassırı	1
cevabiniza	cevabınıza	1
sabra	Sabri	1
Hamdolsum	Hamdolsun	1
sokizinde	şokızınde	1
müşkilâta	müşkilata	1
ilâveten	ilaveten	1
yemem	Yemen	1
sicağinda	sıcağında	1
huşunet	husumet	1
koparmıştin	koparmıştın	1
Sabiha’mi	Sabiha’mı	1
hayrhahliğinı	hayrhahlığını	1
fedâkârliğini	fedakârlığını	1
lâkiyye	lakiyye	1
kelâmiyyesinden	kelamıyyesinden	1
muhtasardir	muhtasardır	1
mezâhim	mezahim	1
dimağima	dimağıma	1
ârâmgâhimda	aramgâhımda	1
kalmayacağim	kalmayacağım	1
âlâma	alan	1
olamayacağindan	olamayacağından	1
Bedhahlarimizin	Bedhahlarımızın	1
işâalarna	işaalarna	1
muhtacim	muhtacım	1
Mufarakatim	Mufarakatım	1
mâaile	maaile	1
mücâvereti	mücavereti	1
müçarünileyhe	mücarünileyhe	1
uğramaisar	uğramaısar	1
Vakta	Vakti	1
umera	ümera	1
teçvikat	tecvikat	1
vatancudâliğin	vatancudâlığın	1
galeyani	galeyanı	1
hevasindan	hevasından	1
kalindiğ	kalındığ	1
orasimin	orasımın	1
uzattikça	uzattıkça	1
Misr'da	Mısr'da	1
ictihadima	içtihadıma	1
teşebbüsatinda	teşebbüsatında	1
Islamiye'nin	İslamiye'nin	1
sihhate	sıhhate	1
hevasiyle	hevasıyle	1
vücudlarmizi	vücudlarmızı	1
lehimde	lehinde	1
Akibet	Akıbet	1
ahirine	ahırıne	1
bedhâhlarimizin	bedhahlarımızın	1
Ibtida	İbtida	1
muvasalatimda	muvasalatımda	1
izâz	ızaz	1
hilafi	hilafı	1
teshilâta	teshilata	1
mülhakatindan	mülhakatından	1
İItalya	Iıtalya	1
zannndaym	zannındayım	1
icmâli	icmali	1
hamâkatime	hamakatıme	1
halşinas	halsınas	1
evlâdina	evladına	1
Sabiha'ciğim	Sabiha'cığım	1
olduma	oldum	1
güna	gün	1
sizlayiş	sizlayış	1
bağşlasin	bağşlasın	1
yanaklarni	yanaklarnı	1
çeşmle	çeşme	1
açdim	açdım	1
sihhiyenden	sıhhiyenden	1
ikametgâhum	ikametgahum	1
muvasalatimin	muvasalatımın	1
bulunmadiğni	bulunmadığnı	1
karşiliklarna	karşılıklarna	1
karşiliklarni	karşılıklarnı	1
birguna	birgün	1
intizardayim!	intizardayım!	1
karşıliklarna	karşılıklarna	1
hususati	hususatı	1
kat'1	kat'i	1
devamnin	devrinin	1
şecer	seçer	1
bii	bu	1
yazamadiğimin	yazamadığımın	1
Hülâsasi	Hülasası	1
mürâselenin	müraselenin	1
azabina	azabına	1
ihtiyâcâtini	ihtiyacatını	1
ahvâlimde	ahvalimde	1
telâkkiye	telakkiye	1
karşınizda	karşınızda	1
yazmişsin!	yazmışsın!	1
lâkayid	lâkayıd	1
kâğdin	kağdın	1
sûizanna	suizanna	1
postacilhk	postacılhk	1
alişkundur	alışkundur	1
verdigimden	verdiğinden	1
vatancudâlik	vatancudâlık	1
sabrsizlanip	sabrsızlanıp	1
tàrihli	tarihli	1
Binan	Binin	1
hissiyâtimi	hissiyatımı	1
rahîmin	rahimin	1
idrâkimizi	idrakimizi	1
iblâğryla	iblağryla	1
Vaz’i	Vaz’ı	1
muvakatini	muvakatını	1
munrini	münrini	1
kaynvalidene	kaynvalıdene	1
aldıracağindan	aldıracağından	1
yazacağm	yazacağım	1
perîânîsi	periânîsi	1
bağirsinlar	bağırsınlar	1
çağirsinlar	çağırsınlar	1
sifatlarr	sıfatlarr	1
icabidr	icabıdr	1
ârîdir	aridir	1
emnü	emin	1
menâzirina	menazırına	1
âfiyetini	afiyetini	1
satrlik	satrlık	1
Kânunsani'de	Kanunsani'de	1
muvasalatimizin	muvasalatımızın	1
mütalaasiyla	mütalaasıyla	1
Beytullah'in	Beytullah'ın	1
mübârekenin	mübarekenin	1
hakkmda	hakkında	1
rizasl	rızası	1
hanedamn	hanedanın	1
sinn	sinin	1
kayinpeder	kayınpeder	1
beyanatin	beyanatın	1
ulyâlarina	ulyalarına	1
mevâid	mevaid	1
fehvasinca	fehvasınca	1
hazînimi	hazinimi	1
isnâdât	isnadat	1
hâliyeye	haliyeye	1
hâdimi	hadimi	1
şeyhûhetimde	şeyhühetimde	1
necîbimiz	necibimiz	1
maruzatimi	maruzatımı	1
mesrûrâtimi	mesrurâtımı	1
istirhamatimi	istirhamatımı	1
müfarekatimizden	müfarekatımızden	1
iblâğ	iblağ	1
çikartacaklarnni	çıkartacaklarnnı	1
bilâmum	bilimin	1
eşyasindan	eşyasından	1
muntaziran	muntazıran	1
sûzişle	suzışle	1
çeşmân	Cenani	1
giryanim	giryanım	1
ŞEYHI	ŞEYHİ	1
toplanacağinin	toplanacağının	1
açiklanmasindan	açıklanmasından	1
fâzilânelerinde	fazılanelerinde	1
mufarekatim	müfarekatım	1
nazarmizin	nazarmızın	1
Hanedân	Hanedanı	1
teşvika	teşviki	1
teştîti	testiti	1
vebâli	vebali	1
tahzir	tahzır	1
ittihazna	ittihazına	1
Islâmiyye'nin	İslamiyye'nin	1
mesâib	mesaib	1
sâile	saile	1
yaveranmizdan	yaveranmızdan	1
ekaliyyet	ekalıyyet	1
azîzimizde	azizimizde	1
Müslimîn'e	Müslimin'e	1
diyâr	diyar	1
Misriyye'nin	Mısriyye'nin	1
aguş	Ağus	1
madur	midir	1
ricâlinin	ricalinin	1
bâride	baride	1
iktifâ	iktifa	1
nime	rine	1
nasîr	Nasır	1
ŞERIFI	ŞERİFİ	1
HIS	HİS	1
mnifeated	mnıfeated	1
HUSSEN	HUSSEİN	1
HUSSEIN	HUSSEİN	1
Cenâbu	Cenabı	1
vücûdun	vücudum	1
ilâhîlerine	ilahilerine	1
biladi	biladı	1
Hüseyn	Hüseyin	1
illâllah	illallah	1
siyânetine	sıyanetine	1
teâla	teali	1
ubûdiyeti	ubudiyeti	1
itâati	itaati	1
kildiğmi	kıldığmı	1
Bihamdilillah	Bihamdılıllah	1
efkarimi	efkarımı	1
kaanidir	kaanıdır	1
bâziçe	baziçe	1
tezviratina	tezviratına	1
necîbimize	necibimize	1
çaliştiğimi	çalıştığını	1
Âsafin	Asafın	1
hânedanimizin	hanedanımızın	1
istimdâdina	istimdadına	1
hükümdârîlerinin	hükümdarılerinin	1
hükümdârîlerine	hükümdarılerine	1
saikasiyla	saikasıyla	1
bulmamiş	bulmamış	1
çân	can	1
farzimuhal	farzımuhal	1
muhasimlarimizin	muhasımlarımızın	1
âlîlerinde	alilerinde	1
ittila	ıttıla	1
şahâneleri	sahneleri	1
râh	rih	1
zâyi	zayi	1
muamelâtinda	muamelatında	1
hânedanimizi	hanedanımızı	1
hanedaniniza	hanedanınıza	1
haksizlklar	haksızlklar	1
mes'uliyetten	mes'ulıyetten	1
teâli	teali	1
mübâhîyim	mübâhiyim	1
Osman'in	Osman'ın	1
idamimi	idamımı	1
elîmesini	elimesini	1
mehâm	nehri	1
sidk	şidk	1
çahânenize	cahânenize	1
hiyanetkâr	hıyanetkâr	1
hâtime	hatime	1
uddu	iddi	1
celîline	celiline	1
ittibâen	ittibaen	1
izâminizdan	izamınızdan	1
ibadullahi	ibadullahı	1
INTIBA	İNTİBA	1
Vefatindan	Vefatından	1
hatiralarmi	hatıralarmı	1
Babami	Babamı	1
Babasini	Babasını	1
daye	diye	1
biyakli	bıyıklı	1
mahlû	rihli	1
tan'in	tan'ın	1
faydalandiğin	faydalandığın	1
hakanî	hakan	1
Kşın	Kün	1
kapilarn	kapıları	1
çalmanilecek	çalmanılecek	1
Sarayimiza	Sarayımıza	1
kiyasa	kıyısı	1
Nevâ	Nevi	1
çerîfinde	çerifinde	1
Tedrisatin	Tedrisatın	1
Kerîm'i	Kerim'i	1
Farisî	Farisi	1
dîniyeyi	diniyeyi	1
çalişmi	çalışmı	1
konuşamazdi	konuşamazdı	1
Ecdadindan	Ecdadından	1
yazdiğından	yazdığından	1
vakifti	vakıftı	1
gençligine	gençliğine	1
olmadiğndan	olmadığından	1
kalfanin	kalfanın	1
hazirlatmiş	hazırlatmış	1
tertibatini	tertibatını	1
yapdirmişti	yapdırmıştı	1
Ikmaline	İkmaline	1
olmadıklari	olmadıkları	1
âlâyişten	alayışten	1
paltolarnni	paltolarnnı	1
yaptirrdi	yaptırrdı	1
yaptirr	yaptırr	1
çıkildiğ	çıkıldığ	1
kalhrdi	kalhrdı	1
Sarayl'nda	Sarayı'nda	1
Amcasinin	Amcasının	1
salginindan	salgınından	1
Kadin’in	Kadın’ın	1
Râhudil	Rahudıl	1
Kalfa'nin	Kalfa'nın	1
entrikalarnin	entrikalarnın	1
lâyiksiz	layıksız	1
isnâdatda	isnadatda	1
varmşlardi	varmşlardı	1
istikhatimden	istikhatımden	1
Hükümdarliğinda	Hükümdarlığında	1
Düşmanlarn	Düşmanları	1
olmayacağina	olmayacağına	1
buldun	buldum	1
ağrlaştiğim	agrlaştığım	1
Başuma	Başına	1
hâlile	halile	1
kaldırlacakti	kaldırlacaktı	1
eşyalarinizi	eşyalarınızı	1
Saray'na	Saray'ın	1
gözyaşlarmizi	gözyaşlarmızı	1
kâtibenin	katibenin	1
hatirlamşimdir	hatırlamşımdır	1
duyardi	duyardı	1
paralarim	paraların	1
masraflarnna	masraflarını	1
yağindan	yaşından	1
Hizmetkârlarnna	Hizmetkarlarnna	1
boşaltilmi	boşaltılmı	1
rahatsizlanmişta	rahatsızlanmışta	1
kizcağizi	kızcağızı	1
Kuşadasi	Kuşadası	1
Kuşadasi’nda	Kuşadası’nda	1
Abdulmun’im	Abdülmun’ım	1
Abdulmun'im	Abdülmun'ım	1
Nesligah	Neslişah	1
kizlarıyla	kızlarıyla	1
Fazile’nin	Fazıle’nin	1
Raad	Mad	1
nişanlilik	nişanlılık	1
Balikçısi	Balıkçısı	1
Kabaağaçl’nin	Kabaağaçl’nın	1
Abdülillâh	Abdülillah	1
çağran	çağının	1
Numero	Nümero	1
Dicavinctto	Dicavınctto	1
disn	dün	1
rlln	rın	1
Comune	Comme	1
nnitiyy	nnıtıyy	1
toinrIn	toınrın	1
quali	qualı	1
ininuli	ininulı	1
iniCoii	inicoıı	1
mord	nord	1
sidddiziHan	şidddizihan	1
onicilinta	onıcılınta	1
atir	atır	1
nta	inti	1
Iniorvenu	İniorvenu	1
karle	kaime	1
sirlarla	sırlarla	1
Altinc	Altınc	1
Taraflavrai	Taraflavraı	1
ZIA	ZU	1
daa	du	1
pena	peri	1
I9ss	Isis	1
doane	döne	1
sézie	sezie	1
Pelitirer	Pelıtırer	1
Stérisure	Sterisure	1
quatridag	quatrıdag	1
saiaita	saiaıta	1
uom	ion	1
Ziya'nin	Ziya'nın	1
yaynladiklar	yaynladıklar	1
biraktiğimiz	bıraktığımız	1
akill	akıll	1
alnirsa	alınma	1
kübrayi	kübrayı	1
Islâmiyye’yi	İslamiyye’yi	1
kadîmesi	kadimesi	1
tartişmadiğini	tartışmadığını	1
ayrntil	ayrntıl	1
Mayas'inda	Mayıs'ında	1
itimadin	itimadın	1
Yaşim	Yasin	1
lâyikiyle	layıkıyle	1
Şaşmiş	Şaşmış	1
haykirşlarina	haykırşlarına	1
çerî	cemi	1
hanedanimiza	hanedanımıza	1
aptali	aptalı	1
mübâlâğasizi	mübalağasızı	1
besledigi	beslediği	1
şartlarnni	şartlarını	1
başkumandanliğn	başkumandanlığn	1
çalşmişt	çalşmışt	1
Turan'in	Turan'ın	1
dalgasina	dalgasına	1
kaptirmaktan	kaptırmaktan	1
kurtaramamşti	kurtaramamştı	1
mağlûbiyetler	mağlubiyetler	1
kaldirmışti	kaldırmıştı	1
birakabilirdi	bırakabilirdi	1
Insanî	İnsanı	1
haklarimizi	haklarımızı	1
kazanmamiz	kazanmamız	1
iceride	içeride	1
hazirlandiğina	hazırlandığına	1
yanilg	yanılg	1
çikarlarni	çıkarlarnı	1
tanidiğr	tanıdığr	1
paylaşılmasiyla	paylaşılmasıyla	1
alnir	alnır	1
uyarmiş	uyarmış	1
yaynladiğ1	yayınladığı	1
Padişah’n	Padişah’ın	1
suclularnin	suçluların	1
tamamladiğ	tamamladığ	1
Şûras1	Şurası	1
yorumlayip	yorumlayıp	1
baskilarnna	baskılarnna	1
araştirmalarla	araştırmalarla	1
kavuşturulmasi	kavuşturulması	1
çalitiğini	çalıtığını	1
yattiğina	yattığını	1
aldandiğini	aldandığını	1
başarsi	basarsı	1
mes’uliyetlerin	mes’ulıyetlerin	1
Bakanliğl'nin	Bakanlığl'nın	1
karşilanacak	karşılanacak	1
dayandiğina	dayandığını	1
yardma	yardım	1
ayrlişindan	ayrlışından	1
şahânelerinden	şahanelerinden	1
kaçirmamali	kaçırmamalı	1
koşmamiz	koşmamız	1
anlatilr	anlatılr	1
lamlik	lamlık	1
UMPA	İMPA	1
Esâsîsine	Esasisine	1
davranşinda	davranşında	1
Paonnit	Paonnıt	1
amgait	amgaıt	1
ceoscsion	ceoscsıon	1
mnas	Mms	1
uzaklaştirlacağina	uzaklaştırlacağına	1
Peghgaprigé	Peghgaprıgé	1
gAr	çar	1
Lnn	Nin	1
ute	ite	1
viaite	viaıte	1
Gininl	Ğininl	1
ealaie1	ealaıe1	1
sriglut	srıglut	1
VAMLiEDDIK	Vamlıeddık	1
fenalklarini	fenalklarını	1
Spaa'daki	Spaa'dakı	1
Genelkurmay’ni	Genelkurmay’nı	1
inanmadiğini	inanmadığını	1
ayrntilarini	ayrntılarını	1
Erkani	Erkanı	1
vasitasiyoluyor	vasıtasıyoluyor	1
yakalamiş	yakalamış	1
şansina	şansına	1
bağlliklarni	bağllıklarnı	1
ütopyasi	ütopyası	1
Turancilik	Turancılık	1
meşrulaştirilmıt	meşrulaştırılmıt	1
kuklasi	kuklası	1
çarpişmak	çarpışmak	1
kirdirmanin	kırdırmanın	1
çağird	çağırd	1
yalancilar	yalancılar	1
nâçiz	naçiz	1
ârizay	arizay	1
âmiller	amiller	1
lâzimu't	lazımu't	1
ubüdiyetle	ubudiyetle	1
$üphe	şüphe	1
padişahumiz	padişahımız	1
hanedâninin	hanedanının	1
memâti	mematı	1
ircini	irçini	1
zîşânimizin	zişanımızın	1
durmasim	durmasım	1
mahsasasi	mahsasası	1
sebâti	sebatı	1
aninte	anınte	1
bedhahin	bedhahın	1
sevabi	sevabı	1
avâmil	avamil	1
mâneviyeyi	maneviyeyi	1
fevâidi	fevaidi	1
tebârnizdan	tebarnızdan	1
maâliyât	maaliyât	1
hükümdariye	hükümdarıye	1
mahzim	mahzım	1
şitâban	şitaban	1
buyurulacağindan	buyurulacağından	1
hâlife	halife	1
şehinşahilerinin	şehinşahılerinin	1
hakkmdaki	hakkındaki	1
îtâsina	itasına	1
istirhâma	istirham	1
istiklâlimiz	istiklalimiz	1
sâikasiyle	saikasiyle	1
istirahatimi	istirahatımı	1
affinzi	affınzı	1
îtâsini	itasını	1
mülâhazasi	mülahazası	1
cevâmide	cevamıde	1
kanatini	kanatını	1
komadiğima	komadığıma	1
ibzäl	ibzal	1
tekrârni	tekrarnı	1
Salriho	Salrıho	1
Yegilyurt	Yeğilyurt	1
atesam	ateşin	1
igei	iğei	1
Hagri	Hacim	1
esek	eşek	1
golnie	gölnie	1
rièamg	rıeamg	1
arike	arıke	1
sanini	şanını	1
iclenenet	içlenenet	1
Esuide	Esuıde	1
Gok	Çok	1
Kowipmang	Kowıpmang	1
MÜHIM	MÜHİM	1
sualli	suallı	1
cevapli	cevaplı	1
boşanmi	boşanmı	1
Amcalari	Amcaları	1
sirasiyle	sırasıyle	1
Halasi	Halası	1
Misirl	Mısırl	1
teb'asindadirlar	teb'asındadırlar	1
isyaninda	isyanında	1
Fazile'nin	Fazıle'nin	1
kalkmiştir	kalkmıştır	1
taniştiğ	tanıştığ	1
anlaşip	anlaşıp	1
nişanlandilar	nişanlandılar	1
yakinliğimiz	yakınlığımız	1
maksadimn	maksadının	1
hayrlisiyla	hayrlısıyla	1
açmasini	açmasını	1
bağrna	başına	1
vatanm!	vatanın	1
evlâdlarmi	evladlarmı	1
konuşmalarmiz	konuşmalarmız	1
anilarimiz	anılarımız	1
anlatişlarmiz	anlatışlarmız	1
anlattikça	anlattıkça	1
olaylardi	olaylardı	1
aracilar	aracılar	1
yaldır	yıldır	1
açilmak	açılmak	1
babas1	babası	1
acidir	acıdır	1
putlaşmiş	putlaşmış	1
nenesi	memesi	1
Suad'in	Suad'ın	1
Pastasini	Pastasını	1
yaptird	yaptırd	1
boşaltayim	boşaltayım	1
muhtacim!	muhtacım!	1
tanidiklarn	tanıdıkları	1
Celâledin	Celaledin	1
yalilarna	yalılarna	1
yollayalim	yollayalım	1
açılirsiniz!	açılırsınız!	1
kalabaliğn	kalabalığın	1
azalmis	azalmış	1
açılinca	açılınca	1
yapilmayan	yapılmayan	1
salçali	salçalı	1
sigaralarmizi	sigaralarmızı	1
duygularnni	duygularını	1
kadinefendinin	kadınefendinin	1
bakimina	bakımına	1
yaradiliş	yaradılış	1
Âlâyişten	Alayışten	1
Ittihadçılar1	İttihadçılar1	1
Kanlica'da	Kanlıca'da	1
külâhuni	külahunı	1
Ittihadilar	İttihadılar	1
kalınacakmiş	kalınacakmış	1
Alâtini	Alatini	1
Ittihadcilar'in	İttihadçılar'ın	1
kadinefendi	kadınefendi	1
kizkardeş	kızkardeş	1
başımizi	başımızı	1
yaradilişım	yaradılışım	1
bakalim!	bakalım!	1
dolaşirdık	dolaşırdık	1
dişar	dışar	1
tanidiğ	tanıdığ	1
Tirimüjgân	Tırımüjgân	1
Kadinefendi'yi	Kadınefendi'yi	1
kaybettiginden	kaybettiğinden	1
bagyaver	başyaver	1
kaldiklar	kaldıklar	1
kaplmiş	kaplmış	1
başlamişlardır	başlamışlardır	1
aramamiştir	aramamıştır	1
madiğimı	madığını	1
fetvalarini	fetvalarını	1
Padişah'n	Padişah'ın	1
alnmaz	alınmaz	1
çartli	çartlı	1
ayaklanmışlardir	ayaklanmışlardır	1
Ittihadılar'in	İttihadılar'ın	1
yapilir!	yapılır!	1
hastaliklarryla	hastalıklarryla	1
beklenmis	beklenmiş	1
elebaşılarindan	elebaşılarından	1
adamlarnna	adamlarına	1
olmamasimi	olmamasını	1
saymayalim	saymayalım	1
Itilâfcılar1	İtilafçılar1	1
uğradiğimiz	uğradığımız	1
hanimefendinin	hanımefendinin	1
Anlatayim!	Anlatayım!	1
Anadolu’yà	Anadolu’ya	1
yazmiştr	yazmıştr	1
çarptirmak	çarptırmak	1
Misırdan	Mısırdan	1
evlâdlik	evladlık	1
tanitilan	tanıtılan	1
kaptirmişt	kaptırmışt	1
anlatacağim!	anlatacağım!	1
yalvardiğim	yalvardığım	1
hainin	hanım	1
Yaziliyor	Yazılıyor	1
tanitilid	tanıtılıd	1
boşaldim	boşaldım	1
kalmalarini	kalmalarını	1
lûtfettiler	lütfettiler	1
Alhan	İlhan	1
Paşaliğr	Paşalığr	1
tanr	tanır	1
isrart	ısrart	1
nişanlmi	nişanını	1
ağzinizdan	ağzınızdan	1
Sorularim	Soruların	1
yaknlari	yakınları	1
çalşıyorlardi	çalşıyorlardı	1
çarpişacağim	çarpışacağım	1
dağntilmiş	dağntılmış	1
Eşyalarni	Eşyalarnı	1
aldirim	aldırım	1
üniformasin	üniformasın	1
çağiririz	çağırırız	1
dokunmamalarni	dokunmamalarnı	1
davranşlari	davranışları	1
yaknlarimız	yaknlarımız	1
mensuplarmizin	mensuplarmızın	1
ötekimin	ötekinin	1
çıkartildiktan	çıkartıldıktan	1
haremagalarnin	haremagalarnın	1
kalfalarin	kalfaların	1
Birçoklarimizin	Birçoklarımızın	1
Zabitlari	Zabıtları	1
Fazile'yi	Fazıle'yi	1
uğurladik	uğurladık	1
Yazilanlarin	Yazılanların	1
zaafindan	zaafından	1
kopardiğim	kopardığım	1
kapilmadiğini	kapılmadığını	1
Nişandaki	Nisandakı	1
çıktiğinin	çıktığının	1
yazildiğ	yazıldığ	1
anlaşamadiklarni	anlaşamadıklarnı	1
kaldiklarni	kaldıklarnı	1
almasindan	almasından	1
yeralmaktadir	yeralmaktadır	1
yazilamamiştir	yazılamamıştır	1
yazarlarn	yazarları	1
hatiralarim	Hatıralarım	1
Kisakürek	Kısakürek	1
tandiğim	tanıdığım	1
saygilar	saygılar	1
kapilmamasinı	kapılmamasını	1
taşımadiğinı	taşımadığını	1
yazmasini	yazmasını	1
hatirladiklarni	hatırladıklarnı	1
yaşamami	yaşamını	1
hatirladiklarimi	hatırladıklarımı	1
Hayrinin	Hayrının	1
katkisiz	katkısız	1
konuşacağiz	konuşacağız	1
okumadiklarm	okumadıklarm	1
yanlişlar	yanlışlar	1
heyecanlaniyor	heyecanlanıyor	1
ferahladi	ferahladı	1
sağliyordum	sağlıyordum	1
hatirladiklarna	hatırladıklarna	1
saygis	saygıs	1
kapildiğinin	kapıldığının	1
hatrasi	hatrası	1
duydun	duydum	1
hatirlatinca	hatırlatınca	1
yaptirdilar	yaptırdılar	1
olamayacağ1	olamayacağı	1
kaptirdiğini	kaptırdığını	1
inancinda	inancında	1
yakinlaştirma	yakınlaştırma	1
imzasinda	imzasında	1
nişanin	nişanın	1
taşlarinin	taşlarının	1
Nazirliğl’na	Nazırlığl’na	1
kirldiğini	kırldığını	1
kaçışi	kaçışı	1
ajanlarn	ajanları	1
vaadli	vaadlı	1
alndiğnda	alındığında	1
IŞGAL	İŞGAL	1
KUVVETLERININ	KUVVETLERİNİN	1
ISTIHBARAT	İSTİHBARAT	1
subayliği	subaylığı	1
Dergâhi’nda	Dergahı’nda	1
mülâkatin	mülakatın	1
takminda	takmında	1
Beyazit'ta	Beyazıt'ta	1
Hani'ndaydi	Hani'ndaydı	1
adamlarni	adamlarnı	1
lâzumdi	lazımdı	1
Dedeağaç'in	Dedeağaç'ın	1
kumandandi	kumandandı	1
başkumandandi	başkumandandı	1
Krm	Kim	1
lâzimd1	lazımdı	1
tarafdarn	tarafdarı	1
Tas	Taş	1
inkaläpci	inkaläpcı	1
alaymiz	alaymız	1
Istemiyorduk	İstemiyorduk	1
çikamayacağim	çıkamayacağım	1
igalinden	ığalınden	1
Mart’indan	Mart’ından	1
Işgali	İşgali	1
yaklaşiminiz	yaklaşımınız	1
alamadiğ	alamadığ	1
kizmişti	kızmıştı	1
Erzurum’dakini	Erzurum’dakını	1
bulsaydi	bulsaydı	1
dağitmayacağiz	dağıtmayacağız	1
raziyiz	razıyız	1
Ingilizceleri	İngilizceleri	1
verzarfinda	verzarfında	1
kizdilar	kızdılar	1
Mays’in	Mays’ın	1
anlamiştık	anlamıştık	1
dosyay1	dosyayı	1
anlamadiğ	anlamadığ	1
ABDÜLMECID'IN	ABDÜLMECİD'İN	1
YEŞIL	YEŞİL	1
KITAB	KİTAB	1
Vesâik	Vesaik	1
Maksadiyla	Maksadıyla	1
Islâmiye’nin	İslamiye’nin	1
Tenvîri	Tenviri	1
nâsa	inşa	1
azîmüşânin	azimüşânin	1
sübhaiP	şubhaıp	1
rabbâniyye	rabbânıyye	1
musîbesiyle	musibesiyle	1
kiyâsetini	kıyasetini	1
muzâharetine	müzaharetine	1
Islâmiye’yi	İslamiye’yi	1
siyâneti	sıyaneti	1
âhiren	ahiren	1
färi	fari	1
imâmet	nimet	1
ugruna	uğruna	1
cümhür	cumhur	1
tisâm	tişâm	1
tebsir	tebşir	1
mübînin	mübinin	1
inzimâm	inzimam	1
rabbânîsine	rabbânîsıne	1
cihânin	cihanın	1
refâhiyet	refahiyet	1
umûmiyenin	umumiyenin	1
idrâkiyle	idrakiyle	1
şuyûu	suyu	1
ittihazindan	ittihazından	1
beyaninı	beyanını	1
mihmân	mıhmân	1
hâzirasinca	hazırasınca	1
bâtiln	Batum	1
icabâtina	icabatına	1
millîyi	milliyi	1
intihabina	intihabına	1
iblâğm	iblağm	1
intihâbimi	intihabımı	1
fimâbâ'd	fimabâ'd	1
hâziramn	hazıranın	1
kadru	kadın	1
istilzâm	istilzam	1
dinînin	dininin	1
esbâbina	esbabına	1
teklifât	teklifat	1
vatanlarindan	vatanlarından	1
mahäfil	mahafil	1
ittihâmâti	ittihamâtı	1
tahriratlari	tahriratları	1
sahâifinde	sahaifinde	1
sûitefsîre	suitefsire	1
vâkiadan	vakıadan	1
şurasinn	şurasınn	1
siyâneten	siyaneten	1
telâkkîmi	telakkimi	1
sahîhasini	sahihasını	1
âcili	acılı	1
müddetce	müddetçe	1
Islâkat'iyyen	Islakat'ıyyen	1
bulunmasaydim	bulunmasaydım	1
haksizlig	haksızlıg	1
vataniyyem	vatanıyyem	1
çalişırdim	çalışırdım	1
ibâdullahin	ibadullahın	1
müsebbetdir	musebbetdir	1
kalmamişdir	kalmamışdır	1
irşâdimi	irşadımı	1
cümhûriye	cumhuriye	1
lâdinîye	ladınîye	1
Islâmiye’ye	İslamiye’ye	1
metâlibe	metalibe	1
müdafaasindan	müdafaasından	1
olmamakliğim	olmamaklığım	1
âşiyân	aşiyan	1
kalmayacakdir	kalmayacakdır	1
kardiyemi	kardıyemi	1
kalanlarmizin	kalanlarmızın	1
manî	man	1
temsîliye	temsiliye	1
mukaddemâ	mukaddem	1
ibkasi	ibkası	1
isitinadgâh	işitinadgâh	1
ârâsiyle	arasiyle	1
ifasini	ifasını	1
havâdisinde	havadisinde	1
icrâiyeden	icraiyeden	1
dinîyye	diniyye	1
ihtârât	ihtarat	1
şifâhiyeme	şifahiyeme	1
âcizi	acizi	1
millîmizin	millimizin	1
gavâil	gavail	1
kat'îsi	kat'îsı	1
ferdâsina	ferdasına	1
muallânin	malların	1
neşriyât	neşriyat	1
mütecâvizâneye	mütecavizâneye	1
istinâdgâhi	istinadgahı	1
lâkaydânesine	lakaydânesine	1
garîbin	garibin	1
Islâmiyye’ye	İslamiyye’ye	1
mütevali	mütevalı	1
anlasıldi	anlaşıldı	1
müracaatinin	müracaatının	1
rasîn	Rasim	1
Islâmîye	İslamiye	1
bil'akis	bil'akıs	1
dünyevîyeyi	dünyeviyeyi	1
nâkabil	nakabil	1
isdâr	isdar	1
salâhiyetinden	salahiyetinden	1
teşrîiyyenin	teşriiyyenin	1
Islâmiyyeyi	İslamiyyeyi	1
bittabî	bittabi	1
Ârây	Army	1
sakîm	sakin	1
hanedamna	hanedanın	1
bât	bit	1
buhranl	buhranı	1
istifsâr	istifsar	1
hâlisi	halisi	1
muazzamim	muazzamım	1
Islâmiyesine	İslamiyesine	1
teâdiyât	teadıyât	1
halâsimizi	halasımızı	1
gazayi	gazayı	1
harikasini	harikasını	1
elîmin	elinin	1
hidâyetin	hidayetin	1
hakîki	hakiki	1
istiklâlinden	istiklalinden	1
ayrildigımı	ayrıldığını	1
eslâfimin	eslafımın	1
muhafazasin1	muhafazasın1	1
bey'ati	bey'atı	1
mebûsesi	mebusesi	1
tahrirât	tahrirat	1
resmîyesiyle	resmiyesiyle	1
icbâr	icbar	1
ikrâhe	ikrahe	1
tebaiyyetle	tebaıyyetle	1
muhafazasini	muhafazasını	1
cenâbina	cenabına	1
imdâdna	imdadına	1
yetişib	yetisib	1
selâmetine	selametine	1
NACI	NACİ	1
âtiyyesini	atiyyesini	1
itilâfnamelerle	itilafnamelerle	1
şevâib	sevaıb	1
rabita	rabıta	1
vicdâniyâtini	vicdanıyâtını	1
hududlarmiz	hududlarmız	1
nâmisetine	namışetine	1
âcizlerinin	acizlerinin	1
vicdânini	vicdanını	1
işhâd	ishâd	1
hâkipa	hakipa	1
nâmî	mani	1
râci	inci	1
ubûdiyet	ubudiyet	1
padişahlari	padişahları	1
terakkiyât	terakkiyat	1
inkişâfât	inkişafat	1
ictimâda	ictimada	1
mülûkânelerini	mülukanelerini	1
temâmiyetini	temamıyetini	1
bulundurmaktadir	bulundurmaktadır	1
millîyemizin	milliyemizin	1
hâkipâ	hakipâ	1
nâiliyetleri	nailiyetleri	1
istikmâline	istikmaline	1
bahtiyâr	bahtiyar	1
KEMAL'IN	KEMAL'İN	1
arizalarmin	arızalarmın	1
arkadaşımizdan	arkadaşımızdan	1
sahasini	sahasını	1
kapandigimiz	kapandığımız	1
Isplandid	İsplandid	1
pusulalarinı	pusulalarını	1
hususattandir!	hususattandır!	1
cihâti	cihatı	1
maruzatiyle	maruzatıyle	1
fâriki	farıki	1
lâyak	layık	1
kalmamanin	kalmamanın	1
muhassasatlarimin	muhassasatlarımın	1
minnetdarniz	minnetdarnız	1
çirpiniyor	çırpınıyor	1
bâtila	Batılı	1
yazmışsiniz	yazmışsınız	1
dalginlik	dalgınlık	1
müstehaktir	müstehaktır	1
Kumandanliğ’ndan	Kumandanlığ’ndan	1
şâyandir	şayandır	1
kuyudati	kuyudatı	1
kuyûdiyye	kuyudıyye	1
aranilıp	aranılıp	1
Buter	Biter	1
umûrunun	umuminin	1
âlînizin	alinizin	1
iktidarlarnizin	iktidarlarnızın	1
yardimcilarn	yardımcıları	1
tâliine	taliine	1
mes’udiyetini	mes’udıyetini	1
malû	mali	1
hususatin	hususatın	1
icraâtina	icraatına	1
âlînize	alinize	1
hatirlatmakla	hatırlatmakla	1
ictinabi	ictinabı	1
intizârim	intizarım	1
âlînizce	alinizce	1
mülâkatinizdan	mülakatınızdan	1
Rahatsizliğim	Rahatsızlığım	1
firsatlarda	fırsatlarda	1
sâmîlerini	samilerini	1
mütehassil	mütehassıl	1
nazarlarni	nazarlarnı	1
zariyenin	zarıyenin	1
butlani	butlanı	1
Icâbnda	İcabında	1
dirîg	diriğ	1
ihtirâmât	ihtiramat	1
mahsûsamin	mahsusamın	1
refakatimde	refakatinde	1
Karargâhiniza	Karargahınıza	1
GAZETESINE	GAZETESİNE	1
Âyânda	Ayında	1
olmadiklarm	olmadıkları	1
itlakina	ıtlakına	1
anlamadiğini	anlamadığını	1
paşamizin	paşamızın	1
şuracikta	şuracıkta	1
Mebusan'n	Mebusan'ın	1
başkalarni	başkalarnı	1
bakişıyla	bakışıyla	1
aldaniyorsunuz	aldanıyorsunuz	1
ruu	mu	1
Mebusan'in	Mebusan'ın	1
sifatlaryla	sıfatlaryla	1
Paşa'mizin	Paşa'mızın	1
rüfekasindan	rüfekasından	1
salâhiyetler	salahiyetler	1
hadisatini	hadisatını	1
ihsâs	ihsas	1
kirattan	kırattan	1
hazilanmiş	hazilanmış	1
elîmesi	elimesi	1
vasitalarin	vasıtaların	1
âhiresinden	ahiresinden	1
nâhiş	nahış	1
yipranmasi	yıpranması	1
celâdetinde	celadetinde	1
kurnazliğ	kurnazlığ	1
atilinca	atılınca	1
adimlarni	adımlarnı	1
toplayamadilar	toplayamadılar	1
uzattilar	uzattılar	1
gaafilâne	gaafılâne	1
hodşinaslik	hodşınaslık	1
buyurmalarni	buyurmalarnı	1
SURIYE'YE	SURİYE'YE	1
NAKLI	NAKLİ	1
ibrazim	ibrazım	1
yazdiklarmi	yazdıklarmı	1
teşebbüsatin	teşebbüsatın	1
işittikce	işittikçe	1
Selâmiyi	Selamıyı	1
âsâbimi	asabımı	1
birakmyor	bırakmyor	1
kismınleri	kısmınleri	1
mevkîi	mevkii	1
açiğnndayiz	açıgnndayız	1
hükümdarlarmiz	hükümdarlarmız	1
zabitani	zabitanı	1
sikilacak	sıkılacak	1
yapmişsindir	yapmışsındır	1
anlataym	anlatayım	1
eşrâfi	eşrafı	1
bertafsil	bertafsıl	1
çiktiğmizda	çıktığmızda	1
nâkaabil	nakaabıl	1
bulunuyortimde	bulunuyortımde	1
Bidâyeten	Bidayeten	1
Eyyubînin	Eyyubinin	1
bulunamamasi	bulunamaması	1
toplarnin	topların	1
usâtin	usatın	1
fazlalaştiryorlar	fazlalaştıryorlar	1
gayritabi	gayritabı	1
Bîçâreyi	Biçareyi	1
Dürrüşehvar’in	Dürrüşehvar’ın	1
bucağinda	bucağında	1
mezaibden	mezaıbden	1
lâmeti	lameti	1
delâili	delaili	1
kiymetsiz	kıymetsiz	1
münden	rinden	1
hatiralarda	hatıralarda	1
tarafl	tarafı	1
bakiyorduk	bakıyorduk	1
kesânin	kesimin	1
gütmemiş	gitmemiş	1
altiyüz	altıyüz	1
asrlik	asrlık	1
teb'asini	teb'asını	1
biraktiktan	bıraktıktan	1
uğramadiğ	uğramadığ	1
âmâlinin	amalinin	1
müzmahil	muzmahil	1
inanmiyordum	inanmıyordum	1
ashabi	ashabı	1
inaniş	inanış	1
istiklâliyle	istiklaliyle	1
oynayamamasi	oynayamaması	1
olamadiğin	olmadığım	1
zemm	zemin	1
sure	süre	1
aydinlatacak	aydınlatacak	1
kandirmasi	kandırması	1
şanl	sani	1
bâdire	badire	1
bahasina	bahasına	1
yapamamasi	yapamaması	1
olamamasindandir	olamamasındandır	1
atilmaktan	atılmaktan	1
çırpindira	çırpındıra	1
çirpindra	çırpındra	1
brrakiverdi	brrakıverdi	1
kazandirmişti	kazandırmıştı	1
kelâmi	kelam	1
bağırdilar	bağırdılar	1
şehriyârîyim	şehriyariyim	1
saçtiğ1	saçtığ1	1
salonlarnin	salonlarnın	1
uzandiğ	uzandığ	1
ilcây	ilcay	1
HALID	HALİD	1
VERDIKLERI	VERDİKLERİ	1
namna	namına	1
man'in	man'ın	1
hânedânin	hanedanın	1
Vasib	Vasıb	1
hazerâtim	hazeratım	1
Hânedan	Hanedanı	1
hazerâtini	hazeratını	1
mayacağim	mayacağım	1
bulunduğunuzi	bulunduğunuzı	1
müç'ir	müc'ir	1
brrakdiğıniz	brrakdığınız	1
durmadik	durmadık	1
Yildiz'dakilerin	Yıldız'dakılerin	1
Kumandanlign	Kumandanlıgn	1
ahnca	alınca	1
gördüni	gördüm	1
daimîniz	daiminiz	1
hâriçdeki	haricdeki	1
Vak’anin	Vak’anın	1
Kumandanliğr’ndan	Kumandanlığr’ndan	1
erâenin	eraenin	1
cevâbini	cevabını	1
hazinedarin	hazinedarın	1
zarfimdan	zarfımdan	1
hazirlayacak	hazırlayacak	1
Nişantaşi'ndadir	Nişantaşı'ndadır	1
Mektuplariniza	Mektuplarınıza	1
muntazirdir	muntazırdır	1
kalmalarn	kalmaları	1
Yildiz'dakiler	Yıldız'dakıler	1
alinacakmı	alınacakmı	1
arzularnizin	arzularnızın	1
yapacağin1	yapacağını	1
rakamiyorum	rakamıyorum	1
kapilarmiza	kapılarmıza	1
müteheyyicim	müteheyyiçim	1
başlayacağimi	başlayacağımı	1
kâğadi	kağıdı	1
buluşmamizi	buluşmamızı	1
hazirlandiğm	hazırlandığm	1
buyurmadiniz	buyurmadınız	1
zâhib	zahib	1
açılmi	acilmi	1
derûn	derin	1
hazirlananlar	hazırlananlar	1
kalmakliğimin	kalmaklığımın	1
tahrîrimi	tahririmi	1
erâe	Erme	1
alginliğindan	algınlığından	1
ikmâlden	ikmalden	1
iğbirariniz	iğbirarınız	1
haklidrlar	haklıdrlar	1
yacağim	yacağım	1
hayatınizla	hayatınızla	1
ahvâlimiz	ahvalimiz	1
hevâsiyla	hevasıyla	1
babaciğım	babacığım	1
yalnizliğınizi	yalnızlığınızı	1
olacağum	olacağım	1
Hazrlik	Hazrlık	1
âdemin	ademin	1
arizanin	arızanın	1
arîzasinin	arizasının	1
anlayacağimı	anlayacağımı	1
Rumelihisarinda	Rumelihisarında	1
darilhrdiniz	darılhrdınız	1
yis	yıs	1
Mükâtebenin	Mukatebenin	1
alşkin	alskın	1
âsâ	aşa	1
istirahâti	istirahatı	1
sâiresinde	sairesinde	1
fotoğraflarnni	fotoğraflarnnı	1
siyânettir	sıyanettir	1
Sihhatim	Sıhhatim	1
Işittiğiniz	İşittiğiniz	1
muarizim	muarızım	1
buyurmaynniz	buyurmaynnız	1
sihhiyem	sıhhiyem	1
Savaşınn	Savaşının	1
yaynlama	Yayınları	1
ricami	ricamı	1
şifâhi	şifahi	1
âcizânemin	acizanemin	1
teşkîlini	teşkilini	1
idügü	idüğü	1
mülazimı	mülazımı	1
Lisana	Lisan	1
sânîsi	şansı	1
Adlilik	Adlılık	1
iadli	iadlı	1
yazilamayanlarin	yazılamayanların	1
noksani	noksanı	1
nezäretpenâhi	nezaretpenâhi	1
Kitaati	Kıtaatı	1
Kitaat1	Kıtaatı	1
padişâhînin	padişahının	1
âlîleri	alileri	1
Kitaat	Kıtaat	1
vezäif	vezaif	1
Mintikada	Mıntıkada	1
toplattirilarak	toplattırılarak	1
şûralarn	şunları	1
lâğvi	lağvı	1
zabitanın	zabıtanın	1
komühimdir	komuhımdır	1
icraatin	icraatın	1
mintikasi	mıntıkası	1
yukarnda	yukarıda	1
vilâyetleriyle	vilayetleriyle	1
livalarni	livalarnı	1
vilâyetlerle	vilayetlerle	1
mutasarrfliklar	mutasarrflıklar	1
Kastamoni	Kastamonı	1
müracaatlarni	müracaatlarnı	1
âidiyesiyle	aidiyesiyle	1
iei	ıeı	1
Humâyun	Hümayun	1
Itilâfiyye	İtilafiyye	1
âcizîce	acizice	1
mevâddin	mevaddın	1
âcizlerine	acizlerine	1
Kâzim*	Kızını	1
taçımaktadir	tacımaktadır	1
Başkumandanliğr	Başkumandanlığr	1
umûru	umumi	1
nizâmina	nizamına	1
Kitaât1	Kıtaatı	1
Kitaâti	Kıtaatı	1
Adliliği	Adlılığı	1
Kumandanliğrna	Kumandanlığına	1
âlînizle	alinizle	1
karîbdir	karibdir	1
Muvasalatima	Muvasalatıma	1
sâmîleri	samileri	1
Umûmîsine	Umumisine	1
cerâid	ceraid	1
istikmâli	istikmali	1
Rihtim	Rıhtım	1
Hani'nda	Hanı'nda	1
memurlarnna	memurlarına	1
Karargâhun	Karargahın	1
nâşî	ması	1
mgir	Mısır	1
mayjior	mayjıor	1
Siur	Şiir	1
offui	offuı	1
ang	ans	1
Samn	Sinin	1
abeofin	abeofın	1
BRITISH	BRİTİSH	1
esâmîi	esamii	1
Kit'aâti	Kıt'aâtı	1
Karargâhi'na	Karargâhı'na	1
via	vıı	1
Kzim	Kzım	1
aufkasti	aufkastı	1
davaninda	davanında	1
büy0kelçi	buy0kelçi	1
DOG1AN	DOĞUM	1
Bagbakan	Başbakan	1
Gumüghane	Gümüşhane	1
Yüzbaş1	Yüzbaşı	1
NAY	MAY	1
Bagbakanlık	Başbakanlık	1
müdurü	müdürü	1
Igmail	İsmail	1
Tumgeneral	Tümgeneral	1
Gireun	Giren	1
Cumhurbaçkanlig	Cumhurbaçkanlıg	1
rilanaun	rılanaun	1
Otosarign	Otosarıgn	1
Kidemsiz	Kıdemsiz	1
Alâiye	Alaiye	1
Ktaâti	Ktaâtı	1
karargahi	karargâhı	1
esâmîsi	esamisi	1
armg	Ariş	1
Col	Çöl	1
arny	Army	1
hayvandir	hayvandır	1
zâbitaninin	zabitanının	1
Karargâhum	Karargahın	1
Kumandanliğr'na	Kumandanlığr'na	1
hazrlanmasi	hazrlanması	1
mutasarrifliğa	mutasarrıflığa	1
yazacağini	yazacağını	1
zîrdeki	zirdeki	1
berâyi	berayi	1
Ümerâ	Mera	1
âcizîye	aciziye	1
Başkitabet	Baskıtabet	1
âciziye	aciziye	1
pâdiçhiye	padiçhiye	1
Yaynlarn	Yayınları	1
Mirât	Mirat	1
Izahli	İzahlı	1
Safiyuddin	Safiyuddın	1
Ocak’ina	Ocak’ına	1
yazildr	yazıldr	1
yazilysa	yazılysa	1
aninla	Anna	1
Mecmuas1	Mecmuası	1
evlâdimdan	evladımdan	1
nurlari	nurları	1
Vâsib	Vasıb	1
yillarryla	yıllarryla	1
Saraylari	Sarayları	1
müştemilâti	müştemilatı	1
kalkmi	kalkmı	1
kullanlmasi	kullanılması	1
Sarayynin	Sarayynın	1
padişahliğında	padişahlığında	1
kethüdaliğina	kethüdalığına	1
numaralisi	numaralısı	1
Sultan'm	Sultan'ın	1
Hanm'la	Hanım'la	1
Tanburi	Tanburı	1
Batimarla	Batımarla	1
görevlendirmis	görevlendirmiş	1
Yayncilik	Yayıncılık	1
çarkilarin	çarkıların	1
hocasidır	hocasıdır	1
lanmamiş	lanmamış	1
Ulemasi	Uleması	1
Başkanliğn	Başkanlığn	1
Reşad’n	Reşad’ın	1
bakayim	bakayım	1
bakarlardi	bakarlardı	1
kit’ada	kıt’ada	1
rövolvermiş	rovolvermiş	1
çocuklarnun	çocukların	1
babalarnin	babaların	1
vârislerinin	varislerinin	1
çıkartilhrken	çıkartılhrken	1
haksizca	haksızca	1
vârislerine	varislerine	1
cumhurbaşkanhiğina	cumhurbaşkanhığına	1
alndiysa	alndıysa	1
çukartilacak	çukartılacak	1
Inşirah'n	İnşirah'n	1
alninda	alnında	1
veliahdliğında	veliahdlığında	1
boşandi	boşandı	1
karsiydi	karşıydı	1
bahçuvanin	bahçuvanın	1
kemanîlerinden	kemanılerinden	1
Istibdat	İstibdat	1
Hasırcioğlu’ndan	Hasırcıoğlu’ndan	1
boşandiğ	boşandığ	1
irtihalinden	irtihalınden	1
hiyanetidir	hıyanetidir	1
tanittirdi	tanıttırdı	1
sinni	sinin	1
amucam	amcam	1
maaşlarm	maaşları	1
altmişi	altmışı	1
sînlerini	sinlerini	1
refikalaridır	refikalarıdır	1
ihtirâmat	ihtiramat	1
bakuniz	bakınız	1
rakina	rakına	1
affiyla	affıyla	1
soyadinı	soyadını	1
Hacibekirin	Hacıbekirin	1
Sultan'dir	Sultan'dır	1
muhassasatimiz	muhassasatımız	1
malûmatimiz	malumatımız	1
itasina	itasına	1
nafakalarimizi	nafakalarımızı	1
olmakliğimiz	olmaklığımız	1
çikmadi’sözünden	çıkmadı’sözünden	1
anlamiyorlar	anlamıyorlar	1
hanedandaniz	hanedandanız	1
kilinmakta	kılınmakta	1
Günahtir	Günahtır	1
nazirisiniz	nazırısınız	1
müzayakayi	müzayakayı	1
damadlarin	damadların	1
maaşati	maaşatı	1
müdafaatiniz	müdafaatınız	1
olunmadiği	olunmadığı	1
müzayakamiz	müzayakamız	1
yakişmaz	yakışmaz	1
kurtariniz	kurtarınız	1
Selâtinden	Selatinden	1
etibbâdan	etıbbâdan	1
tedâvi	tedavi	1
muhadderâtin	muhadderatın	1
vücudiyeye	vücudıyeye	1
ittihâzi	ittihazı	1
rüyetine	niyetine	1
cihât	cihat	1
kaplicalar	kaplıcalar	1
etibbây	etıbbây	1
hâzika	hazika	1
hâricine	haricine	1
olunmayib	olunmayıb	1
çâresine	çaresine	1
bakilmasinin	bakılmasının	1
bilâistisna	bilaistisna	1
iktizây	iktizay	1
âliyesinden	aliyesinden	1
şahâneye	sahneye	1
salifu’z	salifü’z	1
isrâ	işin	1
Lûtuf	Lütuf	1
âlîlerini	alilerini	1
Mâaile	Maaile	1
bulunmakliğimizin	bulunmaklığımızın	1
sihhiyemizden	sıhhiyemizden	1
Leisen’de	Leısen’de	1
etibbanin	etıbbânın	1
vesayâsina	vesayasına	1
rahatsizliğin	rahatsızlığın	1
âsârini	asarını	1
beyanini	beyanını	1
meşruamizin	meşruamızın	1
ifhâmini	ifhamını	1
müdavîmizden	müdavimizden	1
âlilerine	alilerine	1
mahsusamin	mahsusamın	1
kitanim	kıtanın	1
babasınun	babasının	1
razamlikta	razamlıkta	1
nazirliğ	nazırlığ	1
alnmadan	alınmadan	1
Misırda	Mısırda	1
Yollarni	Yollarnı	1
uğrattiğ	uğrattığ	1
seykedilmesi	şeykedilmesi	1
Tugay'in	Tugay'ın	1
Âli'deki	Ali'deki	1
yargilamayla	yargılamayla	1
başkanhğndaki	başkanlığındaki	1
Nazirl’nin	Nazırı’nın	1
olmamiçt	olmamıçt	1
Esbâbini	Esbabını	1
geye	şeye	1
DUiT	DUT	1
dosyasindadir	dosyasındadır	1
başhkli	başlıklı	1
Uzunçarşıl’nin	Uzuncarşıl’nın	1
tartimaldir	tartımaldır	1
torunlarnndan	torunlarından	1
bunalima	bunalıma	1
teferruatiyla	teferruatıyla	1
aşikârdl	aşikardı	1
Zincirlikuyu’daki	Zincirlikuyu’dakı	1
ağalarindan	ağalarından	1
kalmaniza	kalmanıza	1
şubatti	şubattı	1
tirmanarak	tırmanarak	1
ağasinin	ağasının	1
karsti	kanıtı	1
nuslu	Müslü	1
parladiği	parladığı	1
Paşa'mun	Paşa'nın	1
bölimlor	bolımlor	1
almdt	Arndt	1
hatiralarmdan	hatıralarmdan	1
Cazotonin	Cazotonın	1
Kemal'n	Kemal'in	1
çikmş	çıkmış	1
sağlamştur	sağlamıştır	1
bakinız	bakınız	1
tama	tam	1
satrlarin	satrların	1
kararsizlktan	kararsızlktan	1
yakndiğini	yakndığını	1
şeyhülislamn	şeyhülislamın	1
mâlam	malın	1
layikiyle	layıkıyle	1
Şamiş	Samiş	1
yakinmı	yakınmı	1
iktidarlarina	iktidarlarına	1
dâileriniz	daileriniz	1
Nebâtâtin	Nebatatın	1
muhtacdir	muhtacdır	1
ocağidir	ocağıdır	1
Elhasil	Elhasıl	1
mütehayyic	mütehayyıc	1
yazdiklarnın	yazdıklarını	1
aşırisinin	aşırısının	1
aldiğnni	aldığnnı	1
Sazlidere	Sazlıdere	1
Findikli'daki	Fındıklı'dakı	1
yanllarinin	yanllarının	1
Darüleytamci	Darüleytamcı	1
dağhazir	dağhazır	1
mizrakli	mızraklı	1
çikişir	çıkışır	1
tamamlanir	tamamlanır	1
Ittihadçulara	İttihadçulara	1
çukt!	çıktı	1
uzaklaştrmanin	uzaklaştrmanın	1
yapilr	yapılr	1
kararlaştirlır	kararlaştırlır	1
Başmabeynci	Basmabeynci	1
yapilacağni	yapılacağnı	1
Canbulat’in	Canbulat’ın	1
oturtmalarini	oturtmalarını	1
muvafakatin	muvafakatın	1
siram	şirin	1
çukarim	çukarım	1
purtinin	pürtinin	1
Vabideddin'le	Vabıdeddin'le	1
birakmayacnktir	bırakmayacnktır	1
olanlarm	olanları	1
yazdiklarins	yazdıklarını	1
Sazhdoro'nin	Sazhdoro'nın	1
gerçokligi	gercoklıgı	1
Tegkil	Teşkil	1
gonradan	sonradan	1
tegebbüuleri	teğebbüuleri	1
aragtir	araştır	1
arasmndaki	arasmndakı	1
Intemiglerdi!	İntemiglerdi!	1
Sultanliğt	Sultanlığt	1
Nazirliğ1	Nazırlığı	1
ILDENiz	İldeniz	1
babasidir	babasıdır	1
imzal1	imzalı	1
maksatli	maksatlı	1
Itihadçılari	İtihadçıları	1
geçmigtir	geçmiştir	1
gelmisse	gelmişse	1
Hatiralarini	Hatıralarını	1
Boğazi’nda	Boğazı’nda	1
sirasida	sırasıda	1
sadrazamdir	sadrazamdır	1
imzalanmi	imzalanmı	1
atanlarin	atanların	1
ordularimiz	ordularımız	1
imzalamanin	imzalamanın	1
yaynladiğl	yaynladığl	1
hatiratta	hatıratta	1
igaline	ığalıne	1
çalişacaği	çalışacağı	1
açiklaniyor	açıklanıyor	1
tarafdarlarinin	tarafdarlarının	1
telgraftir	telgraftır	1
Başkanliği’ni	Başkanlığı’nı	1
kahramanliğl	kahramanlığl	1
inhalarin	inhaların	1
Işittiklerim	İşittiklerim	1
humâyunu	hümayunu	1
Padişâhi'nin	Padişahı'nın	1
Babiali'yle	Babıali'yle	1
Bursa'yi	Bursa'yı	1
Mutasarrifliğl'na	Mutasarrıflığl'na	1
müracaatlarina	müracaatlarına	1
olunmamasina	olunmamasına	1
yoğunlaştirma	yoğunlaştırma	1
haklidir*	haklıdır*	1
orgamdir	orgamdır	1
konugundaki	konusundaki	1
bakıniz	bakınız	1
ticnrotinden	ticnrotınden	1
çıkartildig	çıkartıldıg	1
Paşn'nin	Pasn'nın	1
Gazctolori’nde	Gazctolorı’nde	1
Kamarasi’ndaki	Kamarası’ndakı	1
Istenen	İstenen	1
Mutasarrifi’na	Mutasarrıfı’na	1
çahsin	cahsın	1
Varçinlor	Varçınlor	1
Mutasarrifliğlna	Mutasarrıflığlna	1
Zabitlarr	Zabıtlarr	1
uyarlandi	uyarlandı	1
ayaktadir	ayaktadır	1
yaynlanmştir	yayımlanmıştır	1
Ibnülemin'in	İbnülemin'in	1
Sadrazamlar'inin	Sadrazamlar'ının	1
Ibnülemin’e	İbnülemin’e	1
Baltalimanl’dan	Baltalımanl’dan	1
yazdirdiğ	yazdırdığ	1
Palanmiş	Palanmış	1
makasina	makasına	1
provalari	provaları	1
dostalarini	dostalarını	1
torumu	torunu	1
isuriğt	isurığt	1
Hadisonin	Hadisonın	1
bolgoai	bolgoaı	1
yolunum	yolunun	1
Mufettigi	Müfettişi	1
Kalomi	Kalori	1
DIl	DİL	1
düsiren	düşiren	1
atitot	atıtot	1
Nerarvti	Nerarvtı	1
Sifiv	Şifiv	1
Mfincldud	Mfıncldud	1
Ifincldab	İfincldab	1
Orbay'in	Orbay'ın	1
Hatiralari'ndan	Hatıraları'ndan	1
Boyannamonin	Boyannamonın	1
bölümündoki	bölümündokı	1
aynntilarn	ayrıntıları	1
Yaynı	Yayın	1
Helmroich	Helmroıch	1
Anlaşmann	Anlaşmanın	1
dayandırilmayan	dayandırılmayan	1
oynami	oynamı	1
anlatilanlardır	anlatılanlardır	1
harcamıştir	harcamıştır	1
Atiğ'n	Atıg'n	1
anlattiklarndan	anlattıklarndan	1
Aralk'inda	Aralk'ında	1
ayrlmşti	ayrlmştı	1
kumandanim	kumandanım	1
Îltifät	İltifat	1
bulunamadiğimdan	bulunmadığından	1
hâkani	hakan	1
milletim	milletin	1
selamliği	selamlığı	1
siktiktan	sıktıktan	1
medâri	medarı	1
kit’alarla	kıt’alarla	1
kurtulmasina	kurtulmasına	1
çalişabilecek	çalışabilecek	1
lâzimi	lazımı	1
Şevketmeâbim	Şevketmeabım	1
gümtormeni	ğumtormeni	1
Amm	Nin	1
edenedim	edemedim	1
kalmayacuktir	kalmayacuktır	1
Misroglu	Mısroglu	1
Osmanogullurin	Osmanogullurın	1
hayatimuz	hayatımuz	1
padişuhimiz	padişuhımız	1
sirketlerinin	şirketlerinin	1
Kadiköylü	Kadıköylü	1
Fizenk	Fızenk	1
yardimlariyle	yardımlarıyle	1
Izzeddin’e	İzzeddin’e	1
yaptigint	yaptığınt	1
âçina	içini	1
anlayacaklardir	anlayacaklardır	1
padişahumız	padişahımız	1
huzinı	hızını	1
yazanin	yazarın	1
hayatimız	hayatımız	1
Vahidoddin'den	Vahidoddın'den	1
kullanmasina	kullanmasına	1
dovrin	dövrin	1
bolgoyi	bolgoyı	1
alamadiğindan	alamadığından	1
sifroylo	şifroylo	1
göndorildiği	göndorıldığı	1
sifro	şifro	1
çösiyla	coşıyla	1
taşımasina	taşımasına	1
bulunmadiğim	bulunmadığım	1
üslùptaki	üslùptakı	1
yazdiklarnu	yazdıklarnu	1
iddialarina	iddialarına	1
uzaklaştiridi	uzaklaştırıdı	1
kaçırilip	kaçırılıp	1
tipkibasimlar	tıpkıbasımlar	1
numaral1	numaralı	1
kariştirarak	karıştırarak	1
igil	ışıl	1
botomoliki	botomolıkı	1
uli	ili	1
numarl	Numan	1
böindeki	boındeki	1
Iallri	Iallrı	1
Koml	Komi	1
zirhlilar	zırhlılar	1
luruyi'n	luruyı'n	1
Munzuiuyt	Münzuıuyt	1
lnamda	manda	1
basladigim	başladığım	1
ynzaludir	ynzaludır	1
yazdignin	yazdıgnın	1
cizatiginin	çizatıgının	1
nkainos	nkaınos	1
Dnln	Dinin	1
çekmisti	çekmişti	1
caligma	çalışma	1
yuznidun	yüznidun	1
rüigmenin	ruıgmenin	1
yupllign	yupllıgn	1
acaklanaya	açıklamaya	1
bulgonin	bulgonın	1
girigindoki	girigindokı	1
yaynlanmamis	yayınlanmamış	1
mornnimindo	mornnımındo	1
Vuhldoddin'lo	Vuhldoddın'lo	1
veliahdhğinda	veliahdhğında	1
inda	ında	1
Iük	Uk	1
imdurla	ımdurla	1
Kam	Kim	1
Kusm	Kısm	1
yaynlanmamig	yayınlanmamış	1
Kurtulug	Kurtuluş	1
meranimindo	meranımındo	1
kigiydi	kişiydi	1
Durusu	Duruşu	1
doğmug	doğmuş	1
getirilmigti	getirilmişti	1
Muyın'mnduki	Muyın'mndukı	1
Immnil	Immnıl	1
Mektabi'ni	Mektabı'nı	1
Bandir	Bandır	1
kuptanligina	küptanlıgına	1
Arulik	Arulık	1
kitabnn	kitabının	1
bölumündeki	bölümündeki	1
sâmileriyle	samileriyle	1
ifâyi	ifayı	1
siyâsîyeden	siyasiyeden	1
fermanini	fermanını	1
izamim	iznini	1
seniyyemin	seniyyenin	1
müttefikîn	müttefikin	1
ziyai	ziyaı	1
tahlîsi	tahlisi	1
sikintisidan	sıkıntısıdan	1
yayincisina	yayıncısına	1
hâris	Hıris	1
niyazim	niyazım	1
müdäfii	müdafii	1
kiyâme	kıyame	1
asdaki	asdakı	1
mukaddesâtimizt	mukaddesatımızt	1
zekl	zeki	1
ifädâtina	ifadatına	1
Çağinda	Çağında	1
Esasla	Esaslı	1
kitaplarnin	kitapların	1
Okdayin	Okdayın	1
konuşmasindan	konuşmasından	1
payitahtimizin	payitahtımızın	1
facialarini	facialarını	1
bedbahtliğina	bedbahtlığına	1
felâketzedelerdeniz	felaketzedelerdeniz	1
kanlariyla	kanlarıyla	1
düşmanlarimizca	düşmanlarımızca	1
arzulanmişti	arzulanmıştı	1
Beyoglu	Beyoğlu	1
cukartarak	çıkartarak	1
Neiargtinde	Neiargtınde	1
muhltine	muhltıne	1
buplangict	buplangıct	1
Sehzadebagi'ndaki	Şehzadebagı'ndakı	1
Kanurgihmda	Kanurgıhmda	1
muzikaei	muzıkaei	1
muzikuct	müzikuct	1
kinmn	kınmn	1
yalahlarinda	yalahlarında	1
fenad	Ferid	1
silählt	silahlt	1
kislalarina	kışlalarına	1
Hichir	Hiçhir	1
valniz	valnız	1
dayanmiş	dayanmış	1
kargiladim	kargiladım	1
kapilara	kapılara	1
gereğu	gereği	1
selâmliğa	selamlığa	1
çukmamasini	çükmamasını	1
çkmasina	çkmasına	1
vermiyorlardi	vermiyorlardı	1
birakmayl	bırakmayı	1
mesavinin	mesavının	1
yikildiğini	yıkıldığını	1
enkazin	enkazın	1
atilmazmiş	atılmazmış	1
telgrafimizi	telgrafımızı	1
imzalattiriyorlar	imzalattırıyorlar	1
uğratildiğumiz	uğratıldığumız	1
maruzatim	maruzatım	1
irtibatimizi	irtibatımızı	1
dayandl	dayandı	1
Hükûmeti’nin	Hükümeti’nin	1
baskilarin	baskıların	1
uğrayacağina	uğrayacağına	1
dolaşmasi	dolaşması	1
Maateesssüf	Maateessüf	1
kurulamadi	kurulamadı	1
kabinénin	kabinenin	1
Diyorlardi	Diyorlardı	1
düçürmektir	ducürmektir	1
çekinmiyorlardi	çekinmiyorlardı	1
barşi	barşı	1
boğazlaşıniz	boğazlaşınız	1
Ingiliz’in	İngiliz’in	1
dağitilacaktr	dağıtılacaktr	1
etrafl1	etraflı	1
bakunız	bakınız	1
Ilmiye	İlmiye	1
Teşkilati'nin	Teşkilatı'nın	1
Kadisi	Kadısı	1
Mülâ	İmla	1
Açılşin	Açılsın	1
zabitlarndan	zabıtlarndan	1
padişâhî	padişahı	1
tadilât	tadilat	1
ilhâk	ilhak	1
çahsiyesine	cahsıyesine	1
muâhedâtin	muahedatın	1
tasdîki	tasdiki	1
çarttir	çarttır	1
imzalamasindan	imzalamasından	1
adimül	adımül	1
haklarindaki	haklarındaki	1
ûlâsina	ulaşımı	1
zabitnamede	zabıtnamede	1
âmâline	amaline	1
ruhsatina	ruhsatına	1
irzlarinin	ırzlarının	1
yağmasini	yağmasını	1
kitâl	kıtal	1
Zabutlari	Zabıtları	1
Istih	İstih	1
barati	baratı	1
lâyihanın	layihanın	1
yaynlandiğin	yaynlandığın	1
muhtiray	muhtıray	1
kitnbom	kıtnbom	1
Rofik	Rofık	1
yazıgmalar	yazışmalar	1
ncoai	ncoaı	1
onraindaki	onraındakı	1
Mim	Nin	1
soyndini	söyndini	1
Nonligah	Nonlıgah	1
nûra	Nuri	1
Äşik	Aşık	1
sükrân	şükran	1
Cemâl	Cemil	1
melaik	melaık	1
rifate	rıfate	1
kalkdi	kalkdı	1
sikntilarn	sıkıntıları	1
yarattiğinı	yarattığını	1
hafizasinda	hafızasında	1
misrainin	mısraının	1
savaçlarin	savaçların	1
uzandiğıni	uzandığını	1
Güresin'den	Güreşin'den	1
Şimçir	Şimcir	1
aktardik	aktardık	1
Nisâ	İnşa	1
Suresinin	Süresinin	1
âyeti	ayeti	1
nâsi	ması	1
emânâti	emanâtı	1
Yaynlamama	Yayınlanan	1
yalanlamaktadir	yalanlamaktadır	1
Yukarnda	Yukarıda	1
dâl	dil	1
sûitelâkkiyâta	suitelâkkiyâta	1
mahäzir	mahazir	1
ibrâ	İbni	1
isâle	isale	1
talâki	talâkı	1
hilâfetpenahî	hilafetpenahi	1
huzurumda	huzurunda	1
Savaşl’na	Savaşı’na	1
çantanin	çantanın	1
ayrilacakmiş	ayrılacakmış	1
kâğidinin	kağıdının	1
Aaman	Aman	1
çaştim	çastım	1
çıkarttirip	çıkarttırıp	1
çiddetli	ciddetli	1
yaklaştiğl	yaklaştığl	1
islanmiş	ıslanmış	1
vak'asi	vak'ası	1
kaçmi	kaçmı	1
şaştik'cevabini	şaştık'cevabını	1
vak’asi	vak’ası	1
Mustafa’dir	Mustafa’dır	1
akibetleri	akıbetleri	1
kaçmamiştir	kaçmamıştır	1
dostlarmiz	dostlarmız	1
karçima	karçıma	1
Mutasarrafliğl’na	Mutasarraflığl’na	1
odalarmizin	odalarmızın	1
boylamiyalim	boylamıyalım	1
Taniklik	Tanıklık	1
yaynlamiştir	yayınlamıştır	1
çıkartild	çıkartıld	1
alamadiğimiz	alamadığımız	1
Arasindaki	Arasındaki	1
Ayişığ	Ayısığ	1
Mazbatalarn	Mazbataları	1
Baltali	Baltalı	1
manli'dan	manlı'dan	1
Konuşayim	Konuşayım	1
kargısinda	karşısında	1
hatiralarm	hatıraları	1
yazmadiğ	yazmadığ	1
hatralarimi	hatralarımı	1
kaydina	kaydına	1
antikacilarin	antikacıların	1
kizia	kızia	1
Tanca’nin	Tanca’nın	1
ayrilmamiş	ayrılmamış	1
kayinbiraderin	kayınbiraderin	1
maceralarni	maceralarnı	1
HUMÂYÛN	HÜMAYUN	1
DAIRESI	DAİRESİ	1
İgal	İsal	1
Cenaplari’na	Cenapları’na	1
Kuşadasinda	Kuşadasında	1
Kaçışi	Kaçışı	1
mesajuni	mesajını	1
çağrdiğini	çağrdığını	1
Zamanimiza	Zamanımıza	1
yakalarsak	yakalamak	1
ağliyorsun	ağlıyorsun	1
kaçırirsa	kaçırırsa	1
kolaylaştiryor	kolaylaştıryor	1
Sunardir	Sunardır	1
münkeşif	münkesif	1
inkiläbinin	inkılabının	1
başlamasinin	başlamasının	1
Şamh	Samih	1
yaynlanmıştir	yayımlanmıştır	1
uyandirdiğl	uyandırdığı	1
vefatinin	vefatının	1
hilâfetpenâhîlerinde	hilafetpenahilerinde	1
mahsusanin	mahsusanın	1
hilâfetpenâhilerinin	hilafetpenahilerinin	1
sihhatta	sıhhatta	1
temenniyatini	temenniyatını	1
ubüdiyyet	ubudiyyet	1
Nikâhini	Nikâhını	1
hilâfetpenahîleri	hilafetpenahileri	1
hilâfetpenâhîlerinin	hilafetpenahilerinin	1
hilâfetpenâhilerine	hilafetpenahilerine	1
alnabilir	alınabilir	1
kaçndik	kaçndık	1
zabitlaryla	zabıtlaryla	1
şartl	şartı	1
Unutulmamasi	Unutulmaması	1
yaynlamasi	yaynlaması	1
kinamasi	kınaması	1
çalişmalarndan	çalışmalarndan	1
Tahtinı	Tahtını	1
isyaniyla	isyanıyla	1
ayrlinca	ayrlınca	1
Kibris'a	Kıbrıs'a	1
haklilğn	haklılğn	1
masasindan	masasından	1
ihtilâlinde	ihtilalinde	1
oturabildi	oturabıldı	1
hatirlarindadir	hatırlarındadır	1
Şimsirin	Şimşirin	1
Bakanlig	Bakanlıg	1
Dispatch’in	Dispatch’ın	1
kaldirl	kaldırl	1
imtihanini	imtihanını	1
kitapçiliğni	kitapçılığnı	1
Îlmiyye'nin	İlmiyye'nin	1
başyazarliğini	başyazarlığını	1
şeyhülislâmlk	şeyhülislamlk	1
anlaşamadi	anlaşamadı	1
hulyâsi	hülyası	1
yazmasin	yazmasın	1
şeymesini	seymesini	1
inandiğ	inandığ	1
davrandiğr	davrandığr	1
hayranliği	hayranlığı	1
kalincaya	kalıncaya	1
uyanlarin	uyanların	1
günahlarina	günahlarına	1
çayandir	çayandır	1
şahisla	şahısla	1
kayinpederleri	kayınpederleri	1
yarişiyorlardi	yarışıyorlardı	1
atadiğl	atadığı	1
müsamahanin	müsamahanın	1
bulundurmasidır	bulundurmasıdır	1
tereyağindan	tereyağından	1
düçmanliğina	ducmanlığına	1
münakaşasina	münakaşasına	1
bastiğimdan	bastığımdan	1
konuşmami	konuşmamı	1
inkilâplar	inkılaplar	1
Hükümdarlari	Hükümdarları	1
bâtil	batıl	1
Başlarinin	Başlarının	1
lâiklikle	laiklikle	1
davranişlarnda	davranışlarnda	1
Esâsi'den	Esası'den	1
saldirya	saldırya	1
çıkiyorum	çıkıyorum	1
ayaklanacaktir	ayaklanacaktır	1
kirlan	kırlan	1
Sabotaji	Sabotajı	1
sağladim	sağladım	1
şeyhülislâmina	şeyhülislamın	1
Dürrizâde’yi	Dürrizade’yi	1
kiskanyordu	kıskanyordu	1
bâgî	bağı	1
fetvasini	fetvasını	1
fetvasinin	fetvasının	1
Vefatinda	Vefatında	1
mesvasini	mesvasını	1
misrai	mısraı	1
Attim	Attım	1
ayniyla	aynıyla	1
Mihen	Mıhen	1
madiğ	madığ	1
misralar	mısralar	1
Ahram'in	Ahram'ın	1
yayinlanmasi	yayınlanması	1
Fransizca’ydi	Fransızca’ydı	1
firaru	firari	1
süneni’l	şüneni’l	1
müşriklerin	muşrıklerin	1
selâmlamiştir	selamlamıştır	1
cezalandirlmamasini	cezalandırlmamasını	1
sinırdiı	sınırdıı	1
tanmmiş	tanınmış	1
ahnanlarin	Almanların	1
azalarn	azaları	1
şahuslar	şahıslar	1
Inzibatiye’ye	İnzibatiye’ye	1
Inzibatiye'ye	İnzibatiye'ye	1
alndilar	alındılar	1
sağhğinda	sağhğında	1
vatandaşlğina	vatandaşlğına	1
ammâ	Anna	1
Yaptiğindan	Yaptığından	1
meâli	meali	1
Misrada	Mısrada	1
braktiğim	braktığım	1
kivrimina	kıvrımına	1
Kurân’in	Kuran’ın	1
suresi	süresi	1
Meâli	Meali	1
şanssizlarndan	şanssızlarndan	1
taninirdi	tanınırdı	1
Hanm’n	Hanım’ın	1
şehzadeliginde	şehzadeliğinde	1
boşadiğ1	boşadığ1	1
dinlarndan	dınlarndan	1
bulunmugtu	bulunmuştu	1
ayrilmamış	ayrılmamış	1
arabaşlikl1	arabaşlıkl1	1
faslina	faslına	1
açağida	açağıda	1
kaldirlmasının	kaldırlmasının	1
Kaldurilmasi	Kaldırılması	1
Lâiklik	Laiklik	1
Yaynclik	Yaynclık	1
başliğryla	başlığryla	1
ağdali	ağdalı	1
çıkartilişı	çıkartılışı	1
yera	yeni	1
Beyanatin	Beyanatın	1
Kitabl	Kitabı	1
nüshasindadir	nüshasındadır	1
sayfadadir	sayfadadır	1
Toplum'daki	Toplum'dakı	1
karşilaştirilmasindan	karşılaştırılmasından	1
yaynlandiğr	yaynlandığr	1
konağ	kong	1
yargilanmagı	yargılanması	1
imkAni	imkanı	1
nikAhin	nikâhın	1
Nişanlilar	Nişanlılar	1
ya'nin	ya'nın	1
kayitlarndan	kayıtlarndan	1
Salähiye	Salahiye	1
äzâm	azam	1
çıkaşı	çıkışı	1
kirklar	kırklar	1
arabaşhğiyla	arabaşhğıyla	1
açıklamasindan	açıklamasından	1
kişkirticilik	kışkırtıcılık	1
yansimasiyla	yansımasıyla	1
çalışmalarin	çalışmaların	1
ortamindan	ortamından	1
sağladigt	sağladıgt	1
paragrafin	paragrafın	1
uyarlaniş	uyarlanış	1
suresinin	süresinin	1
Sûre	Süre	1
meâlindeki	mealindeki	1
âyetinin	ayetinin	1
başlangicidir	başlangıcıdır	1
mahlüklarin	mahlukların	1
rakkaminin	rakkamının	1
paragraflarini	paragraflarını	1
aktardim	aktardım	1
Vekâletin	Vekaletin	1
anlaşıilmaz	anlaşıılmaz	1
Oussumii	Oussumıı	1
sayfasindan	sayfasından	1
başlikh	başlıklı	1
Ocaği'nin	Ocağı'nın	1
dağitilmak	dağıtılmak	1
bastirlmi	bastırlmı	1
yayınlanmamiş	yayınlanmamış	1
baçyaveri	bacyaveri	1
Muslimîn	Müslimin	1
imzaladiğin	imzaladığın	1
vekâletteki	vekaletteki	1
adaylarnın	adayların	1
yaynlamam	yayınlanan	1
nüshasina	nüshasına	1
satirlk	satırlk	1
karalanmiş	karalanmış	1
toplantiy	toplantıy	1
Fuad'in	Fuad'ın	1
barlarinda	barlarında	1
hâtiralarndan	hatıralarndan	1
Metmarali	Metmaralı	1
mutasarrifluk	mutasarrıflık	1
kaymakamin	kaymakamın	1
Costantinopoli	Costantinopolı	1
Bakanliğl’mn	Bakanlığl’mn	1
Davaz’in	Davaz’ın	1
ulaştirlmasi	ulaştırlması	1
naaşi	naaşı	1
davraniçlari	davranıçları	1
Villasinda	Villasında	1
kaçırldiğim	kaçırldığım	1
kaçırilma	kaçırılma	1
Sakalli	Sakallı	1
kaçiralim	kaçıralım	1
paslanmiş	paslanmış	1
malm	mani	1
Sandiğin	Sandığın	1
Adamlara	Adamları	1
kaplsindan	kapısından	1
yakalarini	yakalarını	1
yirtarak	yırtarak	1
ağlamamalari	ağlamamaları	1
kaldirimlar	kaldırımlar	1
inkirazi	inkırazı	1
bağırdim	bağırdım	1
Arçivi	Arcıvı	1
Bakanhğn	Bakanlığın	1
Fransa'sinın	Fransa'sının	1
Selâmi	Selamı	1
ntihar	intihar	1
anlaşilamadi	anlaşılamadı	1
kalfalarndandi	kalfalarndandı	1
nikâhuna	nikahuna	1
Korle'nin	Körle'nin	1
ablasiydi	ablasıydı	1
Ablasi	Ablası	1
aktarmiştir	aktarmıştır	1
yayinlara	Yayınları	1
yazilşı	yazılşı	1
faydalanildi	faydalanıldı	1
yayilari	yayılan	1
Into	İnto	1
Relatifs	Relatıfs	1
Succesion	Suçcesion	1
Humâyunlaridir	Hümayunlarıdır	1
Baçbakanlik	Bacbakanlık	1
numarasiz	numarasız	1
tan’in	tan’ın	1
evraku	evrakı	1
Başkanliğ1	Başkanlığı	1
yaynı	yayın	1
SERIE	SENE	1
Saray’ndaki	Saray’ndakı	1
satişıyla	satışıyla	1
Yayna	Yayın	1
Kaldirlmasi	Kaldırlması	1
Başkanliğ	Başkanlığ	1
Yaymcilık	Yayıncılık	1
Inkaläp	İnkılap	1
lâp	lip	1
Anlattiklari	Anlattıkları	1
Yayinlarn	Yayınları	1
Rifkr	Rıfkr	1
Zeytindaği	Zeytindağı	1
BiRiNCI	Birinci	1
Firkast	Fırkast	1
Yayınlarn	Yayınları	1
Izahl	İzahı	1
DANiMEND	Danımend	1
Kitapliğn	Kitaplığn	1
nüshalari	nüshaları	1
FERS	FERİ	1
Mets	Meti	1
Uitgeverij	Uıtgeverij	1
Stagioni	Stagıonı	1
Pittoriche	Pittorıche	1
Allomandi	Allomandı	1
Speculative	Speculatıve	1
TARiHI	TARİHİ	1
VESIKALARI	VESİKALARI	1
DERGiSI	DERGİSİ	1
simevi	sımevi	1
Publis	Publıs	1
hers	hem	1
Yayim	Yayım	1
Islâmlik	İslamlık	1
Yayncilk	Yayncılk	1
İnkilap	İnkılap	1
Bankas1	Bankası	1
Çağdaşlaşmasi	Çağdaşlaşması	1
Celâlettin'in	Celalettin'in	1
SiMAVI	Simavi	1
CELÂLEDDIN	CELALEDDİN	1
Tutanaklari	Tutanakları	1
Andlaşması'nin	Andlaşması'nın	1
Sarikl	Sanki	1
Inkilâbi'nin	İnkılabı'nın	1
İlgasinin	İlgasının	1
Inkalab	İnkılab	1
Ihanetleri	İhanetleri	1
yii'nden	yıı'nden	1
Acl	Acı	1
NIG	MİŞ	1
Altindağ	Altındağ	1
Peubischen	Peubıschen	1
Yapl	Yapı	1
Dal	Dil	1
Drammatico	Drammatıco	1
Romuli	Romulı	1
Canl	Can	1
Arasnda	Arasında	1
Iletiim	İletiim	1
Favolosi	Favolosı	1
Casabianca	Casabıanca	1
Belleteni	Belleten	1
Kargi	Karşı	1
Akimi’na	Akımı’na	1
tumu	tümü	1
Yaym	Yayın	1
Işbirlikçiler	İşbirlikçiler	1
Halük	Haluk	1
ABDÜLAZIZ	ABDÜLAZİZ	1
Kaçışl	Kaçışı	1
TAHSIN	TAHSİN	1
Hatralarim	Hatralarım	1
TÜRKGELDI	TÜRKGELDİ	1
ULUG	ULUĞ	1
Illicit	İllicit	1
LiGua	Liğua	1
bimsdlübdA	bımsdlübda	1
bemd	bend	1
bsu	bu	1
raer	mer	1
bemdeM	benden	1
hazirlanişı	hazırlanışı	1
Edebiyat1	Edebiyatı	1
ABID	ABİD	1
BARAN	BİRAN	1
Iclâl	İclal	1
FERSAN	FERMAN	1
NICE	NİCE	1
IRIS	İRİS	1
KAYRA	KAYIN	1
KOLOGLU	KOLOĞLU	1
ISVIÇRE	İSVİÇRE	1
BALTALiMANLI	Baltalımanlı	1
vefariye	vefarıye	1
Abdülmu'nim	Abdülmu'nım	1
TEKIN	TEKİN	1
hatralari	hatraları	1
Kinabin	Kınabın	1
Mardaigo	Mardaıgo	1
Valudedlin'in	Valûdedlin'in	1
HAINI	HAİNİ	1
cektim	çektim	1
vaan	van	1
çalistun	çalıştım	1
vatamna	vatanın	1
MEMLEKETINI	MEMLEKETİNİ	1
NIÇIN	NİÇİN	1
inkaläb	inkılab	1
imkanum	imkanını	1
GIDIŞI	GİDİŞİ	1
KAÇIS	KAÇIŞ	1
sänu	sani	1
neclb	Necib	1
ogrenecektir	öğrenecektir	1
Torunlars	Torunları	1
satrlari	satrları	1
yazmugti	yazmugtı	1
padisahun	padişahın	1
ölümünüri	ölümünün	1
tartigmalara	tartışmalara	1
tartisil	tartışıl	1
sakladigs	sakladıgs	1
aryivi	aryıvı	1
cikyor	çıkyor	1
keadi	keadı	1
kanliyor	kanlıyor	1
bugüine	bugüne	1
yaynlanmamus	yayınlanmamış	1
aldigs	aldığı	1
yakm	yakın	1
gevresinin	çevresinin	1
topladig	topladıg	1
Şafibaba	Safibaba	1
hikäyest	hikayest	1
taskan	taşkın	1
cikislar	çıkışlar	1
insanlarim	insanların	1
